2025-02-20 07:28:17,065 - DSM_MultiModelExp_llm_rag_ollama:llama3.3:70b-8k - INFO - Run 1/5
2025-02-20 07:28:17,103 - DSM_MultiModelExp_llm_rag_ollama:llama3.3:70b-8k - INFO - DEBUG: Initializing RAGInference.
2025-02-20 07:28:17,104 - DSM_MultiModelExp_llm_rag_ollama:llama3.3:70b-8k - INFO - Using R-type: ['R1']
2025-02-20 07:28:17,105 - DSM_MultiModelExp_llm_rag_ollama:llama3.3:70b-8k - INFO - Using embedding model: text-embedding-3-small
2025-02-20 07:28:17,139 - DSM_MultiModelExp_llm_rag_ollama:llama3.3:70b-8k - INFO - VectorStoreManager initialized
2025-02-20 07:28:17,140 - DSM_MultiModelExp_llm_rag_ollama:llama3.3:70b-8k - INFO - Set database path to: xLM_DSM/data/vectorstore/PowerDrill/llm_rag/text-embedding-3-small
2025-02-20 07:28:17,148 - DSM_MultiModelExp_llm_rag_ollama:llama3.3:70b-8k - INFO - Collection count: 2855
2025-02-20 07:28:17,152 - DSM_MultiModelExp_llm_rag_ollama:llama3.3:70b-8k - INFO - Initialized RAG inference for system: power screwdriver
2025-02-20 07:28:17,152 - DSM_MultiModelExp_llm_rag_ollama:llama3.3:70b-8k - INFO - Initialized DSM for system: power screwdriver
2025-02-20 07:28:17,153 - DSM_MultiModelExp_llm_rag_ollama:llama3.3:70b-8k - INFO - Inference model: ollama:llama3.3:70b-8k
2025-02-20 07:28:17,154 - DSM_MultiModelExp_llm_rag_ollama:llama3.3:70b-8k - INFO - Prompt (attempt 1/3): 
            Please identify the major components of power screwdriver in the engineering based on proximity relationships.             
            The number of components must not exceed 7 (can be equal) and must be a list of strings.             
            Please do not identify similar components that will work together under subsystem level since our interest is to identify the major components that form the core architecture of the system.             
            Here is an example of the components for made-up system:             
            final response = [ "component 1", "component 2", "component 3", "component 4", "component 5" ]             
            IMPORTANT: THE FORMAT OF THE OUTPUT MUST BE AS A LIST OF STRINGS ONLY SIMILAR TO THE ONE ABOVE (NO LATEX, NO CODE, NO DESCRIPTION, OR OTHER ENCODINGS).              
2025-02-20 07:28:56,205 - DSM_MultiModelExp_llm_rag_ollama:llama3.3:70b-8k - INFO - Number of documents retrieved: 4
2025-02-20 07:28:56,207 - DSM_MultiModelExp_llm_rag_ollama:llama3.3:70b-8k - INFO - Documents used for this query:
2025-02-20 07:28:56,207 - DSM_MultiModelExp_llm_rag_ollama:llama3.3:70b-8k - INFO - File: ../data/use_cases_large/PowerDrill/reference_pdfs/R1_combined.pdf
2025-02-20 07:28:56,208 - DSM_MultiModelExp_llm_rag_ollama:llama3.3:70b-8k - INFO - Page: 34
2025-02-20 07:28:56,209 - DSM_MultiModelExp_llm_rag_ollama:llama3.3:70b-8k - INFO - Content: power	
  screwdriver	
   158	
  5.9	
   (a)	
  –	
  (c)	
  binary	
  adjacency	
  matrices	
  and	
  spy	
  plots	
  for	
  screwdrivers	
   159	
  5.10	
   Sample	
  distribution	
  for	
  a	
  screw ...
2025-02-20 07:28:56,210 - DSM_MultiModelExp_llm_rag_ollama:llama3.3:70b-8k - INFO - File: ../data/use_cases_large/PowerDrill/reference_pdfs/R1_combined.pdf
2025-02-20 07:28:56,212 - DSM_MultiModelExp_llm_rag_ollama:llama3.3:70b-8k - INFO - Page: 181
2025-02-20 07:28:56,213 - DSM_MultiModelExp_llm_rag_ollama:llama3.3:70b-8k - INFO - Content: Fig.	
  5.8:	
  Components	
  of	
  the	
  Black	
  &	
  Decker	
  alkaline	
  screwdriver	
  [Tilstra,	
  2010].	
  	
   The	
   developed	
   Product	
   Design	
   Structure	
   Matrices	
   (DSM)	 ...
2025-02-20 07:28:56,214 - DSM_MultiModelExp_llm_rag_ollama:llama3.3:70b-8k - INFO - File: ../data/use_cases_large/PowerDrill/reference_pdfs/R1_combined.pdf
2025-02-20 07:28:56,214 - DSM_MultiModelExp_llm_rag_ollama:llama3.3:70b-8k - INFO - Page: 183
2025-02-20 07:28:56,215 - DSM_MultiModelExp_llm_rag_ollama:llama3.3:70b-8k - INFO - Content: Fig.	
  5.9	
  (c):	
  The	
  spy	
  plots	
  of	
  the	
  system	
  connectivity	
  structure	
  for	
  the	
  two	
  powered	
  screwdrivers.	
  Presence	
  of	
  blue	
  dot	
  represents	
  existe ...
2025-02-20 07:28:56,216 - DSM_MultiModelExp_llm_rag_ollama:llama3.3:70b-8k - INFO - File: ../data/use_cases_large/PowerDrill/reference_pdfs/R1_combined.pdf
2025-02-20 07:28:56,217 - DSM_MultiModelExp_llm_rag_ollama:llama3.3:70b-8k - INFO - Page: 13
2025-02-20 07:28:56,218 - DSM_MultiModelExp_llm_rag_ollama:llama3.3:70b-8k - INFO - Content: mine which interactions truly exist in the product. Examination of the product would conﬁrm that
the ‘Clip (2)’ element connects the ‘ring gear, Housing (9)’ element to the ‘Housing (21)’ element
and  ...
2025-02-20 07:28:56,219 - DSM_MultiModelExp_llm_rag_ollama:llama3.3:70b-8k - INFO - Raw Response: ["Motor", "Housing", "Ring Gear", "Clip", "Battery", "Switch", "Screwdriver Bit"]
2025-02-20 07:28:56,220 - DSM_MultiModelExp_llm_rag_ollama:llama3.3:70b-8k - INFO - Matrix: ['Motor', 'Housing', 'Ring Gear', 'Clip', 'Battery', 'Switch', 'Screwdriver Bit']
2025-02-20 07:28:56,221 - DSM_MultiModelExp_llm_rag_ollama:llama3.3:70b-8k - INFO - Components: ['Motor', 'Housing', 'Ring Gear', 'Clip', 'Battery', 'Switch', 'Screwdriver Bit']
2025-02-20 07:28:59,033 - DSM_MultiModelExp_llm_rag_ollama:llama3.3:70b-8k - INFO - Number of documents retrieved: 4
2025-02-20 07:28:59,034 - DSM_MultiModelExp_llm_rag_ollama:llama3.3:70b-8k - INFO - Documents used for this query:
2025-02-20 07:28:59,034 - DSM_MultiModelExp_llm_rag_ollama:llama3.3:70b-8k - INFO - File: ../data/use_cases_large/PowerDrill/reference_pdfs/R1_combined.pdf
2025-02-20 07:28:59,035 - DSM_MultiModelExp_llm_rag_ollama:llama3.3:70b-8k - INFO - Page: 34
2025-02-20 07:28:59,036 - DSM_MultiModelExp_llm_rag_ollama:llama3.3:70b-8k - INFO - Content: power	
  screwdriver	
   158	
  5.9	
   (a)	
  –	
  (c)	
  binary	
  adjacency	
  matrices	
  and	
  spy	
  plots	
  for	
  screwdrivers	
   159	
  5.10	
   Sample	
  distribution	
  for	
  a	
  screw ...
2025-02-20 07:28:59,037 - DSM_MultiModelExp_llm_rag_ollama:llama3.3:70b-8k - INFO - File: ../data/use_cases_large/PowerDrill/reference_pdfs/R1_combined.pdf
2025-02-20 07:28:59,038 - DSM_MultiModelExp_llm_rag_ollama:llama3.3:70b-8k - INFO - Page: 117
2025-02-20 07:28:59,040 - DSM_MultiModelExp_llm_rag_ollama:llama3.3:70b-8k - INFO - Content: a	
  component	
  involves	
   a	
   number	
   of	
   disciplines	
   (scientific	
   or	
   otherwise),	
   its	
   complexity	
  tends	
   to	
   increase.	
   For	
   example,	
   components	
   t ...
2025-02-20 07:28:59,040 - DSM_MultiModelExp_llm_rag_ollama:llama3.3:70b-8k - INFO - File: ../data/use_cases_large/PowerDrill/reference_pdfs/R1_combined.pdf
2025-02-20 07:28:59,041 - DSM_MultiModelExp_llm_rag_ollama:llama3.3:70b-8k - INFO - Page: 13
2025-02-20 07:28:59,042 - DSM_MultiModelExp_llm_rag_ollama:llama3.3:70b-8k - INFO - Content: mine which interactions truly exist in the product. Examination of the product would conﬁrm that
the ‘Clip (2)’ element connects the ‘ring gear, Housing (9)’ element to the ‘Housing (21)’ element
and  ...
2025-02-20 07:28:59,043 - DSM_MultiModelExp_llm_rag_ollama:llama3.3:70b-8k - INFO - File: ../data/use_cases_large/PowerDrill/reference_pdfs/R1_combined.pdf
2025-02-20 07:28:59,044 - DSM_MultiModelExp_llm_rag_ollama:llama3.3:70b-8k - INFO - Page: 205
2025-02-20 07:28:59,045 - DSM_MultiModelExp_llm_rag_ollama:llama3.3:70b-8k - INFO - Content: The	
   detailed	
   architectural	
   analysis	
  including	
   the	
   sensitivity	
   analysis	
  procedure,	
  outlined	
  in	
  chapter	
  3,	
  reveals	
  that	
  primary	
  functionality	
  gen ...
2025-02-20 07:28:59,046 - DSM_MultiModelExp_llm_rag_ollama:llama3.3:70b-8k - INFO - Raw Response: Valid
2025-02-20 07:28:59,047 - DSM_MultiModelExp_llm_rag_ollama:llama3.3:70b-8k - INFO - Validation response: Valid
2025-02-20 07:28:59,048 - DSM_MultiModelExp_llm_rag_ollama:llama3.3:70b-8k - INFO - Filtered validation response: Valid
2025-02-20 07:28:59,049 - DSM_MultiModelExp_llm_rag_ollama:llama3.3:70b-8k - INFO - Component list validated successfully on attempt 1
2025-02-20 07:28:59,050 - DSM_MultiModelExp_llm_rag_ollama:llama3.3:70b-8k - INFO - Components: ['Motor', 'Housing', 'Ring Gear', 'Clip', 'Battery', 'Switch', 'Screwdriver Bit']
2025-02-20 07:28:59,050 - DSM_MultiModelExp_llm_rag_ollama:llama3.3:70b-8k - INFO - --------------------------------------------------
2025-02-20 07:28:59,051 - DSM_MultiModelExp_llm_rag_ollama:llama3.3:70b-8k - INFO - Predicted Components: ['Motor', 'Housing', 'Ring Gear', 'Clip', 'Battery', 'Switch', 'Screwdriver Bit']
2025-02-20 07:28:59,052 - DSM_MultiModelExp_llm_rag_ollama:llama3.3:70b-8k - INFO - Number of components: 7
2025-02-20 07:28:59,053 - DSM_MultiModelExp_llm_rag_ollama:llama3.3:70b-8k - INFO - Predicted components for query: ['Motor', 'Housing', 'Ring Gear', 'Clip', 'Battery', 'Switch', 'Screwdriver Bit']
2025-02-20 07:28:59,054 - DSM_MultiModelExp_llm_rag_ollama:llama3.3:70b-8k - INFO - Query: 
        Please identify system-level proximity relationships (in contact) between the components of Power Screwdriver, as listed below, and represent them in a Design Structure Matrix (DSM) format.  
        The relationships should be articulated in plain English, capturing the essence of their interactions. 
        Here is the list of subsystems/components to analyze: ['Motor', 'Housing', 'Ring Gear', 'Clip', 'Battery', 'Switch', 'Screwdriver Bit'] 
        The DSM should clearly indicate the interactions between these components as 1 exist and 0 does not exist, considering both the presence and nature of these connections.             
        Present the output in a square matrix format (number of rows and columns MUST be the same as the number of components = 7 for this example), with rows and columns labeled accordingly. 
        Diagonal elements should be 1 in DSM matrix since each component interacts with itself. 
        If you don't know the answer, just write 2 for the specific cell that you are unsure of. A worst case scenario of the **as a list of lists** shown below (diagonal elements are 1 and rest are 2). Don't make up an answer.         final response = [
            [1, 2, 2, 2, 2, 2, 2],
            [2, 1, 2, 2, 2, 2, 2],
            [2, 2, 1, 2, 2, 2, 2],
            [2, 2, 2, 1, 2, 2, 2],
            [2, 2, 2, 2, 1, 2, 2],
            [2, 2, 2, 2, 2, 1, 2],
            [2, 2, 2, 2, 2, 2, 1]
        ]

        IMPORTANT: Your response must **ONLY** contain a valid **as a list of lists** in the following example format 7x7 matrix.         
        The below list of lists is just an example format of your response. **Replace** the values with your **actual analysis** while providing your response with parameter of 'final response'.        
        final response = [
            [1, 0, 0, 0, 0, 0, 0],
            [0, 1, 0, 0, 0, 0, 0],
            [0, 0, 1, 0, 0, 0, 0],
            [0, 0, 0, 1, 0, 0, 0],
            [0, 0, 0, 0, 1, 0, 0],
            [0, 0, 0, 0, 0, 1, 0],
            [0, 0, 0, 0, 0, 0, 1]
        ]

        IMPORTANT: THE FORMAT OF THE OUTPUT MUST BE AS LIST OF LISTS ONLY SIMILAR TO THE ONE ABOVE (NO LATEX, CODE, OR OTHER ENCODINGS).
        
2025-02-20 07:29:16,430 - DSM_MultiModelExp_llm_rag_ollama:llama3.3:70b-8k - INFO - Number of documents retrieved: 4
2025-02-20 07:29:16,432 - DSM_MultiModelExp_llm_rag_ollama:llama3.3:70b-8k - INFO - Documents used for this query:
2025-02-20 07:29:16,432 - DSM_MultiModelExp_llm_rag_ollama:llama3.3:70b-8k - INFO - File: ../data/use_cases_large/PowerDrill/reference_pdfs/R1_combined.pdf
2025-02-20 07:29:16,434 - DSM_MultiModelExp_llm_rag_ollama:llama3.3:70b-8k - INFO - Page: 34
2025-02-20 07:29:16,435 - DSM_MultiModelExp_llm_rag_ollama:llama3.3:70b-8k - INFO - Content: power	
  screwdriver	
   158	
  5.9	
   (a)	
  –	
  (c)	
  binary	
  adjacency	
  matrices	
  and	
  spy	
  plots	
  for	
  screwdrivers	
   159	
  5.10	
   Sample	
  distribution	
  for	
  a	
  screw ...
2025-02-20 07:29:16,436 - DSM_MultiModelExp_llm_rag_ollama:llama3.3:70b-8k - INFO - File: ../data/use_cases_large/PowerDrill/reference_pdfs/R1_combined.pdf
2025-02-20 07:29:16,437 - DSM_MultiModelExp_llm_rag_ollama:llama3.3:70b-8k - INFO - Page: 1
2025-02-20 07:29:16,438 - DSM_MultiModelExp_llm_rag_ollama:llama3.3:70b-8k - INFO - Content: A component DSM is used to capture and represent the interactions between elements of a system
(Warﬁeld 1973, Steward 1981, Browning 2001). An element may represent a single component,
an assembly of  ...
2025-02-20 07:29:16,439 - DSM_MultiModelExp_llm_rag_ollama:llama3.3:70b-8k - INFO - File: ../data/use_cases_large/PowerDrill/reference_pdfs/R1_combined.pdf
2025-02-20 07:29:16,439 - DSM_MultiModelExp_llm_rag_ollama:llama3.3:70b-8k - INFO - Page: 181
2025-02-20 07:29:16,441 - DSM_MultiModelExp_llm_rag_ollama:llama3.3:70b-8k - INFO - Content: Fig.	
  5.8:	
  Components	
  of	
  the	
  Black	
  &	
  Decker	
  alkaline	
  screwdriver	
  [Tilstra,	
  2010].	
  	
   The	
   developed	
   Product	
   Design	
   Structure	
   Matrices	
   (DSM)	 ...
2025-02-20 07:29:16,442 - DSM_MultiModelExp_llm_rag_ollama:llama3.3:70b-8k - INFO - File: ../data/use_cases_large/PowerDrill/reference_pdfs/R1_combined.pdf
2025-02-20 07:29:16,442 - DSM_MultiModelExp_llm_rag_ollama:llama3.3:70b-8k - INFO - Page: 13
2025-02-20 07:29:16,443 - DSM_MultiModelExp_llm_rag_ollama:llama3.3:70b-8k - INFO - Content: mine which interactions truly exist in the product. Examination of the product would conﬁrm that
the ‘Clip (2)’ element connects the ‘ring gear, Housing (9)’ element to the ‘Housing (21)’ element
and  ...
2025-02-20 07:29:16,444 - DSM_MultiModelExp_llm_rag_ollama:llama3.3:70b-8k - INFO - Raw Response: final response = [
            [1, 1, 1, 1, 1, 1, 1],
            [1, 1, 1, 1, 0, 1, 1],
            [1, 1, 1, 1, 0, 0, 0],
            [1, 1, 1, 1, 0, 0, 0],
            [1, 0, 0, 0, 1, 1, 0],
            [1, 1, 0, 0, 1, 1, 1],
            [1, 1, 0, 0, 0, 1, 1]
        ]
2025-02-20 07:29:16,445 - DSM_MultiModelExp_llm_rag_ollama:llama3.3:70b-8k - INFO - Response: final response = [
            [1, 1, 1, 1, 1, 1, 1],
            [1, 1, 1, 1, 0, 1, 1],
            [1, 1, 1, 1, 0, 0, 0],
            [1, 1, 1, 1, 0, 0, 0],
            [1, 0, 0, 0, 1, 1, 0],
            [1, 1, 0, 0, 1, 1, 1],
            [1, 1, 0, 0, 0, 1, 1]
        ]
2025-02-20 07:29:16,446 - DSM_MultiModelExp_llm_rag_ollama:llama3.3:70b-8k - INFO - Matrix: [[1, 1, 1, 1, 1, 1, 1], [1, 1, 1, 1, 0, 1, 1], [1, 1, 1, 1, 0, 0, 0], [1, 1, 1, 1, 0, 0, 0], [1, 0, 0, 0, 1, 1, 0], [1, 1, 0, 0, 1, 1, 1], [1, 1, 0, 0, 0, 1, 1]]
2025-02-20 07:29:16,447 - DSM_MultiModelExp_llm_rag_ollama:llama3.3:70b-8k - INFO - Final Matrix:
[[1, 1, 1, 1, 1, 1, 1], [1, 1, 1, 1, 0, 1, 1], [1, 1, 1, 1, 0, 0, 0], [1, 1, 1, 1, 0, 0, 0], [1, 0, 0, 0, 1, 1, 0], [1, 1, 0, 0, 1, 1, 1], [1, 1, 0, 0, 0, 1, 1]]
2025-02-20 07:29:16,448 - DSM_MultiModelExp_llm_rag_ollama:llama3.3:70b-8k - INFO - --------------------------------------------------
2025-02-20 07:29:16,449 - DSM_MultiModelExp_llm_rag_ollama:llama3.3:70b-8k - INFO - Matrix from response.
2025-02-20 07:29:16,449 - DSM_MultiModelExp_llm_rag_ollama:llama3.3:70b-8k - INFO - At run 1/5
2025-02-20 07:29:16,450 - DSM_MultiModelExp_llm_rag_ollama:llama3.3:70b-8k - INFO - Matrix: [[1, 1, 1, 1, 1, 1, 1], [1, 1, 1, 1, 0, 1, 1], [1, 1, 1, 1, 0, 0, 0], [1, 1, 1, 1, 0, 0, 0], [1, 0, 0, 0, 1, 1, 0], [1, 1, 0, 0, 1, 1, 1], [1, 1, 0, 0, 0, 1, 1]]
2025-02-20 07:29:16,451 - DSM_MultiModelExp_llm_rag_ollama:llama3.3:70b-8k - INFO - --------------------------------------------------
2025-02-20 07:29:26,462 - DSM_MultiModelExp_llm_rag_ollama:llama3.3:70b-8k - INFO - Run 2/5
2025-02-20 07:29:26,500 - DSM_MultiModelExp_llm_rag_ollama:llama3.3:70b-8k - INFO - DEBUG: Initializing RAGInference.
2025-02-20 07:29:26,501 - DSM_MultiModelExp_llm_rag_ollama:llama3.3:70b-8k - INFO - Using R-type: ['R1']
2025-02-20 07:29:26,501 - DSM_MultiModelExp_llm_rag_ollama:llama3.3:70b-8k - INFO - Using embedding model: text-embedding-3-small
2025-02-20 07:29:26,537 - DSM_MultiModelExp_llm_rag_ollama:llama3.3:70b-8k - INFO - VectorStoreManager initialized
2025-02-20 07:29:26,538 - DSM_MultiModelExp_llm_rag_ollama:llama3.3:70b-8k - INFO - Set database path to: xLM_DSM/data/vectorstore/PowerDrill/llm_rag/text-embedding-3-small
2025-02-20 07:29:26,549 - DSM_MultiModelExp_llm_rag_ollama:llama3.3:70b-8k - INFO - Collection count: 2855
2025-02-20 07:29:26,553 - DSM_MultiModelExp_llm_rag_ollama:llama3.3:70b-8k - INFO - Initialized RAG inference for system: power screwdriver
2025-02-20 07:29:26,554 - DSM_MultiModelExp_llm_rag_ollama:llama3.3:70b-8k - INFO - Initialized DSM for system: power screwdriver
2025-02-20 07:29:26,554 - DSM_MultiModelExp_llm_rag_ollama:llama3.3:70b-8k - INFO - Inference model: ollama:llama3.3:70b-8k
2025-02-20 07:29:26,555 - DSM_MultiModelExp_llm_rag_ollama:llama3.3:70b-8k - INFO - Predicted Components: ['Motor', 'Housing', 'Ring Gear', 'Clip', 'Battery', 'Switch', 'Screwdriver Bit']
2025-02-20 07:29:26,557 - DSM_MultiModelExp_llm_rag_ollama:llama3.3:70b-8k - INFO - Number of components: 7
2025-02-20 07:29:26,557 - DSM_MultiModelExp_llm_rag_ollama:llama3.3:70b-8k - INFO - Predicted components for query: ['Motor', 'Housing', 'Ring Gear', 'Clip', 'Battery', 'Switch', 'Screwdriver Bit']
2025-02-20 07:29:26,559 - DSM_MultiModelExp_llm_rag_ollama:llama3.3:70b-8k - INFO - Query: 
        Please identify system-level proximity relationships (in contact) between the components of Power Screwdriver, as listed below, and represent them in a Design Structure Matrix (DSM) format.  
        The relationships should be articulated in plain English, capturing the essence of their interactions. 
        Here is the list of subsystems/components to analyze: ['Motor', 'Housing', 'Ring Gear', 'Clip', 'Battery', 'Switch', 'Screwdriver Bit'] 
        The DSM should clearly indicate the interactions between these components as 1 exist and 0 does not exist, considering both the presence and nature of these connections.             
        Present the output in a square matrix format (number of rows and columns MUST be the same as the number of components = 7 for this example), with rows and columns labeled accordingly. 
        Diagonal elements should be 1 in DSM matrix since each component interacts with itself. 
        If you don't know the answer, just write 2 for the specific cell that you are unsure of. A worst case scenario of the **as a list of lists** shown below (diagonal elements are 1 and rest are 2). Don't make up an answer.         final response = [
            [1, 2, 2, 2, 2, 2, 2],
            [2, 1, 2, 2, 2, 2, 2],
            [2, 2, 1, 2, 2, 2, 2],
            [2, 2, 2, 1, 2, 2, 2],
            [2, 2, 2, 2, 1, 2, 2],
            [2, 2, 2, 2, 2, 1, 2],
            [2, 2, 2, 2, 2, 2, 1]
        ]

        IMPORTANT: Your response must **ONLY** contain a valid **as a list of lists** in the following example format 7x7 matrix.         
        The below list of lists is just an example format of your response. **Replace** the values with your **actual analysis** while providing your response with parameter of 'final response'.        
        final response = [
            [1, 0, 0, 0, 0, 0, 0],
            [0, 1, 0, 0, 0, 0, 0],
            [0, 0, 1, 0, 0, 0, 0],
            [0, 0, 0, 1, 0, 0, 0],
            [0, 0, 0, 0, 1, 0, 0],
            [0, 0, 0, 0, 0, 1, 0],
            [0, 0, 0, 0, 0, 0, 1]
        ]

        IMPORTANT: THE FORMAT OF THE OUTPUT MUST BE AS LIST OF LISTS ONLY SIMILAR TO THE ONE ABOVE (NO LATEX, CODE, OR OTHER ENCODINGS).
        
2025-02-20 07:29:42,052 - DSM_MultiModelExp_llm_rag_ollama:llama3.3:70b-8k - INFO - Number of documents retrieved: 4
2025-02-20 07:29:42,054 - DSM_MultiModelExp_llm_rag_ollama:llama3.3:70b-8k - INFO - Documents used for this query:
2025-02-20 07:29:42,055 - DSM_MultiModelExp_llm_rag_ollama:llama3.3:70b-8k - INFO - File: ../data/use_cases_large/PowerDrill/reference_pdfs/R1_combined.pdf
2025-02-20 07:29:42,056 - DSM_MultiModelExp_llm_rag_ollama:llama3.3:70b-8k - INFO - Page: 34
2025-02-20 07:29:42,057 - DSM_MultiModelExp_llm_rag_ollama:llama3.3:70b-8k - INFO - Content: power	
  screwdriver	
   158	
  5.9	
   (a)	
  –	
  (c)	
  binary	
  adjacency	
  matrices	
  and	
  spy	
  plots	
  for	
  screwdrivers	
   159	
  5.10	
   Sample	
  distribution	
  for	
  a	
  screw ...
2025-02-20 07:29:42,058 - DSM_MultiModelExp_llm_rag_ollama:llama3.3:70b-8k - INFO - File: ../data/use_cases_large/PowerDrill/reference_pdfs/R1_combined.pdf
2025-02-20 07:29:42,059 - DSM_MultiModelExp_llm_rag_ollama:llama3.3:70b-8k - INFO - Page: 1
2025-02-20 07:29:42,060 - DSM_MultiModelExp_llm_rag_ollama:llama3.3:70b-8k - INFO - Content: A component DSM is used to capture and represent the interactions between elements of a system
(Warﬁeld 1973, Steward 1981, Browning 2001). An element may represent a single component,
an assembly of  ...
2025-02-20 07:29:42,060 - DSM_MultiModelExp_llm_rag_ollama:llama3.3:70b-8k - INFO - File: ../data/use_cases_large/PowerDrill/reference_pdfs/R1_combined.pdf
2025-02-20 07:29:42,062 - DSM_MultiModelExp_llm_rag_ollama:llama3.3:70b-8k - INFO - Page: 181
2025-02-20 07:29:42,062 - DSM_MultiModelExp_llm_rag_ollama:llama3.3:70b-8k - INFO - Content: Fig.	
  5.8:	
  Components	
  of	
  the	
  Black	
  &	
  Decker	
  alkaline	
  screwdriver	
  [Tilstra,	
  2010].	
  	
   The	
   developed	
   Product	
   Design	
   Structure	
   Matrices	
   (DSM)	 ...
2025-02-20 07:29:42,064 - DSM_MultiModelExp_llm_rag_ollama:llama3.3:70b-8k - INFO - File: ../data/use_cases_large/PowerDrill/reference_pdfs/R1_combined.pdf
2025-02-20 07:29:42,065 - DSM_MultiModelExp_llm_rag_ollama:llama3.3:70b-8k - INFO - Page: 13
2025-02-20 07:29:42,066 - DSM_MultiModelExp_llm_rag_ollama:llama3.3:70b-8k - INFO - Content: mine which interactions truly exist in the product. Examination of the product would conﬁrm that
the ‘Clip (2)’ element connects the ‘ring gear, Housing (9)’ element to the ‘Housing (21)’ element
and  ...
2025-02-20 07:29:42,066 - DSM_MultiModelExp_llm_rag_ollama:llama3.3:70b-8k - INFO - Raw Response: final response = [
            [1, 1, 1, 1, 1, 1, 1],
            [1, 1, 1, 1, 0, 1, 0],
            [1, 1, 1, 1, 0, 0, 0],
            [1, 1, 1, 1, 0, 0, 0],
            [1, 0, 0, 0, 1, 1, 0],
            [1, 1, 0, 0, 1, 1, 1],
            [1, 0, 0, 0, 0, 1, 1]
        ]
2025-02-20 07:29:42,067 - DSM_MultiModelExp_llm_rag_ollama:llama3.3:70b-8k - INFO - Response: final response = [
            [1, 1, 1, 1, 1, 1, 1],
            [1, 1, 1, 1, 0, 1, 0],
            [1, 1, 1, 1, 0, 0, 0],
            [1, 1, 1, 1, 0, 0, 0],
            [1, 0, 0, 0, 1, 1, 0],
            [1, 1, 0, 0, 1, 1, 1],
            [1, 0, 0, 0, 0, 1, 1]
        ]
2025-02-20 07:29:42,069 - DSM_MultiModelExp_llm_rag_ollama:llama3.3:70b-8k - INFO - Matrix: [[1, 1, 1, 1, 1, 1, 1], [1, 1, 1, 1, 0, 1, 0], [1, 1, 1, 1, 0, 0, 0], [1, 1, 1, 1, 0, 0, 0], [1, 0, 0, 0, 1, 1, 0], [1, 1, 0, 0, 1, 1, 1], [1, 0, 0, 0, 0, 1, 1]]
2025-02-20 07:29:42,070 - DSM_MultiModelExp_llm_rag_ollama:llama3.3:70b-8k - INFO - Final Matrix:
[[1, 1, 1, 1, 1, 1, 1], [1, 1, 1, 1, 0, 1, 0], [1, 1, 1, 1, 0, 0, 0], [1, 1, 1, 1, 0, 0, 0], [1, 0, 0, 0, 1, 1, 0], [1, 1, 0, 0, 1, 1, 1], [1, 0, 0, 0, 0, 1, 1]]
2025-02-20 07:29:42,070 - DSM_MultiModelExp_llm_rag_ollama:llama3.3:70b-8k - INFO - --------------------------------------------------
2025-02-20 07:29:42,071 - DSM_MultiModelExp_llm_rag_ollama:llama3.3:70b-8k - INFO - Matrix from response.
2025-02-20 07:29:42,072 - DSM_MultiModelExp_llm_rag_ollama:llama3.3:70b-8k - INFO - At run 2/5
2025-02-20 07:29:42,073 - DSM_MultiModelExp_llm_rag_ollama:llama3.3:70b-8k - INFO - Matrix: [[1, 1, 1, 1, 1, 1, 1], [1, 1, 1, 1, 0, 1, 0], [1, 1, 1, 1, 0, 0, 0], [1, 1, 1, 1, 0, 0, 0], [1, 0, 0, 0, 1, 1, 0], [1, 1, 0, 0, 1, 1, 1], [1, 0, 0, 0, 0, 1, 1]]
2025-02-20 07:29:42,074 - DSM_MultiModelExp_llm_rag_ollama:llama3.3:70b-8k - INFO - --------------------------------------------------
2025-02-20 07:29:52,085 - DSM_MultiModelExp_llm_rag_ollama:llama3.3:70b-8k - INFO - Run 3/5
2025-02-20 07:29:52,121 - DSM_MultiModelExp_llm_rag_ollama:llama3.3:70b-8k - INFO - DEBUG: Initializing RAGInference.
2025-02-20 07:29:52,122 - DSM_MultiModelExp_llm_rag_ollama:llama3.3:70b-8k - INFO - Using R-type: ['R1']
2025-02-20 07:29:52,123 - DSM_MultiModelExp_llm_rag_ollama:llama3.3:70b-8k - INFO - Using embedding model: text-embedding-3-small
2025-02-20 07:29:52,158 - DSM_MultiModelExp_llm_rag_ollama:llama3.3:70b-8k - INFO - VectorStoreManager initialized
2025-02-20 07:29:52,159 - DSM_MultiModelExp_llm_rag_ollama:llama3.3:70b-8k - INFO - Set database path to: xLM_DSM/data/vectorstore/PowerDrill/llm_rag/text-embedding-3-small
2025-02-20 07:29:52,169 - DSM_MultiModelExp_llm_rag_ollama:llama3.3:70b-8k - INFO - Collection count: 2855
2025-02-20 07:29:52,173 - DSM_MultiModelExp_llm_rag_ollama:llama3.3:70b-8k - INFO - Initialized RAG inference for system: power screwdriver
2025-02-20 07:29:52,173 - DSM_MultiModelExp_llm_rag_ollama:llama3.3:70b-8k - INFO - Initialized DSM for system: power screwdriver
2025-02-20 07:29:52,174 - DSM_MultiModelExp_llm_rag_ollama:llama3.3:70b-8k - INFO - Inference model: ollama:llama3.3:70b-8k
2025-02-20 07:29:52,176 - DSM_MultiModelExp_llm_rag_ollama:llama3.3:70b-8k - INFO - Predicted Components: ['Motor', 'Housing', 'Ring Gear', 'Clip', 'Battery', 'Switch', 'Screwdriver Bit']
2025-02-20 07:29:52,176 - DSM_MultiModelExp_llm_rag_ollama:llama3.3:70b-8k - INFO - Number of components: 7
2025-02-20 07:29:52,177 - DSM_MultiModelExp_llm_rag_ollama:llama3.3:70b-8k - INFO - Predicted components for query: ['Motor', 'Housing', 'Ring Gear', 'Clip', 'Battery', 'Switch', 'Screwdriver Bit']
2025-02-20 07:29:52,178 - DSM_MultiModelExp_llm_rag_ollama:llama3.3:70b-8k - INFO - Query: 
        Please identify system-level proximity relationships (in contact) between the components of Power Screwdriver, as listed below, and represent them in a Design Structure Matrix (DSM) format.  
        The relationships should be articulated in plain English, capturing the essence of their interactions. 
        Here is the list of subsystems/components to analyze: ['Motor', 'Housing', 'Ring Gear', 'Clip', 'Battery', 'Switch', 'Screwdriver Bit'] 
        The DSM should clearly indicate the interactions between these components as 1 exist and 0 does not exist, considering both the presence and nature of these connections.             
        Present the output in a square matrix format (number of rows and columns MUST be the same as the number of components = 7 for this example), with rows and columns labeled accordingly. 
        Diagonal elements should be 1 in DSM matrix since each component interacts with itself. 
        If you don't know the answer, just write 2 for the specific cell that you are unsure of. A worst case scenario of the **as a list of lists** shown below (diagonal elements are 1 and rest are 2). Don't make up an answer.         final response = [
            [1, 2, 2, 2, 2, 2, 2],
            [2, 1, 2, 2, 2, 2, 2],
            [2, 2, 1, 2, 2, 2, 2],
            [2, 2, 2, 1, 2, 2, 2],
            [2, 2, 2, 2, 1, 2, 2],
            [2, 2, 2, 2, 2, 1, 2],
            [2, 2, 2, 2, 2, 2, 1]
        ]

        IMPORTANT: Your response must **ONLY** contain a valid **as a list of lists** in the following example format 7x7 matrix.         
        The below list of lists is just an example format of your response. **Replace** the values with your **actual analysis** while providing your response with parameter of 'final response'.        
        final response = [
            [1, 0, 0, 0, 0, 0, 0],
            [0, 1, 0, 0, 0, 0, 0],
            [0, 0, 1, 0, 0, 0, 0],
            [0, 0, 0, 1, 0, 0, 0],
            [0, 0, 0, 0, 1, 0, 0],
            [0, 0, 0, 0, 0, 1, 0],
            [0, 0, 0, 0, 0, 0, 1]
        ]

        IMPORTANT: THE FORMAT OF THE OUTPUT MUST BE AS LIST OF LISTS ONLY SIMILAR TO THE ONE ABOVE (NO LATEX, CODE, OR OTHER ENCODINGS).
        
2025-02-20 07:30:06,922 - DSM_MultiModelExp_llm_rag_ollama:llama3.3:70b-8k - INFO - Number of documents retrieved: 4
2025-02-20 07:30:06,923 - DSM_MultiModelExp_llm_rag_ollama:llama3.3:70b-8k - INFO - Documents used for this query:
2025-02-20 07:30:06,924 - DSM_MultiModelExp_llm_rag_ollama:llama3.3:70b-8k - INFO - File: ../data/use_cases_large/PowerDrill/reference_pdfs/R1_combined.pdf
2025-02-20 07:30:06,925 - DSM_MultiModelExp_llm_rag_ollama:llama3.3:70b-8k - INFO - Page: 34
2025-02-20 07:30:06,926 - DSM_MultiModelExp_llm_rag_ollama:llama3.3:70b-8k - INFO - Content: power	
  screwdriver	
   158	
  5.9	
   (a)	
  –	
  (c)	
  binary	
  adjacency	
  matrices	
  and	
  spy	
  plots	
  for	
  screwdrivers	
   159	
  5.10	
   Sample	
  distribution	
  for	
  a	
  screw ...
2025-02-20 07:30:06,927 - DSM_MultiModelExp_llm_rag_ollama:llama3.3:70b-8k - INFO - File: ../data/use_cases_large/PowerDrill/reference_pdfs/R1_combined.pdf
2025-02-20 07:30:06,928 - DSM_MultiModelExp_llm_rag_ollama:llama3.3:70b-8k - INFO - Page: 1
2025-02-20 07:30:06,929 - DSM_MultiModelExp_llm_rag_ollama:llama3.3:70b-8k - INFO - Content: A component DSM is used to capture and represent the interactions between elements of a system
(Warﬁeld 1973, Steward 1981, Browning 2001). An element may represent a single component,
an assembly of  ...
2025-02-20 07:30:06,930 - DSM_MultiModelExp_llm_rag_ollama:llama3.3:70b-8k - INFO - File: ../data/use_cases_large/PowerDrill/reference_pdfs/R1_combined.pdf
2025-02-20 07:30:06,931 - DSM_MultiModelExp_llm_rag_ollama:llama3.3:70b-8k - INFO - Page: 181
2025-02-20 07:30:06,932 - DSM_MultiModelExp_llm_rag_ollama:llama3.3:70b-8k - INFO - Content: Fig.	
  5.8:	
  Components	
  of	
  the	
  Black	
  &	
  Decker	
  alkaline	
  screwdriver	
  [Tilstra,	
  2010].	
  	
   The	
   developed	
   Product	
   Design	
   Structure	
   Matrices	
   (DSM)	 ...
2025-02-20 07:30:06,933 - DSM_MultiModelExp_llm_rag_ollama:llama3.3:70b-8k - INFO - File: ../data/use_cases_large/PowerDrill/reference_pdfs/R1_combined.pdf
2025-02-20 07:30:06,934 - DSM_MultiModelExp_llm_rag_ollama:llama3.3:70b-8k - INFO - Page: 13
2025-02-20 07:30:06,935 - DSM_MultiModelExp_llm_rag_ollama:llama3.3:70b-8k - INFO - Content: mine which interactions truly exist in the product. Examination of the product would conﬁrm that
the ‘Clip (2)’ element connects the ‘ring gear, Housing (9)’ element to the ‘Housing (21)’ element
and  ...
2025-02-20 07:30:06,936 - DSM_MultiModelExp_llm_rag_ollama:llama3.3:70b-8k - INFO - Raw Response: final response = [
            [1, 1, 1, 1, 1, 1, 1],
            [1, 1, 1, 1, 0, 1, 0],
            [1, 1, 1, 1, 0, 0, 0],
            [1, 1, 1, 1, 0, 0, 0],
            [1, 0, 0, 0, 1, 1, 0],
            [1, 1, 0, 0, 1, 1, 1],
            [1, 0, 0, 0, 0, 1, 1]
        ]
2025-02-20 07:30:06,937 - DSM_MultiModelExp_llm_rag_ollama:llama3.3:70b-8k - INFO - Response: final response = [
            [1, 1, 1, 1, 1, 1, 1],
            [1, 1, 1, 1, 0, 1, 0],
            [1, 1, 1, 1, 0, 0, 0],
            [1, 1, 1, 1, 0, 0, 0],
            [1, 0, 0, 0, 1, 1, 0],
            [1, 1, 0, 0, 1, 1, 1],
            [1, 0, 0, 0, 0, 1, 1]
        ]
2025-02-20 07:30:06,938 - DSM_MultiModelExp_llm_rag_ollama:llama3.3:70b-8k - INFO - Matrix: [[1, 1, 1, 1, 1, 1, 1], [1, 1, 1, 1, 0, 1, 0], [1, 1, 1, 1, 0, 0, 0], [1, 1, 1, 1, 0, 0, 0], [1, 0, 0, 0, 1, 1, 0], [1, 1, 0, 0, 1, 1, 1], [1, 0, 0, 0, 0, 1, 1]]
2025-02-20 07:30:06,939 - DSM_MultiModelExp_llm_rag_ollama:llama3.3:70b-8k - INFO - Final Matrix:
[[1, 1, 1, 1, 1, 1, 1], [1, 1, 1, 1, 0, 1, 0], [1, 1, 1, 1, 0, 0, 0], [1, 1, 1, 1, 0, 0, 0], [1, 0, 0, 0, 1, 1, 0], [1, 1, 0, 0, 1, 1, 1], [1, 0, 0, 0, 0, 1, 1]]
2025-02-20 07:30:06,939 - DSM_MultiModelExp_llm_rag_ollama:llama3.3:70b-8k - INFO - --------------------------------------------------
2025-02-20 07:30:06,940 - DSM_MultiModelExp_llm_rag_ollama:llama3.3:70b-8k - INFO - Matrix from response.
2025-02-20 07:30:06,941 - DSM_MultiModelExp_llm_rag_ollama:llama3.3:70b-8k - INFO - At run 3/5
2025-02-20 07:30:06,942 - DSM_MultiModelExp_llm_rag_ollama:llama3.3:70b-8k - INFO - Matrix: [[1, 1, 1, 1, 1, 1, 1], [1, 1, 1, 1, 0, 1, 0], [1, 1, 1, 1, 0, 0, 0], [1, 1, 1, 1, 0, 0, 0], [1, 0, 0, 0, 1, 1, 0], [1, 1, 0, 0, 1, 1, 1], [1, 0, 0, 0, 0, 1, 1]]
2025-02-20 07:30:06,943 - DSM_MultiModelExp_llm_rag_ollama:llama3.3:70b-8k - INFO - --------------------------------------------------
2025-02-20 07:30:16,954 - DSM_MultiModelExp_llm_rag_ollama:llama3.3:70b-8k - INFO - Run 4/5
2025-02-20 07:30:16,995 - DSM_MultiModelExp_llm_rag_ollama:llama3.3:70b-8k - INFO - DEBUG: Initializing RAGInference.
2025-02-20 07:30:16,996 - DSM_MultiModelExp_llm_rag_ollama:llama3.3:70b-8k - INFO - Using R-type: ['R1']
2025-02-20 07:30:16,997 - DSM_MultiModelExp_llm_rag_ollama:llama3.3:70b-8k - INFO - Using embedding model: text-embedding-3-small
2025-02-20 07:30:17,031 - DSM_MultiModelExp_llm_rag_ollama:llama3.3:70b-8k - INFO - VectorStoreManager initialized
2025-02-20 07:30:17,032 - DSM_MultiModelExp_llm_rag_ollama:llama3.3:70b-8k - INFO - Set database path to: xLM_DSM/data/vectorstore/PowerDrill/llm_rag/text-embedding-3-small
2025-02-20 07:30:17,040 - DSM_MultiModelExp_llm_rag_ollama:llama3.3:70b-8k - INFO - Collection count: 2855
2025-02-20 07:30:17,043 - DSM_MultiModelExp_llm_rag_ollama:llama3.3:70b-8k - INFO - Initialized RAG inference for system: power screwdriver
2025-02-20 07:30:17,044 - DSM_MultiModelExp_llm_rag_ollama:llama3.3:70b-8k - INFO - Initialized DSM for system: power screwdriver
2025-02-20 07:30:17,045 - DSM_MultiModelExp_llm_rag_ollama:llama3.3:70b-8k - INFO - Inference model: ollama:llama3.3:70b-8k
2025-02-20 07:30:17,045 - DSM_MultiModelExp_llm_rag_ollama:llama3.3:70b-8k - INFO - Predicted Components: ['Motor', 'Housing', 'Ring Gear', 'Clip', 'Battery', 'Switch', 'Screwdriver Bit']
2025-02-20 07:30:17,046 - DSM_MultiModelExp_llm_rag_ollama:llama3.3:70b-8k - INFO - Number of components: 7
2025-02-20 07:30:17,047 - DSM_MultiModelExp_llm_rag_ollama:llama3.3:70b-8k - INFO - Predicted components for query: ['Motor', 'Housing', 'Ring Gear', 'Clip', 'Battery', 'Switch', 'Screwdriver Bit']
2025-02-20 07:30:17,047 - DSM_MultiModelExp_llm_rag_ollama:llama3.3:70b-8k - INFO - Query: 
        Please identify system-level proximity relationships (in contact) between the components of Power Screwdriver, as listed below, and represent them in a Design Structure Matrix (DSM) format.  
        The relationships should be articulated in plain English, capturing the essence of their interactions. 
        Here is the list of subsystems/components to analyze: ['Motor', 'Housing', 'Ring Gear', 'Clip', 'Battery', 'Switch', 'Screwdriver Bit'] 
        The DSM should clearly indicate the interactions between these components as 1 exist and 0 does not exist, considering both the presence and nature of these connections.             
        Present the output in a square matrix format (number of rows and columns MUST be the same as the number of components = 7 for this example), with rows and columns labeled accordingly. 
        Diagonal elements should be 1 in DSM matrix since each component interacts with itself. 
        If you don't know the answer, just write 2 for the specific cell that you are unsure of. A worst case scenario of the **as a list of lists** shown below (diagonal elements are 1 and rest are 2). Don't make up an answer.         final response = [
            [1, 2, 2, 2, 2, 2, 2],
            [2, 1, 2, 2, 2, 2, 2],
            [2, 2, 1, 2, 2, 2, 2],
            [2, 2, 2, 1, 2, 2, 2],
            [2, 2, 2, 2, 1, 2, 2],
            [2, 2, 2, 2, 2, 1, 2],
            [2, 2, 2, 2, 2, 2, 1]
        ]

        IMPORTANT: Your response must **ONLY** contain a valid **as a list of lists** in the following example format 7x7 matrix.         
        The below list of lists is just an example format of your response. **Replace** the values with your **actual analysis** while providing your response with parameter of 'final response'.        
        final response = [
            [1, 0, 0, 0, 0, 0, 0],
            [0, 1, 0, 0, 0, 0, 0],
            [0, 0, 1, 0, 0, 0, 0],
            [0, 0, 0, 1, 0, 0, 0],
            [0, 0, 0, 0, 1, 0, 0],
            [0, 0, 0, 0, 0, 1, 0],
            [0, 0, 0, 0, 0, 0, 1]
        ]

        IMPORTANT: THE FORMAT OF THE OUTPUT MUST BE AS LIST OF LISTS ONLY SIMILAR TO THE ONE ABOVE (NO LATEX, CODE, OR OTHER ENCODINGS).
        
2025-02-20 07:30:31,740 - DSM_MultiModelExp_llm_rag_ollama:llama3.3:70b-8k - INFO - Number of documents retrieved: 4
2025-02-20 07:30:31,741 - DSM_MultiModelExp_llm_rag_ollama:llama3.3:70b-8k - INFO - Documents used for this query:
2025-02-20 07:30:31,742 - DSM_MultiModelExp_llm_rag_ollama:llama3.3:70b-8k - INFO - File: ../data/use_cases_large/PowerDrill/reference_pdfs/R1_combined.pdf
2025-02-20 07:30:31,743 - DSM_MultiModelExp_llm_rag_ollama:llama3.3:70b-8k - INFO - Page: 34
2025-02-20 07:30:31,744 - DSM_MultiModelExp_llm_rag_ollama:llama3.3:70b-8k - INFO - Content: power	
  screwdriver	
   158	
  5.9	
   (a)	
  –	
  (c)	
  binary	
  adjacency	
  matrices	
  and	
  spy	
  plots	
  for	
  screwdrivers	
   159	
  5.10	
   Sample	
  distribution	
  for	
  a	
  screw ...
2025-02-20 07:30:31,745 - DSM_MultiModelExp_llm_rag_ollama:llama3.3:70b-8k - INFO - File: ../data/use_cases_large/PowerDrill/reference_pdfs/R1_combined.pdf
2025-02-20 07:30:31,745 - DSM_MultiModelExp_llm_rag_ollama:llama3.3:70b-8k - INFO - Page: 1
2025-02-20 07:30:31,746 - DSM_MultiModelExp_llm_rag_ollama:llama3.3:70b-8k - INFO - Content: A component DSM is used to capture and represent the interactions between elements of a system
(Warﬁeld 1973, Steward 1981, Browning 2001). An element may represent a single component,
an assembly of  ...
2025-02-20 07:30:31,747 - DSM_MultiModelExp_llm_rag_ollama:llama3.3:70b-8k - INFO - File: ../data/use_cases_large/PowerDrill/reference_pdfs/R1_combined.pdf
2025-02-20 07:30:31,748 - DSM_MultiModelExp_llm_rag_ollama:llama3.3:70b-8k - INFO - Page: 181
2025-02-20 07:30:31,748 - DSM_MultiModelExp_llm_rag_ollama:llama3.3:70b-8k - INFO - Content: Fig.	
  5.8:	
  Components	
  of	
  the	
  Black	
  &	
  Decker	
  alkaline	
  screwdriver	
  [Tilstra,	
  2010].	
  	
   The	
   developed	
   Product	
   Design	
   Structure	
   Matrices	
   (DSM)	 ...
2025-02-20 07:30:31,749 - DSM_MultiModelExp_llm_rag_ollama:llama3.3:70b-8k - INFO - File: ../data/use_cases_large/PowerDrill/reference_pdfs/R1_combined.pdf
2025-02-20 07:30:31,750 - DSM_MultiModelExp_llm_rag_ollama:llama3.3:70b-8k - INFO - Page: 13
2025-02-20 07:30:31,751 - DSM_MultiModelExp_llm_rag_ollama:llama3.3:70b-8k - INFO - Content: mine which interactions truly exist in the product. Examination of the product would conﬁrm that
the ‘Clip (2)’ element connects the ‘ring gear, Housing (9)’ element to the ‘Housing (21)’ element
and  ...
2025-02-20 07:30:31,752 - DSM_MultiModelExp_llm_rag_ollama:llama3.3:70b-8k - INFO - Raw Response: final response = [
            [1, 1, 1, 1, 1, 1, 1],
            [1, 1, 1, 1, 0, 1, 0],
            [1, 1, 1, 1, 0, 0, 0],
            [1, 1, 1, 1, 0, 0, 0],
            [1, 0, 0, 0, 1, 1, 0],
            [1, 1, 0, 0, 1, 1, 1],
            [1, 0, 0, 0, 0, 1, 1]
        ]
2025-02-20 07:30:31,752 - DSM_MultiModelExp_llm_rag_ollama:llama3.3:70b-8k - INFO - Response: final response = [
            [1, 1, 1, 1, 1, 1, 1],
            [1, 1, 1, 1, 0, 1, 0],
            [1, 1, 1, 1, 0, 0, 0],
            [1, 1, 1, 1, 0, 0, 0],
            [1, 0, 0, 0, 1, 1, 0],
            [1, 1, 0, 0, 1, 1, 1],
            [1, 0, 0, 0, 0, 1, 1]
        ]
2025-02-20 07:30:31,754 - DSM_MultiModelExp_llm_rag_ollama:llama3.3:70b-8k - INFO - Matrix: [[1, 1, 1, 1, 1, 1, 1], [1, 1, 1, 1, 0, 1, 0], [1, 1, 1, 1, 0, 0, 0], [1, 1, 1, 1, 0, 0, 0], [1, 0, 0, 0, 1, 1, 0], [1, 1, 0, 0, 1, 1, 1], [1, 0, 0, 0, 0, 1, 1]]
2025-02-20 07:30:31,754 - DSM_MultiModelExp_llm_rag_ollama:llama3.3:70b-8k - INFO - Final Matrix:
[[1, 1, 1, 1, 1, 1, 1], [1, 1, 1, 1, 0, 1, 0], [1, 1, 1, 1, 0, 0, 0], [1, 1, 1, 1, 0, 0, 0], [1, 0, 0, 0, 1, 1, 0], [1, 1, 0, 0, 1, 1, 1], [1, 0, 0, 0, 0, 1, 1]]
2025-02-20 07:30:31,755 - DSM_MultiModelExp_llm_rag_ollama:llama3.3:70b-8k - INFO - --------------------------------------------------
2025-02-20 07:30:31,756 - DSM_MultiModelExp_llm_rag_ollama:llama3.3:70b-8k - INFO - Matrix from response.
2025-02-20 07:30:31,756 - DSM_MultiModelExp_llm_rag_ollama:llama3.3:70b-8k - INFO - At run 4/5
2025-02-20 07:30:31,757 - DSM_MultiModelExp_llm_rag_ollama:llama3.3:70b-8k - INFO - Matrix: [[1, 1, 1, 1, 1, 1, 1], [1, 1, 1, 1, 0, 1, 0], [1, 1, 1, 1, 0, 0, 0], [1, 1, 1, 1, 0, 0, 0], [1, 0, 0, 0, 1, 1, 0], [1, 1, 0, 0, 1, 1, 1], [1, 0, 0, 0, 0, 1, 1]]
2025-02-20 07:30:31,758 - DSM_MultiModelExp_llm_rag_ollama:llama3.3:70b-8k - INFO - --------------------------------------------------
2025-02-20 07:30:41,769 - DSM_MultiModelExp_llm_rag_ollama:llama3.3:70b-8k - INFO - Run 5/5
2025-02-20 07:30:41,805 - DSM_MultiModelExp_llm_rag_ollama:llama3.3:70b-8k - INFO - DEBUG: Initializing RAGInference.
2025-02-20 07:30:41,806 - DSM_MultiModelExp_llm_rag_ollama:llama3.3:70b-8k - INFO - Using R-type: ['R1']
2025-02-20 07:30:41,806 - DSM_MultiModelExp_llm_rag_ollama:llama3.3:70b-8k - INFO - Using embedding model: text-embedding-3-small
2025-02-20 07:30:41,841 - DSM_MultiModelExp_llm_rag_ollama:llama3.3:70b-8k - INFO - VectorStoreManager initialized
2025-02-20 07:30:41,842 - DSM_MultiModelExp_llm_rag_ollama:llama3.3:70b-8k - INFO - Set database path to: xLM_DSM/data/vectorstore/PowerDrill/llm_rag/text-embedding-3-small
2025-02-20 07:30:41,850 - DSM_MultiModelExp_llm_rag_ollama:llama3.3:70b-8k - INFO - Collection count: 2855
2025-02-20 07:30:41,854 - DSM_MultiModelExp_llm_rag_ollama:llama3.3:70b-8k - INFO - Initialized RAG inference for system: power screwdriver
2025-02-20 07:30:41,855 - DSM_MultiModelExp_llm_rag_ollama:llama3.3:70b-8k - INFO - Initialized DSM for system: power screwdriver
2025-02-20 07:30:41,856 - DSM_MultiModelExp_llm_rag_ollama:llama3.3:70b-8k - INFO - Inference model: ollama:llama3.3:70b-8k
2025-02-20 07:30:41,857 - DSM_MultiModelExp_llm_rag_ollama:llama3.3:70b-8k - INFO - Predicted Components: ['Motor', 'Housing', 'Ring Gear', 'Clip', 'Battery', 'Switch', 'Screwdriver Bit']
2025-02-20 07:30:41,857 - DSM_MultiModelExp_llm_rag_ollama:llama3.3:70b-8k - INFO - Number of components: 7
2025-02-20 07:30:41,858 - DSM_MultiModelExp_llm_rag_ollama:llama3.3:70b-8k - INFO - Predicted components for query: ['Motor', 'Housing', 'Ring Gear', 'Clip', 'Battery', 'Switch', 'Screwdriver Bit']
2025-02-20 07:30:41,859 - DSM_MultiModelExp_llm_rag_ollama:llama3.3:70b-8k - INFO - Query: 
        Please identify system-level proximity relationships (in contact) between the components of Power Screwdriver, as listed below, and represent them in a Design Structure Matrix (DSM) format.  
        The relationships should be articulated in plain English, capturing the essence of their interactions. 
        Here is the list of subsystems/components to analyze: ['Motor', 'Housing', 'Ring Gear', 'Clip', 'Battery', 'Switch', 'Screwdriver Bit'] 
        The DSM should clearly indicate the interactions between these components as 1 exist and 0 does not exist, considering both the presence and nature of these connections.             
        Present the output in a square matrix format (number of rows and columns MUST be the same as the number of components = 7 for this example), with rows and columns labeled accordingly. 
        Diagonal elements should be 1 in DSM matrix since each component interacts with itself. 
        If you don't know the answer, just write 2 for the specific cell that you are unsure of. A worst case scenario of the **as a list of lists** shown below (diagonal elements are 1 and rest are 2). Don't make up an answer.         final response = [
            [1, 2, 2, 2, 2, 2, 2],
            [2, 1, 2, 2, 2, 2, 2],
            [2, 2, 1, 2, 2, 2, 2],
            [2, 2, 2, 1, 2, 2, 2],
            [2, 2, 2, 2, 1, 2, 2],
            [2, 2, 2, 2, 2, 1, 2],
            [2, 2, 2, 2, 2, 2, 1]
        ]

        IMPORTANT: Your response must **ONLY** contain a valid **as a list of lists** in the following example format 7x7 matrix.         
        The below list of lists is just an example format of your response. **Replace** the values with your **actual analysis** while providing your response with parameter of 'final response'.        
        final response = [
            [1, 0, 0, 0, 0, 0, 0],
            [0, 1, 0, 0, 0, 0, 0],
            [0, 0, 1, 0, 0, 0, 0],
            [0, 0, 0, 1, 0, 0, 0],
            [0, 0, 0, 0, 1, 0, 0],
            [0, 0, 0, 0, 0, 1, 0],
            [0, 0, 0, 0, 0, 0, 1]
        ]

        IMPORTANT: THE FORMAT OF THE OUTPUT MUST BE AS LIST OF LISTS ONLY SIMILAR TO THE ONE ABOVE (NO LATEX, CODE, OR OTHER ENCODINGS).
        
2025-02-20 07:30:56,677 - DSM_MultiModelExp_llm_rag_ollama:llama3.3:70b-8k - INFO - Number of documents retrieved: 4
2025-02-20 07:30:56,678 - DSM_MultiModelExp_llm_rag_ollama:llama3.3:70b-8k - INFO - Documents used for this query:
2025-02-20 07:30:56,679 - DSM_MultiModelExp_llm_rag_ollama:llama3.3:70b-8k - INFO - File: ../data/use_cases_large/PowerDrill/reference_pdfs/R1_combined.pdf
2025-02-20 07:30:56,679 - DSM_MultiModelExp_llm_rag_ollama:llama3.3:70b-8k - INFO - Page: 34
2025-02-20 07:30:56,681 - DSM_MultiModelExp_llm_rag_ollama:llama3.3:70b-8k - INFO - Content: power	
  screwdriver	
   158	
  5.9	
   (a)	
  –	
  (c)	
  binary	
  adjacency	
  matrices	
  and	
  spy	
  plots	
  for	
  screwdrivers	
   159	
  5.10	
   Sample	
  distribution	
  for	
  a	
  screw ...
2025-02-20 07:30:56,682 - DSM_MultiModelExp_llm_rag_ollama:llama3.3:70b-8k - INFO - File: ../data/use_cases_large/PowerDrill/reference_pdfs/R1_combined.pdf
2025-02-20 07:30:56,683 - DSM_MultiModelExp_llm_rag_ollama:llama3.3:70b-8k - INFO - Page: 1
2025-02-20 07:30:56,684 - DSM_MultiModelExp_llm_rag_ollama:llama3.3:70b-8k - INFO - Content: A component DSM is used to capture and represent the interactions between elements of a system
(Warﬁeld 1973, Steward 1981, Browning 2001). An element may represent a single component,
an assembly of  ...
2025-02-20 07:30:56,685 - DSM_MultiModelExp_llm_rag_ollama:llama3.3:70b-8k - INFO - File: ../data/use_cases_large/PowerDrill/reference_pdfs/R1_combined.pdf
2025-02-20 07:30:56,686 - DSM_MultiModelExp_llm_rag_ollama:llama3.3:70b-8k - INFO - Page: 181
2025-02-20 07:30:56,687 - DSM_MultiModelExp_llm_rag_ollama:llama3.3:70b-8k - INFO - Content: Fig.	
  5.8:	
  Components	
  of	
  the	
  Black	
  &	
  Decker	
  alkaline	
  screwdriver	
  [Tilstra,	
  2010].	
  	
   The	
   developed	
   Product	
   Design	
   Structure	
   Matrices	
   (DSM)	 ...
2025-02-20 07:30:56,687 - DSM_MultiModelExp_llm_rag_ollama:llama3.3:70b-8k - INFO - File: ../data/use_cases_large/PowerDrill/reference_pdfs/R1_combined.pdf
2025-02-20 07:30:56,688 - DSM_MultiModelExp_llm_rag_ollama:llama3.3:70b-8k - INFO - Page: 13
2025-02-20 07:30:56,689 - DSM_MultiModelExp_llm_rag_ollama:llama3.3:70b-8k - INFO - Content: mine which interactions truly exist in the product. Examination of the product would conﬁrm that
the ‘Clip (2)’ element connects the ‘ring gear, Housing (9)’ element to the ‘Housing (21)’ element
and  ...
2025-02-20 07:30:56,690 - DSM_MultiModelExp_llm_rag_ollama:llama3.3:70b-8k - INFO - Raw Response: final response = [
            [1, 1, 1, 1, 1, 1, 1],
            [1, 1, 1, 1, 0, 1, 0],
            [1, 1, 1, 1, 0, 0, 0],
            [1, 1, 1, 1, 0, 0, 0],
            [1, 0, 0, 0, 1, 1, 0],
            [1, 1, 0, 0, 1, 1, 1],
            [1, 0, 0, 0, 0, 1, 1]
        ]
2025-02-20 07:30:56,691 - DSM_MultiModelExp_llm_rag_ollama:llama3.3:70b-8k - INFO - Response: final response = [
            [1, 1, 1, 1, 1, 1, 1],
            [1, 1, 1, 1, 0, 1, 0],
            [1, 1, 1, 1, 0, 0, 0],
            [1, 1, 1, 1, 0, 0, 0],
            [1, 0, 0, 0, 1, 1, 0],
            [1, 1, 0, 0, 1, 1, 1],
            [1, 0, 0, 0, 0, 1, 1]
        ]
2025-02-20 07:30:56,692 - DSM_MultiModelExp_llm_rag_ollama:llama3.3:70b-8k - INFO - Matrix: [[1, 1, 1, 1, 1, 1, 1], [1, 1, 1, 1, 0, 1, 0], [1, 1, 1, 1, 0, 0, 0], [1, 1, 1, 1, 0, 0, 0], [1, 0, 0, 0, 1, 1, 0], [1, 1, 0, 0, 1, 1, 1], [1, 0, 0, 0, 0, 1, 1]]
2025-02-20 07:30:56,693 - DSM_MultiModelExp_llm_rag_ollama:llama3.3:70b-8k - INFO - Final Matrix:
[[1, 1, 1, 1, 1, 1, 1], [1, 1, 1, 1, 0, 1, 0], [1, 1, 1, 1, 0, 0, 0], [1, 1, 1, 1, 0, 0, 0], [1, 0, 0, 0, 1, 1, 0], [1, 1, 0, 0, 1, 1, 1], [1, 0, 0, 0, 0, 1, 1]]
2025-02-20 07:30:56,694 - DSM_MultiModelExp_llm_rag_ollama:llama3.3:70b-8k - INFO - --------------------------------------------------
2025-02-20 07:30:56,695 - DSM_MultiModelExp_llm_rag_ollama:llama3.3:70b-8k - INFO - Matrix from response.
2025-02-20 07:30:56,695 - DSM_MultiModelExp_llm_rag_ollama:llama3.3:70b-8k - INFO - At run 5/5
2025-02-20 07:30:56,697 - DSM_MultiModelExp_llm_rag_ollama:llama3.3:70b-8k - INFO - Matrix: [[1, 1, 1, 1, 1, 1, 1], [1, 1, 1, 1, 0, 1, 0], [1, 1, 1, 1, 0, 0, 0], [1, 1, 1, 1, 0, 0, 0], [1, 0, 0, 0, 1, 1, 0], [1, 1, 0, 0, 1, 1, 1], [1, 0, 0, 0, 0, 1, 1]]
2025-02-20 07:30:56,697 - DSM_MultiModelExp_llm_rag_ollama:llama3.3:70b-8k - INFO - --------------------------------------------------
2025-02-20 07:31:06,708 - DSM_MultiModelExp_llm_rag_ollama:llama3.3:70b-8k - INFO - Duration of reference combination {'R1': [{'path': '../data/use_cases_large/PowerDrill/reference_pdfs/R1_combined.pdf'}]}: 0:02:49.643458
2025-02-20 07:31:06,709 - DSM_MultiModelExp_llm_rag_ollama:llama3.3:70b-8k - INFO - ++++++++++++++++++++++++++++++++++++++++++++++++++++++++++++++++++++++++++++++++++++++++++++++++++++
2025-02-20 07:31:06,710 - DSM_MultiModelExp_llm_rag_ollama:llama3.3:70b-8k - INFO - Run 1/5
2025-02-20 07:31:06,744 - DSM_MultiModelExp_llm_rag_ollama:llama3.3:70b-8k - INFO - DEBUG: Initializing RAGInference.
2025-02-20 07:31:06,745 - DSM_MultiModelExp_llm_rag_ollama:llama3.3:70b-8k - INFO - Using R-type: ['R2']
2025-02-20 07:31:06,746 - DSM_MultiModelExp_llm_rag_ollama:llama3.3:70b-8k - INFO - Using embedding model: text-embedding-3-small
2025-02-20 07:31:06,778 - DSM_MultiModelExp_llm_rag_ollama:llama3.3:70b-8k - INFO - VectorStoreManager initialized
2025-02-20 07:31:06,780 - DSM_MultiModelExp_llm_rag_ollama:llama3.3:70b-8k - INFO - Set database path to: xLM_DSM/data/vectorstore/PowerDrill/llm_rag/text-embedding-3-small
2025-02-20 07:31:06,787 - DSM_MultiModelExp_llm_rag_ollama:llama3.3:70b-8k - INFO - Collection count: 2855
2025-02-20 07:31:06,791 - DSM_MultiModelExp_llm_rag_ollama:llama3.3:70b-8k - INFO - Initialized RAG inference for system: power screwdriver
2025-02-20 07:31:06,791 - DSM_MultiModelExp_llm_rag_ollama:llama3.3:70b-8k - INFO - Initialized DSM for system: power screwdriver
2025-02-20 07:31:06,792 - DSM_MultiModelExp_llm_rag_ollama:llama3.3:70b-8k - INFO - Inference model: ollama:llama3.3:70b-8k
2025-02-20 07:31:06,793 - DSM_MultiModelExp_llm_rag_ollama:llama3.3:70b-8k - INFO - Prompt (attempt 1/3): 
            Please identify the major components of power screwdriver in the engineering based on proximity relationships.             
            The number of components must not exceed 7 (can be equal) and must be a list of strings.             
            Please do not identify similar components that will work together under subsystem level since our interest is to identify the major components that form the core architecture of the system.             
            Here is an example of the components for made-up system:             
            final response = [ "component 1", "component 2", "component 3", "component 4", "component 5" ]             
            IMPORTANT: THE FORMAT OF THE OUTPUT MUST BE AS A LIST OF STRINGS ONLY SIMILAR TO THE ONE ABOVE (NO LATEX, NO CODE, NO DESCRIPTION, OR OTHER ENCODINGS).              
2025-02-20 07:31:10,871 - DSM_MultiModelExp_llm_rag_ollama:llama3.3:70b-8k - INFO - Number of documents retrieved: 4
2025-02-20 07:31:10,872 - DSM_MultiModelExp_llm_rag_ollama:llama3.3:70b-8k - INFO - Documents used for this query:
2025-02-20 07:31:10,873 - DSM_MultiModelExp_llm_rag_ollama:llama3.3:70b-8k - INFO - File: ../data/use_cases_large/PowerDrill/reference_pdfs/[2012 Eppinger] R2-Design structure matrix methods and applications.pdf
2025-02-20 07:31:10,874 - DSM_MultiModelExp_llm_rag_ollama:llama3.3:70b-8k - INFO - Page: 46
2025-02-20 07:31:10,875 - DSM_MultiModelExp_llm_rag_ollama:llama3.3:70b-8k - INFO - Content: using red shaded cells between pairs of components. 
Res ult s 
The DSM model identified six of the subsystems as somewhat modular, in that each 
subsystem primarily had interfaces among components wi ...
2025-02-20 07:31:10,876 - DSM_MultiModelExp_llm_rag_ollama:llama3.3:70b-8k - INFO - File: ../data/use_cases_large/PowerDrill/reference_pdfs/[2012 Eppinger] R2-Design structure matrix methods and applications.pdf
2025-02-20 07:31:10,877 - DSM_MultiModelExp_llm_rag_ollama:llama3.3:70b-8k - INFO - Page: 103
2025-02-20 07:31:10,878 - DSM_MultiModelExp_llm_rag_ollama:llama3.3:70b-8k - INFO - Content: 97 Organization Architecture DSM Examples 
F G E 0 I A C B K J P N Q R B K 0 L M H STU V 
Crankshaft F 
Flywheel G 
Connecting Rods E 
Pistons D 
Lubrication I 
Engine Block A 
CamshafWalve Train C 
C ...
2025-02-20 07:31:10,879 - DSM_MultiModelExp_llm_rag_ollama:llama3.3:70b-8k - INFO - File: ../data/use_cases_large/PowerDrill/reference_pdfs/[2012 Eppinger] R2-Design structure matrix methods and applications.pdf
2025-02-20 07:31:10,880 - DSM_MultiModelExp_llm_rag_ollama:llama3.3:70b-8k - INFO - Page: 95
2025-02-20 07:31:10,881 - DSM_MultiModelExp_llm_rag_ollama:llama3.3:70b-8k - INFO - Content: 89 Organization Architecture DSM Models 
Crankshaft F 
Flywheel G 
Connecting Rods E 
Pistons 0 
Lubrication I 
Engine Block A 
CamshafWalve Train C 
Cylinder Heads B1 
Intake Manifold K1 
Water Pump/ ...
2025-02-20 07:31:10,882 - DSM_MultiModelExp_llm_rag_ollama:llama3.3:70b-8k - INFO - File: ../data/use_cases_large/PowerDrill/reference_pdfs/[2012 Eppinger] R2-Design structure matrix methods and applications.pdf
2025-02-20 07:31:10,883 - DSM_MultiModelExp_llm_rag_ollama:llama3.3:70b-8k - INFO - Page: 45
2025-02-20 07:31:10,883 - DSM_MultiModelExp_llm_rag_ollama:llama3.3:70b-8k - INFO - Content: 54 major components. 
FN:Fan 
LPC: Low-Pressure Compressor 
HPC: High-Pressure Compressor 
CC: Combustion Chamber 
HPT: High-Pressure Turbine 
LPT: Low-Pressure Turbine 
MC: Mechanical Components 
MC  ...
2025-02-20 07:31:10,884 - DSM_MultiModelExp_llm_rag_ollama:llama3.3:70b-8k - INFO - Raw Response: I don't know the major components of a power screwdriver based on proximity relationships.
2025-02-20 07:31:10,885 - DSM_MultiModelExp_llm_rag_ollama:llama3.3:70b-8k - ERROR - Error parsing component list: No valid matrix found in response
2025-02-20 07:31:10,886 - DSM_MultiModelExp_llm_rag_ollama:llama3.3:70b-8k - ERROR - Erroneous raw response: I don't know the major components of a power screwdriver based on proximity relationships.
2025-02-20 07:31:10,887 - DSM_MultiModelExp_llm_rag_ollama:llama3.3:70b-8k - WARNING - Retrying component identification (attempt 2/3)
2025-02-20 07:31:10,888 - DSM_MultiModelExp_llm_rag_ollama:llama3.3:70b-8k - INFO - Prompt (attempt 2/3): 
            Please identify the major components of power screwdriver in the engineering based on proximity relationships.             
            The number of components must not exceed 7 (can be equal) and must be a list of strings.             
            Please do not identify similar components that will work together under subsystem level since our interest is to identify the major components that form the core architecture of the system.             
            Here is an example of the components for made-up system:             
            final response = [ "component 1", "component 2", "component 3", "component 4", "component 5" ]             
            IMPORTANT: THE FORMAT OF THE OUTPUT MUST BE AS A LIST OF STRINGS ONLY SIMILAR TO THE ONE ABOVE (NO LATEX, NO CODE, NO DESCRIPTION, OR OTHER ENCODINGS).              
2025-02-20 07:31:12,881 - DSM_MultiModelExp_llm_rag_ollama:llama3.3:70b-8k - INFO - Number of documents retrieved: 4
2025-02-20 07:31:12,882 - DSM_MultiModelExp_llm_rag_ollama:llama3.3:70b-8k - INFO - Documents used for this query:
2025-02-20 07:31:12,883 - DSM_MultiModelExp_llm_rag_ollama:llama3.3:70b-8k - INFO - File: ../data/use_cases_large/PowerDrill/reference_pdfs/[2012 Eppinger] R2-Design structure matrix methods and applications.pdf
2025-02-20 07:31:12,884 - DSM_MultiModelExp_llm_rag_ollama:llama3.3:70b-8k - INFO - Page: 46
2025-02-20 07:31:12,885 - DSM_MultiModelExp_llm_rag_ollama:llama3.3:70b-8k - INFO - Content: using red shaded cells between pairs of components. 
Res ult s 
The DSM model identified six of the subsystems as somewhat modular, in that each 
subsystem primarily had interfaces among components wi ...
2025-02-20 07:31:12,885 - DSM_MultiModelExp_llm_rag_ollama:llama3.3:70b-8k - INFO - File: ../data/use_cases_large/PowerDrill/reference_pdfs/[2012 Eppinger] R2-Design structure matrix methods and applications.pdf
2025-02-20 07:31:12,887 - DSM_MultiModelExp_llm_rag_ollama:llama3.3:70b-8k - INFO - Page: 103
2025-02-20 07:31:12,888 - DSM_MultiModelExp_llm_rag_ollama:llama3.3:70b-8k - INFO - Content: 97 Organization Architecture DSM Examples 
F G E 0 I A C B K J P N Q R B K 0 L M H STU V 
Crankshaft F 
Flywheel G 
Connecting Rods E 
Pistons D 
Lubrication I 
Engine Block A 
CamshafWalve Train C 
C ...
2025-02-20 07:31:12,889 - DSM_MultiModelExp_llm_rag_ollama:llama3.3:70b-8k - INFO - File: ../data/use_cases_large/PowerDrill/reference_pdfs/[2012 Eppinger] R2-Design structure matrix methods and applications.pdf
2025-02-20 07:31:12,889 - DSM_MultiModelExp_llm_rag_ollama:llama3.3:70b-8k - INFO - Page: 95
2025-02-20 07:31:12,890 - DSM_MultiModelExp_llm_rag_ollama:llama3.3:70b-8k - INFO - Content: 89 Organization Architecture DSM Models 
Crankshaft F 
Flywheel G 
Connecting Rods E 
Pistons 0 
Lubrication I 
Engine Block A 
CamshafWalve Train C 
Cylinder Heads B1 
Intake Manifold K1 
Water Pump/ ...
2025-02-20 07:31:12,891 - DSM_MultiModelExp_llm_rag_ollama:llama3.3:70b-8k - INFO - File: ../data/use_cases_large/PowerDrill/reference_pdfs/[2012 Eppinger] R2-Design structure matrix methods and applications.pdf
2025-02-20 07:31:12,892 - DSM_MultiModelExp_llm_rag_ollama:llama3.3:70b-8k - INFO - Page: 45
2025-02-20 07:31:12,893 - DSM_MultiModelExp_llm_rag_ollama:llama3.3:70b-8k - INFO - Content: 54 major components. 
FN:Fan 
LPC: Low-Pressure Compressor 
HPC: High-Pressure Compressor 
CC: Combustion Chamber 
HPT: High-Pressure Turbine 
LPT: Low-Pressure Turbine 
MC: Mechanical Components 
MC  ...
2025-02-20 07:31:12,894 - DSM_MultiModelExp_llm_rag_ollama:llama3.3:70b-8k - INFO - Raw Response: I don't know the major components of a power screwdriver based on proximity relationships.
2025-02-20 07:31:12,894 - DSM_MultiModelExp_llm_rag_ollama:llama3.3:70b-8k - ERROR - Error parsing component list: No valid matrix found in response
2025-02-20 07:31:12,895 - DSM_MultiModelExp_llm_rag_ollama:llama3.3:70b-8k - ERROR - Erroneous raw response: I don't know the major components of a power screwdriver based on proximity relationships.
2025-02-20 07:31:12,896 - DSM_MultiModelExp_llm_rag_ollama:llama3.3:70b-8k - WARNING - Retrying component identification (attempt 3/3)
2025-02-20 07:31:12,897 - DSM_MultiModelExp_llm_rag_ollama:llama3.3:70b-8k - INFO - Prompt (attempt 3/3): 
            Please identify the major components of power screwdriver in the engineering based on proximity relationships.             
            The number of components must not exceed 7 (can be equal) and must be a list of strings.             
            Please do not identify similar components that will work together under subsystem level since our interest is to identify the major components that form the core architecture of the system.             
            Here is an example of the components for made-up system:             
            final response = [ "component 1", "component 2", "component 3", "component 4", "component 5" ]             
            IMPORTANT: THE FORMAT OF THE OUTPUT MUST BE AS A LIST OF STRINGS ONLY SIMILAR TO THE ONE ABOVE (NO LATEX, NO CODE, NO DESCRIPTION, OR OTHER ENCODINGS).              
2025-02-20 07:31:15,319 - DSM_MultiModelExp_llm_rag_ollama:llama3.3:70b-8k - INFO - Number of documents retrieved: 4
2025-02-20 07:31:15,320 - DSM_MultiModelExp_llm_rag_ollama:llama3.3:70b-8k - INFO - Documents used for this query:
2025-02-20 07:31:15,321 - DSM_MultiModelExp_llm_rag_ollama:llama3.3:70b-8k - INFO - File: ../data/use_cases_large/PowerDrill/reference_pdfs/[2012 Eppinger] R2-Design structure matrix methods and applications.pdf
2025-02-20 07:31:15,321 - DSM_MultiModelExp_llm_rag_ollama:llama3.3:70b-8k - INFO - Page: 46
2025-02-20 07:31:15,322 - DSM_MultiModelExp_llm_rag_ollama:llama3.3:70b-8k - INFO - Content: using red shaded cells between pairs of components. 
Res ult s 
The DSM model identified six of the subsystems as somewhat modular, in that each 
subsystem primarily had interfaces among components wi ...
2025-02-20 07:31:15,323 - DSM_MultiModelExp_llm_rag_ollama:llama3.3:70b-8k - INFO - File: ../data/use_cases_large/PowerDrill/reference_pdfs/[2012 Eppinger] R2-Design structure matrix methods and applications.pdf
2025-02-20 07:31:15,323 - DSM_MultiModelExp_llm_rag_ollama:llama3.3:70b-8k - INFO - Page: 103
2025-02-20 07:31:15,324 - DSM_MultiModelExp_llm_rag_ollama:llama3.3:70b-8k - INFO - Content: 97 Organization Architecture DSM Examples 
F G E 0 I A C B K J P N Q R B K 0 L M H STU V 
Crankshaft F 
Flywheel G 
Connecting Rods E 
Pistons D 
Lubrication I 
Engine Block A 
CamshafWalve Train C 
C ...
2025-02-20 07:31:15,324 - DSM_MultiModelExp_llm_rag_ollama:llama3.3:70b-8k - INFO - File: ../data/use_cases_large/PowerDrill/reference_pdfs/[2012 Eppinger] R2-Design structure matrix methods and applications.pdf
2025-02-20 07:31:15,325 - DSM_MultiModelExp_llm_rag_ollama:llama3.3:70b-8k - INFO - Page: 95
2025-02-20 07:31:15,326 - DSM_MultiModelExp_llm_rag_ollama:llama3.3:70b-8k - INFO - Content: 89 Organization Architecture DSM Models 
Crankshaft F 
Flywheel G 
Connecting Rods E 
Pistons 0 
Lubrication I 
Engine Block A 
CamshafWalve Train C 
Cylinder Heads B1 
Intake Manifold K1 
Water Pump/ ...
2025-02-20 07:31:15,326 - DSM_MultiModelExp_llm_rag_ollama:llama3.3:70b-8k - INFO - File: ../data/use_cases_large/PowerDrill/reference_pdfs/[2012 Eppinger] R2-Design structure matrix methods and applications.pdf
2025-02-20 07:31:15,328 - DSM_MultiModelExp_llm_rag_ollama:llama3.3:70b-8k - INFO - Page: 45
2025-02-20 07:31:15,329 - DSM_MultiModelExp_llm_rag_ollama:llama3.3:70b-8k - INFO - Content: 54 major components. 
FN:Fan 
LPC: Low-Pressure Compressor 
HPC: High-Pressure Compressor 
CC: Combustion Chamber 
HPT: High-Pressure Turbine 
LPT: Low-Pressure Turbine 
MC: Mechanical Components 
MC  ...
2025-02-20 07:31:15,330 - DSM_MultiModelExp_llm_rag_ollama:llama3.3:70b-8k - INFO - Raw Response: I don't know the major components of a power screwdriver based on proximity relationships.
2025-02-20 07:31:15,330 - DSM_MultiModelExp_llm_rag_ollama:llama3.3:70b-8k - ERROR - Error parsing component list: No valid matrix found in response
2025-02-20 07:31:15,331 - DSM_MultiModelExp_llm_rag_ollama:llama3.3:70b-8k - ERROR - Erroneous raw response: I don't know the major components of a power screwdriver based on proximity relationships.
2025-02-20 07:31:15,332 - DSM_MultiModelExp_llm_rag_ollama:llama3.3:70b-8k - ERROR - Error identifying components: Could not extract valid component list after 3 attempts
2025-02-20 07:31:15,332 - DSM_MultiModelExp_llm_rag_ollama:llama3.3:70b-8k - ERROR - Error identifying components: Could not extract valid component list after 3 attempts
2025-02-20 07:31:15,333 - DSM_MultiModelExp_llm_rag_ollama:llama3.3:70b-8k - WARNING - Retrying due to error (attempt 3/3)
2025-02-20 07:31:15,334 - DSM_MultiModelExp_llm_rag_ollama:llama3.3:70b-8k - INFO - Prompt (attempt 3/3): 
            Please identify the major components of power screwdriver in the engineering based on proximity relationships.             
            The number of components must not exceed 7 (can be equal) and must be a list of strings.             
            Please do not identify similar components that will work together under subsystem level since our interest is to identify the major components that form the core architecture of the system.             
            Here is an example of the components for made-up system:             
            final response = [ "component 1", "component 2", "component 3", "component 4", "component 5" ]             
            IMPORTANT: THE FORMAT OF THE OUTPUT MUST BE AS A LIST OF STRINGS ONLY SIMILAR TO THE ONE ABOVEENCODINGS).              
2025-02-20 07:31:17,481 - DSM_MultiModelExp_llm_rag_ollama:llama3.3:70b-8k - INFO - Number of documents retrieved: 4
2025-02-20 07:31:17,482 - DSM_MultiModelExp_llm_rag_ollama:llama3.3:70b-8k - INFO - Documents used for this query:
2025-02-20 07:31:17,483 - DSM_MultiModelExp_llm_rag_ollama:llama3.3:70b-8k - INFO - File: ../data/use_cases_large/PowerDrill/reference_pdfs/[2012 Eppinger] R2-Design structure matrix methods and applications.pdf
2025-02-20 07:31:17,483 - DSM_MultiModelExp_llm_rag_ollama:llama3.3:70b-8k - INFO - Page: 46
2025-02-20 07:31:17,484 - DSM_MultiModelExp_llm_rag_ollama:llama3.3:70b-8k - INFO - Content: using red shaded cells between pairs of components. 
Res ult s 
The DSM model identified six of the subsystems as somewhat modular, in that each 
subsystem primarily had interfaces among components wi ...
2025-02-20 07:31:17,484 - DSM_MultiModelExp_llm_rag_ollama:llama3.3:70b-8k - INFO - File: ../data/use_cases_large/PowerDrill/reference_pdfs/[2012 Eppinger] R2-Design structure matrix methods and applications.pdf
2025-02-20 07:31:17,485 - DSM_MultiModelExp_llm_rag_ollama:llama3.3:70b-8k - INFO - Page: 103
2025-02-20 07:31:17,486 - DSM_MultiModelExp_llm_rag_ollama:llama3.3:70b-8k - INFO - Content: 97 Organization Architecture DSM Examples 
F G E 0 I A C B K J P N Q R B K 0 L M H STU V 
Crankshaft F 
Flywheel G 
Connecting Rods E 
Pistons D 
Lubrication I 
Engine Block A 
CamshafWalve Train C 
C ...
2025-02-20 07:31:17,486 - DSM_MultiModelExp_llm_rag_ollama:llama3.3:70b-8k - INFO - File: ../data/use_cases_large/PowerDrill/reference_pdfs/[2012 Eppinger] R2-Design structure matrix methods and applications.pdf
2025-02-20 07:31:17,487 - DSM_MultiModelExp_llm_rag_ollama:llama3.3:70b-8k - INFO - Page: 95
2025-02-20 07:31:17,487 - DSM_MultiModelExp_llm_rag_ollama:llama3.3:70b-8k - INFO - Content: 89 Organization Architecture DSM Models 
Crankshaft F 
Flywheel G 
Connecting Rods E 
Pistons 0 
Lubrication I 
Engine Block A 
CamshafWalve Train C 
Cylinder Heads B1 
Intake Manifold K1 
Water Pump/ ...
2025-02-20 07:31:17,488 - DSM_MultiModelExp_llm_rag_ollama:llama3.3:70b-8k - INFO - File: ../data/use_cases_large/PowerDrill/reference_pdfs/[2012 Eppinger] R2-Design structure matrix methods and applications.pdf
2025-02-20 07:31:17,490 - DSM_MultiModelExp_llm_rag_ollama:llama3.3:70b-8k - INFO - Page: 45
2025-02-20 07:31:17,491 - DSM_MultiModelExp_llm_rag_ollama:llama3.3:70b-8k - INFO - Content: 54 major components. 
FN:Fan 
LPC: Low-Pressure Compressor 
HPC: High-Pressure Compressor 
CC: Combustion Chamber 
HPT: High-Pressure Turbine 
LPT: Low-Pressure Turbine 
MC: Mechanical Components 
MC  ...
2025-02-20 07:31:17,491 - DSM_MultiModelExp_llm_rag_ollama:llama3.3:70b-8k - INFO - Raw Response: I don't know the major components of a power screwdriver based on proximity relationships.
2025-02-20 07:31:17,492 - DSM_MultiModelExp_llm_rag_ollama:llama3.3:70b-8k - ERROR - Error parsing component list: No valid matrix found in response
2025-02-20 07:31:17,493 - DSM_MultiModelExp_llm_rag_ollama:llama3.3:70b-8k - ERROR - Erroneous raw response: I don't know the major components of a power screwdriver based on proximity relationships.
2025-02-20 07:31:17,494 - DSM_MultiModelExp_llm_rag_ollama:llama3.3:70b-8k - ERROR - Error identifying components: Could not extract valid component list after 3 attempts
2025-02-20 07:31:17,494 - DSM_MultiModelExp_llm_rag_ollama:llama3.3:70b-8k - ERROR - Error identifying components: Could not extract valid component list after 3 attempts
2025-02-20 07:31:17,495 - DSM_MultiModelExp_llm_rag_ollama:llama3.3:70b-8k - WARNING - Retrying due to error (attempt 2/3)
2025-02-20 07:31:17,495 - DSM_MultiModelExp_llm_rag_ollama:llama3.3:70b-8k - INFO - Prompt (attempt 2/3): 
            Please identify the major components of power screwdriver in the engineering based on proximity relationships.             
            The number of components must not exceed 7 (can be equal) and must be a list of strings.             
            Please do not identify similar components that will work together under subsystem level since our interest is to identify the major components that form the core architecture of the system.             
            Here is an example of the components for made-up system:             
            final response = [ "component 1", "component 2", "component 3", "component 4", "component 5" ]             
            IMPORTANT: THE FORMAT OF THE OUTPUT MUST BE AS A LIST OF STRINGS ONLY SIMILAR TO THE ONE ABOVE (NO LATEX, NO CODE, NO DESCRIPTION, OR OTHER ENCODINGS).              
2025-02-20 07:31:19,522 - DSM_MultiModelExp_llm_rag_ollama:llama3.3:70b-8k - INFO - Number of documents retrieved: 4
2025-02-20 07:31:19,523 - DSM_MultiModelExp_llm_rag_ollama:llama3.3:70b-8k - INFO - Documents used for this query:
2025-02-20 07:31:19,524 - DSM_MultiModelExp_llm_rag_ollama:llama3.3:70b-8k - INFO - File: ../data/use_cases_large/PowerDrill/reference_pdfs/[2012 Eppinger] R2-Design structure matrix methods and applications.pdf
2025-02-20 07:31:19,524 - DSM_MultiModelExp_llm_rag_ollama:llama3.3:70b-8k - INFO - Page: 46
2025-02-20 07:31:19,525 - DSM_MultiModelExp_llm_rag_ollama:llama3.3:70b-8k - INFO - Content: using red shaded cells between pairs of components. 
Res ult s 
The DSM model identified six of the subsystems as somewhat modular, in that each 
subsystem primarily had interfaces among components wi ...
2025-02-20 07:31:19,527 - DSM_MultiModelExp_llm_rag_ollama:llama3.3:70b-8k - INFO - File: ../data/use_cases_large/PowerDrill/reference_pdfs/[2012 Eppinger] R2-Design structure matrix methods and applications.pdf
2025-02-20 07:31:19,527 - DSM_MultiModelExp_llm_rag_ollama:llama3.3:70b-8k - INFO - Page: 103
2025-02-20 07:31:19,529 - DSM_MultiModelExp_llm_rag_ollama:llama3.3:70b-8k - INFO - Content: 97 Organization Architecture DSM Examples 
F G E 0 I A C B K J P N Q R B K 0 L M H STU V 
Crankshaft F 
Flywheel G 
Connecting Rods E 
Pistons D 
Lubrication I 
Engine Block A 
CamshafWalve Train C 
C ...
2025-02-20 07:31:19,529 - DSM_MultiModelExp_llm_rag_ollama:llama3.3:70b-8k - INFO - File: ../data/use_cases_large/PowerDrill/reference_pdfs/[2012 Eppinger] R2-Design structure matrix methods and applications.pdf
2025-02-20 07:31:19,531 - DSM_MultiModelExp_llm_rag_ollama:llama3.3:70b-8k - INFO - Page: 95
2025-02-20 07:31:19,531 - DSM_MultiModelExp_llm_rag_ollama:llama3.3:70b-8k - INFO - Content: 89 Organization Architecture DSM Models 
Crankshaft F 
Flywheel G 
Connecting Rods E 
Pistons 0 
Lubrication I 
Engine Block A 
CamshafWalve Train C 
Cylinder Heads B1 
Intake Manifold K1 
Water Pump/ ...
2025-02-20 07:31:19,532 - DSM_MultiModelExp_llm_rag_ollama:llama3.3:70b-8k - INFO - File: ../data/use_cases_large/PowerDrill/reference_pdfs/[2012 Eppinger] R2-Design structure matrix methods and applications.pdf
2025-02-20 07:31:19,533 - DSM_MultiModelExp_llm_rag_ollama:llama3.3:70b-8k - INFO - Page: 45
2025-02-20 07:31:19,534 - DSM_MultiModelExp_llm_rag_ollama:llama3.3:70b-8k - INFO - Content: 54 major components. 
FN:Fan 
LPC: Low-Pressure Compressor 
HPC: High-Pressure Compressor 
CC: Combustion Chamber 
HPT: High-Pressure Turbine 
LPT: Low-Pressure Turbine 
MC: Mechanical Components 
MC  ...
2025-02-20 07:31:19,535 - DSM_MultiModelExp_llm_rag_ollama:llama3.3:70b-8k - INFO - Raw Response: I don't know the major components of a power screwdriver based on proximity relationships.
2025-02-20 07:31:19,536 - DSM_MultiModelExp_llm_rag_ollama:llama3.3:70b-8k - ERROR - Error parsing component list: No valid matrix found in response
2025-02-20 07:31:19,537 - DSM_MultiModelExp_llm_rag_ollama:llama3.3:70b-8k - ERROR - Erroneous raw response: I don't know the major components of a power screwdriver based on proximity relationships.
2025-02-20 07:31:19,538 - DSM_MultiModelExp_llm_rag_ollama:llama3.3:70b-8k - WARNING - Retrying component identification (attempt 3/3)
2025-02-20 07:31:19,539 - DSM_MultiModelExp_llm_rag_ollama:llama3.3:70b-8k - INFO - Prompt (attempt 3/3): 
            Please identify the major components of power screwdriver in the engineering based on proximity relationships.             
            The number of components must not exceed 7 (can be equal) and must be a list of strings.             
            Please do not identify similar components that will work together under subsystem level since our interest is to identify the major components that form the core architecture of the system.             
            Here is an example of the components for made-up system:             
            final response = [ "component 1", "component 2", "component 3", "component 4", "component 5" ]             
            IMPORTANT: THE FORMAT OF THE OUTPUT MUST BE AS A LIST OF STRINGS ONLY SIMILAR TO THE ONE ABOVE (NO LATEX, NO CODE, NO DESCRIPTION, OR OTHER ENCODINGS).              
2025-02-20 07:31:21,437 - DSM_MultiModelExp_llm_rag_ollama:llama3.3:70b-8k - INFO - Number of documents retrieved: 4
2025-02-20 07:31:21,438 - DSM_MultiModelExp_llm_rag_ollama:llama3.3:70b-8k - INFO - Documents used for this query:
2025-02-20 07:31:21,439 - DSM_MultiModelExp_llm_rag_ollama:llama3.3:70b-8k - INFO - File: ../data/use_cases_large/PowerDrill/reference_pdfs/[2012 Eppinger] R2-Design structure matrix methods and applications.pdf
2025-02-20 07:31:21,440 - DSM_MultiModelExp_llm_rag_ollama:llama3.3:70b-8k - INFO - Page: 46
2025-02-20 07:31:21,440 - DSM_MultiModelExp_llm_rag_ollama:llama3.3:70b-8k - INFO - Content: using red shaded cells between pairs of components. 
Res ult s 
The DSM model identified six of the subsystems as somewhat modular, in that each 
subsystem primarily had interfaces among components wi ...
2025-02-20 07:31:21,441 - DSM_MultiModelExp_llm_rag_ollama:llama3.3:70b-8k - INFO - File: ../data/use_cases_large/PowerDrill/reference_pdfs/[2012 Eppinger] R2-Design structure matrix methods and applications.pdf
2025-02-20 07:31:21,442 - DSM_MultiModelExp_llm_rag_ollama:llama3.3:70b-8k - INFO - Page: 103
2025-02-20 07:31:21,443 - DSM_MultiModelExp_llm_rag_ollama:llama3.3:70b-8k - INFO - Content: 97 Organization Architecture DSM Examples 
F G E 0 I A C B K J P N Q R B K 0 L M H STU V 
Crankshaft F 
Flywheel G 
Connecting Rods E 
Pistons D 
Lubrication I 
Engine Block A 
CamshafWalve Train C 
C ...
2025-02-20 07:31:21,443 - DSM_MultiModelExp_llm_rag_ollama:llama3.3:70b-8k - INFO - File: ../data/use_cases_large/PowerDrill/reference_pdfs/[2012 Eppinger] R2-Design structure matrix methods and applications.pdf
2025-02-20 07:31:21,444 - DSM_MultiModelExp_llm_rag_ollama:llama3.3:70b-8k - INFO - Page: 95
2025-02-20 07:31:21,445 - DSM_MultiModelExp_llm_rag_ollama:llama3.3:70b-8k - INFO - Content: 89 Organization Architecture DSM Models 
Crankshaft F 
Flywheel G 
Connecting Rods E 
Pistons 0 
Lubrication I 
Engine Block A 
CamshafWalve Train C 
Cylinder Heads B1 
Intake Manifold K1 
Water Pump/ ...
2025-02-20 07:31:21,446 - DSM_MultiModelExp_llm_rag_ollama:llama3.3:70b-8k - INFO - File: ../data/use_cases_large/PowerDrill/reference_pdfs/[2012 Eppinger] R2-Design structure matrix methods and applications.pdf
2025-02-20 07:31:21,446 - DSM_MultiModelExp_llm_rag_ollama:llama3.3:70b-8k - INFO - Page: 45
2025-02-20 07:31:21,447 - DSM_MultiModelExp_llm_rag_ollama:llama3.3:70b-8k - INFO - Content: 54 major components. 
FN:Fan 
LPC: Low-Pressure Compressor 
HPC: High-Pressure Compressor 
CC: Combustion Chamber 
HPT: High-Pressure Turbine 
LPT: Low-Pressure Turbine 
MC: Mechanical Components 
MC  ...
2025-02-20 07:31:21,448 - DSM_MultiModelExp_llm_rag_ollama:llama3.3:70b-8k - INFO - Raw Response: I don't know the major components of a power screwdriver based on proximity relationships.
2025-02-20 07:31:21,449 - DSM_MultiModelExp_llm_rag_ollama:llama3.3:70b-8k - ERROR - Error parsing component list: No valid matrix found in response
2025-02-20 07:31:21,449 - DSM_MultiModelExp_llm_rag_ollama:llama3.3:70b-8k - ERROR - Erroneous raw response: I don't know the major components of a power screwdriver based on proximity relationships.
2025-02-20 07:31:21,450 - DSM_MultiModelExp_llm_rag_ollama:llama3.3:70b-8k - ERROR - Error identifying components: Could not extract valid component list after 3 attempts
2025-02-20 07:31:21,451 - DSM_MultiModelExp_llm_rag_ollama:llama3.3:70b-8k - ERROR - Error identifying components: Could not extract valid component list after 3 attempts
2025-02-20 07:31:21,451 - DSM_MultiModelExp_llm_rag_ollama:llama3.3:70b-8k - WARNING - Retrying due to error (attempt 3/3)
2025-02-20 07:31:21,453 - DSM_MultiModelExp_llm_rag_ollama:llama3.3:70b-8k - INFO - Prompt (attempt 3/3): 
            Please identify the major components of power screwdriver in the engineering based on proximity relationships.             
            The number of components must not exceed 7 (can be equal) and must be a list of strings.             
            Please do not identify similar components that will work together under subsystem level since our interest is to identify the major components that form the core architecture of the system.             
            Here is an example of the components for made-up system:             
            final response = [ "component 1", "component 2", "component 3", "component 4", "component 5" ]             
            IMPORTANT: THE FORMAT OF THE OUTPUT MUST BE AS A LIST OF STRINGS ONLY SIMILAR TO THE ONE ABOVE (NO LATEX, NO CODE, NO DESCRIPTION, OR OTHER ENCODINGS).              
2025-02-20 07:31:23,464 - DSM_MultiModelExp_llm_rag_ollama:llama3.3:70b-8k - INFO - Number of documents retrieved: 4
2025-02-20 07:31:23,465 - DSM_MultiModelExp_llm_rag_ollama:llama3.3:70b-8k - INFO - Documents used for this query:
2025-02-20 07:31:23,484 - DSM_MultiModelExp_llm_rag_ollama:llama3.3:70b-8k - INFO - File: ../data/use_cases_large/PowerDrill/reference_pdfs/[2012 Eppinger] R2-Design structure matrix methods and applications.pdf
2025-02-20 07:31:23,485 - DSM_MultiModelExp_llm_rag_ollama:llama3.3:70b-8k - INFO - Page: 46
2025-02-20 07:31:23,486 - DSM_MultiModelExp_llm_rag_ollama:llama3.3:70b-8k - INFO - Content: using red shaded cells between pairs of components. 
Res ult s 
The DSM model identified six of the subsystems as somewhat modular, in that each 
subsystem primarily had interfaces among components wi ...
2025-02-20 07:31:23,487 - DSM_MultiModelExp_llm_rag_ollama:llama3.3:70b-8k - INFO - File: ../data/use_cases_large/PowerDrill/reference_pdfs/[2012 Eppinger] R2-Design structure matrix methods and applications.pdf
2025-02-20 07:31:23,487 - DSM_MultiModelExp_llm_rag_ollama:llama3.3:70b-8k - INFO - Page: 103
2025-02-20 07:31:23,488 - DSM_MultiModelExp_llm_rag_ollama:llama3.3:70b-8k - INFO - Content: 97 Organization Architecture DSM Examples 
F G E 0 I A C B K J P N Q R B K 0 L M H STU V 
Crankshaft F 
Flywheel G 
Connecting Rods E 
Pistons D 
Lubrication I 
Engine Block A 
CamshafWalve Train C 
C ...
2025-02-20 07:31:23,489 - DSM_MultiModelExp_llm_rag_ollama:llama3.3:70b-8k - INFO - File: ../data/use_cases_large/PowerDrill/reference_pdfs/[2012 Eppinger] R2-Design structure matrix methods and applications.pdf
2025-02-20 07:31:23,490 - DSM_MultiModelExp_llm_rag_ollama:llama3.3:70b-8k - INFO - Page: 95
2025-02-20 07:31:23,490 - DSM_MultiModelExp_llm_rag_ollama:llama3.3:70b-8k - INFO - Content: 89 Organization Architecture DSM Models 
Crankshaft F 
Flywheel G 
Connecting Rods E 
Pistons 0 
Lubrication I 
Engine Block A 
CamshafWalve Train C 
Cylinder Heads B1 
Intake Manifold K1 
Water Pump/ ...
2025-02-20 07:31:23,491 - DSM_MultiModelExp_llm_rag_ollama:llama3.3:70b-8k - INFO - File: ../data/use_cases_large/PowerDrill/reference_pdfs/[2012 Eppinger] R2-Design structure matrix methods and applications.pdf
2025-02-20 07:31:23,492 - DSM_MultiModelExp_llm_rag_ollama:llama3.3:70b-8k - INFO - Page: 45
2025-02-20 07:31:23,493 - DSM_MultiModelExp_llm_rag_ollama:llama3.3:70b-8k - INFO - Content: 54 major components. 
FN:Fan 
LPC: Low-Pressure Compressor 
HPC: High-Pressure Compressor 
CC: Combustion Chamber 
HPT: High-Pressure Turbine 
LPT: Low-Pressure Turbine 
MC: Mechanical Components 
MC  ...
2025-02-20 07:31:23,493 - DSM_MultiModelExp_llm_rag_ollama:llama3.3:70b-8k - INFO - Raw Response: I don't know the major components of a power screwdriver based on proximity relationships.
2025-02-20 07:31:23,494 - DSM_MultiModelExp_llm_rag_ollama:llama3.3:70b-8k - ERROR - Error parsing component list: No valid matrix found in response
2025-02-20 07:31:23,495 - DSM_MultiModelExp_llm_rag_ollama:llama3.3:70b-8k - ERROR - Erroneous raw response: I don't know the major components of a power screwdriver based on proximity relationships.
2025-02-20 07:31:23,496 - DSM_MultiModelExp_llm_rag_ollama:llama3.3:70b-8k - ERROR - Error identifying components: Could not extract valid component list after 3 attempts
2025-02-20 07:31:23,496 - DSM_MultiModelExp_llm_rag_ollama:llama3.3:70b-8k - INFO - Run 2/5
2025-02-20 07:31:23,533 - DSM_MultiModelExp_llm_rag_ollama:llama3.3:70b-8k - INFO - DEBUG: Initializing RAGInference.
2025-02-20 07:31:23,534 - DSM_MultiModelExp_llm_rag_ollama:llama3.3:70b-8k - INFO - Using R-type: ['R2']
2025-02-20 07:31:23,534 - DSM_MultiModelExp_llm_rag_ollama:llama3.3:70b-8k - INFO - Using embedding model: text-embedding-3-small
2025-02-20 07:31:23,567 - DSM_MultiModelExp_llm_rag_ollama:llama3.3:70b-8k - INFO - VectorStoreManager initialized
2025-02-20 07:31:23,568 - DSM_MultiModelExp_llm_rag_ollama:llama3.3:70b-8k - INFO - Set database path to: xLM_DSM/data/vectorstore/PowerDrill/llm_rag/text-embedding-3-small
2025-02-20 07:31:23,576 - DSM_MultiModelExp_llm_rag_ollama:llama3.3:70b-8k - INFO - Collection count: 2855
2025-02-20 07:31:23,579 - DSM_MultiModelExp_llm_rag_ollama:llama3.3:70b-8k - INFO - Initialized RAG inference for system: power screwdriver
2025-02-20 07:31:23,580 - DSM_MultiModelExp_llm_rag_ollama:llama3.3:70b-8k - INFO - Initialized DSM for system: power screwdriver
2025-02-20 07:31:23,581 - DSM_MultiModelExp_llm_rag_ollama:llama3.3:70b-8k - INFO - Inference model: ollama:llama3.3:70b-8k
2025-02-20 07:31:23,582 - DSM_MultiModelExp_llm_rag_ollama:llama3.3:70b-8k - INFO - Predicted Components: ['Motor', 'Housing', 'Ring Gear', 'Clip', 'Battery', 'Switch', 'Screwdriver Bit']
2025-02-20 07:31:23,583 - DSM_MultiModelExp_llm_rag_ollama:llama3.3:70b-8k - INFO - Number of components: 7
2025-02-20 07:31:23,583 - DSM_MultiModelExp_llm_rag_ollama:llama3.3:70b-8k - INFO - Predicted components for query: ['Motor', 'Housing', 'Ring Gear', 'Clip', 'Battery', 'Switch', 'Screwdriver Bit']
2025-02-20 07:31:23,584 - DSM_MultiModelExp_llm_rag_ollama:llama3.3:70b-8k - INFO - Query: 
        Please identify system-level proximity relationships (in contact) between the components of Power Screwdriver, as listed below, and represent them in a Design Structure Matrix (DSM) format.  
        The relationships should be articulated in plain English, capturing the essence of their interactions. 
        Here is the list of subsystems/components to analyze: ['Motor', 'Housing', 'Ring Gear', 'Clip', 'Battery', 'Switch', 'Screwdriver Bit'] 
        The DSM should clearly indicate the interactions between these components as 1 exist and 0 does not exist, considering both the presence and nature of these connections.             
        Present the output in a square matrix format (number of rows and columns MUST be the same as the number of components = 7 for this example), with rows and columns labeled accordingly. 
        Diagonal elements should be 1 in DSM matrix since each component interacts with itself. 
        If you don't know the answer, just write 2 for the specific cell that you are unsure of. A worst case scenario of the **as a list of lists** shown below (diagonal elements are 1 and rest are 2). Don't make up an answer.         final response = [
            [1, 2, 2, 2, 2, 2, 2],
            [2, 1, 2, 2, 2, 2, 2],
            [2, 2, 1, 2, 2, 2, 2],
            [2, 2, 2, 1, 2, 2, 2],
            [2, 2, 2, 2, 1, 2, 2],
            [2, 2, 2, 2, 2, 1, 2],
            [2, 2, 2, 2, 2, 2, 1]
        ]

        IMPORTANT: Your response must **ONLY** contain a valid **as a list of lists** in the following example format 7x7 matrix.         
        The below list of lists is just an example format of your response. **Replace** the values with your **actual analysis** while providing your response with parameter of 'final response'.        
        final response = [
            [1, 0, 0, 0, 0, 0, 0],
            [0, 1, 0, 0, 0, 0, 0],
            [0, 0, 1, 0, 0, 0, 0],
            [0, 0, 0, 1, 0, 0, 0],
            [0, 0, 0, 0, 1, 0, 0],
            [0, 0, 0, 0, 0, 1, 0],
            [0, 0, 0, 0, 0, 0, 1]
        ]

        IMPORTANT: THE FORMAT OF THE OUTPUT MUST BE AS LIST OF LISTS ONLY SIMILAR TO THE ONE ABOVE (NO LATEX, CODE, OR OTHER ENCODINGS).
        
2025-02-20 07:31:39,800 - DSM_MultiModelExp_llm_rag_ollama:llama3.3:70b-8k - INFO - Number of documents retrieved: 4
2025-02-20 07:31:39,801 - DSM_MultiModelExp_llm_rag_ollama:llama3.3:70b-8k - INFO - Documents used for this query:
2025-02-20 07:31:39,802 - DSM_MultiModelExp_llm_rag_ollama:llama3.3:70b-8k - INFO - File: ../data/use_cases_large/PowerDrill/reference_pdfs/[2012 Eppinger] R2-Design structure matrix methods and applications.pdf
2025-02-20 07:31:39,803 - DSM_MultiModelExp_llm_rag_ollama:llama3.3:70b-8k - INFO - Page: 46
2025-02-20 07:31:39,804 - DSM_MultiModelExp_llm_rag_ollama:llama3.3:70b-8k - INFO - Content: using red shaded cells between pairs of components. 
Res ult s 
The DSM model identified six of the subsystems as somewhat modular, in that each 
subsystem primarily had interfaces among components wi ...
2025-02-20 07:31:39,805 - DSM_MultiModelExp_llm_rag_ollama:llama3.3:70b-8k - INFO - File: ../data/use_cases_large/PowerDrill/reference_pdfs/[2012 Eppinger] R2-Design structure matrix methods and applications.pdf
2025-02-20 07:31:39,806 - DSM_MultiModelExp_llm_rag_ollama:llama3.3:70b-8k - INFO - Page: 101
2025-02-20 07:31:39,807 - DSM_MultiModelExp_llm_rag_ollama:llama3.3:70b-8k - INFO - Content: 95 Organization Architecture DSM Examples 
of one majo r component or subass embly and its produc tion system. We then asked 
the leader of each CT to complete a simple one-pa ge survey form , indicat ...
2025-02-20 07:31:39,807 - DSM_MultiModelExp_llm_rag_ollama:llama3.3:70b-8k - INFO - File: ../data/use_cases_large/PowerDrill/reference_pdfs/[2012 Eppinger] R2-Design structure matrix methods and applications.pdf
2025-02-20 07:31:39,809 - DSM_MultiModelExp_llm_rag_ollama:llama3.3:70b-8k - INFO - Page: 275
2025-02-20 07:31:39,810 - DSM_MultiModelExp_llm_rag_ollama:llama3.3:70b-8k - INFO - Content: all of the DSMs on the diagonal are not). 
Figure 9.6.3 shows actual data for some of the individual DSMs and DMMs. In all cases, 
only binary matrices are used. For better identification and understa ...
2025-02-20 07:31:39,811 - DSM_MultiModelExp_llm_rag_ollama:llama3.3:70b-8k - INFO - File: ../data/use_cases_large/PowerDrill/reference_pdfs/[2012 Eppinger] R2-Design structure matrix methods and applications.pdf
2025-02-20 07:31:39,812 - DSM_MultiModelExp_llm_rag_ollama:llama3.3:70b-8k - INFO - Page: 297
2025-02-20 07:31:39,812 - DSM_MultiModelExp_llm_rag_ollama:llama3.3:70b-8k - INFO - Content: Data Collection 
Through discussions with industrial design engineers in Committee No. 17 7 on System 
Design and Integration in the Japan Society for the Promotion of Science, we captured 
170 typica ...
2025-02-20 07:31:39,813 - DSM_MultiModelExp_llm_rag_ollama:llama3.3:70b-8k - INFO - Raw Response: final response = [
            [1, 1, 0, 0, 1, 1, 1],
            [1, 1, 1, 0, 0, 1, 0],
            [0, 1, 1, 0, 0, 0, 0],
            [0, 0, 0, 1, 0, 0, 0],
            [1, 0, 0, 0, 1, 1, 0],
            [1, 1, 0, 0, 1, 1, 1],
            [1, 0, 0, 0, 0, 1, 1]
        ]
2025-02-20 07:31:39,814 - DSM_MultiModelExp_llm_rag_ollama:llama3.3:70b-8k - INFO - Response: final response = [
            [1, 1, 0, 0, 1, 1, 1],
            [1, 1, 1, 0, 0, 1, 0],
            [0, 1, 1, 0, 0, 0, 0],
            [0, 0, 0, 1, 0, 0, 0],
            [1, 0, 0, 0, 1, 1, 0],
            [1, 1, 0, 0, 1, 1, 1],
            [1, 0, 0, 0, 0, 1, 1]
        ]
2025-02-20 07:31:39,815 - DSM_MultiModelExp_llm_rag_ollama:llama3.3:70b-8k - INFO - Matrix: [[1, 1, 0, 0, 1, 1, 1], [1, 1, 1, 0, 0, 1, 0], [0, 1, 1, 0, 0, 0, 0], [0, 0, 0, 1, 0, 0, 0], [1, 0, 0, 0, 1, 1, 0], [1, 1, 0, 0, 1, 1, 1], [1, 0, 0, 0, 0, 1, 1]]
2025-02-20 07:31:39,816 - DSM_MultiModelExp_llm_rag_ollama:llama3.3:70b-8k - INFO - Final Matrix:
[[1, 1, 0, 0, 1, 1, 1], [1, 1, 1, 0, 0, 1, 0], [0, 1, 1, 0, 0, 0, 0], [0, 0, 0, 1, 0, 0, 0], [1, 0, 0, 0, 1, 1, 0], [1, 1, 0, 0, 1, 1, 1], [1, 0, 0, 0, 0, 1, 1]]
2025-02-20 07:31:39,817 - DSM_MultiModelExp_llm_rag_ollama:llama3.3:70b-8k - INFO - --------------------------------------------------
2025-02-20 07:31:39,818 - DSM_MultiModelExp_llm_rag_ollama:llama3.3:70b-8k - INFO - Matrix from response.
2025-02-20 07:31:39,819 - DSM_MultiModelExp_llm_rag_ollama:llama3.3:70b-8k - INFO - At run 2/5
2025-02-20 07:31:39,820 - DSM_MultiModelExp_llm_rag_ollama:llama3.3:70b-8k - INFO - Matrix: [[1, 1, 0, 0, 1, 1, 1], [1, 1, 1, 0, 0, 1, 0], [0, 1, 1, 0, 0, 0, 0], [0, 0, 0, 1, 0, 0, 0], [1, 0, 0, 0, 1, 1, 0], [1, 1, 0, 0, 1, 1, 1], [1, 0, 0, 0, 0, 1, 1]]
2025-02-20 07:31:39,820 - DSM_MultiModelExp_llm_rag_ollama:llama3.3:70b-8k - INFO - --------------------------------------------------
2025-02-20 07:31:49,832 - DSM_MultiModelExp_llm_rag_ollama:llama3.3:70b-8k - INFO - Run 3/5
2025-02-20 07:31:49,868 - DSM_MultiModelExp_llm_rag_ollama:llama3.3:70b-8k - INFO - DEBUG: Initializing RAGInference.
2025-02-20 07:31:49,869 - DSM_MultiModelExp_llm_rag_ollama:llama3.3:70b-8k - INFO - Using R-type: ['R2']
2025-02-20 07:31:49,869 - DSM_MultiModelExp_llm_rag_ollama:llama3.3:70b-8k - INFO - Using embedding model: text-embedding-3-small
2025-02-20 07:31:49,903 - DSM_MultiModelExp_llm_rag_ollama:llama3.3:70b-8k - INFO - VectorStoreManager initialized
2025-02-20 07:31:49,904 - DSM_MultiModelExp_llm_rag_ollama:llama3.3:70b-8k - INFO - Set database path to: xLM_DSM/data/vectorstore/PowerDrill/llm_rag/text-embedding-3-small
2025-02-20 07:31:49,913 - DSM_MultiModelExp_llm_rag_ollama:llama3.3:70b-8k - INFO - Collection count: 2855
2025-02-20 07:31:49,916 - DSM_MultiModelExp_llm_rag_ollama:llama3.3:70b-8k - INFO - Initialized RAG inference for system: power screwdriver
2025-02-20 07:31:49,917 - DSM_MultiModelExp_llm_rag_ollama:llama3.3:70b-8k - INFO - Initialized DSM for system: power screwdriver
2025-02-20 07:31:49,918 - DSM_MultiModelExp_llm_rag_ollama:llama3.3:70b-8k - INFO - Inference model: ollama:llama3.3:70b-8k
2025-02-20 07:31:49,918 - DSM_MultiModelExp_llm_rag_ollama:llama3.3:70b-8k - INFO - Predicted Components: ['Motor', 'Housing', 'Ring Gear', 'Clip', 'Battery', 'Switch', 'Screwdriver Bit']
2025-02-20 07:31:49,919 - DSM_MultiModelExp_llm_rag_ollama:llama3.3:70b-8k - INFO - Number of components: 7
2025-02-20 07:31:49,920 - DSM_MultiModelExp_llm_rag_ollama:llama3.3:70b-8k - INFO - Predicted components for query: ['Motor', 'Housing', 'Ring Gear', 'Clip', 'Battery', 'Switch', 'Screwdriver Bit']
2025-02-20 07:31:49,920 - DSM_MultiModelExp_llm_rag_ollama:llama3.3:70b-8k - INFO - Query: 
        Please identify system-level proximity relationships (in contact) between the components of Power Screwdriver, as listed below, and represent them in a Design Structure Matrix (DSM) format.  
        The relationships should be articulated in plain English, capturing the essence of their interactions. 
        Here is the list of subsystems/components to analyze: ['Motor', 'Housing', 'Ring Gear', 'Clip', 'Battery', 'Switch', 'Screwdriver Bit'] 
        The DSM should clearly indicate the interactions between these components as 1 exist and 0 does not exist, considering both the presence and nature of these connections.             
        Present the output in a square matrix format (number of rows and columns MUST be the same as the number of components = 7 for this example), with rows and columns labeled accordingly. 
        Diagonal elements should be 1 in DSM matrix since each component interacts with itself. 
        If you don't know the answer, just write 2 for the specific cell that you are unsure of. A worst case scenario of the **as a list of lists** shown below (diagonal elements are 1 and rest are 2). Don't make up an answer.         final response = [
            [1, 2, 2, 2, 2, 2, 2],
            [2, 1, 2, 2, 2, 2, 2],
            [2, 2, 1, 2, 2, 2, 2],
            [2, 2, 2, 1, 2, 2, 2],
            [2, 2, 2, 2, 1, 2, 2],
            [2, 2, 2, 2, 2, 1, 2],
            [2, 2, 2, 2, 2, 2, 1]
        ]

        IMPORTANT: Your response must **ONLY** contain a valid **as a list of lists** in the following example format 7x7 matrix.         
        The below list of lists is just an example format of your response. **Replace** the values with your **actual analysis** while providing your response with parameter of 'final response'.        
        final response = [
            [1, 0, 0, 0, 0, 0, 0],
            [0, 1, 0, 0, 0, 0, 0],
            [0, 0, 1, 0, 0, 0, 0],
            [0, 0, 0, 1, 0, 0, 0],
            [0, 0, 0, 0, 1, 0, 0],
            [0, 0, 0, 0, 0, 1, 0],
            [0, 0, 0, 0, 0, 0, 1]
        ]

        IMPORTANT: THE FORMAT OF THE OUTPUT MUST BE AS LIST OF LISTS ONLY SIMILAR TO THE ONE ABOVE (NO LATEX, CODE, OR OTHER ENCODINGS).
        
2025-02-20 07:32:04,135 - DSM_MultiModelExp_llm_rag_ollama:llama3.3:70b-8k - INFO - Number of documents retrieved: 4
2025-02-20 07:32:04,136 - DSM_MultiModelExp_llm_rag_ollama:llama3.3:70b-8k - INFO - Documents used for this query:
2025-02-20 07:32:04,137 - DSM_MultiModelExp_llm_rag_ollama:llama3.3:70b-8k - INFO - File: ../data/use_cases_large/PowerDrill/reference_pdfs/[2012 Eppinger] R2-Design structure matrix methods and applications.pdf
2025-02-20 07:32:04,138 - DSM_MultiModelExp_llm_rag_ollama:llama3.3:70b-8k - INFO - Page: 46
2025-02-20 07:32:04,139 - DSM_MultiModelExp_llm_rag_ollama:llama3.3:70b-8k - INFO - Content: using red shaded cells between pairs of components. 
Res ult s 
The DSM model identified six of the subsystems as somewhat modular, in that each 
subsystem primarily had interfaces among components wi ...
2025-02-20 07:32:04,140 - DSM_MultiModelExp_llm_rag_ollama:llama3.3:70b-8k - INFO - File: ../data/use_cases_large/PowerDrill/reference_pdfs/[2012 Eppinger] R2-Design structure matrix methods and applications.pdf
2025-02-20 07:32:04,141 - DSM_MultiModelExp_llm_rag_ollama:llama3.3:70b-8k - INFO - Page: 101
2025-02-20 07:32:04,142 - DSM_MultiModelExp_llm_rag_ollama:llama3.3:70b-8k - INFO - Content: 95 Organization Architecture DSM Examples 
of one majo r component or subass embly and its produc tion system. We then asked 
the leader of each CT to complete a simple one-pa ge survey form , indicat ...
2025-02-20 07:32:04,143 - DSM_MultiModelExp_llm_rag_ollama:llama3.3:70b-8k - INFO - File: ../data/use_cases_large/PowerDrill/reference_pdfs/[2012 Eppinger] R2-Design structure matrix methods and applications.pdf
2025-02-20 07:32:04,144 - DSM_MultiModelExp_llm_rag_ollama:llama3.3:70b-8k - INFO - Page: 275
2025-02-20 07:32:04,144 - DSM_MultiModelExp_llm_rag_ollama:llama3.3:70b-8k - INFO - Content: all of the DSMs on the diagonal are not). 
Figure 9.6.3 shows actual data for some of the individual DSMs and DMMs. In all cases, 
only binary matrices are used. For better identification and understa ...
2025-02-20 07:32:04,145 - DSM_MultiModelExp_llm_rag_ollama:llama3.3:70b-8k - INFO - File: ../data/use_cases_large/PowerDrill/reference_pdfs/[2012 Eppinger] R2-Design structure matrix methods and applications.pdf
2025-02-20 07:32:04,146 - DSM_MultiModelExp_llm_rag_ollama:llama3.3:70b-8k - INFO - Page: 297
2025-02-20 07:32:04,147 - DSM_MultiModelExp_llm_rag_ollama:llama3.3:70b-8k - INFO - Content: Data Collection 
Through discussions with industrial design engineers in Committee No. 17 7 on System 
Design and Integration in the Japan Society for the Promotion of Science, we captured 
170 typica ...
2025-02-20 07:32:04,148 - DSM_MultiModelExp_llm_rag_ollama:llama3.3:70b-8k - INFO - Raw Response: final response = [
            [1, 1, 0, 0, 1, 1, 1],
            [1, 1, 1, 0, 0, 1, 0],
            [0, 1, 1, 0, 0, 0, 0],
            [0, 0, 0, 1, 0, 0, 0],
            [1, 0, 0, 0, 1, 1, 0],
            [1, 1, 0, 0, 1, 1, 1],
            [1, 0, 0, 0, 0, 1, 1]
        ]
2025-02-20 07:32:04,149 - DSM_MultiModelExp_llm_rag_ollama:llama3.3:70b-8k - INFO - Response: final response = [
            [1, 1, 0, 0, 1, 1, 1],
            [1, 1, 1, 0, 0, 1, 0],
            [0, 1, 1, 0, 0, 0, 0],
            [0, 0, 0, 1, 0, 0, 0],
            [1, 0, 0, 0, 1, 1, 0],
            [1, 1, 0, 0, 1, 1, 1],
            [1, 0, 0, 0, 0, 1, 1]
        ]
2025-02-20 07:32:04,150 - DSM_MultiModelExp_llm_rag_ollama:llama3.3:70b-8k - INFO - Matrix: [[1, 1, 0, 0, 1, 1, 1], [1, 1, 1, 0, 0, 1, 0], [0, 1, 1, 0, 0, 0, 0], [0, 0, 0, 1, 0, 0, 0], [1, 0, 0, 0, 1, 1, 0], [1, 1, 0, 0, 1, 1, 1], [1, 0, 0, 0, 0, 1, 1]]
2025-02-20 07:32:04,151 - DSM_MultiModelExp_llm_rag_ollama:llama3.3:70b-8k - INFO - Final Matrix:
[[1, 1, 0, 0, 1, 1, 1], [1, 1, 1, 0, 0, 1, 0], [0, 1, 1, 0, 0, 0, 0], [0, 0, 0, 1, 0, 0, 0], [1, 0, 0, 0, 1, 1, 0], [1, 1, 0, 0, 1, 1, 1], [1, 0, 0, 0, 0, 1, 1]]
2025-02-20 07:32:04,152 - DSM_MultiModelExp_llm_rag_ollama:llama3.3:70b-8k - INFO - --------------------------------------------------
2025-02-20 07:32:04,153 - DSM_MultiModelExp_llm_rag_ollama:llama3.3:70b-8k - INFO - Matrix from response.
2025-02-20 07:32:04,154 - DSM_MultiModelExp_llm_rag_ollama:llama3.3:70b-8k - INFO - At run 3/5
2025-02-20 07:32:04,154 - DSM_MultiModelExp_llm_rag_ollama:llama3.3:70b-8k - INFO - Matrix: [[1, 1, 0, 0, 1, 1, 1], [1, 1, 1, 0, 0, 1, 0], [0, 1, 1, 0, 0, 0, 0], [0, 0, 0, 1, 0, 0, 0], [1, 0, 0, 0, 1, 1, 0], [1, 1, 0, 0, 1, 1, 1], [1, 0, 0, 0, 0, 1, 1]]
2025-02-20 07:32:04,155 - DSM_MultiModelExp_llm_rag_ollama:llama3.3:70b-8k - INFO - --------------------------------------------------
2025-02-20 07:32:14,166 - DSM_MultiModelExp_llm_rag_ollama:llama3.3:70b-8k - INFO - Run 4/5
2025-02-20 07:32:14,202 - DSM_MultiModelExp_llm_rag_ollama:llama3.3:70b-8k - INFO - DEBUG: Initializing RAGInference.
2025-02-20 07:32:14,203 - DSM_MultiModelExp_llm_rag_ollama:llama3.3:70b-8k - INFO - Using R-type: ['R2']
2025-02-20 07:32:14,222 - DSM_MultiModelExp_llm_rag_ollama:llama3.3:70b-8k - INFO - Using embedding model: text-embedding-3-small
2025-02-20 07:32:14,257 - DSM_MultiModelExp_llm_rag_ollama:llama3.3:70b-8k - INFO - VectorStoreManager initialized
2025-02-20 07:32:14,258 - DSM_MultiModelExp_llm_rag_ollama:llama3.3:70b-8k - INFO - Set database path to: xLM_DSM/data/vectorstore/PowerDrill/llm_rag/text-embedding-3-small
2025-02-20 07:32:14,269 - DSM_MultiModelExp_llm_rag_ollama:llama3.3:70b-8k - INFO - Collection count: 2855
2025-02-20 07:32:14,273 - DSM_MultiModelExp_llm_rag_ollama:llama3.3:70b-8k - INFO - Initialized RAG inference for system: power screwdriver
2025-02-20 07:32:14,274 - DSM_MultiModelExp_llm_rag_ollama:llama3.3:70b-8k - INFO - Initialized DSM for system: power screwdriver
2025-02-20 07:32:14,275 - DSM_MultiModelExp_llm_rag_ollama:llama3.3:70b-8k - INFO - Inference model: ollama:llama3.3:70b-8k
2025-02-20 07:32:14,276 - DSM_MultiModelExp_llm_rag_ollama:llama3.3:70b-8k - INFO - Predicted Components: ['Motor', 'Housing', 'Ring Gear', 'Clip', 'Battery', 'Switch', 'Screwdriver Bit']
2025-02-20 07:32:14,276 - DSM_MultiModelExp_llm_rag_ollama:llama3.3:70b-8k - INFO - Number of components: 7
2025-02-20 07:32:14,278 - DSM_MultiModelExp_llm_rag_ollama:llama3.3:70b-8k - INFO - Predicted components for query: ['Motor', 'Housing', 'Ring Gear', 'Clip', 'Battery', 'Switch', 'Screwdriver Bit']
2025-02-20 07:32:14,279 - DSM_MultiModelExp_llm_rag_ollama:llama3.3:70b-8k - INFO - Query: 
        Please identify system-level proximity relationships (in contact) between the components of Power Screwdriver, as listed below, and represent them in a Design Structure Matrix (DSM) format.  
        The relationships should be articulated in plain English, capturing the essence of their interactions. 
        Here is the list of subsystems/components to analyze: ['Motor', 'Housing', 'Ring Gear', 'Clip', 'Battery', 'Switch', 'Screwdriver Bit'] 
        The DSM should clearly indicate the interactions between these components as 1 exist and 0 does not exist, considering both the presence and nature of these connections.             
        Present the output in a square matrix format (number of rows and columns MUST be the same as the number of components = 7 for this example), with rows and columns labeled accordingly. 
        Diagonal elements should be 1 in DSM matrix since each component interacts with itself. 
        If you don't know the answer, just write 2 for the specific cell that you are unsure of. A worst case scenario of the **as a list of lists** shown below (diagonal elements are 1 and rest are 2). Don't make up an answer.         final response = [
            [1, 2, 2, 2, 2, 2, 2],
            [2, 1, 2, 2, 2, 2, 2],
            [2, 2, 1, 2, 2, 2, 2],
            [2, 2, 2, 1, 2, 2, 2],
            [2, 2, 2, 2, 1, 2, 2],
            [2, 2, 2, 2, 2, 1, 2],
            [2, 2, 2, 2, 2, 2, 1]
        ]

        IMPORTANT: Your response must **ONLY** contain a valid **as a list of lists** in the following example format 7x7 matrix.         
        The below list of lists is just an example format of your response. **Replace** the values with your **actual analysis** while providing your response with parameter of 'final response'.        
        final response = [
            [1, 0, 0, 0, 0, 0, 0],
            [0, 1, 0, 0, 0, 0, 0],
            [0, 0, 1, 0, 0, 0, 0],
            [0, 0, 0, 1, 0, 0, 0],
            [0, 0, 0, 0, 1, 0, 0],
            [0, 0, 0, 0, 0, 1, 0],
            [0, 0, 0, 0, 0, 0, 1]
        ]

        IMPORTANT: THE FORMAT OF THE OUTPUT MUST BE AS LIST OF LISTS ONLY SIMILAR TO THE ONE ABOVE (NO LATEX, CODE, OR OTHER ENCODINGS).
        
2025-02-20 07:32:28,631 - DSM_MultiModelExp_llm_rag_ollama:llama3.3:70b-8k - INFO - Number of documents retrieved: 4
2025-02-20 07:32:28,633 - DSM_MultiModelExp_llm_rag_ollama:llama3.3:70b-8k - INFO - Documents used for this query:
2025-02-20 07:32:28,633 - DSM_MultiModelExp_llm_rag_ollama:llama3.3:70b-8k - INFO - File: ../data/use_cases_large/PowerDrill/reference_pdfs/[2012 Eppinger] R2-Design structure matrix methods and applications.pdf
2025-02-20 07:32:28,634 - DSM_MultiModelExp_llm_rag_ollama:llama3.3:70b-8k - INFO - Page: 46
2025-02-20 07:32:28,635 - DSM_MultiModelExp_llm_rag_ollama:llama3.3:70b-8k - INFO - Content: using red shaded cells between pairs of components. 
Res ult s 
The DSM model identified six of the subsystems as somewhat modular, in that each 
subsystem primarily had interfaces among components wi ...
2025-02-20 07:32:28,636 - DSM_MultiModelExp_llm_rag_ollama:llama3.3:70b-8k - INFO - File: ../data/use_cases_large/PowerDrill/reference_pdfs/[2012 Eppinger] R2-Design structure matrix methods and applications.pdf
2025-02-20 07:32:28,637 - DSM_MultiModelExp_llm_rag_ollama:llama3.3:70b-8k - INFO - Page: 101
2025-02-20 07:32:28,638 - DSM_MultiModelExp_llm_rag_ollama:llama3.3:70b-8k - INFO - Content: 95 Organization Architecture DSM Examples 
of one majo r component or subass embly and its produc tion system. We then asked 
the leader of each CT to complete a simple one-pa ge survey form , indicat ...
2025-02-20 07:32:28,638 - DSM_MultiModelExp_llm_rag_ollama:llama3.3:70b-8k - INFO - File: ../data/use_cases_large/PowerDrill/reference_pdfs/[2012 Eppinger] R2-Design structure matrix methods and applications.pdf
2025-02-20 07:32:28,639 - DSM_MultiModelExp_llm_rag_ollama:llama3.3:70b-8k - INFO - Page: 275
2025-02-20 07:32:28,640 - DSM_MultiModelExp_llm_rag_ollama:llama3.3:70b-8k - INFO - Content: all of the DSMs on the diagonal are not). 
Figure 9.6.3 shows actual data for some of the individual DSMs and DMMs. In all cases, 
only binary matrices are used. For better identification and understa ...
2025-02-20 07:32:28,640 - DSM_MultiModelExp_llm_rag_ollama:llama3.3:70b-8k - INFO - File: ../data/use_cases_large/PowerDrill/reference_pdfs/[2012 Eppinger] R2-Design structure matrix methods and applications.pdf
2025-02-20 07:32:28,641 - DSM_MultiModelExp_llm_rag_ollama:llama3.3:70b-8k - INFO - Page: 297
2025-02-20 07:32:28,642 - DSM_MultiModelExp_llm_rag_ollama:llama3.3:70b-8k - INFO - Content: Data Collection 
Through discussions with industrial design engineers in Committee No. 17 7 on System 
Design and Integration in the Japan Society for the Promotion of Science, we captured 
170 typica ...
2025-02-20 07:32:28,643 - DSM_MultiModelExp_llm_rag_ollama:llama3.3:70b-8k - INFO - Raw Response: final response = [
            [1, 1, 0, 0, 1, 1, 1],
            [1, 1, 1, 0, 0, 1, 0],
            [0, 1, 1, 0, 0, 0, 0],
            [0, 0, 0, 1, 0, 0, 0],
            [1, 0, 0, 0, 1, 1, 0],
            [1, 1, 0, 0, 1, 1, 1],
            [1, 0, 0, 0, 0, 1, 1]
        ]
2025-02-20 07:32:28,644 - DSM_MultiModelExp_llm_rag_ollama:llama3.3:70b-8k - INFO - Response: final response = [
            [1, 1, 0, 0, 1, 1, 1],
            [1, 1, 1, 0, 0, 1, 0],
            [0, 1, 1, 0, 0, 0, 0],
            [0, 0, 0, 1, 0, 0, 0],
            [1, 0, 0, 0, 1, 1, 0],
            [1, 1, 0, 0, 1, 1, 1],
            [1, 0, 0, 0, 0, 1, 1]
        ]
2025-02-20 07:32:28,645 - DSM_MultiModelExp_llm_rag_ollama:llama3.3:70b-8k - INFO - Matrix: [[1, 1, 0, 0, 1, 1, 1], [1, 1, 1, 0, 0, 1, 0], [0, 1, 1, 0, 0, 0, 0], [0, 0, 0, 1, 0, 0, 0], [1, 0, 0, 0, 1, 1, 0], [1, 1, 0, 0, 1, 1, 1], [1, 0, 0, 0, 0, 1, 1]]
2025-02-20 07:32:28,646 - DSM_MultiModelExp_llm_rag_ollama:llama3.3:70b-8k - INFO - Final Matrix:
[[1, 1, 0, 0, 1, 1, 1], [1, 1, 1, 0, 0, 1, 0], [0, 1, 1, 0, 0, 0, 0], [0, 0, 0, 1, 0, 0, 0], [1, 0, 0, 0, 1, 1, 0], [1, 1, 0, 0, 1, 1, 1], [1, 0, 0, 0, 0, 1, 1]]
2025-02-20 07:32:28,646 - DSM_MultiModelExp_llm_rag_ollama:llama3.3:70b-8k - INFO - --------------------------------------------------
2025-02-20 07:32:28,647 - DSM_MultiModelExp_llm_rag_ollama:llama3.3:70b-8k - INFO - Matrix from response.
2025-02-20 07:32:28,648 - DSM_MultiModelExp_llm_rag_ollama:llama3.3:70b-8k - INFO - At run 4/5
2025-02-20 07:32:28,648 - DSM_MultiModelExp_llm_rag_ollama:llama3.3:70b-8k - INFO - Matrix: [[1, 1, 0, 0, 1, 1, 1], [1, 1, 1, 0, 0, 1, 0], [0, 1, 1, 0, 0, 0, 0], [0, 0, 0, 1, 0, 0, 0], [1, 0, 0, 0, 1, 1, 0], [1, 1, 0, 0, 1, 1, 1], [1, 0, 0, 0, 0, 1, 1]]
2025-02-20 07:32:28,649 - DSM_MultiModelExp_llm_rag_ollama:llama3.3:70b-8k - INFO - --------------------------------------------------
2025-02-20 07:32:38,660 - DSM_MultiModelExp_llm_rag_ollama:llama3.3:70b-8k - INFO - Run 5/5
2025-02-20 07:32:38,697 - DSM_MultiModelExp_llm_rag_ollama:llama3.3:70b-8k - INFO - DEBUG: Initializing RAGInference.
2025-02-20 07:32:38,698 - DSM_MultiModelExp_llm_rag_ollama:llama3.3:70b-8k - INFO - Using R-type: ['R2']
2025-02-20 07:32:38,699 - DSM_MultiModelExp_llm_rag_ollama:llama3.3:70b-8k - INFO - Using embedding model: text-embedding-3-small
2025-02-20 07:32:38,731 - DSM_MultiModelExp_llm_rag_ollama:llama3.3:70b-8k - INFO - VectorStoreManager initialized
2025-02-20 07:32:38,732 - DSM_MultiModelExp_llm_rag_ollama:llama3.3:70b-8k - INFO - Set database path to: xLM_DSM/data/vectorstore/PowerDrill/llm_rag/text-embedding-3-small
2025-02-20 07:32:38,741 - DSM_MultiModelExp_llm_rag_ollama:llama3.3:70b-8k - INFO - Collection count: 2855
2025-02-20 07:32:38,744 - DSM_MultiModelExp_llm_rag_ollama:llama3.3:70b-8k - INFO - Initialized RAG inference for system: power screwdriver
2025-02-20 07:32:38,745 - DSM_MultiModelExp_llm_rag_ollama:llama3.3:70b-8k - INFO - Initialized DSM for system: power screwdriver
2025-02-20 07:32:38,746 - DSM_MultiModelExp_llm_rag_ollama:llama3.3:70b-8k - INFO - Inference model: ollama:llama3.3:70b-8k
2025-02-20 07:32:38,747 - DSM_MultiModelExp_llm_rag_ollama:llama3.3:70b-8k - INFO - Predicted Components: ['Motor', 'Housing', 'Ring Gear', 'Clip', 'Battery', 'Switch', 'Screwdriver Bit']
2025-02-20 07:32:38,748 - DSM_MultiModelExp_llm_rag_ollama:llama3.3:70b-8k - INFO - Number of components: 7
2025-02-20 07:32:38,748 - DSM_MultiModelExp_llm_rag_ollama:llama3.3:70b-8k - INFO - Predicted components for query: ['Motor', 'Housing', 'Ring Gear', 'Clip', 'Battery', 'Switch', 'Screwdriver Bit']
2025-02-20 07:32:38,750 - DSM_MultiModelExp_llm_rag_ollama:llama3.3:70b-8k - INFO - Query: 
        Please identify system-level proximity relationships (in contact) between the components of Power Screwdriver, as listed below, and represent them in a Design Structure Matrix (DSM) format.  
        The relationships should be articulated in plain English, capturing the essence of their interactions. 
        Here is the list of subsystems/components to analyze: ['Motor', 'Housing', 'Ring Gear', 'Clip', 'Battery', 'Switch', 'Screwdriver Bit'] 
        The DSM should clearly indicate the interactions between these components as 1 exist and 0 does not exist, considering both the presence and nature of these connections.             
        Present the output in a square matrix format (number of rows and columns MUST be the same as the number of components = 7 for this example), with rows and columns labeled accordingly. 
        Diagonal elements should be 1 in DSM matrix since each component interacts with itself. 
        If you don't know the answer, just write 2 for the specific cell that you are unsure of. A worst case scenario of the **as a list of lists** shown below (diagonal elements are 1 and rest are 2). Don't make up an answer.         final response = [
            [1, 2, 2, 2, 2, 2, 2],
            [2, 1, 2, 2, 2, 2, 2],
            [2, 2, 1, 2, 2, 2, 2],
            [2, 2, 2, 1, 2, 2, 2],
            [2, 2, 2, 2, 1, 2, 2],
            [2, 2, 2, 2, 2, 1, 2],
            [2, 2, 2, 2, 2, 2, 1]
        ]

        IMPORTANT: Your response must **ONLY** contain a valid **as a list of lists** in the following example format 7x7 matrix.         
        The below list of lists is just an example format of your response. **Replace** the values with your **actual analysis** while providing your response with parameter of 'final response'.        
        final response = [
            [1, 0, 0, 0, 0, 0, 0],
            [0, 1, 0, 0, 0, 0, 0],
            [0, 0, 1, 0, 0, 0, 0],
            [0, 0, 0, 1, 0, 0, 0],
            [0, 0, 0, 0, 1, 0, 0],
            [0, 0, 0, 0, 0, 1, 0],
            [0, 0, 0, 0, 0, 0, 1]
        ]

        IMPORTANT: THE FORMAT OF THE OUTPUT MUST BE AS LIST OF LISTS ONLY SIMILAR TO THE ONE ABOVE (NO LATEX, CODE, OR OTHER ENCODINGS).
        
2025-02-20 07:32:53,230 - DSM_MultiModelExp_llm_rag_ollama:llama3.3:70b-8k - INFO - Number of documents retrieved: 4
2025-02-20 07:32:53,231 - DSM_MultiModelExp_llm_rag_ollama:llama3.3:70b-8k - INFO - Documents used for this query:
2025-02-20 07:32:53,233 - DSM_MultiModelExp_llm_rag_ollama:llama3.3:70b-8k - INFO - File: ../data/use_cases_large/PowerDrill/reference_pdfs/[2012 Eppinger] R2-Design structure matrix methods and applications.pdf
2025-02-20 07:32:53,233 - DSM_MultiModelExp_llm_rag_ollama:llama3.3:70b-8k - INFO - Page: 46
2025-02-20 07:32:53,234 - DSM_MultiModelExp_llm_rag_ollama:llama3.3:70b-8k - INFO - Content: using red shaded cells between pairs of components. 
Res ult s 
The DSM model identified six of the subsystems as somewhat modular, in that each 
subsystem primarily had interfaces among components wi ...
2025-02-20 07:32:53,235 - DSM_MultiModelExp_llm_rag_ollama:llama3.3:70b-8k - INFO - File: ../data/use_cases_large/PowerDrill/reference_pdfs/[2012 Eppinger] R2-Design structure matrix methods and applications.pdf
2025-02-20 07:32:53,235 - DSM_MultiModelExp_llm_rag_ollama:llama3.3:70b-8k - INFO - Page: 101
2025-02-20 07:32:53,236 - DSM_MultiModelExp_llm_rag_ollama:llama3.3:70b-8k - INFO - Content: 95 Organization Architecture DSM Examples 
of one majo r component or subass embly and its produc tion system. We then asked 
the leader of each CT to complete a simple one-pa ge survey form , indicat ...
2025-02-20 07:32:53,237 - DSM_MultiModelExp_llm_rag_ollama:llama3.3:70b-8k - INFO - File: ../data/use_cases_large/PowerDrill/reference_pdfs/[2012 Eppinger] R2-Design structure matrix methods and applications.pdf
2025-02-20 07:32:53,237 - DSM_MultiModelExp_llm_rag_ollama:llama3.3:70b-8k - INFO - Page: 275
2025-02-20 07:32:53,238 - DSM_MultiModelExp_llm_rag_ollama:llama3.3:70b-8k - INFO - Content: all of the DSMs on the diagonal are not). 
Figure 9.6.3 shows actual data for some of the individual DSMs and DMMs. In all cases, 
only binary matrices are used. For better identification and understa ...
2025-02-20 07:32:53,239 - DSM_MultiModelExp_llm_rag_ollama:llama3.3:70b-8k - INFO - File: ../data/use_cases_large/PowerDrill/reference_pdfs/[2012 Eppinger] R2-Design structure matrix methods and applications.pdf
2025-02-20 07:32:53,239 - DSM_MultiModelExp_llm_rag_ollama:llama3.3:70b-8k - INFO - Page: 297
2025-02-20 07:32:53,240 - DSM_MultiModelExp_llm_rag_ollama:llama3.3:70b-8k - INFO - Content: Data Collection 
Through discussions with industrial design engineers in Committee No. 17 7 on System 
Design and Integration in the Japan Society for the Promotion of Science, we captured 
170 typica ...
2025-02-20 07:32:53,241 - DSM_MultiModelExp_llm_rag_ollama:llama3.3:70b-8k - INFO - Raw Response: final response = [
            [1, 1, 0, 0, 1, 1, 1],
            [1, 1, 1, 0, 0, 1, 0],
            [0, 1, 1, 0, 0, 0, 0],
            [0, 0, 0, 1, 0, 0, 0],
            [1, 0, 0, 0, 1, 1, 0],
            [1, 1, 0, 0, 1, 1, 1],
            [1, 0, 0, 0, 0, 1, 1]
        ]
2025-02-20 07:32:53,241 - DSM_MultiModelExp_llm_rag_ollama:llama3.3:70b-8k - INFO - Response: final response = [
            [1, 1, 0, 0, 1, 1, 1],
            [1, 1, 1, 0, 0, 1, 0],
            [0, 1, 1, 0, 0, 0, 0],
            [0, 0, 0, 1, 0, 0, 0],
            [1, 0, 0, 0, 1, 1, 0],
            [1, 1, 0, 0, 1, 1, 1],
            [1, 0, 0, 0, 0, 1, 1]
        ]
2025-02-20 07:32:53,242 - DSM_MultiModelExp_llm_rag_ollama:llama3.3:70b-8k - INFO - Matrix: [[1, 1, 0, 0, 1, 1, 1], [1, 1, 1, 0, 0, 1, 0], [0, 1, 1, 0, 0, 0, 0], [0, 0, 0, 1, 0, 0, 0], [1, 0, 0, 0, 1, 1, 0], [1, 1, 0, 0, 1, 1, 1], [1, 0, 0, 0, 0, 1, 1]]
2025-02-20 07:32:53,243 - DSM_MultiModelExp_llm_rag_ollama:llama3.3:70b-8k - INFO - Final Matrix:
[[1, 1, 0, 0, 1, 1, 1], [1, 1, 1, 0, 0, 1, 0], [0, 1, 1, 0, 0, 0, 0], [0, 0, 0, 1, 0, 0, 0], [1, 0, 0, 0, 1, 1, 0], [1, 1, 0, 0, 1, 1, 1], [1, 0, 0, 0, 0, 1, 1]]
2025-02-20 07:32:53,244 - DSM_MultiModelExp_llm_rag_ollama:llama3.3:70b-8k - INFO - --------------------------------------------------
2025-02-20 07:32:53,244 - DSM_MultiModelExp_llm_rag_ollama:llama3.3:70b-8k - INFO - Matrix from response.
2025-02-20 07:32:53,245 - DSM_MultiModelExp_llm_rag_ollama:llama3.3:70b-8k - INFO - At run 5/5
2025-02-20 07:32:53,246 - DSM_MultiModelExp_llm_rag_ollama:llama3.3:70b-8k - INFO - Matrix: [[1, 1, 0, 0, 1, 1, 1], [1, 1, 1, 0, 0, 1, 0], [0, 1, 1, 0, 0, 0, 0], [0, 0, 0, 1, 0, 0, 0], [1, 0, 0, 0, 1, 1, 0], [1, 1, 0, 0, 1, 1, 1], [1, 0, 0, 0, 0, 1, 1]]
2025-02-20 07:32:53,246 - DSM_MultiModelExp_llm_rag_ollama:llama3.3:70b-8k - INFO - --------------------------------------------------
2025-02-20 07:33:03,257 - DSM_MultiModelExp_llm_rag_ollama:llama3.3:70b-8k - INFO - Duration of reference combination {'R2': [{'path': '../data/use_cases_large/PowerDrill/reference_pdfs/[2012 Eppinger] R2-Design structure matrix methods and applications.pdf'}]}: 0:01:56.546521
2025-02-20 07:33:03,258 - DSM_MultiModelExp_llm_rag_ollama:llama3.3:70b-8k - INFO - ++++++++++++++++++++++++++++++++++++++++++++++++++++++++++++++++++++++++++++++++++++++++++++++++++++
2025-02-20 07:33:03,259 - DSM_MultiModelExp_llm_rag_ollama:llama3.3:70b-8k - INFO - Run 1/5
2025-02-20 07:33:03,295 - DSM_MultiModelExp_llm_rag_ollama:llama3.3:70b-8k - INFO - DEBUG: Initializing RAGInference.
2025-02-20 07:33:03,297 - DSM_MultiModelExp_llm_rag_ollama:llama3.3:70b-8k - INFO - Using R-type: ['R3']
2025-02-20 07:33:03,297 - DSM_MultiModelExp_llm_rag_ollama:llama3.3:70b-8k - INFO - Using embedding model: text-embedding-3-small
2025-02-20 07:33:03,332 - DSM_MultiModelExp_llm_rag_ollama:llama3.3:70b-8k - INFO - VectorStoreManager initialized
2025-02-20 07:33:03,333 - DSM_MultiModelExp_llm_rag_ollama:llama3.3:70b-8k - INFO - Set database path to: xLM_DSM/data/vectorstore/PowerDrill/llm_rag/text-embedding-3-small
2025-02-20 07:33:03,341 - DSM_MultiModelExp_llm_rag_ollama:llama3.3:70b-8k - INFO - Collection count: 2855
2025-02-20 07:33:03,345 - DSM_MultiModelExp_llm_rag_ollama:llama3.3:70b-8k - INFO - Initialized RAG inference for system: power screwdriver
2025-02-20 07:33:03,345 - DSM_MultiModelExp_llm_rag_ollama:llama3.3:70b-8k - INFO - Initialized DSM for system: power screwdriver
2025-02-20 07:33:03,346 - DSM_MultiModelExp_llm_rag_ollama:llama3.3:70b-8k - INFO - Inference model: ollama:llama3.3:70b-8k
2025-02-20 07:33:03,347 - DSM_MultiModelExp_llm_rag_ollama:llama3.3:70b-8k - INFO - Prompt (attempt 1/3): 
            Please identify the major components of power screwdriver in the engineering based on proximity relationships.             
            The number of components must not exceed 7 (can be equal) and must be a list of strings.             
            Please do not identify similar components that will work together under subsystem level since our interest is to identify the major components that form the core architecture of the system.             
            Here is an example of the components for made-up system:             
            final response = [ "component 1", "component 2", "component 3", "component 4", "component 5" ]             
            IMPORTANT: THE FORMAT OF THE OUTPUT MUST BE AS A LIST OF STRINGS ONLY SIMILAR TO THE ONE ABOVE (NO LATEX, NO CODE, NO DESCRIPTION, OR OTHER ENCODINGS).              
2025-02-20 07:33:07,293 - DSM_MultiModelExp_llm_rag_ollama:llama3.3:70b-8k - INFO - Number of documents retrieved: 4
2025-02-20 07:33:07,294 - DSM_MultiModelExp_llm_rag_ollama:llama3.3:70b-8k - INFO - Documents used for this query:
2025-02-20 07:33:07,295 - DSM_MultiModelExp_llm_rag_ollama:llama3.3:70b-8k - INFO - File: ../data/use_cases_large/PowerDrill/reference_pdfs/R3_combined.pdf
2025-02-20 07:33:07,296 - DSM_MultiModelExp_llm_rag_ollama:llama3.3:70b-8k - INFO - Page: 921
2025-02-20 07:33:07,297 - DSM_MultiModelExp_llm_rag_ollama:llama3.3:70b-8k - INFO - Content: Power screwdrivers and impact 
drivers
Power screwdrivers, 
impact drivers, and 
specialised bits are 
available for a range 
of tasks, including 
driving screws into 
drywall materials, fast 
self-dr ...
2025-02-20 07:33:07,298 - DSM_MultiModelExp_llm_rag_ollama:llama3.3:70b-8k - INFO - File: ../data/use_cases_large/PowerDrill/reference_pdfs/R3_combined.pdf
2025-02-20 07:33:07,299 - DSM_MultiModelExp_llm_rag_ollama:llama3.3:70b-8k - INFO - Page: 911
2025-02-20 07:33:07,300 - DSM_MultiModelExp_llm_rag_ollama:llama3.3:70b-8k - INFO - Content: Classification
Power tools can be classified according to their purpose. Some power tools 
will be used across a wide variety of projects. Others are specialist tools used 
for one or very few tasks,  ...
2025-02-20 07:33:07,301 - DSM_MultiModelExp_llm_rag_ollama:llama3.3:70b-8k - INFO - File: ../data/use_cases_large/PowerDrill/reference_pdfs/R3_combined.pdf
2025-02-20 07:33:07,302 - DSM_MultiModelExp_llm_rag_ollama:llama3.3:70b-8k - INFO - Page: 858
2025-02-20 07:33:07,303 - DSM_MultiModelExp_llm_rag_ollama:llama3.3:70b-8k - INFO - Content: 9
drills
LET'S SEE, WHERE TO START with the most popular power tool
sold today? As a woodworker you probably own at least one corded
and one cordless drill. Most woodworkers I know have more than one
 ...
2025-02-20 07:33:07,304 - DSM_MultiModelExp_llm_rag_ollama:llama3.3:70b-8k - INFO - File: ../data/use_cases_large/PowerDrill/reference_pdfs/R3_combined.pdf
2025-02-20 07:33:07,305 - DSM_MultiModelExp_llm_rag_ollama:llama3.3:70b-8k - INFO - Page: 675
2025-02-20 07:33:07,305 - DSM_MultiModelExp_llm_rag_ollama:llama3.3:70b-8k - INFO - Content: band saws
5 
drill presses
6 
miter saws
7 
routers
8 
jigsaws ...
2025-02-20 07:33:07,306 - DSM_MultiModelExp_llm_rag_ollama:llama3.3:70b-8k - INFO - Raw Response: ["Motor", "Battery", "Gearbox", "Trigger", "Chuck", "Handle", "Switch"]
2025-02-20 07:33:07,307 - DSM_MultiModelExp_llm_rag_ollama:llama3.3:70b-8k - INFO - Matrix: ['Motor', 'Battery', 'Gearbox', 'Trigger', 'Chuck', 'Handle', 'Switch']
2025-02-20 07:33:07,308 - DSM_MultiModelExp_llm_rag_ollama:llama3.3:70b-8k - INFO - Components: ['Motor', 'Battery', 'Gearbox', 'Trigger', 'Chuck', 'Handle', 'Switch']
2025-02-20 07:33:09,361 - DSM_MultiModelExp_llm_rag_ollama:llama3.3:70b-8k - INFO - Number of documents retrieved: 4
2025-02-20 07:33:09,362 - DSM_MultiModelExp_llm_rag_ollama:llama3.3:70b-8k - INFO - Documents used for this query:
2025-02-20 07:33:09,381 - DSM_MultiModelExp_llm_rag_ollama:llama3.3:70b-8k - INFO - File: ../data/use_cases_large/PowerDrill/reference_pdfs/R3_combined.pdf
2025-02-20 07:33:09,382 - DSM_MultiModelExp_llm_rag_ollama:llama3.3:70b-8k - INFO - Page: 903
2025-02-20 07:33:09,382 - DSM_MultiModelExp_llm_rag_ollama:llama3.3:70b-8k - INFO - Content: You will be assessed through a combination of practical and written work. 
To achieve this unit standard, you need to complete two BCATS projects where 
you can identify, describe, select, and safely  ...
2025-02-20 07:33:09,384 - DSM_MultiModelExp_llm_rag_ollama:llama3.3:70b-8k - INFO - File: ../data/use_cases_large/PowerDrill/reference_pdfs/R3_combined.pdf
2025-02-20 07:33:09,385 - DSM_MultiModelExp_llm_rag_ollama:llama3.3:70b-8k - INFO - Page: 858
2025-02-20 07:33:09,386 - DSM_MultiModelExp_llm_rag_ollama:llama3.3:70b-8k - INFO - Content: 9
drills
LET'S SEE, WHERE TO START with the most popular power tool
sold today? As a woodworker you probably own at least one corded
and one cordless drill. Most woodworkers I know have more than one
 ...
2025-02-20 07:33:09,386 - DSM_MultiModelExp_llm_rag_ollama:llama3.3:70b-8k - INFO - File: ../data/use_cases_large/PowerDrill/reference_pdfs/R3_combined.pdf
2025-02-20 07:33:09,387 - DSM_MultiModelExp_llm_rag_ollama:llama3.3:70b-8k - INFO - Page: 903
2025-02-20 07:33:09,388 - DSM_MultiModelExp_llm_rag_ollama:llama3.3:70b-8k - INFO - Content: Theory requirements of this unit standard are assessed by you completing a 
Knowledge Assessment Sheet.
Your teacher/tutor might give you a work diary to help you record how you 
make your projects.   ...
2025-02-20 07:33:09,389 - DSM_MultiModelExp_llm_rag_ollama:llama3.3:70b-8k - INFO - File: ../data/use_cases_large/PowerDrill/reference_pdfs/R3_combined.pdf
2025-02-20 07:33:09,390 - DSM_MultiModelExp_llm_rag_ollama:llama3.3:70b-8k - INFO - Page: 866
2025-02-20 07:33:09,391 - DSM_MultiModelExp_llm_rag_ollama:llama3.3:70b-8k - INFO - Content: one.
One maintenance feature specific to corded drills is checking the cord
itself. Look for cracks, cuts or splits in the cord. Not only can they
stop the drill from running, they can give you quite  ...
2025-02-20 07:33:09,392 - DSM_MultiModelExp_llm_rag_ollama:llama3.3:70b-8k - INFO - Raw Response: Valid
2025-02-20 07:33:09,393 - DSM_MultiModelExp_llm_rag_ollama:llama3.3:70b-8k - INFO - Validation response: Valid
2025-02-20 07:33:09,394 - DSM_MultiModelExp_llm_rag_ollama:llama3.3:70b-8k - INFO - Filtered validation response: Valid
2025-02-20 07:33:09,394 - DSM_MultiModelExp_llm_rag_ollama:llama3.3:70b-8k - INFO - Component list validated successfully on attempt 1
2025-02-20 07:33:09,395 - DSM_MultiModelExp_llm_rag_ollama:llama3.3:70b-8k - INFO - Components: ['Motor', 'Battery', 'Gearbox', 'Trigger', 'Chuck', 'Handle', 'Switch']
2025-02-20 07:33:09,396 - DSM_MultiModelExp_llm_rag_ollama:llama3.3:70b-8k - INFO - --------------------------------------------------
2025-02-20 07:33:09,397 - DSM_MultiModelExp_llm_rag_ollama:llama3.3:70b-8k - INFO - Predicted Components: ['Motor', 'Battery', 'Gearbox', 'Trigger', 'Chuck', 'Handle', 'Switch']
2025-02-20 07:33:09,398 - DSM_MultiModelExp_llm_rag_ollama:llama3.3:70b-8k - INFO - Number of components: 7
2025-02-20 07:33:09,399 - DSM_MultiModelExp_llm_rag_ollama:llama3.3:70b-8k - INFO - Predicted components for query: ['Motor', 'Battery', 'Gearbox', 'Trigger', 'Chuck', 'Handle', 'Switch']
2025-02-20 07:33:09,400 - DSM_MultiModelExp_llm_rag_ollama:llama3.3:70b-8k - INFO - Query: 
        Please identify system-level proximity relationships (in contact) between the components of Power Screwdriver, as listed below, and represent them in a Design Structure Matrix (DSM) format.  
        The relationships should be articulated in plain English, capturing the essence of their interactions. 
        Here is the list of subsystems/components to analyze: ['Motor', 'Battery', 'Gearbox', 'Trigger', 'Chuck', 'Handle', 'Switch'] 
        The DSM should clearly indicate the interactions between these components as 1 exist and 0 does not exist, considering both the presence and nature of these connections.             
        Present the output in a square matrix format (number of rows and columns MUST be the same as the number of components = 7 for this example), with rows and columns labeled accordingly. 
        Diagonal elements should be 1 in DSM matrix since each component interacts with itself. 
        If you don't know the answer, just write 2 for the specific cell that you are unsure of. A worst case scenario of the **as a list of lists** shown below (diagonal elements are 1 and rest are 2). Don't make up an answer.         final response = [
            [1, 2, 2, 2, 2, 2, 2],
            [2, 1, 2, 2, 2, 2, 2],
            [2, 2, 1, 2, 2, 2, 2],
            [2, 2, 2, 1, 2, 2, 2],
            [2, 2, 2, 2, 1, 2, 2],
            [2, 2, 2, 2, 2, 1, 2],
            [2, 2, 2, 2, 2, 2, 1]
        ]

        IMPORTANT: Your response must **ONLY** contain a valid **as a list of lists** in the following example format 7x7 matrix.         
        The below list of lists is just an example format of your response. **Replace** the values with your **actual analysis** while providing your response with parameter of 'final response'.        
        final response = [
            [1, 0, 0, 0, 0, 0, 0],
            [0, 1, 0, 0, 0, 0, 0],
            [0, 0, 1, 0, 0, 0, 0],
            [0, 0, 0, 1, 0, 0, 0],
            [0, 0, 0, 0, 1, 0, 0],
            [0, 0, 0, 0, 0, 1, 0],
            [0, 0, 0, 0, 0, 0, 1]
        ]

        IMPORTANT: THE FORMAT OF THE OUTPUT MUST BE AS LIST OF LISTS ONLY SIMILAR TO THE ONE ABOVE (NO LATEX, CODE, OR OTHER ENCODINGS).
        
2025-02-20 07:33:27,283 - DSM_MultiModelExp_llm_rag_ollama:llama3.3:70b-8k - INFO - Number of documents retrieved: 4
2025-02-20 07:33:27,284 - DSM_MultiModelExp_llm_rag_ollama:llama3.3:70b-8k - INFO - Documents used for this query:
2025-02-20 07:33:27,284 - DSM_MultiModelExp_llm_rag_ollama:llama3.3:70b-8k - INFO - File: ../data/use_cases_large/PowerDrill/reference_pdfs/R3_combined.pdf
2025-02-20 07:33:27,285 - DSM_MultiModelExp_llm_rag_ollama:llama3.3:70b-8k - INFO - Page: 901
2025-02-20 07:33:27,286 - DSM_MultiModelExp_llm_rag_ollama:llama3.3:70b-8k - INFO - Content: Table of contents
Page
Introduction 4
How you will be assessed 5
Glossary of terms 6
Health and safety 8
Classification 13
Power sources 14
Portable electric drills 17
Cordless power tools 19
Drill at ...
2025-02-20 07:33:27,287 - DSM_MultiModelExp_llm_rag_ollama:llama3.3:70b-8k - INFO - File: ../data/use_cases_large/PowerDrill/reference_pdfs/R3_combined.pdf
2025-02-20 07:33:27,287 - DSM_MultiModelExp_llm_rag_ollama:llama3.3:70b-8k - INFO - Page: 690
2025-02-20 07:33:27,288 - DSM_MultiModelExp_llm_rag_ollama:llama3.3:70b-8k - INFO - Content: The Motor: Whether you had to attach the motor to the mounting
brackets or it was already assembled, to ensure that it's running
smoothly and with the least amount of vibration, the pulleys need to
be ...
2025-02-20 07:33:27,288 - DSM_MultiModelExp_llm_rag_ollama:llama3.3:70b-8k - INFO - File: ../data/use_cases_large/PowerDrill/reference_pdfs/R3_combined.pdf
2025-02-20 07:33:27,289 - DSM_MultiModelExp_llm_rag_ollama:llama3.3:70b-8k - INFO - Page: 903
2025-02-20 07:33:27,290 - DSM_MultiModelExp_llm_rag_ollama:llama3.3:70b-8k - INFO - Content: Theory requirements of this unit standard are assessed by you completing a 
Knowledge Assessment Sheet.
Your teacher/tutor might give you a work diary to help you record how you 
make your projects.   ...
2025-02-20 07:33:27,290 - DSM_MultiModelExp_llm_rag_ollama:llama3.3:70b-8k - INFO - File: ../data/use_cases_large/PowerDrill/reference_pdfs/R3_combined.pdf
2025-02-20 07:33:27,291 - DSM_MultiModelExp_llm_rag_ollama:llama3.3:70b-8k - INFO - Page: 858
2025-02-20 07:33:27,292 - DSM_MultiModelExp_llm_rag_ollama:llama3.3:70b-8k - INFO - Content: 9
drills
LET'S SEE, WHERE TO START with the most popular power tool
sold today? As a woodworker you probably own at least one corded
and one cordless drill. Most woodworkers I know have more than one
 ...
2025-02-20 07:33:27,292 - DSM_MultiModelExp_llm_rag_ollama:llama3.3:70b-8k - INFO - Raw Response: final response = [
            [1, 2, 2, 2, 2, 2, 2],
            [2, 1, 2, 2, 2, 2, 2],
            [2, 2, 1, 2, 2, 2, 2],
            [2, 2, 2, 1, 2, 2, 2],
            [2, 2, 2, 2, 1, 2, 2],
            [2, 2, 2, 2, 2, 1, 2],
            [2, 2, 2, 2, 2, 2, 1]
        ]
2025-02-20 07:33:27,293 - DSM_MultiModelExp_llm_rag_ollama:llama3.3:70b-8k - INFO - Response: final response = [
            [1, 2, 2, 2, 2, 2, 2],
            [2, 1, 2, 2, 2, 2, 2],
            [2, 2, 1, 2, 2, 2, 2],
            [2, 2, 2, 1, 2, 2, 2],
            [2, 2, 2, 2, 1, 2, 2],
            [2, 2, 2, 2, 2, 1, 2],
            [2, 2, 2, 2, 2, 2, 1]
        ]
2025-02-20 07:33:27,294 - DSM_MultiModelExp_llm_rag_ollama:llama3.3:70b-8k - INFO - Matrix: [[1, 2, 2, 2, 2, 2, 2], [2, 1, 2, 2, 2, 2, 2], [2, 2, 1, 2, 2, 2, 2], [2, 2, 2, 1, 2, 2, 2], [2, 2, 2, 2, 1, 2, 2], [2, 2, 2, 2, 2, 1, 2], [2, 2, 2, 2, 2, 2, 1]]
2025-02-20 07:33:27,294 - DSM_MultiModelExp_llm_rag_ollama:llama3.3:70b-8k - INFO - Final Matrix:
[[1, 2, 2, 2, 2, 2, 2], [2, 1, 2, 2, 2, 2, 2], [2, 2, 1, 2, 2, 2, 2], [2, 2, 2, 1, 2, 2, 2], [2, 2, 2, 2, 1, 2, 2], [2, 2, 2, 2, 2, 1, 2], [2, 2, 2, 2, 2, 2, 1]]
2025-02-20 07:33:27,295 - DSM_MultiModelExp_llm_rag_ollama:llama3.3:70b-8k - INFO - --------------------------------------------------
2025-02-20 07:33:27,295 - DSM_MultiModelExp_llm_rag_ollama:llama3.3:70b-8k - INFO - Matrix from response.
2025-02-20 07:33:27,296 - DSM_MultiModelExp_llm_rag_ollama:llama3.3:70b-8k - INFO - At run 1/5
2025-02-20 07:33:27,297 - DSM_MultiModelExp_llm_rag_ollama:llama3.3:70b-8k - INFO - Matrix: [[1, 2, 2, 2, 2, 2, 2], [2, 1, 2, 2, 2, 2, 2], [2, 2, 1, 2, 2, 2, 2], [2, 2, 2, 1, 2, 2, 2], [2, 2, 2, 2, 1, 2, 2], [2, 2, 2, 2, 2, 1, 2], [2, 2, 2, 2, 2, 2, 1]]
2025-02-20 07:33:27,297 - DSM_MultiModelExp_llm_rag_ollama:llama3.3:70b-8k - INFO - --------------------------------------------------
2025-02-20 07:33:37,308 - DSM_MultiModelExp_llm_rag_ollama:llama3.3:70b-8k - INFO - Run 2/5
2025-02-20 07:33:37,343 - DSM_MultiModelExp_llm_rag_ollama:llama3.3:70b-8k - INFO - DEBUG: Initializing RAGInference.
2025-02-20 07:33:37,344 - DSM_MultiModelExp_llm_rag_ollama:llama3.3:70b-8k - INFO - Using R-type: ['R3']
2025-02-20 07:33:37,345 - DSM_MultiModelExp_llm_rag_ollama:llama3.3:70b-8k - INFO - Using embedding model:
2025-02-20 07:33:37,384 - DSM_MultiModelExp_llm_rag_ollama:llama3.3:70b-8k - INFO - VectorStoreManager initialized
2025-02-20 07:33:37,385 - DSM_MultiModelExp_llm_rag_ollama:llama3.3:70b-8k - INFO - Set database path to: xLM_DSM/data/vectorstore/PowerDrill/llm_rag/text-embedding-3-small
2025-02-20 07:33:37,393 - DSM_MultiModelExp_llm_rag_ollama:llama3.3:70b-8k - INFO - Collection count: 2855
2025-02-20 07:33:37,396 - DSM_MultiModelExp_llm_rag_ollama:llama3.3:70b-8k - INFO - Initialized RAG inference for system: power screwdriver
2025-02-20 07:33:37,397 - DSM_MultiModelExp_llm_rag_ollama:llama3.3:70b-8k - INFO - Initialized DSM for system: power screwdriver
2025-02-20 07:33:37,398 - DSM_MultiModelExp_llm_rag_ollama:llama3.3:70b-8k - INFO - Inference model: ollama:llama3.3:70b-8k
2025-02-20 07:33:37,399 - DSM_MultiModelExp_llm_rag_ollama:llama3.3:70b-8k - INFO - Predicted Components: ['Motor', 'Battery', 'Gearbox', 'Trigger', 'Chuck', 'Handle', 'Switch']
2025-02-20 07:33:37,400 - DSM_MultiModelExp_llm_rag_ollama:llama3.3:70b-8k - INFO - Number of components: 7
2025-02-20 07:33:37,401 - DSM_MultiModelExp_llm_rag_ollama:llama3.3:70b-8k - INFO - Predicted components for query: ['Motor', 'Battery', 'Gearbox', 'Trigger', 'Chuck', 'Handle', 'Switch']
2025-02-20 07:33:37,402 - DSM_MultiModelExp_llm_rag_ollama:llama3.3:70b-8k - INFO - Query: 
        Please identify system-level proximity relationships (in contact) between the components of Power Screwdriver, as listed below, and represent them in a Design Structure Matrix (DSM) format.  
        The relationships should be articulated in plain English, capturing the essence of their interactions. 
        Here is the list of subsystems/components to analyze: ['Motor', 'Battery', 'Gearbox', 'Trigger', 'Chuck', 'Handle', 'Switch'] 
        The DSM should clearly indicate the interactions between these components as 1 exist and 0 does not exist, considering both the presence and nature of these connections.             
        Present the output in a square matrix format (number of rows and columns MUST be the same as the number of components = 7 for this example), with rows and columns labeled accordingly. 
        Diagonal elements should be 1 in DSM matrix since each component interacts with itself. 
        If you don't know the answer, just write 2 for the specific cell that you are unsure of. A worst case scenario of the **as a list of lists** shown below (diagonal elements are 1 and rest are 2). Don't make up an answer.         final response = [
            [1, 2, 2, 2, 2, 2, 2],
            [2, 1, 2, 2, 2, 2, 2],
            [2, 2, 1, 2, 2, 2, 2],
            [2, 2, 2, 1, 2, 2, 2],
            [2, 2, 2, 2, 1, 2, 2],
            [2, 2, 2, 2, 2, 1, 2],
            [2, 2, 2, 2, 2, 2, 1]
        ]

        IMPORTANT: Your response must **ONLY** contain a valid **as a list of lists** in the following example format 7x7 matrix.         
        The below list of lists is just an example format of your response. **Replace** the values with your **actual analysis** while providing your response with parameter of 'final response'.        
        final response = [
            [1, 0, 0, 0, 0, 0, 0],
            [0, 1, 0, 0, 0, 0, 0],
            [0, 0, 1, 0, 0, 0, 0],
            [0, 0, 0, 1, 0, 0, 0],
            [0, 0, 0, 0, 1, 0, 0],
            [0, 0, 0, 0, 0, 1, 0],
            [0, 0, 0, 0, 0, 0, 1]
        ]

        IMPORTANT: THE FORMAT OF THE OUTPUT MUST BE AS LIST OF LISTS ONLY SIMILAR TO THE ONE ABOVE (NO LATEX, CODE, OR OTHER ENCODINGS).
        
2025-02-20 07:33:51,426 - DSM_MultiModelExp_llm_rag_ollama:llama3.3:70b-8k - INFO - Number of documents retrieved: 4
2025-02-20 07:33:51,428 - DSM_MultiModelExp_llm_rag_ollama:llama3.3:70b-8k - INFO - Documents used for this query:
2025-02-20 07:33:51,428 - DSM_MultiModelExp_llm_rag_ollama:llama3.3:70b-8k - INFO - File: ../data/use_cases_large/PowerDrill/reference_pdfs/R3_combined.pdf
2025-02-20 07:33:51,429 - DSM_MultiModelExp_llm_rag_ollama:llama3.3:70b-8k - INFO - Page: 901
2025-02-20 07:33:51,430 - DSM_MultiModelExp_llm_rag_ollama:llama3.3:70b-8k - INFO - Content: Table of contents
Page
Introduction 4
How you will be assessed 5
Glossary of terms 6
Health and safety 8
Classification 13
Power sources 14
Portable electric drills 17
Cordless power tools 19
Drill at ...
2025-02-20 07:33:51,431 - DSM_MultiModelExp_llm_rag_ollama:llama3.3:70b-8k - INFO - File: ../data/use_cases_large/PowerDrill/reference_pdfs/R3_combined.pdf
2025-02-20 07:33:51,433 - DSM_MultiModelExp_llm_rag_ollama:llama3.3:70b-8k - INFO - Page: 690
2025-02-20 07:33:51,434 - DSM_MultiModelExp_llm_rag_ollama:llama3.3:70b-8k - INFO - Content: The Motor: Whether you had to attach the motor to the mounting
brackets or it was already assembled, to ensure that it's running
smoothly and with the least amount of vibration, the pulleys need to
be ...
2025-02-20 07:33:51,435 - DSM_MultiModelExp_llm_rag_ollama:llama3.3:70b-8k - INFO - File: ../data/use_cases_large/PowerDrill/reference_pdfs/R3_combined.pdf
2025-02-20 07:33:51,435 - DSM_MultiModelExp_llm_rag_ollama:llama3.3:70b-8k - INFO - Page: 903
2025-02-20 07:33:51,437 - DSM_MultiModelExp_llm_rag_ollama:llama3.3:70b-8k - INFO - Content: Theory requirements of this unit standard are assessed by you completing a 
Knowledge Assessment Sheet.
Your teacher/tutor might give you a work diary to help you record how you 
make your projects.   ...
2025-02-20 07:33:51,437 - DSM_MultiModelExp_llm_rag_ollama:llama3.3:70b-8k - INFO - File: ../data/use_cases_large/PowerDrill/reference_pdfs/R3_combined.pdf
2025-02-20 07:33:51,439 - DSM_MultiModelExp_llm_rag_ollama:llama3.3:70b-8k - INFO - Page: 858
2025-02-20 07:33:51,439 - DSM_MultiModelExp_llm_rag_ollama:llama3.3:70b-8k - INFO - Content: 9
drills
LET'S SEE, WHERE TO START with the most popular power tool
sold today? As a woodworker you probably own at least one corded
and one cordless drill. Most woodworkers I know have more than one
 ...
2025-02-20 07:33:51,440 - DSM_MultiModelExp_llm_rag_ollama:llama3.3:70b-8k - INFO - Raw Response: final response = [
            [1, 2, 2, 2, 2, 2, 2],
            [2, 1, 2, 2, 2, 2, 2],
            [2, 2, 1, 2, 2, 2, 2],
            [2, 2, 2, 1, 2, 2, 2],
            [2, 2, 2, 2, 1, 2, 2],
            [2, 2, 2, 2, 2, 1, 2],
            [2, 2, 2, 2, 2, 2, 1]
        ]
2025-02-20 07:33:51,441 - DSM_MultiModelExp_llm_rag_ollama:llama3.3:70b-8k - INFO - Response: final response = [
            [1, 2, 2, 2, 2, 2, 2],
            [2, 1, 2, 2, 2, 2, 2],
            [2, 2, 1, 2, 2, 2, 2],
            [2, 2, 2, 1, 2, 2, 2],
            [2, 2, 2, 2, 1, 2, 2],
            [2, 2, 2, 2, 2, 1, 2],
            [2, 2, 2, 2, 2, 2, 1]
        ]
2025-02-20 07:33:51,443 - DSM_MultiModelExp_llm_rag_ollama:llama3.3:70b-8k - INFO - Matrix: [[1, 2, 2, 2, 2, 2, 2], [2, 1, 2, 2, 2, 2, 2], [2, 2, 1, 2, 2, 2, 2], [2, 2, 2, 1, 2, 2, 2], [2, 2, 2, 2, 1, 2, 2], [2, 2, 2, 2, 2, 1, 2], [2, 2, 2, 2, 2, 2, 1]]
2025-02-20 07:33:51,444 - DSM_MultiModelExp_llm_rag_ollama:llama3.3:70b-8k - INFO - Final Matrix:
[[1, 2, 2, 2, 2, 2, 2], [2, 1, 2, 2, 2, 2, 2], [2, 2, 1, 2, 2, 2, 2], [2, 2, 2, 1, 2, 2, 2], [2, 2, 2, 2, 1, 2, 2], [2, 2, 2, 2, 2, 1, 2], [2, 2, 2, 2, 2, 2, 1]]
2025-02-20 07:33:51,444 - DSM_MultiModelExp_llm_rag_ollama:llama3.3:70b-8k - INFO - --------------------------------------------------
2025-02-20 07:33:51,445 - DSM_MultiModelExp_llm_rag_ollama:llama3.3:70b-8k - INFO - Matrix from response.
2025-02-20 07:33:51,446 - DSM_MultiModelExp_llm_rag_ollama:llama3.3:70b-8k - INFO - At run 2/5
2025-02-20 07:33:51,447 - DSM_MultiModelExp_llm_rag_ollama:llama3.3:70b-8k - INFO - Matrix: [[1, 2, 2, 2, 2, 2, 2], [2, 1, 2, 2, 2, 2, 2], [2, 2, 1, 2, 2, 2, 2], [2, 2, 2, 1, 2, 2, 2], [2, 2, 2, 2, 1, 2, 2], [2, 2, 2, 2, 2, 1, 2], [2, 2, 2, 2, 2, 2, 1]]
2025-02-20 07:33:51,448 - DSM_MultiModelExp_llm_rag_ollama:llama3.3:70b-8k - INFO - --------------------------------------------------
2025-02-20 07:34:01,459 - DSM_MultiModelExp_llm_rag_ollama:llama3.3:70b-8k - INFO - Run 3/5
2025-02-20 07:34:01,493 - DSM_MultiModelExp_llm_rag_ollama:llama3.3:70b-8k - INFO - DEBUG: Initializing RAGInference.
2025-02-20 07:34:01,494 - DSM_MultiModelExp_llm_rag_ollama:llama3.3:70b-8k - INFO - Using R-type: ['R3']
2025-02-20 07:34:01,495 - DSM_MultiModelExp_llm_rag_ollama:llama3.3:70b-8k - INFO - Using embedding model: text-embedding-3-small
2025-02-20 07:34:01,529 - DSM_MultiModelExp_llm_rag_ollama:llama3.3:70b-8k - INFO - VectorStoreManager initialized
2025-02-20 07:34:01,530 - DSM_MultiModelExp_llm_rag_ollama:llama3.3:70b-8k - INFO - Set database path to: xLM_DSM/data/vectorstore/PowerDrill/llm_rag/text-embedding-3-small
2025-02-20 07:34:01,538 - DSM_MultiModelExp_llm_rag_ollama:llama3.3:70b-8k - INFO - Collection count: 2855
2025-02-20 07:34:01,541 - DSM_MultiModelExp_llm_rag_ollama:llama3.3:70b-8k - INFO - Initialized RAG inference for system: power screwdriver
2025-02-20 07:34:01,542 - DSM_MultiModelExp_llm_rag_ollama:llama3.3:70b-8k - INFO - Initialized DSM for system: power screwdriver
2025-02-20 07:34:01,543 - DSM_MultiModelExp_llm_rag_ollama:llama3.3:70b-8k - INFO - Inference model: ollama:llama3.3:70b-8k
2025-02-20 07:34:01,543 - DSM_MultiModelExp_llm_rag_ollama:llama3.3:70b-8k - INFO - Predicted Components: ['Motor', 'Battery', 'Gearbox', 'Trigger', 'Chuck', 'Handle', 'Switch']
2025-02-20 07:34:01,544 - DSM_MultiModelExp_llm_rag_ollama:llama3.3:70b-8k - INFO - Number of components: 7
2025-02-20 07:34:01,545 - DSM_MultiModelExp_llm_rag_ollama:llama3.3:70b-8k - INFO - Predicted components for query: ['Motor', 'Battery', 'Gearbox', 'Trigger', 'Chuck', 'Handle', 'Switch']
2025-02-20 07:34:01,545 - DSM_MultiModelExp_llm_rag_ollama:llama3.3:70b-8k - INFO - Query: 
        Please identify system-level proximity relationships (in contact) between the components of Power Screwdriver, as listed below, and represent them in a Design Structure Matrix (DSM) format.  
        The relationships should be articulated in plain English, capturing the essence of their interactions. 
        Here is the list of subsystems/components to analyze: ['Motor', 'Battery', 'Gearbox', 'Trigger', 'Chuck', 'Handle', 'Switch'] 
        The DSM should clearly indicate the interactions between these components as 1 exist and 0 does not exist, considering both the presence and nature of these connections.             
        Present the output in a square matrix format (number of rows and columns MUST be the same as the number of components = 7 for this example), with rows and columns labeled accordingly. 
        Diagonal elements should be 1 in DSM matrix since each component interacts with itself. 
        If you don't know the answer, just write 2 for the specific cell that you are unsure of. A worst case scenario of the **as a list of lists** shown below (diagonal elements are 1 and rest are 2). Don't make up an answer.         final response = [
            [1, 2, 2, 2, 2, 2, 2],
            [2, 1, 2, 2, 2, 2, 2],
            [2, 2, 1, 2, 2, 2, 2],
            [2, 2, 2, 1, 2, 2, 2],
            [2, 2, 2, 2, 1, 2, 2],
            [2, 2, 2, 2, 2, 1, 2],
            [2, 2, 2, 2, 2, 2, 1]
        ]

        IMPORTANT: Your response must **ONLY** contain a valid **as a list of lists** in the following example format 7x7 matrix.         
        The below list of lists is just an example format of your response. **Replace** the values with your **actual analysis** while providing your response with parameter of 'final response'.        
        final response = [
            [1, 0, 0, 0, 0, 0, 0],
            [0, 1, 0, 0, 0, 0, 0],
            [0, 0, 1, 0, 0, 0, 0],
            [0, 0, 0, 1, 0, 0, 0],
            [0, 0, 0, 0, 1, 0, 0],
            [0, 0, 0, 0, 0, 1, 0],
            [0, 0, 0, 0, 0, 0, 1]
        ]

        IMPORTANT: THE FORMAT OF THE OUTPUT MUST BE AS LIST OF LISTS ONLY SIMILAR TO THE ONE ABOVE (NO LATEX, CODE, OR OTHER ENCODINGS).
        
2025-02-20 07:34:15,856 - DSM_MultiModelExp_llm_rag_ollama:llama3.3:70b-8k - INFO - Number of documents retrieved: 4
2025-02-20 07:34:15,857 - DSM_MultiModelExp_llm_rag_ollama:llama3.3:70b-8k - INFO - Documents used for this query:
2025-02-20 07:34:15,858 - DSM_MultiModelExp_llm_rag_ollama:llama3.3:70b-8k - INFO - File: ../data/use_cases_large/PowerDrill/reference_pdfs/R3_combined.pdf
2025-02-20 07:34:15,859 - DSM_MultiModelExp_llm_rag_ollama:llama3.3:70b-8k - INFO - Page: 901
2025-02-20 07:34:15,860 - DSM_MultiModelExp_llm_rag_ollama:llama3.3:70b-8k - INFO - Content: Table of contents
Page
Introduction 4
How you will be assessed 5
Glossary of terms 6
Health and safety 8
Classification 13
Power sources 14
Portable electric drills 17
Cordless power tools 19
Drill at ...
2025-02-20 07:34:15,861 - DSM_MultiModelExp_llm_rag_ollama:llama3.3:70b-8k - INFO - File: ../data/use_cases_large/PowerDrill/reference_pdfs/R3_combined.pdf
2025-02-20 07:34:15,862 - DSM_MultiModelExp_llm_rag_ollama:llama3.3:70b-8k - INFO - Page: 690
2025-02-20 07:34:15,863 - DSM_MultiModelExp_llm_rag_ollama:llama3.3:70b-8k - INFO - Content: The Motor: Whether you had to attach the motor to the mounting
brackets or it was already assembled, to ensure that it's running
smoothly and with the least amount of vibration, the pulleys need to
be ...
2025-02-20 07:34:15,864 - DSM_MultiModelExp_llm_rag_ollama:llama3.3:70b-8k - INFO - File: ../data/use_cases_large/PowerDrill/reference_pdfs/R3_combined.pdf
2025-02-20 07:34:15,865 - DSM_MultiModelExp_llm_rag_ollama:llama3.3:70b-8k - INFO - Page: 903
2025-02-20 07:34:15,866 - DSM_MultiModelExp_llm_rag_ollama:llama3.3:70b-8k - INFO - Content: Theory requirements of this unit standard are assessed by you completing a 
Knowledge Assessment Sheet.
Your teacher/tutor might give you a work diary to help you record how you 
make your projects.   ...
2025-02-20 07:34:15,867 - DSM_MultiModelExp_llm_rag_ollama:llama3.3:70b-8k - INFO - File: ../data/use_cases_large/PowerDrill/reference_pdfs/R3_combined.pdf
2025-02-20 07:34:15,867 - DSM_MultiModelExp_llm_rag_ollama:llama3.3:70b-8k - INFO - Page: 858
2025-02-20 07:34:15,868 - DSM_MultiModelExp_llm_rag_ollama:llama3.3:70b-8k - INFO - Content: 9
drills
LET'S SEE, WHERE TO START with the most popular power tool
sold today? As a woodworker you probably own at least one corded
and one cordless drill. Most woodworkers I know have more than one
 ...
2025-02-20 07:34:15,869 - DSM_MultiModelExp_llm_rag_ollama:llama3.3:70b-8k - INFO - Raw Response: final response = [
            [1, 2, 2, 2, 2, 2, 2],
            [2, 1, 2, 2, 2, 2, 2],
            [2, 2, 1, 2, 2, 2, 2],
            [2, 2, 2, 1, 2, 2, 2],
            [2, 2, 2, 2, 1, 2, 2],
            [2, 2, 2, 2, 2, 1, 2],
            [2, 2, 2, 2, 2, 2, 1]
        ]
2025-02-20 07:34:15,870 - DSM_MultiModelExp_llm_rag_ollama:llama3.3:70b-8k - INFO - Response: final response = [
            [1, 2, 2, 2, 2, 2, 2],
            [2, 1, 2, 2, 2, 2, 2],
            [2, 2, 1, 2, 2, 2, 2],
            [2, 2, 2, 1, 2, 2, 2],
            [2, 2, 2, 2, 1, 2, 2],
            [2, 2, 2, 2, 2, 1, 2],
            [2, 2, 2, 2, 2, 2, 1]
        ]
2025-02-20 07:34:15,871 - DSM_MultiModelExp_llm_rag_ollama:llama3.3:70b-8k - INFO - Matrix: [[1, 2, 2, 2, 2, 2, 2], [2, 1, 2, 2, 2, 2, 2], [2, 2, 1, 2, 2, 2, 2], [2, 2, 2, 1, 2, 2, 2], [2, 2, 2, 2, 1, 2, 2], [2, 2, 2, 2, 2, 1, 2], [2, 2, 2, 2, 2, 2, 1]]
2025-02-20 07:34:15,872 - DSM_MultiModelExp_llm_rag_ollama:llama3.3:70b-8k - INFO - Final Matrix:
[[1, 2, 2, 2, 2, 2, 2], [2, 1, 2, 2, 2, 2, 2], [2, 2, 1, 2, 2, 2, 2], [2, 2, 2, 1, 2, 2, 2], [2, 2, 2, 2, 1, 2, 2], [2, 2, 2, 2, 2, 1, 2], [2, 2, 2, 2, 2, 2, 1]]
2025-02-20 07:34:15,873 - DSM_MultiModelExp_llm_rag_ollama:llama3.3:70b-8k - INFO - --------------------------------------------------
2025-02-20 07:34:15,873 - DSM_MultiModelExp_llm_rag_ollama:llama3.3:70b-8k - INFO - Matrix from response.
2025-02-20 07:34:15,874 - DSM_MultiModelExp_llm_rag_ollama:llama3.3:70b-8k - INFO - At run 3/5
2025-02-20 07:34:15,875 - DSM_MultiModelExp_llm_rag_ollama:llama3.3:70b-8k - INFO - Matrix: [[1, 2, 2, 2, 2, 2, 2], [2, 1, 2, 2, 2, 2, 2], [2, 2, 1, 2, 2, 2, 2], [2, 2, 2, 1, 2, 2, 2], [2, 2, 2, 2, 1, 2, 2], [2, 2, 2, 2, 2, 1, 2], [2, 2, 2, 2, 2, 2, 1]]
2025-02-20 07:34:15,876 - DSM_MultiModelExp_llm_rag_ollama:llama3.3:70b-8k - INFO - --------------------------------------------------
2025-02-20 07:34:25,887 - DSM_MultiModelExp_llm_rag_ollama:llama3.3:70b-8k - INFO - Run 4/5
2025-02-20 07:34:25,923 - DSM_MultiModelExp_llm_rag_ollama:llama3.3:70b-8k - INFO - DEBUG: Initializing RAGInference.
2025-02-20 07:34:25,923 - DSM_MultiModelExp_llm_rag_ollama:llama3.3:70b-8k - INFO - Using R-type: ['R3']
2025-02-20 07:34:25,924 - DSM_MultiModelExp_llm_rag_ollama:llama3.3:70b-8k - INFO - Using embedding model: text-embedding-3-small
2025-02-20 07:34:25,960 - DSM_MultiModelExp_llm_rag_ollama:llama3.3:70b-8k - INFO - VectorStoreManager initialized
2025-02-20 07:34:25,960 - DSM_MultiModelExp_llm_rag_ollama:llama3.3:70b-8k - INFO - Set database path to: xLM_DSM/data/vectorstore/PowerDrill/llm_rag/text-embedding-3-small
2025-02-20 07:34:25,969 - DSM_MultiModelExp_llm_rag_ollama:llama3.3:70b-8k - INFO - Collection count: 2855
2025-02-20 07:34:25,972 - DSM_MultiModelExp_llm_rag_ollama:llama3.3:70b-8k - INFO - Initialized RAG inference for system: power screwdriver
2025-02-20 07:34:25,973 - DSM_MultiModelExp_llm_rag_ollama:llama3.3:70b-8k - INFO - Initialized DSM for system: power screwdriver
2025-02-20 07:34:25,974 - DSM_MultiModelExp_llm_rag_ollama:llama3.3:70b-8k - INFO - Inference model: ollama:llama3.3:70b-8k
2025-02-20 07:34:25,975 - DSM_MultiModelExp_llm_rag_ollama:llama3.3:70b-8k - INFO - Predicted Components: ['Motor', 'Battery', 'Gearbox', 'Trigger', 'Chuck', 'Handle', 'Switch']
2025-02-20 07:34:25,976 - DSM_MultiModelExp_llm_rag_ollama:llama3.3:70b-8k - INFO - Number of components: 7
2025-02-20 07:34:25,977 - DSM_MultiModelExp_llm_rag_ollama:llama3.3:70b-8k - INFO - Predicted components for query: ['Motor', 'Battery', 'Gearbox', 'Trigger', 'Chuck', 'Handle', 'Switch']
2025-02-20 07:34:25,977 - DSM_MultiModelExp_llm_rag_ollama:llama3.3:70b-8k - INFO - Query: 
        Please identify system-level proximity relationships (in contact) between the components of Power Screwdriver, as listed below, and represent them in a Design Structure Matrix (DSM) format.  
        The relationships should be articulated in plain English, capturing the essence of their interactions. 
        Here is the list of subsystems/components to analyze: ['Motor', 'Battery', 'Gearbox', 'Trigger', 'Chuck', 'Handle', 'Switch'] 
        The DSM should clearly indicate the interactions between these components as 1 exist and 0 does not exist, considering both the presence and nature of these connections.             
        Present the output in a square matrix format (number of rows and columns MUST be the same as the number of components = 7 for this example), with rows and columns labeled accordingly. 
        Diagonal elements should be 1 in DSM matrix since each component interacts with itself. 
        If you don't know the answer, just write 2 for the specific cell that you are unsure of. A worst case scenario of the **as a list of lists** shown below (diagonal elements are 1 and rest are 2). Don't make up an answer.         final response = [
            [1, 2, 2, 2, 2, 2, 2],
            [2, 1, 2, 2, 2, 2, 2],
            [2, 2, 1, 2, 2, 2, 2],
            [2, 2, 2, 1, 2, 2, 2],
            [2, 2, 2, 2, 1, 2, 2],
            [2, 2, 2, 2, 2, 1, 2],
            [2, 2, 2, 2, 2, 2, 1]
        ]

        IMPORTANT: Your response must **ONLY** contain a valid **as a list of lists** in the following example format 7x7 matrix.         
        The below list of lists is just an example format of your response. **Replace** the values with your **actual analysis** while providing your response with parameter of 'final response'.        
        final response = [
            [1, 0, 0, 0, 0, 0, 0],
            [0, 1, 0, 0, 0, 0, 0],
            [0, 0, 1, 0, 0, 0, 0],
            [0, 0, 0, 1, 0, 0, 0],
            [0, 0, 0, 0, 1, 0, 0],
            [0, 0, 0, 0, 0, 1, 0],
            [0, 0, 0, 0, 0, 0, 1]
        ]

        IMPORTANT: THE FORMAT OF THE OUTPUT MUST BE AS LIST OF LISTS ONLY SIMILAR TO THE ONE ABOVE (NO LATEX, CODE, OR OTHER ENCODINGS).
        
2025-02-20 07:34:40,708 - DSM_MultiModelExp_llm_rag_ollama:llama3.3:70b-8k - INFO - Number of documents retrieved: 4
2025-02-20 07:34:40,709 - DSM_MultiModelExp_llm_rag_ollama:llama3.3:70b-8k - INFO - Documents used for this query:
2025-02-20 07:34:40,710 - DSM_MultiModelExp_llm_rag_ollama:llama3.3:70b-8k - INFO - File: ../data/use_cases_large/PowerDrill/reference_pdfs/R3_combined.pdf
2025-02-20 07:34:40,711 - DSM_MultiModelExp_llm_rag_ollama:llama3.3:70b-8k - INFO - Page: 901
2025-02-20 07:34:40,711 - DSM_MultiModelExp_llm_rag_ollama:llama3.3:70b-8k - INFO - Content: Table of contents
Page
Introduction 4
How you will be assessed 5
Glossary of terms 6
Health and safety 8
Classification 13
Power sources 14
Portable electric drills 17
Cordless power tools 19
Drill at ...
2025-02-20 07:34:40,712 - DSM_MultiModelExp_llm_rag_ollama:llama3.3:70b-8k - INFO - File: ../data/use_cases_large/PowerDrill/reference_pdfs/R3_combined.pdf
2025-02-20 07:34:40,713 - DSM_MultiModelExp_llm_rag_ollama:llama3.3:70b-8k - INFO - Page: 690
2025-02-20 07:34:40,714 - DSM_MultiModelExp_llm_rag_ollama:llama3.3:70b-8k - INFO - Content: The Motor: Whether you had to attach the motor to the mounting
brackets or it was already assembled, to ensure that it's running
smoothly and with the least amount of vibration, the pulleys need to
be ...
2025-02-20 07:34:40,715 - DSM_MultiModelExp_llm_rag_ollama:llama3.3:70b-8k - INFO - File: ../data/use_cases_large/PowerDrill/reference_pdfs/R3_combined.pdf
2025-02-20 07:34:40,716 - DSM_MultiModelExp_llm_rag_ollama:llama3.3:70b-8k - INFO - Page: 903
2025-02-20 07:34:40,717 - DSM_MultiModelExp_llm_rag_ollama:llama3.3:70b-8k - INFO - Content: Theory requirements of this unit standard are assessed by you completing a 
Knowledge Assessment Sheet.
Your teacher/tutor might give you a work diary to help you record how you 
make your projects.   ...
2025-02-20 07:34:40,718 - DSM_MultiModelExp_llm_rag_ollama:llama3.3:70b-8k - INFO - File: ../data/use_cases_large/PowerDrill/reference_pdfs/R3_combined.pdf
2025-02-20 07:34:40,719 - DSM_MultiModelExp_llm_rag_ollama:llama3.3:70b-8k - INFO - Page: 858
2025-02-20 07:34:40,720 - DSM_MultiModelExp_llm_rag_ollama:llama3.3:70b-8k - INFO - Content: 9
drills
LET'S SEE, WHERE TO START with the most popular power tool
sold today? As a woodworker you probably own at least one corded
and one cordless drill. Most woodworkers I know have more than one
 ...
2025-02-20 07:34:40,721 - DSM_MultiModelExp_llm_rag_ollama:llama3.3:70b-8k - INFO - Raw Response: final response = [
            [1, 2, 2, 2, 2, 2, 2],
            [2, 1, 2, 2, 2, 2, 2],
            [2, 2, 1, 2, 2, 2, 2],
            [2, 2, 2, 1, 2, 2, 2],
            [2, 2, 2, 2, 1, 2, 2],
            [2, 2, 2, 2, 2, 1, 2],
            [2, 2, 2, 2, 2, 2, 1]
        ]
2025-02-20 07:34:40,722 - DSM_MultiModelExp_llm_rag_ollama:llama3.3:70b-8k - INFO - Response: final response = [
            [1, 2, 2, 2, 2, 2, 2],
            [2, 1, 2, 2, 2, 2, 2],
            [2, 2, 1, 2, 2, 2, 2],
            [2, 2, 2, 1, 2, 2, 2],
            [2, 2, 2, 2, 1, 2, 2],
            [2, 2, 2, 2, 2, 1, 2],
            [2, 2, 2, 2, 2, 2, 1]
        ]
2025-02-20 07:34:40,723 - DSM_MultiModelExp_llm_rag_ollama:llama3.3:70b-8k - INFO - Matrix: [[1, 2, 2, 2, 2, 2, 2], [2, 1, 2, 2, 2, 2, 2], [2, 2, 1, 2, 2, 2, 2], [2, 2, 2, 1, 2, 2, 2], [2, 2, 2, 2, 1, 2, 2], [2, 2, 2, 2, 2, 1, 2], [2, 2, 2, 2, 2, 2, 1]]
2025-02-20 07:34:40,723 - DSM_MultiModelExp_llm_rag_ollama:llama3.3:70b-8k - INFO - Final Matrix:
[[1, 2, 2, 2, 2, 2, 2], [2, 1, 2, 2, 2, 2, 2], [2, 2, 1, 2, 2, 2, 2], [2, 2, 2, 1, 2, 2, 2], [2, 2, 2, 2, 1, 2, 2], [2, 2, 2, 2, 2, 1, 2], [2, 2, 2, 2, 2, 2, 1]]
2025-02-20 07:34:40,725 - DSM_MultiModelExp_llm_rag_ollama:llama3.3:70b-8k - INFO - --------------------------------------------------
2025-02-20 07:34:40,725 - DSM_MultiModelExp_llm_rag_ollama:llama3.3:70b-8k - INFO - Matrix from response.
2025-02-20 07:34:40,726 - DSM_MultiModelExp_llm_rag_ollama:llama3.3:70b-8k - INFO - At run 4/5
2025-02-20 07:34:40,727 - DSM_MultiModelExp_llm_rag_ollama:llama3.3:70b-8k - INFO - Matrix: [[1, 2, 2, 2, 2, 2, 2], [2, 1, 2, 2, 2, 2, 2], [2, 2, 1, 2, 2, 2, 2], [2, 2, 2, 1, 2, 2, 2], [2, 2, 2, 2, 1, 2, 2], [2, 2, 2, 2, 2, 1, 2], [2, 2, 2, 2, 2, 2, 1]]
2025-02-20 07:34:40,728 - DSM_MultiModelExp_llm_rag_ollama:llama3.3:70b-8k - INFO - --------------------------------------------------
2025-02-20 07:34:50,739 - DSM_MultiModelExp_llm_rag_ollama:llama3.3:70b-8k - INFO - Run 5/5
2025-02-20 07:34:50,777 - DSM_MultiModelExp_llm_rag_ollama:llama3.3:70b-8k - INFO - DEBUG: Initializing RAGInference.
2025-02-20 07:34:50,778 - DSM_MultiModelExp_llm_rag_ollama:llama3.3:70b-8k - INFO - Using R-type: ['R3']
2025-02-20 07:34:50,779 - DSM_MultiModelExp_llm_rag_ollama:llama3.3:70b-8k - INFO - Using embedding model: text-embedding-3-small
2025-02-20 07:34:50,814 - DSM_MultiModelExp_llm_rag_ollama:llama3.3:70b-8k - INFO - VectorStoreManager initialized
2025-02-20 07:34:50,815 - DSM_MultiModelExp_llm_rag_ollama:llama3.3:70b-8k - INFO - Set database path to: xLM_DSM/data/vectorstore/PowerDrill/llm_rag/text-embedding-3-small
2025-02-20 07:34:50,824 - DSM_MultiModelExp_llm_rag_ollama:llama3.3:70b-8k - INFO - Collection count: 2855
2025-02-20 07:34:50,827 - DSM_MultiModelExp_llm_rag_ollama:llama3.3:70b-8k - INFO - Initialized RAG inference for system: power screwdriver
2025-02-20 07:34:50,828 - DSM_MultiModelExp_llm_rag_ollama:llama3.3:70b-8k - INFO - Initialized DSM for system: power screwdriver
2025-02-20 07:34:50,829 - DSM_MultiModelExp_llm_rag_ollama:llama3.3:70b-8k - INFO - Inference model: ollama:llama3.3:70b-8k
2025-02-20 07:34:50,830 - DSM_MultiModelExp_llm_rag_ollama:llama3.3:70b-8k - INFO - Predicted Components: ['Motor', 'Battery', 'Gearbox', 'Trigger', 'Chuck', 'Handle', 'Switch']
2025-02-20 07:34:50,831 - DSM_MultiModelExp_llm_rag_ollama:llama3.3:70b-8k - INFO - Number of components: 7
2025-02-20 07:34:50,831 - DSM_MultiModelExp_llm_rag_ollama:llama3.3:70b-8k - INFO - Predicted components for query: ['Motor', 'Battery', 'Gearbox', 'Trigger', 'Chuck', 'Handle', 'Switch']
2025-02-20 07:34:50,832 - DSM_MultiModelExp_llm_rag_ollama:llama3.3:70b-8k - INFO - Query: 
        Please identify system-level proximity relationships (in contact) between the components of Power Screwdriver, as listed below, and represent them in a Design Structure Matrix (DSM) format.  
        The relationships should be articulated in plain English, capturing the essence of their interactions. 
        Here is the list of subsystems/components to analyze: ['Motor', 'Battery', 'Gearbox', 'Trigger', 'Chuck', 'Handle', 'Switch'] 
        The DSM should clearly indicate the interactions between these components as 1 exist and 0 does not exist, considering both the presence and nature of these connections.             
        Present the output in a square matrix format (number of rows and columns MUST be the same as the number of components = 7 for this example), with rows and columns labeled accordingly. 
        Diagonal elements should be 1 in DSM matrix since each component interacts with itself. 
        If you don't know the answer, just write 2 for the specific cell that you are unsure of. A worst case scenario of the **as a list of lists** shown below (diagonal elements are 1 and rest are 2). Don't make up an answer.         final response = [
            [1, 2, 2, 2, 2, 2, 2],
            [2, 1, 2, 2, 2, 2, 2],
            [2, 2, 1, 2, 2, 2, 2],
            [2, 2, 2, 1, 2, 2, 2],
            [2, 2, 2, 2, 1, 2, 2],
            [2, 2, 2, 2, 2, 1, 2],
            [2, 2, 2, 2, 2, 2, 1]
        ]

        IMPORTANT: Your response must **ONLY** contain a valid **as a list of lists** in the following example format 7x7 matrix.         
        The below list of lists is just an example format of your response. **Replace** the values with your **actual analysis** while providing your response with parameter of 'final response'.        
        final response = [
            [1, 0, 0, 0, 0, 0, 0],
            [0, 1, 0, 0, 0, 0, 0],
            [0, 0, 1, 0, 0, 0, 0],
            [0, 0, 0, 1, 0, 0, 0],
            [0, 0, 0, 0, 1, 0, 0],
            [0, 0, 0, 0, 0, 1, 0],
            [0, 0, 0, 0, 0, 0, 1]
        ]

        IMPORTANT: THE FORMAT OF THE OUTPUT MUST BE AS LIST OF LISTS ONLY SIMILAR TO THE ONE ABOVE (NO LATEX, CODE, OR OTHER ENCODINGS).
        
2025-02-20 07:35:04,848 - DSM_MultiModelExp_llm_rag_ollama:llama3.3:70b-8k - INFO - Number of documents retrieved: 4
2025-02-20 07:35:04,849 - DSM_MultiModelExp_llm_rag_ollama:llama3.3:70b-8k - INFO - Documents used for this query:
2025-02-20 07:35:04,850 - DSM_MultiModelExp_llm_rag_ollama:llama3.3:70b-8k - INFO - File: ../data/use_cases_large/PowerDrill/reference_pdfs/R3_combined.pdf
2025-02-20 07:35:04,850 - DSM_MultiModelExp_llm_rag_ollama:llama3.3:70b-8k - INFO - Page: 901
2025-02-20 07:35:04,851 - DSM_MultiModelExp_llm_rag_ollama:llama3.3:70b-8k - INFO - Content: Table of contents
Page
Introduction 4
How you will be assessed 5
Glossary of terms 6
Health and safety 8
Classification 13
Power sources 14
Portable electric drills 17
Cordless power tools 19
Drill at ...
2025-02-20 07:35:04,852 - DSM_MultiModelExp_llm_rag_ollama:llama3.3:70b-8k - INFO - File: ../data/use_cases_large/PowerDrill/reference_pdfs/R3_combined.pdf
2025-02-20 07:35:04,853 - DSM_MultiModelExp_llm_rag_ollama:llama3.3:70b-8k - INFO - Page: 690
2025-02-20 07:35:04,854 - DSM_MultiModelExp_llm_rag_ollama:llama3.3:70b-8k - INFO - Content: The Motor: Whether you had to attach the motor to the mounting
brackets or it was already assembled, to ensure that it's running
smoothly and with the least amount of vibration, the pulleys need to
be ...
2025-02-20 07:35:04,855 - DSM_MultiModelExp_llm_rag_ollama:llama3.3:70b-8k - INFO - File: ../data/use_cases_large/PowerDrill/reference_pdfs/R3_combined.pdf
2025-02-20 07:35:04,856 - DSM_MultiModelExp_llm_rag_ollama:llama3.3:70b-8k - INFO - Page: 903
2025-02-20 07:35:04,857 - DSM_MultiModelExp_llm_rag_ollama:llama3.3:70b-8k - INFO - Content: Theory requirements of this unit standard are assessed by you completing a 
Knowledge Assessment Sheet.
Your teacher/tutor might give you a work diary to help you record how you 
make your projects.   ...
2025-02-20 07:35:04,858 - DSM_MultiModelExp_llm_rag_ollama:llama3.3:70b-8k - INFO - File: ../data/use_cases_large/PowerDrill/reference_pdfs/R3_combined.pdf
2025-02-20 07:35:04,859 - DSM_MultiModelExp_llm_rag_ollama:llama3.3:70b-8k - INFO - Page: 858
2025-02-20 07:35:04,859 - DSM_MultiModelExp_llm_rag_ollama:llama3.3:70b-8k - INFO - Content: 9
drills
LET'S SEE, WHERE TO START with the most popular power tool
sold today? As a woodworker you probably own at least one corded
and one cordless drill. Most woodworkers I know have more than one
 ...
2025-02-20 07:35:04,860 - DSM_MultiModelExp_llm_rag_ollama:llama3.3:70b-8k - INFO - Raw Response: final response = [
            [1, 2, 2, 2, 2, 2, 2],
            [2, 1, 2, 2, 2, 2, 2],
            [2, 2, 1, 2, 2, 2, 2],
            [2, 2, 2, 1, 2, 2, 2],
            [2, 2, 2, 2, 1, 2, 2],
            [2, 2, 2, 2, 2, 1, 2],
            [2, 2, 2, 2, 2, 2, 1]
        ]
2025-02-20 07:35:04,861 - DSM_MultiModelExp_llm_rag_ollama:llama3.3:70b-8k - INFO - Response: final response = [
            [1, 2, 2, 2, 2, 2, 2],
            [2, 1, 2, 2, 2, 2, 2],
            [2, 2, 1, 2, 2, 2, 2],
            [2, 2, 2, 1, 2, 2, 2],
            [2, 2, 2, 2, 1, 2, 2],
            [2, 2, 2, 2, 2, 1, 2],
            [2, 2, 2, 2, 2, 2, 1]
        ]
2025-02-20 07:35:04,862 - DSM_MultiModelExp_llm_rag_ollama:llama3.3:70b-8k - INFO - Matrix: [[1, 2, 2, 2, 2, 2, 2], [2, 1, 2, 2, 2, 2, 2], [2, 2, 1, 2, 2, 2, 2], [2, 2, 2, 1, 2, 2, 2], [2, 2, 2, 2, 1, 2, 2], [2, 2, 2, 2, 2, 1, 2], [2, 2, 2, 2, 2, 2, 1]]
2025-02-20 07:35:04,863 - DSM_MultiModelExp_llm_rag_ollama:llama3.3:70b-8k - INFO - Final Matrix:
[[1, 2, 2, 2, 2, 2, 2], [2, 1, 2, 2, 2, 2, 2], [2, 2, 1, 2, 2, 2, 2], [2, 2, 2, 1, 2, 2, 2], [2, 2, 2, 2, 1, 2, 2], [2, 2, 2, 2, 2, 1, 2], [2, 2, 2, 2, 2, 2, 1]]
2025-02-20 07:35:04,864 - DSM_MultiModelExp_llm_rag_ollama:llama3.3:70b-8k - INFO - --------------------------------------------------
2025-02-20 07:35:04,865 - DSM_MultiModelExp_llm_rag_ollama:llama3.3:70b-8k - INFO - Matrix from response.
2025-02-20 07:35:04,866 - DSM_MultiModelExp_llm_rag_ollama:llama3.3:70b-8k - INFO - At run 5/5
2025-02-20 07:35:04,866 - DSM_MultiModelExp_llm_rag_ollama:llama3.3:70b-8k - INFO - Matrix: [[1, 2, 2, 2, 2, 2, 2], [2, 1, 2, 2, 2, 2, 2], [2, 2, 1, 2, 2, 2, 2], [2, 2, 2, 1, 2, 2, 2], [2, 2, 2, 2, 1, 2, 2], [2, 2, 2, 2, 2, 1, 2], [2, 2, 2, 2, 2, 2, 1]]
2025-02-20 07:35:04,867 - DSM_MultiModelExp_llm_rag_ollama:llama3.3:70b-8k - INFO - --------------------------------------------------
2025-02-20 07:35:14,878 - DSM_MultiModelExp_llm_rag_ollama:llama3.3:70b-8k - INFO - Duration of reference combination {'R3': [{'path': '../data/use_cases_large/PowerDrill/reference_pdfs/R3_combined.pdf'}]}: 0:02:11.618705
2025-02-20 07:35:14,879 - DSM_MultiModelExp_llm_rag_ollama:llama3.3:70b-8k - INFO - ++++++++++++++++++++++++++++++++++++++++++++++++++++++++++++++++++++++++++++++++++++++++++++++++++++
2025-02-20 07:35:14,880 - DSM_MultiModelExp_llm_rag_ollama:llama3.3:70b-8k - INFO - Run 1/5
2025-02-20 07:35:14,918 - DSM_MultiModelExp_llm_rag_ollama:llama3.3:70b-8k - INFO - DEBUG: Initializing RAGInference.
2025-02-20 07:35:14,918 - DSM_MultiModelExp_llm_rag_ollama:llama3.3:70b-8k - INFO - Using R-type: ['R1', 'R2']
2025-02-20 07:35:14,919 - DSM_MultiModelExp_llm_rag_ollama:llama3.3:70b-8k - INFO - Using embedding model: text-embedding-3-small
2025-02-20 07:35:14,961 - DSM_MultiModelExp_llm_rag_ollama:llama3.3:70b-8k - INFO - VectorStoreManager initialized
2025-02-20 07:35:14,962 - DSM_MultiModelExp_llm_rag_ollama:llama3.3:70b-8k - INFO - Set database path to: xLM_DSM/data/vectorstore/PowerDrill/llm_rag/text-embedding-3-small
2025-02-20 07:35:14,990 - DSM_MultiModelExp_llm_rag_ollama:llama3.3:70b-8k - INFO - Collection count: 2855
2025-02-20 07:35:14,994 - DSM_MultiModelExp_llm_rag_ollama:llama3.3:70b-8k - INFO - Initialized RAG inference for system: power screwdriver
2025-02-20 07:35:14,995 - DSM_MultiModelExp_llm_rag_ollama:llama3.3:70b-8k - INFO - Initialized DSM for system: power screwdriver
2025-02-20 07:35:14,995 - DSM_MultiModelExp_llm_rag_ollama:llama3.3:70b-8k - INFO - Inference model: ollama:llama3.3:70b-8k
2025-02-20 07:35:14,997 - DSM_MultiModelExp_llm_rag_ollama:llama3.3:70b-8k - INFO - Prompt (attempt 1/3): 
            Please identify the major components of power screwdriver in the engineering based on proximity relationships.             
            The number of components must not exceed 7 (can be equal) and must be a list of strings.             
            Please do not identify similar components that will work together under subsystem level since our interest is to identify the major components that form the core architecture of the system.             
            Here is an example of the components for made-up system:             
            final response = [ "component 1", "component 2", "component 3", "component 4", "component 5" ]             
            IMPORTANT: THE FORMAT OF THE OUTPUT MUST BE AS A LIST OF STRINGS ONLY SIMILAR TO THE ONE ABOVE (NO LATEX, NO CODE, NO DESCRIPTION, OR OTHER ENCODINGS).              
2025-02-20 07:35:20,375 - DSM_MultiModelExp_llm_rag_ollama:llama3.3:70b-8k - INFO - Number of documents retrieved: 4
2025-02-20 07:35:20,376 - DSM_MultiModelExp_llm_rag_ollama:llama3.3:70b-8k - INFO - Documents used for this query:
2025-02-20 07:35:20,395 - DSM_MultiModelExp_llm_rag_ollama:llama3.3:70b-8k - INFO - File: ../data/use_cases_large/PowerDrill/reference_pdfs/R1_combined.pdf
2025-02-20 07:35:20,396 - DSM_MultiModelExp_llm_rag_ollama:llama3.3:70b-8k - INFO - Page: 34
2025-02-20 07:35:20,396 - DSM_MultiModelExp_llm_rag_ollama:llama3.3:70b-8k - INFO - Content: power	
  screwdriver	
   158	
  5.9	
   (a)	
  –	
  (c)	
  binary	
  adjacency	
  matrices	
  and	
  spy	
  plots	
  for	
  screwdrivers	
   159	
  5.10	
   Sample	
  distribution	
  for	
  a	
  screw ...
2025-02-20 07:35:20,398 - DSM_MultiModelExp_llm_rag_ollama:llama3.3:70b-8k - INFO - File: ../data/use_cases_large/PowerDrill/reference_pdfs/R1_combined.pdf
2025-02-20 07:35:20,398 - DSM_MultiModelExp_llm_rag_ollama:llama3.3:70b-8k - INFO - Page: 181
2025-02-20 07:35:20,399 - DSM_MultiModelExp_llm_rag_ollama:llama3.3:70b-8k - INFO - Content: Fig.	
  5.8:	
  Components	
  of	
  the	
  Black	
  &	
  Decker	
  alkaline	
  screwdriver	
  [Tilstra,	
  2010].	
  	
   The	
   developed	
   Product	
   Design	
   Structure	
   Matrices	
   (DSM)	 ...
2025-02-20 07:35:20,400 - DSM_MultiModelExp_llm_rag_ollama:llama3.3:70b-8k - INFO - File: ../data/use_cases_large/PowerDrill/reference_pdfs/R1_combined.pdf
2025-02-20 07:35:20,401 - DSM_MultiModelExp_llm_rag_ollama:llama3.3:70b-8k - INFO - Page: 183
2025-02-20 07:35:20,402 - DSM_MultiModelExp_llm_rag_ollama:llama3.3:70b-8k - INFO - Content: Fig.	
  5.9	
  (c):	
  The	
  spy	
  plots	
  of	
  the	
  system	
  connectivity	
  structure	
  for	
  the	
  two	
  powered	
  screwdrivers.	
  Presence	
  of	
  blue	
  dot	
  represents	
  existe ...
2025-02-20 07:35:20,403 - DSM_MultiModelExp_llm_rag_ollama:llama3.3:70b-8k - INFO - File: ../data/use_cases_large/PowerDrill/reference_pdfs/R1_combined.pdf
2025-02-20 07:35:20,404 - DSM_MultiModelExp_llm_rag_ollama:llama3.3:70b-8k - INFO - Page: 13
2025-02-20 07:35:20,405 - DSM_MultiModelExp_llm_rag_ollama:llama3.3:70b-8k - INFO - Content: mine which interactions truly exist in the product. Examination of the product would conﬁrm that
the ‘Clip (2)’ element connects the ‘ring gear, Housing (9)’ element to the ‘Housing (21)’ element
and  ...
2025-02-20 07:35:20,406 - DSM_MultiModelExp_llm_rag_ollama:llama3.3:70b-8k - INFO - Raw Response: ["Motor", "Housing", "Ring Gear", "Clip", "Battery", "Switch", "Screwdriver Bit"]
2025-02-20 07:35:20,407 - DSM_MultiModelExp_llm_rag_ollama:llama3.3:70b-8k - INFO - Matrix: ['Motor', 'Housing', 'Ring Gear', 'Clip', 'Battery', 'Switch', 'Screwdriver Bit']
2025-02-20 07:35:20,408 - DSM_MultiModelExp_llm_rag_ollama:llama3.3:70b-8k - INFO - Components: ['Motor', 'Housing', 'Ring Gear', 'Clip', 'Battery', 'Switch', 'Screwdriver Bit']
2025-02-20 07:35:25,362 - DSM_MultiModelExp_llm_rag_ollama:llama3.3:70b-8k - INFO - Number of documents retrieved: 4
2025-02-20 07:35:25,363 - DSM_MultiModelExp_llm_rag_ollama:llama3.3:70b-8k - INFO - Documents used for this query:
2025-02-20 07:35:25,364 - DSM_MultiModelExp_llm_rag_ollama:llama3.3:70b-8k - INFO - File: ../data/use_cases_large/PowerDrill/reference_pdfs/R1_combined.pdf
2025-02-20 07:35:25,365 - DSM_MultiModelExp_llm_rag_ollama:llama3.3:70b-8k - INFO - Page: 34
2025-02-20 07:35:25,366 - DSM_MultiModelExp_llm_rag_ollama:llama3.3:70b-8k - INFO - Content: power	
  screwdriver	
   158	
  5.9	
   (a)	
  –	
  (c)	
  binary	
  adjacency	
  matrices	
  and	
  spy	
  plots	
  for	
  screwdrivers	
   159	
  5.10	
   Sample	
  distribution	
  for	
  a	
  screw ...
2025-02-20 07:35:25,367 - DSM_MultiModelExp_llm_rag_ollama:llama3.3:70b-8k - INFO - File: ../data/use_cases_large/PowerDrill/reference_pdfs/R1_combined.pdf
2025-02-20 07:35:25,368 - DSM_MultiModelExp_llm_rag_ollama:llama3.3:70b-8k - INFO - Page: 117
2025-02-20 07:35:25,368 - DSM_MultiModelExp_llm_rag_ollama:llama3.3:70b-8k - INFO - Content: a	
  component	
  involves	
   a	
   number	
   of	
   disciplines	
   (scientific	
   or	
   otherwise),	
   its	
   complexity	
  tends	
   to	
   increase.	
   For	
   example,	
   components	
   t ...
2025-02-20 07:35:25,369 - DSM_MultiModelExp_llm_rag_ollama:llama3.3:70b-8k - INFO - File: ../data/use_cases_large/PowerDrill/reference_pdfs/R1_combined.pdf
2025-02-20 07:35:25,371 - DSM_MultiModelExp_llm_rag_ollama:llama3.3:70b-8k - INFO - Page: 13
2025-02-20 07:35:25,371 - DSM_MultiModelExp_llm_rag_ollama:llama3.3:70b-8k - INFO - Content: mine which interactions truly exist in the product. Examination of the product would conﬁrm that
the ‘Clip (2)’ element connects the ‘ring gear, Housing (9)’ element to the ‘Housing (21)’ element
and  ...
2025-02-20 07:35:25,373 - DSM_MultiModelExp_llm_rag_ollama:llama3.3:70b-8k - INFO - File: ../data/use_cases_large/PowerDrill/reference_pdfs/R1_combined.pdf
2025-02-20 07:35:25,373 - DSM_MultiModelExp_llm_rag_ollama:llama3.3:70b-8k - INFO - Page: 205
2025-02-20 07:35:25,374 - DSM_MultiModelExp_llm_rag_ollama:llama3.3:70b-8k - INFO - Content: The	
   detailed	
   architectural	
   analysis	
  including	
   the	
   sensitivity	
   analysis	
  procedure,	
  outlined	
  in	
  chapter	
  3,	
  reveals	
  that	
  primary	
  functionality	
  gen ...
2025-02-20 07:35:25,375 - DSM_MultiModelExp_llm_rag_ollama:llama3.3:70b-8k - INFO - Raw Response: Valid
2025-02-20 07:35:25,376 - DSM_MultiModelExp_llm_rag_ollama:llama3.3:70b-8k - INFO - Validation response: Valid
2025-02-20 07:35:25,377 - DSM_MultiModelExp_llm_rag_ollama:llama3.3:70b-8k - INFO - Filtered validation response: Valid
2025-02-20 07:35:25,395 - DSM_MultiModelExp_llm_rag_ollama:llama3.3:70b-8k - INFO - Component list validated successfully on attempt 1
2025-02-20 07:35:25,396 - DSM_MultiModelExp_llm_rag_ollama:llama3.3:70b-8k - INFO - Components: ['Motor', 'Housing', 'Ring Gear', 'Clip', 'Battery', 'Switch', 'Screwdriver Bit']
2025-02-20 07:35:25,397 - DSM_MultiModelExp_llm_rag_ollama:llama3.3:70b-8k - INFO - --------------------------------------------------
2025-02-20 07:35:25,398 - DSM_MultiModelExp_llm_rag_ollama:llama3.3:70b-8k - INFO - Predicted Components: ['Motor', 'Housing', 'Ring Gear', 'Clip', 'Battery', 'Switch', 'Screwdriver Bit']
2025-02-20 07:35:25,399 - DSM_MultiModelExp_llm_rag_ollama:llama3.3:70b-8k - INFO - Number of components: 7
2025-02-20 07:35:25,400 - DSM_MultiModelExp_llm_rag_ollama:llama3.3:70b-8k - INFO - Predicted components for query: ['Motor', 'Housing', 'Ring Gear', 'Clip', 'Battery', 'Switch', 'Screwdriver Bit']
2025-02-20 07:35:25,401 - DSM_MultiModelExp_llm_rag_ollama:llama3.3:70b-8k - INFO - Query: 
        Please identify system-level proximity relationships (in contact) between the components of Power Screwdriver, as listed below, and represent them in a Design Structure Matrix (DSM) format.  
        The relationships should be articulated in plain English, capturing the essence of their interactions. 
        Here is the list of subsystems/components to analyze: ['Motor', 'Housing', 'Ring Gear', 'Clip', 'Battery', 'Switch', 'Screwdriver Bit'] 
        The DSM should clearly indicate the interactions between these components as 1 exist and 0 does not exist, considering both the presence and nature of these connections.             
        Present the output in a square matrix format (number of rows and columns MUST be the same as the number of components = 7 for this example), with rows and columns labeled accordingly. 
        Diagonal elements should be 1 in DSM matrix since each component interacts with itself. 
        If you don't know the answer, just write 2 for the specific cell that you are unsure of. A worst case scenario of the **as a list of lists** shown below (diagonal elements are 1 and rest are 2). Don't make up an answer.         final response = [
            [1, 2, 2, 2, 2, 2, 2],
            [2, 1, 2, 2, 2, 2, 2],
            [2, 2, 1, 2, 2, 2, 2],
            [2, 2, 2, 1, 2, 2, 2],
            [2, 2, 2, 2, 1, 2, 2],
            [2, 2, 2, 2, 2, 1, 2],
            [2, 2, 2, 2, 2, 2, 1]
        ]

        IMPORTANT: Your response must **ONLY** contain a valid **as a list of lists** in the following example format 7x7 matrix.         
        The below list of lists is just an example format of your response. **Replace** the values with your **actual analysis** while providing your response with parameter of 'final response'.        
        final response = [
            [1, 0, 0, 0, 0, 0, 0],
            [0, 1, 0, 0, 0, 0, 0],
            [0, 0, 1, 0, 0, 0, 0],
            [0, 0, 0, 1, 0, 0, 0],
            [0, 0, 0, 0, 1, 0, 0],
            [0, 0, 0, 0, 0, 1, 0],
            [0, 0, 0, 0, 0, 0, 1]
        ]

        IMPORTANT: THE FORMAT OF THE OUTPUT MUST BE AS LIST OF LISTS ONLY SIMILAR TO THE ONE ABOVE (NO LATEX, CODE, OR OTHER ENCODINGS).
        
2025-02-20 07:35:42,318 - DSM_MultiModelExp_llm_rag_ollama:llama3.3:70b-8k - INFO - Number of documents retrieved: 4
2025-02-20 07:35:42,319 - DSM_MultiModelExp_llm_rag_ollama:llama3.3:70b-8k - INFO - Documents used for this query:
2025-02-20 07:35:42,320 - DSM_MultiModelExp_llm_rag_ollama:llama3.3:70b-8k - INFO - File: ../data/use_cases_large/PowerDrill/reference_pdfs/R1_combined.pdf
2025-02-20 07:35:42,321 - DSM_MultiModelExp_llm_rag_ollama:llama3.3:70b-8k - INFO - Page: 34
2025-02-20 07:35:42,322 - DSM_MultiModelExp_llm_rag_ollama:llama3.3:70b-8k - INFO - Content: power	
  screwdriver	
   158	
  5.9	
   (a)	
  –	
  (c)	
  binary	
  adjacency	
  matrices	
  and	
  spy	
  plots	
  for	
  screwdrivers	
   159	
  5.10	
   Sample	
  distribution	
  for	
  a	
  screw ...
2025-02-20 07:35:42,322 - DSM_MultiModelExp_llm_rag_ollama:llama3.3:70b-8k - INFO - File: ../data/use_cases_large/PowerDrill/reference_pdfs/R1_combined.pdf
2025-02-20 07:35:42,323 - DSM_MultiModelExp_llm_rag_ollama:llama3.3:70b-8k - INFO - Page: 1
2025-02-20 07:35:42,325 - DSM_MultiModelExp_llm_rag_ollama:llama3.3:70b-8k - INFO - Content: A component DSM is used to capture and represent the interactions between elements of a system
(Warﬁeld 1973, Steward 1981, Browning 2001). An element may represent a single component,
an assembly of  ...
2025-02-20 07:35:42,325 - DSM_MultiModelExp_llm_rag_ollama:llama3.3:70b-8k - INFO - File: ../data/use_cases_large/PowerDrill/reference_pdfs/R1_combined.pdf
2025-02-20 07:35:42,326 - DSM_MultiModelExp_llm_rag_ollama:llama3.3:70b-8k - INFO - Page: 181
2025-02-20 07:35:42,327 - DSM_MultiModelExp_llm_rag_ollama:llama3.3:70b-8k - INFO - Content: Fig.	
  5.8:	
  Components	
  of	
  the	
  Black	
  &	
  Decker	
  alkaline	
  screwdriver	
  [Tilstra,	
  2010].	
  	
   The	
   developed	
   Product	
   Design	
   Structure	
   Matrices	
   (DSM)	 ...
2025-02-20 07:35:42,328 - DSM_MultiModelExp_llm_rag_ollama:llama3.3:70b-8k - INFO - File: ../data/use_cases_large/PowerDrill/reference_pdfs/R1_combined.pdf
2025-02-20 07:35:42,329 - DSM_MultiModelExp_llm_rag_ollama:llama3.3:70b-8k - INFO - Page: 13
2025-02-20 07:35:42,330 - DSM_MultiModelExp_llm_rag_ollama:llama3.3:70b-8k - INFO - Content: mine which interactions truly exist in the product. Examination of the product would conﬁrm that
the ‘Clip (2)’ element connects the ‘ring gear, Housing (9)’ element to the ‘Housing (21)’ element
and  ...
2025-02-20 07:35:42,331 - DSM_MultiModelExp_llm_rag_ollama:llama3.3:70b-8k - INFO - Raw Response: final response = [
            [1, 1, 1, 1, 1, 1, 1],
            [1, 1, 1, 1, 0, 1, 0],
            [1, 1, 1, 1, 0, 0, 0],
            [1, 1, 1, 1, 0, 0, 0],
            [1, 0, 0, 0, 1, 1, 0],
            [1, 1, 0, 0, 1, 1, 1],
            [1, 0, 0, 0, 0, 1, 1]
        ]
2025-02-20 07:35:42,332 - DSM_MultiModelExp_llm_rag_ollama:llama3.3:70b-8k - INFO - Response: final response = [
            [1, 1, 1, 1, 1, 1, 1],
            [1, 1, 1, 1, 0, 1, 0],
            [1, 1, 1, 1, 0, 0, 0],
            [1, 1, 1, 1, 0, 0, 0],
            [1, 0, 0, 0, 1, 1, 0],
            [1, 1, 0, 0, 1, 1, 1],
            [1, 0, 0, 0, 0, 1, 1]
        ]
2025-02-20 07:35:42,333 - DSM_MultiModelExp_llm_rag_ollama:llama3.3:70b-8k - INFO - Matrix: [[1, 1, 1, 1, 1, 1, 1], [1, 1, 1, 1, 0, 1, 0], [1, 1, 1, 1, 0, 0, 0], [1, 1, 1, 1, 0, 0, 0], [1, 0, 0, 0, 1, 1, 0], [1, 1, 0, 0, 1, 1, 1], [1, 0, 0, 0, 0, 1, 1]]
2025-02-20 07:35:42,334 - DSM_MultiModelExp_llm_rag_ollama:llama3.3:70b-8k - INFO - Final Matrix:
[[1, 1, 1, 1, 1, 1, 1], [1, 1, 1, 1, 0, 1, 0], [1, 1, 1, 1, 0, 0, 0], [1, 1, 1, 1, 0, 0, 0], [1, 0, 0, 0, 1, 1, 0], [1, 1, 0, 0, 1, 1, 1], [1, 0, 0, 0, 0, 1, 1]]
2025-02-20 07:35:42,335 - DSM_MultiModelExp_llm_rag_ollama:llama3.3:70b-8k - INFO - --------------------------------------------------
2025-02-20 07:35:42,335 - DSM_MultiModelExp_llm_rag_ollama:llama3.3:70b-8k - INFO - Matrix from response.
2025-02-20 07:35:42,336 - DSM_MultiModelExp_llm_rag_ollama:llama3.3:70b-8k - INFO - At run 1/5
2025-02-20 07:35:42,337 - DSM_MultiModelExp_llm_rag_ollama:llama3.3:70b-8k - INFO - Matrix: [[1, 1, 1, 1, 1, 1, 1], [1, 1, 1, 1, 0, 1, 0], [1, 1, 1, 1, 0, 0, 0], [1, 1, 1, 1, 0, 0, 0], [1, 0, 0, 0, 1, 1, 0], [1, 1, 0, 0, 1, 1, 1], [1, 0, 0, 0, 0, 1, 1]]
2025-02-20 07:35:42,338 - DSM_MultiModelExp_llm_rag_ollama:llama3.3:70b-8k - INFO - --------------------------------------------------
2025-02-20 07:35:52,349 - DSM_MultiModelExp_llm_rag_ollama:llama3.3:70b-8k - INFO - Run 2/5
2025-02-20 07:35:52,385 - DSM_MultiModelExp_llm_rag_ollama:llama3.3:70b-8k - INFO - DEBUG: Initializing RAGInference.
2025-02-20 07:35:52,386 - DSM_MultiModelExp_llm_rag_ollama:llama3.3:70b-8k - INFO - Using R-type: ['R1', 'R2']
2025-02-20 07:35:52,387 - DSM_MultiModelExp_llm_rag_ollama:llama3.3:70b-8k - INFO - Using embedding model: text-embedding-3-small
2025-02-20 07:35:52,422 - DSM_MultiModelExp_llm_rag_ollama:llama3.3:70b-8k - INFO - VectorStoreManager initialized
2025-02-20 07:35:52,423 - DSM_MultiModelExp_llm_rag_ollama:llama3.3:70b-8k - INFO - Set database path to: xLM_DSM/data/vectorstore/PowerDrill/llm_rag/text-embedding-3-small
2025-02-20 07:35:52,431 - DSM_MultiModelExp_llm_rag_ollama:llama3.3:70b-8k - INFO - Collection count: 2855
2025-02-20 07:35:52,435 - DSM_MultiModelExp_llm_rag_ollama:llama3.3:70b-8k - INFO - Initialized RAG inference for system: power screwdriver
2025-02-20 07:35:52,436 - DSM_MultiModelExp_llm_rag_ollama:llama3.3:70b-8k - INFO - Initialized DSM for system: power screwdriver
2025-02-20 07:35:52,437 - DSM_MultiModelExp_llm_rag_ollama:llama3.3:70b-8k - INFO - Inference model: ollama:llama3.3:70b-8k
2025-02-20 07:35:52,438 - DSM_MultiModelExp_llm_rag_ollama:llama3.3:70b-8k - INFO - Predicted Components: ['Motor', 'Housing', 'Ring Gear', 'Clip', 'Battery', 'Switch', 'Screwdriver Bit']
2025-02-20 07:35:52,439 - DSM_MultiModelExp_llm_rag_ollama:llama3.3:70b-8k - INFO - Number of components: 7
2025-02-20 07:35:52,440 - DSM_MultiModelExp_llm_rag_ollama:llama3.3:70b-8k - INFO - Predicted components for query: ['Motor', 'Housing', 'Ring Gear', 'Clip', 'Battery', 'Switch', 'Screwdriver Bit']
2025-02-20 07:35:52,440 - DSM_MultiModelExp_llm_rag_ollama:llama3.3:70b-8k - INFO - Query: 
        Please identify system-level proximity relationships (in contact) between the components of Power Screwdriver, as listed below, and represent them in a Design Structure Matrix (DSM) format.  
        The relationships should be articulated in plain English, capturing the essence of their interactions. 
        Here is the list of subsystems/components to analyze: ['Motor', 'Housing', 'Ring Gear', 'Clip', 'Battery', 'Switch', 'Screwdriver Bit'] 
        The DSM should clearly indicate the interactions between these components as 1 exist and 0 does not exist, considering both the presence and nature of these connections.             
        Present the output in a square matrix format (number of rows and columns MUST be the same as the number of components = 7 for this example), with rows and columns labeled accordingly. 
        Diagonal elements should be 1 in DSM matrix since each component interacts with itself. 
        If you don't know the answer, just write 2 for the specific cell that you are unsure of. A worst case scenario of the **as a list of lists** shown below (diagonal elements are 1 and rest are 2). Don't make up an answer.         final response = [
            [1, 2, 2, 2, 2, 2, 2],
            [2, 1, 2, 2, 2, 2, 2],
            [2, 2, 1, 2, 2, 2, 2],
            [2, 2, 2, 1, 2, 2, 2],
            [2, 2, 2, 2, 1, 2, 2],
            [2, 2, 2, 2, 2, 1, 2],
            [2, 2, 2, 2, 2, 2, 1]
        ]

        IMPORTANT: Your response must **ONLY** contain a valid **as a list of lists** in the following example format 7x7 matrix.         
        The below list of lists is just an example format of your response. **Replace** the values with your **actual analysis** while providing your response with parameter of 'final response'.        
        final response = [
            [1, 0, 0, 0, 0, 0, 0],
            [0, 1, 0, 0, 0, 0, 0],
            [0, 0, 1, 0, 0, 0, 0],
            [0, 0, 0, 1, 0, 0, 0],
            [0, 0, 0, 0, 1, 0, 0],
            [0, 0, 0, 0, 0, 1, 0],
            [0, 0, 0, 0, 0, 0, 1]
        ]

        IMPORTANT: THE FORMAT OF THE OUTPUT MUST BE AS LIST OF LISTS ONLY SIMILAR TO THE ONE ABOVE (NO LATEX, CODE, OR OTHER ENCODINGS).
        
2025-02-20 07:36:07,202 - DSM_MultiModelExp_llm_rag_ollama:llama3.3:70b-8k - INFO - Number of documents retrieved: 4
2025-02-20 07:36:07,203 - DSM_MultiModelExp_llm_rag_ollama:llama3.3:70b-8k - INFO - Documents used for this query:
2025-02-20 07:36:07,204 - DSM_MultiModelExp_llm_rag_ollama:llama3.3:70b-8k - INFO - File: ../data/use_cases_large/PowerDrill/reference_pdfs/R1_combined.pdf
2025-02-20 07:36:07,205 - DSM_MultiModelExp_llm_rag_ollama:llama3.3:70b-8k - INFO - Page: 34
2025-02-20 07:36:07,206 - DSM_MultiModelExp_llm_rag_ollama:llama3.3:70b-8k - INFO - Content: power	
  screwdriver	
   158	
  5.9	
   (a)	
  –	
  (c)	
  binary	
  adjacency	
  matrices	
  and	
  spy	
  plots	
  for	
  screwdrivers	
   159	
  5.10	
   Sample	
  distribution	
  for	
  a	
  screw ...
2025-02-20 07:36:07,207 - DSM_MultiModelExp_llm_rag_ollama:llama3.3:70b-8k - INFO - File: ../data/use_cases_large/PowerDrill/reference_pdfs/R1_combined.pdf
2025-02-20 07:36:07,208 - DSM_MultiModelExp_llm_rag_ollama:llama3.3:70b-8k - INFO - Page: 1
2025-02-20 07:36:07,209 - DSM_MultiModelExp_llm_rag_ollama:llama3.3:70b-8k - INFO - Content: A component DSM is used to capture and represent the interactions between elements of a system
(Warﬁeld 1973, Steward 1981, Browning 2001). An element may represent a single component,
an assembly of  ...
2025-02-20 07:36:07,209 - DSM_MultiModelExp_llm_rag_ollama:llama3.3:70b-8k - INFO - File: ../data/use_cases_large/PowerDrill/reference_pdfs/R1_combined.pdf
2025-02-20 07:36:07,211 - DSM_MultiModelExp_llm_rag_ollama:llama3.3:70b-8k - INFO - Page: 181
2025-02-20 07:36:07,212 - DSM_MultiModelExp_llm_rag_ollama:llama3.3:70b-8k - INFO - Content: Fig.	
  5.8:	
  Components	
  of	
  the	
  Black	
  &	
  Decker	
  alkaline	
  screwdriver	
  [Tilstra,	
  2010].	
  	
   The	
   developed	
   Product	
   Design	
   Structure	
   Matrices	
   (DSM)	 ...
2025-02-20 07:36:07,213 - DSM_MultiModelExp_llm_rag_ollama:llama3.3:70b-8k - INFO - File: ../data/use_cases_large/PowerDrill/reference_pdfs/R1_combined.pdf
2025-02-20 07:36:07,214 - DSM_MultiModelExp_llm_rag_ollama:llama3.3:70b-8k - INFO - Page: 13
2025-02-20 07:36:07,215 - DSM_MultiModelExp_llm_rag_ollama:llama3.3:70b-8k - INFO - Content: mine which interactions truly exist in the product. Examination of the product would conﬁrm that
the ‘Clip (2)’ element connects the ‘ring gear, Housing (9)’ element to the ‘Housing (21)’ element
and  ...
2025-02-20 07:36:07,216 - DSM_MultiModelExp_llm_rag_ollama:llama3.3:70b-8k - INFO - Raw Response: final response = [
            [1, 1, 1, 1, 1, 1, 1],
            [1, 1, 1, 1, 0, 1, 0],
            [1, 1, 1, 1, 0, 0, 0],
            [1, 1, 1, 1, 0, 0, 0],
            [1, 0, 0, 0, 1, 1, 0],
            [1, 1, 0, 0, 1, 1, 1],
            [1, 0, 0, 0, 0, 1, 1]
        ]
2025-02-20 07:36:07,216 - DSM_MultiModelExp_llm_rag_ollama:llama3.3:70b-8k - INFO - Response: final response = [
            [1, 1, 1, 1, 1, 1, 1],
            [1, 1, 1, 1, 0, 1, 0],
            [1, 1, 1, 1, 0, 0, 0],
            [1, 1, 1, 1, 0, 0, 0],
            [1, 0, 0, 0, 1, 1, 0],
            [1, 1, 0, 0, 1, 1, 1],
            [1, 0, 0, 0, 0, 1, 1]
        ]
2025-02-20 07:36:07,217 - DSM_MultiModelExp_llm_rag_ollama:llama3.3:70b-8k - INFO - Matrix: [[1, 1, 1, 1, 1, 1, 1], [1, 1, 1, 1, 0, 1, 0], [1, 1, 1, 1, 0, 0, 0], [1, 1, 1, 1, 0, 0, 0], [1, 0, 0, 0, 1, 1, 0], [1, 1, 0, 0, 1, 1, 1], [1, 0, 0, 0, 0, 1, 1]]
2025-02-20 07:36:07,218 - DSM_MultiModelExp_llm_rag_ollama:llama3.3:70b-8k - INFO - Final Matrix:
[[1, 1, 1, 1, 1, 1, 1], [1, 1, 1, 1, 0, 1, 0], [1, 1, 1, 1, 0, 0, 0], [1, 1, 1, 1, 0, 0, 0], [1, 0, 0, 0, 1, 1, 0], [1, 1, 0, 0, 1, 1, 1], [1, 0, 0, 0, 0, 1, 1]]
2025-02-20 07:36:07,219 - DSM_MultiModelExp_llm_rag_ollama:llama3.3:70b-8k - INFO - --------------------------------------------------
2025-02-20 07:36:07,220 - DSM_MultiModelExp_llm_rag_ollama:llama3.3:70b-8k - INFO - Matrix from response.
2025-02-20 07:36:07,221 - DSM_MultiModelExp_llm_rag_ollama:llama3.3:70b-8k - INFO - At run 2/5
2025-02-20 07:36:07,222 - DSM_MultiModelExp_llm_rag_ollama:llama3.3:70b-8k - INFO - Matrix: [[1, 1, 1, 1, 1, 1, 1], [1, 1, 1, 1, 0, 1, 0], [1, 1, 1, 1, 0, 0, 0], [1, 1, 1, 1, 0, 0, 0], [1, 0, 0, 0, 1, 1, 0], [1, 1, 0, 0, 1, 1, 1], [1, 0, 0, 0, 0, 1, 1]]
2025-02-20 07:36:07,223 - DSM_MultiModelExp_llm_rag_ollama:llama3.3:70b-8k - INFO - --------------------------------------------------
2025-02-20 07:36:17,233 - DSM_MultiModelExp_llm_rag_ollama:llama3.3:70b-8k - INFO - Run 3/5
2025-02-20 07:36:17,271 - DSM_MultiModelExp_llm_rag_ollama:llama3.3:70b-8k - INFO - DEBUG: Initializing RAGInference.
2025-02-20 07:36:17,272 - DSM_MultiModelExp_llm_rag_ollama:llama3.3:70b-8k - INFO - Using R-type: ['R1', 'R2']
2025-02-20 07:36:17,273 - DSM_MultiModelExp_llm_rag_ollama:llama3.3:70b-8k - INFO - Using embedding model: text-embedding-3-small
2025-02-20 07:36:17,308 - DSM_MultiModelExp_llm_rag_ollama:llama3.3:70b-8k - INFO - VectorStoreManager initialized
2025-02-20 07:36:17,310 - DSM_MultiModelExp_llm_rag_ollama:llama3.3:70b-8k - INFO - Set database path to: xLM_DSM/data/vectorstore/PowerDrill/llm_rag/text-embedding-3-small
2025-02-20 07:36:17,318 - DSM_MultiModelExp_llm_rag_ollama:llama3.3:70b-8k - INFO - Collection count: 2855
2025-02-20 07:36:17,321 - DSM_MultiModelExp_llm_rag_ollama:llama3.3:70b-8k - INFO - Initialized RAG inference for system: power screwdriver
2025-02-20 07:36:17,322 - DSM_MultiModelExp_llm_rag_ollama:llama3.3:70b-8k - INFO - Initialized DSM for system: power screwdriver
2025-02-20 07:36:17,323 - DSM_MultiModelExp_llm_rag_ollama:llama3.3:70b-8k - INFO - Inference model: ollama:llama3.3:70b-8k
2025-02-20 07:36:17,324 - DSM_MultiModelExp_llm_rag_ollama:llama3.3:70b-8k - INFO - Predicted Components: ['Motor', 'Housing', 'Ring Gear', 'Clip', 'Battery', 'Switch', 'Screwdriver Bit']
2025-02-20 07:36:17,325 - DSM_MultiModelExp_llm_rag_ollama:llama3.3:70b-8k - INFO - Number of components: 7
2025-02-20 07:36:17,326 - DSM_MultiModelExp_llm_rag_ollama:llama3.3:70b-8k - INFO - Predicted components for query: ['Motor', 'Housing', 'Ring Gear', 'Clip', 'Battery', 'Switch', 'Screwdriver Bit']
2025-02-20 07:36:17,326 - DSM_MultiModelExp_llm_rag_ollama:llama3.3:70b-8k - INFO - Query: 
        Please identify system-level proximity relationships (in contact) between the components of Power Screwdriver, as listed below, and represent them in a Design Structure Matrix (DSM) format.  
        The relationships should be articulated in plain English, capturing the essence of their interactions. 
        Here is the list of subsystems/components to analyze: ['Motor', 'Housing', 'Ring Gear', 'Clip', 'Battery', 'Switch', 'Screwdriver Bit'] 
        The DSM should clearly indicate the interactions between these components as 1 exist and 0 does not exist, considering both the presence and nature of these connections.             
        Present the output in a square matrix format (number of rows and columns MUST be the same as the number of components = 7 for this example), with rows and columns labeled accordingly. 
        Diagonal elements should be 1 in DSM matrix since each component interacts with itself. 
        If you don't know the answer, just write 2 for the specific cell that you are unsure of. A worst case scenario of the **as a list of lists** shown below (diagonal elements are 1 and rest are 2). Don't make up an answer.         final response = [
            [1, 2, 2, 2, 2, 2, 2],
            [2, 1, 2, 2, 2, 2, 2],
            [2, 2, 1, 2, 2, 2, 2],
            [2, 2, 2, 1, 2, 2, 2],
            [2, 2, 2, 2, 1, 2, 2],
            [2, 2, 2, 2, 2, 1, 2],
            [2, 2, 2, 2, 2, 2, 1]
        ]

        IMPORTANT: Your response must **ONLY** contain a valid **as a list of lists** in the following example format 7x7 matrix.         
        The below list of lists is just an example format of your response. **Replace** the values with your **actual analysis** while providing your response with parameter of 'final response'.        
        final response = [
            [1, 0, 0, 0, 0, 0, 0],
            [0, 1, 0, 0, 0, 0, 0],
            [0, 0, 1, 0, 0, 0, 0],
            [0, 0, 0, 1, 0, 0, 0],
            [0, 0, 0, 0, 1, 0, 0],
            [0, 0, 0, 0, 0, 1, 0],
            [0, 0, 0, 0, 0, 0, 1]
        ]

        IMPORTANT: THE FORMAT OF THE OUTPUT MUST BE AS LIST OF LISTS ONLY SIMILAR TO THE ONE ABOVE (NO LATEX, CODE, OR OTHER ENCODINGS).
        
2025-02-20 07:36:32,092 - DSM_MultiModelExp_llm_rag_ollama:llama3.3:70b-8k - INFO - Number of documents retrieved: 4
2025-02-20 07:36:32,093 - DSM_MultiModelExp_llm_rag_ollama:llama3.3:70b-8k - INFO - Documents used for this query:
2025-02-20 07:36:32,094 - DSM_MultiModelExp_llm_rag_ollama:llama3.3:70b-8k - INFO - File: ../data/use_cases_large/PowerDrill/reference_pdfs/R1_combined.pdf
2025-02-20 07:36:32,095 - DSM_MultiModelExp_llm_rag_ollama:llama3.3:70b-8k - INFO - Page: 34
2025-02-20 07:36:32,096 - DSM_MultiModelExp_llm_rag_ollama:llama3.3:70b-8k - INFO - Content: power	
  screwdriver	
   158	
  5.9	
   (a)	
  –	
  (c)	
  binary	
  adjacency	
  matrices	
  and	
  spy	
  plots	
  for	
  screwdrivers	
   159	
  5.10	
   Sample	
  distribution	
  for	
  a	
  screw ...
2025-02-20 07:36:32,097 - DSM_MultiModelExp_llm_rag_ollama:llama3.3:70b-8k - INFO - File: ../data/use_cases_large/PowerDrill/reference_pdfs/R1_combined.pdf
2025-02-20 07:36:32,097 - DSM_MultiModelExp_llm_rag_ollama:llama3.3:70b-8k - INFO - Page: 1
2025-02-20 07:36:32,098 - DSM_MultiModelExp_llm_rag_ollama:llama3.3:70b-8k - INFO - Content: A component DSM is used to capture and represent the interactions between elements of a system
(Warﬁeld 1973, Steward 1981, Browning 2001). An element may represent a single component,
an assembly of  ...
2025-02-20 07:36:32,099 - DSM_MultiModelExp_llm_rag_ollama:llama3.3:70b-8k - INFO - File: ../data/use_cases_large/PowerDrill/reference_pdfs/R1_combined.pdf
2025-02-20 07:36:32,100 - DSM_MultiModelExp_llm_rag_ollama:llama3.3:70b-8k - INFO - Page: 181
2025-02-20 07:36:32,101 - DSM_MultiModelExp_llm_rag_ollama:llama3.3:70b-8k - INFO - Content: Fig.	
  5.8:	
  Components	
  of	
  the	
  Black	
  &	
  Decker	
  alkaline	
  screwdriver	
  [Tilstra,	
  2010].	
  	
   The	
   developed	
   Product	
   Design	
   Structure	
   Matrices	
   (DSM)	 ...
2025-02-20 07:36:32,102 - DSM_MultiModelExp_llm_rag_ollama:llama3.3:70b-8k - INFO - File: ../data/use_cases_large/PowerDrill/reference_pdfs/R1_combined.pdf
2025-02-20 07:36:32,103 - DSM_MultiModelExp_llm_rag_ollama:llama3.3:70b-8k - INFO - Page: 13
2025-02-20 07:36:32,104 - DSM_MultiModelExp_llm_rag_ollama:llama3.3:70b-8k - INFO - Content: mine which interactions truly exist in the product. Examination of the product would conﬁrm that
the ‘Clip (2)’ element connects the ‘ring gear, Housing (9)’ element to the ‘Housing (21)’ element
and  ...
2025-02-20 07:36:32,105 - DSM_MultiModelExp_llm_rag_ollama:llama3.3:70b-8k - INFO - Raw Response: final response = [
            [1, 1, 1, 1, 1, 1, 1],
            [1, 1, 1, 1, 0, 1, 0],
            [1, 1, 1, 1, 0, 0, 0],
            [1, 1, 1, 1, 0, 0, 0],
            [1, 0, 0, 0, 1, 1, 0],
            [1, 1, 0, 0, 1, 1, 1],
            [1, 0, 0, 0, 0, 1, 1]
        ]
2025-02-20 07:36:32,106 - DSM_MultiModelExp_llm_rag_ollama:llama3.3:70b-8k - INFO - Response: final response = [
            [1, 1, 1, 1, 1, 1, 1],
            [1, 1, 1, 1, 0, 1, 0],
            [1, 1, 1, 1, 0, 0, 0],
            [1, 1, 1, 1, 0, 0, 0],
            [1, 0, 0, 0, 1, 1, 0],
            [1, 1, 0, 0, 1, 1, 1],
            [1, 0, 0, 0, 0, 1, 1]
        ]
2025-02-20 07:36:32,107 - DSM_MultiModelExp_llm_rag_ollama:llama3.3:70b-8k - INFO - Matrix: [[1, 1, 1, 1, 1, 1, 1], [1, 1, 1, 1, 0, 1, 0], [1, 1, 1, 1, 0, 0, 0], [1, 1, 1, 1, 0, 0, 0], [1, 0, 0, 0, 1, 1, 0], [1, 1, 0, 0, 1, 1, 1], [1, 0, 0, 0, 0, 1, 1]]
2025-02-20 07:36:32,108 - DSM_MultiModelExp_llm_rag_ollama:llama3.3:70b-8k - INFO - Final Matrix:
[[1, 1, 1, 1, 1, 1, 1], [1, 1, 1, 1, 0, 1, 0], [1, 1, 1, 1, 0, 0, 0], [1, 1, 1, 1, 0, 0, 0], [1, 0, 0, 0, 1, 1, 0], [1, 1, 0, 0, 1, 1, 1], [1, 0, 0, 0, 0, 1, 1]]
2025-02-20 07:36:32,109 - DSM_MultiModelExp_llm_rag_ollama:llama3.3:70b-8k - INFO - --------------------------------------------------
2025-02-20 07:36:32,110 - DSM_MultiModelExp_llm_rag_ollama:llama3.3:70b-8k - INFO - Matrix from response.
2025-02-20 07:36:32,110 - DSM_MultiModelExp_llm_rag_ollama:llama3.3:70b-8k - INFO - At run 3/5
2025-02-20 07:36:32,111 - DSM_MultiModelExp_llm_rag_ollama:llama3.3:70b-8k - INFO - Matrix: [[1, 1, 1, 1, 1, 1, 1], [1, 1, 1, 1, 0, 1, 0], [1, 1, 1, 1, 0, 0, 0], [1, 1, 1, 1, 0, 0, 0], [1, 0, 0, 0, 1, 1, 0], [1, 1, 0, 0, 1, 1, 1], [1, 0, 0, 0, 0, 1, 1]]
2025-02-20 07:36:32,112 - DSM_MultiModelExp_llm_rag_ollama:llama3.3:70b-8k - INFO - --------------------------------------------------
2025-02-20 07:36:42,123 - DSM_MultiModelExp_llm_rag_ollama:llama3.3:70b-8k - INFO - Run 4/5
2025-02-20 07:36:42,159 - DSM_MultiModelExp_llm_rag_ollama:llama3.3:70b-8k - INFO - DEBUG: Initializing RAGInference.
2025-02-20 07:36:42,160 - DSM_MultiModelExp_llm_rag_ollama:llama3.3:70b-8k - INFO - Using R-type: ['R1', 'R2']
2025-02-20 07:36:42,161 - DSM_MultiModelExp_llm_rag_ollama:llama3.3:70b-8k - INFO - Using embedding model: text-embedding-3-small
2025-02-20 07:36:42,197 - DSM_MultiModelExp_llm_rag_ollama:llama3.3:70b-8k - INFO - VectorStoreManager initialized
2025-02-20 07:36:42,198 - DSM_MultiModelExp_llm_rag_ollama:llama3.3:70b-8k - INFO - Set database path to: xLM_DSM/data/vectorstore/PowerDrill/llm_rag/text-embedding-3-small
2025-02-20 07:36:42,206 - DSM_MultiModelExp_llm_rag_ollama:llama3.3:70b-8k - INFO - Collection count: 2855
2025-02-20 07:36:42,209 - DSM_MultiModelExp_llm_rag_ollama:llama3.3:70b-8k - INFO - Initialized RAG inference for system: power screwdriver
2025-02-20 07:36:42,210 - DSM_MultiModelExp_llm_rag_ollama:llama3.3:70b-8k - INFO - Initialized DSM for system: power screwdriver
2025-02-20 07:36:42,211 - DSM_MultiModelExp_llm_rag_ollama:llama3.3:70b-8k - INFO - Inference model: ollama:llama3.3:70b-8k
2025-02-20 07:36:42,212 - DSM_MultiModelExp_llm_rag_ollama:llama3.3:70b-8k - INFO - Predicted Components: ['Motor', 'Housing', 'Ring Gear', 'Clip', 'Battery', 'Switch', 'Screwdriver Bit']
2025-02-20 07:36:42,213 - DSM_MultiModelExp_llm_rag_ollama:llama3.3:70b-8k - INFO - Number of components: 7
2025-02-20 07:36:42,214 - DSM_MultiModelExp_llm_rag_ollama:llama3.3:70b-8k - INFO - Predicted components for query: ['Motor', 'Housing', 'Ring Gear', 'Clip', 'Battery', 'Switch', 'Screwdriver Bit']
2025-02-20 07:36:42,214 - DSM_MultiModelExp_llm_rag_ollama:llama3.3:70b-8k - INFO - Query: 
        Please identify system-level proximity relationships (in contact) between the components of Power Screwdriver, as listed below, and represent them in a Design Structure Matrix (DSM) format.  
        The relationships should be articulated in plain English, capturing the essence of their interactions. 
        Here is the list of subsystems/components to analyze: ['Motor', 'Housing', 'Ring Gear', 'Clip', 'Battery', 'Switch', 'Screwdriver Bit'] 
        The DSM should clearly indicate the interactions between these components as 1 exist and 0 does not exist, considering both the presence and nature of these connections.             
        Present the output in a square matrix format (number of rows and columns MUST be the same as the number of components = 7 for this example), with rows and columns labeled accordingly. 
        Diagonal elements should be 1 in DSM matrix since each component interacts with itself. 
        If you don't know the answer, just write 2 for the specific cell that you are unsure of. A worst case scenario of the **as a list of lists** shown below (diagonal elements are 1 and rest are 2). Don't make up an answer.         final response = [
            [1, 2, 2, 2, 2, 2, 2],
            [2, 1, 2, 2, 2, 2, 2],
            [2, 2, 1, 2, 2, 2, 2],
            [2, 2, 2, 1, 2, 2, 2],
            [2, 2, 2, 2, 1, 2, 2],
            [2, 2, 2, 2, 2, 1, 2],
            [2, 2, 2, 2, 2, 2, 1]
        ]

        IMPORTANT: Your response must **ONLY** contain a valid **as a list of lists** in the following example format 7x7 matrix.         
        The below list of lists is just an example format of your response. **Replace** the values with your **actual analysis** while providing your response with parameter of 'final response'.        
        final response = [
            [1, 0, 0, 0, 0, 0, 0],
            [0, 1, 0, 0, 0, 0, 0],
            [0, 0, 1, 0, 0, 0, 0],
            [0, 0, 0, 1, 0, 0, 0],
            [0, 0, 0, 0, 1, 0, 0],
            [0, 0, 0, 0, 0, 1, 0],
            [0, 0, 0, 0, 0, 0, 1]
        ]

        IMPORTANT: THE FORMAT OF THE OUTPUT MUST BE AS LIST OF LISTS ONLY SIMILAR TO THE ONE ABOVE (NO LATEX, CODE, OR OTHER ENCODINGS).
        
2025-02-20 07:36:57,048 - DSM_MultiModelExp_llm_rag_ollama:llama3.3:70b-8k - INFO - Number of documents retrieved: 4
2025-02-20 07:36:57,049 - DSM_MultiModelExp_llm_rag_ollama:llama3.3:70b-8k - INFO - Documents used for this query:
2025-02-20 07:36:57,050 - DSM_MultiModelExp_llm_rag_ollama:llama3.3:70b-8k - INFO - File: ../data/use_cases_large/PowerDrill/reference_pdfs/R1_combined.pdf
2025-02-20 07:36:57,051 - DSM_MultiModelExp_llm_rag_ollama:llama3.3:70b-8k - INFO - Page: 34
2025-02-20 07:36:57,052 - DSM_MultiModelExp_llm_rag_ollama:llama3.3:70b-8k - INFO - Content: power	
  screwdriver	
   158	
  5.9	
   (a)	
  –	
  (c)	
  binary	
  adjacency	
  matrices	
  and	
  spy	
  plots	
  for	
  screwdrivers	
   159	
  5.10	
   Sample	
  distribution	
  for	
  a	
  screw ...
2025-02-20 07:36:57,053 - DSM_MultiModelExp_llm_rag_ollama:llama3.3:70b-8k - INFO - File: ../data/use_cases_large/PowerDrill/reference_pdfs/R1_combined.pdf
2025-02-20 07:36:57,054 - DSM_MultiModelExp_llm_rag_ollama:llama3.3:70b-8k - INFO - Page: 1
2025-02-20 07:36:57,055 - DSM_MultiModelExp_llm_rag_ollama:llama3.3:70b-8k - INFO - Content: A component DSM is used to capture and represent the interactions between elements of a system
(Warﬁeld 1973, Steward 1981, Browning 2001). An element may represent a single component,
an assembly of  ...
2025-02-20 07:36:57,056 - DSM_MultiModelExp_llm_rag_ollama:llama3.3:70b-8k - INFO - File: ../data/use_cases_large/PowerDrill/reference_pdfs/R1_combined.pdf
2025-02-20 07:36:57,057 - DSM_MultiModelExp_llm_rag_ollama:llama3.3:70b-8k - INFO - Page: 181
2025-02-20 07:36:57,057 - DSM_MultiModelExp_llm_rag_ollama:llama3.3:70b-8k - INFO - Content: Fig.	
  5.8:	
  Components	
  of	
  the	
  Black	
  &	
  Decker	
  alkaline	
  screwdriver	
  [Tilstra,	
  2010].	
  	
   The	
   developed	
   Product	
   Design	
   Structure	
   Matrices	
   (DSM)	 ...
2025-02-20 07:36:57,059 - DSM_MultiModelExp_llm_rag_ollama:llama3.3:70b-8k - INFO - File: ../data/use_cases_large/PowerDrill/reference_pdfs/R1_combined.pdf
2025-02-20 07:36:57,059 - DSM_MultiModelExp_llm_rag_ollama:llama3.3:70b-8k - INFO - Page: 13
2025-02-20 07:36:57,060 - DSM_MultiModelExp_llm_rag_ollama:llama3.3:70b-8k - INFO - Content: mine which interactions truly exist in the product. Examination of the product would conﬁrm that
the ‘Clip (2)’ element connects the ‘ring gear, Housing (9)’ element to the ‘Housing (21)’ element
and  ...
2025-02-20 07:36:57,061 - DSM_MultiModelExp_llm_rag_ollama:llama3.3:70b-8k - INFO - Raw Response: final response = [
            [1, 1, 1, 1, 1, 1, 1],
            [1, 1, 1, 1, 0, 1, 0],
            [1, 1, 1, 1, 0, 0, 0],
            [1, 1, 1, 1, 0, 0, 0],
            [1, 0, 0, 0, 1, 1, 0],
            [1, 1, 0, 0, 1, 1, 1],
            [1, 0, 0, 0, 0, 1, 1]
        ]
2025-02-20 07:36:57,062 - DSM_MultiModelExp_llm_rag_ollama:llama3.3:70b-8k - INFO - Response: final response = [
            [1, 1, 1, 1, 1, 1, 1],
            [1, 1, 1, 1, 0, 1, 0],
            [1, 1, 1, 1, 0, 0, 0],
            [1, 1, 1, 1, 0, 0, 0],
            [1, 0, 0, 0, 1, 1, 0],
            [1, 1, 0, 0, 1, 1, 1],
            [1, 0, 0, 0, 0, 1, 1]
        ]
2025-02-20 07:36:57,063 - DSM_MultiModelExp_llm_rag_ollama:llama3.3:70b-8k - INFO - Matrix: [[1, 1, 1, 1, 1, 1, 1], [1, 1, 1, 1, 0, 1, 0], [1, 1, 1, 1, 0, 0, 0], [1, 1, 1, 1, 0, 0, 0], [1, 0, 0, 0, 1, 1, 0], [1, 1, 0, 0, 1, 1, 1], [1, 0, 0, 0, 0, 1, 1]]
2025-02-20 07:36:57,064 - DSM_MultiModelExp_llm_rag_ollama:llama3.3:70b-8k - INFO - Final Matrix:
[[1, 1, 1, 1, 1, 1, 1], [1, 1, 1, 1, 0, 1, 0], [1, 1, 1, 1, 0, 0, 0], [1, 1, 1, 1, 0, 0, 0], [1, 0, 0, 0, 1, 1, 0], [1, 1, 0, 0, 1, 1, 1], [1, 0, 0, 0, 0, 1, 1]]
2025-02-20 07:36:57,064 - DSM_MultiModelExp_llm_rag_ollama:llama3.3:70b-8k - INFO - --------------------------------------------------
2025-02-20 07:36:57,066 - DSM_MultiModelExp_llm_rag_ollama:llama3.3:70b-8k - INFO - Matrix from response.
2025-02-20 07:36:57,066 - DSM_MultiModelExp_llm_rag_ollama:llama3.3:70b-8k - INFO - At run 4/5
2025-02-20 07:36:57,067 - DSM_MultiModelExp_llm_rag_ollama:llama3.3:70b-8k - INFO - Matrix: [[1, 1, 1, 1, 1, 1, 1], [1, 1, 1, 1, 0, 1, 0], [1, 1, 1, 1, 0, 0, 0], [1, 1, 1, 1, 0, 0, 0], [1, 0, 0, 0, 1, 1, 0], [1, 1, 0, 0, 1, 1, 1], [1, 0, 0, 0, 0, 1, 1]]
2025-02-20 07:36:57,068 - DSM_MultiModelExp_llm_rag_ollama:llama3.3:70b-8k - INFO - --------------------------------------------------
2025-02-20 07:37:07,079 - DSM_MultiModelExp_llm_rag_ollama:llama3.3:70b-8k - INFO - Run 5/5
2025-02-20 07:37:07,117 - DSM_MultiModelExp_llm_rag_ollama:llama3.3:70b-8k - INFO - DEBUG: Initializing RAGInference.
2025-02-20 07:37:07,118 - DSM_MultiModelExp_llm_rag_ollama:llama3.3:70b-8k - INFO - Using R-type: ['R1', 'R2']
2025-02-20 07:37:07,119 - DSM_MultiModelExp_llm_rag_ollama:llama3.3:70b-8k - INFO - Using embedding model: text-embedding-3-small
2025-02-20 07:37:07,155 - DSM_MultiModelExp_llm_rag_ollama:llama3.3:70b-8k - INFO - VectorStoreManager initialized
2025-02-20 07:37:07,156 - DSM_MultiModelExp_llm_rag_ollama:llama3.3:70b-8k - INFO - Set database path to: xLM_DSM/data/vectorstore/PowerDrill/llm_rag/text-embedding-3-small
2025-02-20 07:37:07,164 - DSM_MultiModelExp_llm_rag_ollama:llama3.3:70b-8k - INFO - Collection count: 2855
2025-02-20 07:37:07,167 - DSM_MultiModelExp_llm_rag_ollama:llama3.3:70b-8k - INFO - Initialized RAG inference for system: power screwdriver
2025-02-20 07:37:07,168 - DSM_MultiModelExp_llm_rag_ollama:llama3.3:70b-8k - INFO - Initialized DSM for system: power screwdriver
2025-02-20 07:37:07,169 - DSM_MultiModelExp_llm_rag_ollama:llama3.3:70b-8k - INFO - Inference model: ollama:llama3.3:70b-8k
2025-02-20 07:37:07,170 - DSM_MultiModelExp_llm_rag_ollama:llama3.3:70b-8k - INFO - Predicted Components: ['Motor', 'Housing', 'Ring Gear', 'Clip', 'Battery', 'Switch', 'Screwdriver Bit']
2025-02-20 07:37:07,171 - DSM_MultiModelExp_llm_rag_ollama:llama3.3:70b-8k - INFO - Number of components: 7
2025-02-20 07:37:07,172 - DSM_MultiModelExp_llm_rag_ollama:llama3.3:70b-8k - INFO - Predicted components for query: ['Motor', 'Housing', 'Ring Gear', 'Clip', 'Battery', 'Switch', 'Screwdriver Bit']
2025-02-20 07:37:07,173 - DSM_MultiModelExp_llm_rag_ollama:llama3.3:70b-8k - INFO - Query: 
        Please identify system-level proximity relationships (in contact) between the components of Power Screwdriver, as listed below, and represent them in a Design Structure Matrix (DSM) format.  
        The relationships should be articulated in plain English, capturing the essence of their interactions. 
        Here is the list of subsystems/components to analyze: ['Motor', 'Housing', 'Ring Gear', 'Clip', 'Battery', 'Switch', 'Screwdriver Bit'] 
        The DSM should clearly indicate the interactions between these components as 1 exist and 0 does not exist, considering both the presence and nature of these connections.             
        Present the output in a square matrix format (number of rows and columns MUST be the same as the number of components = 7 for this example), with rows and columns labeled accordingly. 
        Diagonal elements should be 1 in DSM matrix since each component interacts with itself. 
        If you don't know the answer, just write 2 for the specific cell that you are unsure of. A worst case scenario of the **as a list of lists** shown below (diagonal elements are 1 and rest are 2). Don't make up an answer.         final response = [
            [1, 2, 2, 2, 2, 2, 2],
            [2, 1, 2, 2, 2, 2, 2],
            [2, 2, 1, 2, 2, 2, 2],
            [2, 2, 2, 1, 2, 2, 2],
            [2, 2, 2, 2, 1, 2, 2],
            [2, 2, 2, 2, 2, 1, 2],
            [2, 2, 2, 2, 2, 2, 1]
        ]

        IMPORTANT: Your response must **ONLY** contain a valid **as a list of lists** in the following example format 7x7 matrix.         
        The below list of lists is just an example format of your response. **Replace** the values with your **actual analysis** while providing your response with parameter of 'final response'.        
        final response = [
            [1, 0, 0, 0, 0, 0, 0],
            [0, 1, 0, 0, 0, 0, 0],
            [0, 0, 1, 0, 0, 0, 0],
            [0, 0, 0, 1, 0, 0, 0],
            [0, 0, 0, 0, 1, 0, 0],
            [0, 0, 0, 0, 0, 1, 0],
            [0, 0, 0, 0, 0, 0, 1]
        ]

        IMPORTANT: THE FORMAT OF THE OUTPUT MUST BE AS LIST OF LISTS ONLY SIMILAR TO THE ONE ABOVE (NO LATEX, CODE, OR OTHER ENCODINGS).
        
2025-02-20 07:37:21,904 - DSM_MultiModelExp_llm_rag_ollama:llama3.3:70b-8k - INFO - Number of documents retrieved: 4
2025-02-20 07:37:21,905 - DSM_MultiModelExp_llm_rag_ollama:llama3.3:70b-8k - INFO - Documents used for this query:
2025-02-20 07:37:21,906 - DSM_MultiModelExp_llm_rag_ollama:llama3.3:70b-8k - INFO - File: ../data/use_cases_large/PowerDrill/reference_pdfs/R1_combined.pdf
2025-02-20 07:37:21,907 - DSM_MultiModelExp_llm_rag_ollama:llama3.3:70b-8k - INFO - Page: 34
2025-02-20 07:37:21,908 - DSM_MultiModelExp_llm_rag_ollama:llama3.3:70b-8k - INFO - Content: power	
  screwdriver	
   158	
  5.9	
   (a)	
  –	
  (c)	
  binary	
  adjacency	
  matrices	
  and	
  spy	
  plots	
  for	
  screwdrivers	
   159	
  5.10	
   Sample	
  distribution	
  for	
  a	
  screw ...
2025-02-20 07:37:21,909 - DSM_MultiModelExp_llm_rag_ollama:llama3.3:70b-8k - INFO - File: ../data/use_cases_large/PowerDrill/reference_pdfs/R1_combined.pdf
2025-02-20 07:37:21,910 - DSM_MultiModelExp_llm_rag_ollama:llama3.3:70b-8k - INFO - Page: 1
2025-02-20 07:37:21,911 - DSM_MultiModelExp_llm_rag_ollama:llama3.3:70b-8k - INFO - Content: A component DSM is used to capture and represent the interactions between elements of a system
(Warﬁeld 1973, Steward 1981, Browning 2001). An element may represent a single component,
an assembly of  ...
2025-02-20 07:37:21,912 - DSM_MultiModelExp_llm_rag_ollama:llama3.3:70b-8k - INFO - File: ../data/use_cases_large/PowerDrill/reference_pdfs/R1_combined.pdf
2025-02-20 07:37:21,913 - DSM_MultiModelExp_llm_rag_ollama:llama3.3:70b-8k - INFO - Page: 181
2025-02-20 07:37:21,914 - DSM_MultiModelExp_llm_rag_ollama:llama3.3:70b-8k - INFO - Content: Fig.	
  5.8:	
  Components	
  of	
  the	
  Black	
  &	
  Decker	
  alkaline	
  screwdriver	
  [Tilstra,	
  2010].	
  	
   The	
   developed	
   Product	
   Design	
   Structure	
   Matrices	
   (DSM)	 ...
2025-02-20 07:37:21,915 - DSM_MultiModelExp_llm_rag_ollama:llama3.3:70b-8k - INFO - File: ../data/use_cases_large/PowerDrill/reference_pdfs/R1_combined.pdf
2025-02-20 07:37:21,916 - DSM_MultiModelExp_llm_rag_ollama:llama3.3:70b-8k - INFO - Page: 13
2025-02-20 07:37:21,917 - DSM_MultiModelExp_llm_rag_ollama:llama3.3:70b-8k - INFO - Content: mine which interactions truly exist in the product. Examination of the product would conﬁrm that
the ‘Clip (2)’ element connects the ‘ring gear, Housing (9)’ element to the ‘Housing (21)’ element
and  ...
2025-02-20 07:37:21,917 - DSM_MultiModelExp_llm_rag_ollama:llama3.3:70b-8k - INFO - Raw Response: final response = [
            [1, 1, 1, 1, 1, 1, 1],
            [1, 1, 1, 1, 0, 1, 0],
            [1, 1, 1, 1, 0, 0, 0],
            [1, 1, 1, 1, 0, 0, 0],
            [1, 0, 0, 0, 1, 1, 0],
            [1, 1, 0, 0, 1, 1, 1],
            [1, 0, 0, 0, 0, 1, 1]
        ]
2025-02-20 07:37:21,918 - DSM_MultiModelExp_llm_rag_ollama:llama3.3:70b-8k - INFO - Response: final response = [
            [1, 1, 1, 1, 1, 1, 1],
            [1, 1, 1, 1, 0, 1, 0],
            [1, 1, 1, 1, 0, 0, 0],
            [1, 1, 1, 1, 0, 0, 0],
            [1, 0, 0, 0, 1, 1, 0],
            [1, 1, 0, 0, 1, 1, 1],
            [1, 0, 0, 0, 0, 1, 1]
        ]
2025-02-20 07:37:21,919 - DSM_MultiModelExp_llm_rag_ollama:llama3.3:70b-8k - INFO - Matrix: [[1, 1, 1, 1, 1, 1, 1], [1, 1, 1, 1, 0, 1, 0], [1, 1, 1, 1, 0, 0, 0], [1, 1, 1, 1, 0, 0, 0], [1, 0, 0, 0, 1, 1, 0], [1, 1, 0, 0, 1, 1, 1], [1, 0, 0, 0, 0, 1, 1]]
2025-02-20 07:37:21,920 - DSM_MultiModelExp_llm_rag_ollama:llama3.3:70b-8k - INFO - Final Matrix:
[[1, 1, 1, 1, 1, 1, 1], [1, 1, 1, 1, 0, 1, 0], [1, 1, 1, 1, 0, 0, 0], [1, 1, 1, 1, 0, 0, 0], [1, 0, 0, 0, 1, 1, 0], [1, 1, 0, 0, 1, 1, 1], [1, 0, 0, 0, 0, 1, 1]]
2025-02-20 07:37:21,921 - DSM_MultiModelExp_llm_rag_ollama:llama3.3:70b-8k - INFO - --------------------------------------------------
2025-02-20 07:37:21,922 - DSM_MultiModelExp_llm_rag_ollama:llama3.3:70b-8k - INFO - Matrix from response.
2025-02-20 07:37:21,923 - DSM_MultiModelExp_llm_rag_ollama:llama3.3:70b-8k - INFO - At run 5/5
2025-02-20 07:37:21,923 - DSM_MultiModelExp_llm_rag_ollama:llama3.3:70b-8k - INFO - Matrix: [[1, 1, 1, 1, 1, 1, 1], [1, 1, 1, 1, 0, 1, 0], [1, 1, 1, 1, 0, 0, 0], [1, 1, 1, 1, 0, 0, 0], [1, 0, 0, 0, 1, 1, 0], [1, 1, 0, 0, 1, 1, 1], [1, 0, 0, 0, 0, 1, 1]]
2025-02-20 07:37:21,924 - DSM_MultiModelExp_llm_rag_ollama:llama3.3:70b-8k - INFO - --------------------------------------------------
2025-02-20 07:37:31,935 - DSM_MultiModelExp_llm_rag_ollama:llama3.3:70b-8k - INFO - Duration of reference combination {'R1': [{'path': '../data/use_cases_large/PowerDrill/reference_pdfs/R1_combined.pdf'}], 'R2': [{'path': '../data/use_cases_large/PowerDrill/reference_pdfs/[2012 Eppinger] R2-Design structure matrix methods and applications.pdf'}]}: 0:02:17.055100
2025-02-20 07:37:31,937 - DSM_MultiModelExp_llm_rag_ollama:llama3.3:70b-8k - INFO - ++++++++++++++++++++++++++++++++++++++++++++++++++++++++++++++++++++++++++++++++++++++++++++++++++++
2025-02-20 07:37:31,938 - DSM_MultiModelExp_llm_rag_ollama:llama3.3:70b-8k - INFO - Run 1/5
2025-02-20 07:37:31,974 - DSM_MultiModelExp_llm_rag_ollama:llama3.3:70b-8k - INFO - DEBUG: Initializing RAGInference.
2025-02-20 07:37:31,975 - DSM_MultiModelExp_llm_rag_ollama:llama3.3:70b-8k - INFO - Using R-type: ['R1', 'R3']
2025-02-20 07:37:31,976 - DSM_MultiModelExp_llm_rag_ollama:llama3.3:70b-8k - INFO - Using embedding model: text-embedding-3-small
2025-02-20 07:37:32,011 - DSM_MultiModelExp_llm_rag_ollama:llama3.3:70b-8k - INFO - VectorStoreManager initialized
2025-02-20 07:37:32,012 - DSM_MultiModelExp_llm_rag_ollama:llama3.3:70b-8k - INFO - Set database path to: xLM_DSM/data/vectorstore/PowerDrill/llm_rag/text-embedding-3-small
2025-02-20 07:37:32,020 - DSM_MultiModelExp_llm_rag_ollama:llama3.3:70b-8k - INFO - Collection count: 2855
2025-02-20 07:37:32,023 - DSM_MultiModelExp_llm_rag_ollama:llama3.3:70b-8k - INFO - Initialized RAG inference for system: power screwdriver
2025-02-20 07:37:32,024 - DSM_MultiModelExp_llm_rag_ollama:llama3.3:70b-8k - INFO - Initialized DSM for system: power screwdriver
2025-02-20 07:37:32,025 - DSM_MultiModelExp_llm_rag_ollama:llama3.3:70b-8k - INFO - Inference model: ollama:llama3.3:70b-8k
2025-02-20 07:37:32,026 - DSM_MultiModelExp_llm_rag_ollama:llama3.3:70b-8k - INFO - Prompt (attempt 1/3): 
            Please identify the major components of power screwdriver in the engineering based on proximity relationships.             
            The number of components must not exceed 7 (can be equal) and must be a list of strings.             
            Please do not identify similar components that will work together under subsystem level since our interest is to identify the major components that form the core architecture of the system.             
            Here is an example of the components for made-up system:             
            final response = [ "component 1", "component 2", "component 3", "component 4", "component 5" ]             
            IMPORTANT: THE FORMAT OF THE OUTPUT MUST BE AS A LIST OF STRINGS ONLY SIMILAR TO THE ONE ABOVE (NO LATEX, NO CODE, NO DESCRIPTION, OR OTHER ENCODINGS).              
2025-02-20 07:37:37,016 - DSM_MultiModelExp_llm_rag_ollama:llama3.3:70b-8k - INFO - Number of documents retrieved: 4
2025-02-20 07:37:37,017 - DSM_MultiModelExp_llm_rag_ollama:llama3.3:70b-8k - INFO - Documents used for this query:
2025-02-20 07:37:37,018 - DSM_MultiModelExp_llm_rag_ollama:llama3.3:70b-8k - INFO - File: ../data/use_cases_large/PowerDrill/reference_pdfs/R1_combined.pdf
2025-02-20 07:37:37,019 - DSM_MultiModelExp_llm_rag_ollama:llama3.3:70b-8k - INFO - Page: 34
2025-02-20 07:37:37,020 - DSM_MultiModelExp_llm_rag_ollama:llama3.3:70b-8k - INFO - Content: power	
  screwdriver	
   158	
  5.9	
   (a)	
  –	
  (c)	
  binary	
  adjacency	
  matrices	
  and	
  spy	
  plots	
  for	
  screwdrivers	
   159	
  5.10	
   Sample	
  distribution	
  for	
  a	
  screw ...
2025-02-20 07:37:37,021 - DSM_MultiModelExp_llm_rag_ollama:llama3.3:70b-8k - INFO - File: ../data/use_cases_large/PowerDrill/reference_pdfs/R1_combined.pdf
2025-02-20 07:37:37,022 - DSM_MultiModelExp_llm_rag_ollama:llama3.3:70b-8k - INFO - Page: 181
2025-02-20 07:37:37,023 - DSM_MultiModelExp_llm_rag_ollama:llama3.3:70b-8k - INFO - Content: Fig.	
  5.8:	
  Components	
  of	
  the	
  Black	
  &	
  Decker	
  alkaline	
  screwdriver	
  [Tilstra,	
  2010].	
  	
   The	
   developed	
   Product	
   Design	
   Structure	
   Matrices	
   (DSM)	 ...
2025-02-20 07:37:37,024 - DSM_MultiModelExp_llm_rag_ollama:llama3.3:70b-8k - INFO - File: ../data/use_cases_large/PowerDrill/reference_pdfs/R1_combined.pdf
2025-02-20 07:37:37,025 - DSM_MultiModelExp_llm_rag_ollama:llama3.3:70b-8k - INFO - Page: 183
2025-02-20 07:37:37,026 - DSM_MultiModelExp_llm_rag_ollama:llama3.3:70b-8k - INFO - Content: Fig.	
  5.9	
  (c):	
  The	
  spy	
  plots	
  of	
  the	
  system	
  connectivity	
  structure	
  for	
  the	
  two	
  powered	
  screwdrivers.	
  Presence	
  of	
  blue	
  dot	
  represents	
  existe ...
2025-02-20 07:37:37,026 - DSM_MultiModelExp_llm_rag_ollama:llama3.3:70b-8k - INFO - File: ../data/use_cases_large/PowerDrill/reference_pdfs/R1_combined.pdf
2025-02-20 07:37:37,028 - DSM_MultiModelExp_llm_rag_ollama:llama3.3:70b-8k - INFO - Page: 13
2025-02-20 07:37:37,028 - DSM_MultiModelExp_llm_rag_ollama:llama3.3:70b-8k - INFO - Content: mine which interactions truly exist in the product. Examination of the product would conﬁrm that
the ‘Clip (2)’ element connects the ‘ring gear, Housing (9)’ element to the ‘Housing (21)’ element
and  ...
2025-02-20 07:37:37,029 - DSM_MultiModelExp_llm_rag_ollama:llama3.3:70b-8k - INFO - Raw Response: ["Motor", "Housing", "Ring Gear", "Clip", "Battery", "Switch", "Screwdriver Bit"]
2025-02-20 07:37:37,030 - DSM_MultiModelExp_llm_rag_ollama:llama3.3:70b-8k - INFO - Matrix: ['Motor', 'Housing', 'Ring Gear', 'Clip', 'Battery', 'Switch', 'Screwdriver Bit']
2025-02-20 07:37:37,031 - DSM_MultiModelExp_llm_rag_ollama:llama3.3:70b-8k - INFO - Components: ['Motor', 'Housing', 'Ring Gear', 'Clip', 'Battery', 'Switch', 'Screwdriver Bit']
2025-02-20 07:37:39,677 - DSM_MultiModelExp_llm_rag_ollama:llama3.3:70b-8k - INFO - Number of documents retrieved: 4
2025-02-20 07:37:39,678 - DSM_MultiModelExp_llm_rag_ollama:llama3.3:70b-8k - INFO - Documents used for this query:
2025-02-20 07:37:39,678 - DSM_MultiModelExp_llm_rag_ollama:llama3.3:70b-8k - INFO - File: ../data/use_cases_large/PowerDrill/reference_pdfs/R1_combined.pdf
2025-02-20 07:37:39,679 - DSM_MultiModelExp_llm_rag_ollama:llama3.3:70b-8k - INFO - Page: 34
2025-02-20 07:37:39,680 - DSM_MultiModelExp_llm_rag_ollama:llama3.3:70b-8k - INFO - Content: power	
  screwdriver	
   158	
  5.9	
   (a)	
  –	
  (c)	
  binary	
  adjacency	
  matrices	
  and	
  spy	
  plots	
  for	
  screwdrivers	
   159	
  5.10	
   Sample	
  distribution	
  for	
  a	
  screw ...
2025-02-20 07:37:39,681 - DSM_MultiModelExp_llm_rag_ollama:llama3.3:70b-8k - INFO - File: ../data/use_cases_large/PowerDrill/reference_pdfs/R1_combined.pdf
2025-02-20 07:37:39,683 - DSM_MultiModelExp_llm_rag_ollama:llama3.3:70b-8k - INFO - Page: 117
2025-02-20 07:37:39,683 - DSM_MultiModelExp_llm_rag_ollama:llama3.3:70b-8k - INFO - Content: a	
  component	
  involves	
   a	
   number	
   of	
   disciplines	
   (scientific	
   or	
   otherwise),	
   its	
   complexity	
  tends	
   to	
   increase.	
   For	
   example,	
   components	
   t ...
2025-02-20 07:37:39,684 - DSM_MultiModelExp_llm_rag_ollama:llama3.3:70b-8k - INFO - File: ../data/use_cases_large/PowerDrill/reference_pdfs/R1_combined.pdf
2025-02-20 07:37:39,685 - DSM_MultiModelExp_llm_rag_ollama:llama3.3:70b-8k - INFO - Page: 13
2025-02-20 07:37:39,686 - DSM_MultiModelExp_llm_rag_ollama:llama3.3:70b-8k - INFO - Content: mine which interactions truly exist in the product. Examination of the product would conﬁrm that
the ‘Clip (2)’ element connects the ‘ring gear, Housing (9)’ element to the ‘Housing (21)’ element
and  ...
2025-02-20 07:37:39,687 - DSM_MultiModelExp_llm_rag_ollama:llama3.3:70b-8k - INFO - File: ../data/use_cases_large/PowerDrill/reference_pdfs/R1_combined.pdf
2025-02-20 07:37:39,688 - DSM_MultiModelExp_llm_rag_ollama:llama3.3:70b-8k - INFO - Page: 205
2025-02-20 07:37:39,689 - DSM_MultiModelExp_llm_rag_ollama:llama3.3:70b-8k - INFO - Content: The	
   detailed	
   architectural	
   analysis	
  including	
   the	
   sensitivity	
   analysis	
  procedure,	
  outlined	
  in	
  chapter	
  3,	
  reveals	
  that	
  primary	
  functionality	
  gen ...
2025-02-20 07:37:39,690 - DSM_MultiModelExp_llm_rag_ollama:llama3.3:70b-8k - INFO - Raw Response: Valid
2025-02-20 07:37:39,691 - DSM_MultiModelExp_llm_rag_ollama:llama3.3:70b-8k - INFO - Validation response: Valid
2025-02-20 07:37:39,691 - DSM_MultiModelExp_llm_rag_ollama:llama3.3:70b-8k - INFO - Filtered validation response: Valid
2025-02-20 07:37:39,692 - DSM_MultiModelExp_llm_rag_ollama:llama3.3:70b-8k - INFO - Component list validated successfully on attempt 1
2025-02-20 07:37:39,693 - DSM_MultiModelExp_llm_rag_ollama:llama3.3:70b-8k - INFO - Components: ['Motor', 'Housing', 'Ring Gear', 'Clip', 'Battery', 'Switch', 'Screwdriver Bit']
2025-02-20 07:37:39,694 - DSM_MultiModelExp_llm_rag_ollama:llama3.3:70b-8k - INFO - --------------------------------------------------
2025-02-20 07:37:39,695 - DSM_MultiModelExp_llm_rag_ollama:llama3.3:70b-8k - INFO - Predicted Components: ['Motor', 'Housing', 'Ring Gear', 'Clip', 'Battery', 'Switch', 'Screwdriver Bit']
2025-02-20 07:37:39,696 - DSM_MultiModelExp_llm_rag_ollama:llama3.3:70b-8k - INFO - Number of components: 7
2025-02-20 07:37:39,697 - DSM_MultiModelExp_llm_rag_ollama:llama3.3:70b-8k - INFO - Predicted components for query: ['Motor', 'Housing', 'Ring Gear', 'Clip', 'Battery', 'Switch', 'Screwdriver Bit']
2025-02-20 07:37:39,697 - DSM_MultiModelExp_llm_rag_ollama:llama3.3:70b-8k - INFO - Query: 
        Please identify system-level proximity relationships (in contact) between the components of Power Screwdriver, as listed below, and represent them in a Design Structure Matrix (DSM) format.  
        The relationships should be articulated in plain English, capturing the essence of their interactions. 
        Here is the list of subsystems/components to analyze: ['Motor', 'Housing', 'Ring Gear', 'Clip', 'Battery', 'Switch', 'Screwdriver Bit'] 
        The DSM should clearly indicate the interactions between these components as 1 exist and 0 does not exist, considering both the presence and nature of these connections.             
        Present the output in a square matrix format (number of rows and columns MUST be the same as the number of components = 7 for this example), with rows and columns labeled accordingly. 
        Diagonal elements should be 1 in DSM matrix since each component interacts with itself. 
        If you don't know the answer, just write 2 for the specific cell that you are unsure of. A worst case scenario of the **as a list of lists** shown below (diagonal elements are 1 and rest are 2). Don't make up an answer.         final response = [
            [1, 2, 2, 2, 2, 2, 2],
            [2, 1, 2, 2, 2, 2, 2],
            [2, 2, 1, 2, 2, 2, 2],
            [2, 2, 2, 1, 2, 2, 2],
            [2, 2, 2, 2, 1, 2, 2],
            [2, 2, 2, 2, 2, 1, 2],
            [2, 2, 2, 2, 2, 2, 1]
        ]

        IMPORTANT: Your response must **ONLY** contain a valid **as a list of lists** in the following example format 7x7 matrix.         
        The below list of lists is just an example format of your response. **Replace** the values with your **actual analysis** while providing your response with parameter of 'final response'.        
        final response = [
            [1, 0, 0, 0, 0, 0, 0],
            [0, 1, 0, 0, 0, 0, 0],
            [0, 0, 1, 0, 0, 0, 0],
            [0, 0, 0, 1, 0, 0, 0],
            [0, 0, 0, 0, 1, 0, 0],
            [0, 0, 0, 0, 0, 1, 0],
            [0, 0, 0, 0, 0, 0, 1]
        ]

        IMPORTANT: THE FORMAT OF THE OUTPUT MUST BE AS LIST OF LISTS ONLY SIMILAR TO THE ONE ABOVE (NO LATEX, CODE, OR OTHER ENCODINGS).
        
2025-02-20 07:37:56,552 - DSM_MultiModelExp_llm_rag_ollama:llama3.3:70b-8k - INFO - Number of documents retrieved: 4
2025-02-20 07:37:56,553 - DSM_MultiModelExp_llm_rag_ollama:llama3.3:70b-8k - INFO - Documents used for this query:
2025-02-20 07:37:56,554 - DSM_MultiModelExp_llm_rag_ollama:llama3.3:70b-8k - INFO - File: ../data/use_cases_large/PowerDrill/reference_pdfs/R1_combined.pdf
2025-02-20 07:37:56,555 - DSM_MultiModelExp_llm_rag_ollama:llama3.3:70b-8k - INFO - Page: 34
2025-02-20 07:37:56,555 - DSM_MultiModelExp_llm_rag_ollama:llama3.3:70b-8k - INFO - Content: power	
  screwdriver	
   158	
  5.9	
   (a)	
  –	
  (c)	
  binary	
  adjacency	
  matrices	
  and	
  spy	
  plots	
  for	
  screwdrivers	
   159	
  5.10	
   Sample	
  distribution	
  for	
  a	
  screw ...
2025-02-20 07:37:56,556 - DSM_MultiModelExp_llm_rag_ollama:llama3.3:70b-8k - INFO - File: ../data/use_cases_large/PowerDrill/reference_pdfs/R1_combined.pdf
2025-02-20 07:37:56,557 - DSM_MultiModelExp_llm_rag_ollama:llama3.3:70b-8k - INFO - Page: 1
2025-02-20 07:37:56,558 - DSM_MultiModelExp_llm_rag_ollama:llama3.3:70b-8k - INFO - Content: A component DSM is used to capture and represent the interactions between elements of a system
(Warﬁeld 1973, Steward 1981, Browning 2001). An element may represent a single component,
an assembly of  ...
2025-02-20 07:37:56,558 - DSM_MultiModelExp_llm_rag_ollama:llama3.3:70b-8k - INFO - File: ../data/use_cases_large/PowerDrill/reference_pdfs/R1_combined.pdf
2025-02-20 07:37:56,559 - DSM_MultiModelExp_llm_rag_ollama:llama3.3:70b-8k - INFO - Page: 181
2025-02-20 07:37:56,559 - DSM_MultiModelExp_llm_rag_ollama:llama3.3:70b-8k - INFO - Content: Fig.	
  5.8:	
  Components	
  of	
  the	
  Black	
  &	
  Decker	
  alkaline	
  screwdriver	
  [Tilstra,	
  2010].	
  	
   The	
   developed	
   Product	
   Design	
   Structure	
   Matrices	
   (DSM)	 ...
2025-02-20 07:37:56,560 - DSM_MultiModelExp_llm_rag_ollama:llama3.3:70b-8k - INFO - File: ../data/use_casepdf
2025-02-20 07:37:56,561 - DSM_MultiModelExp_llm_rag_ollama:llama3.3:70b-8k - INFO - Page: 13
2025-02-20 07:37:56,563 - DSM_MultiModelExp_llm_rag_ollama:llama3.3:70b-8k - INFO - Content: mine which interactions truly exist in the product. Examination of the product would conﬁrm that
the ‘Clip (2)’ element connects the ‘ring gear, Housing (9)’ element to the ‘Housing (21)’ element
and  ...
2025-02-20 07:37:56,564 - DSM_MultiModelExp_llm_rag_ollama:llama3.3:70b-8k - INFO - Raw Response: final response = [
            [1, 1, 1, 1, 1, 1, 1],
            [1, 1, 1, 1, 0, 1, 0],
            [1, 1, 1, 1, 0, 0, 0],
            [1, 1, 1, 1, 0, 0, 0],
            [1, 0, 0, 0, 1, 1, 0],
            [1, 1, 0, 0, 1, 1, 1],
            [1, 0, 0, 0, 0, 1, 1]
        ]
2025-02-20 07:37:56,565 - DSM_MultiModelExp_llm_rag_ollama:llama3.3:70b-8k - INFO - Response: final response = [
            [1, 1, 1, 1, 1, 1, 1],
            [1, 1, 1, 1, 0, 1, 0],
            [1, 1, 1, 1, 0, 0, 0],
            [1, 1, 1, 1, 0, 0, 0],
            [1, 0, 0, 0, 1, 1, 0],
            [1, 1, 0, 0, 1, 1, 1],
            [1, 0, 0, 0, 0, 1, 1]
        ]
2025-02-20 07:37:56,566 - DSM_MultiModelExp_llm_rag_ollama:llama3.3:70b-8k - INFO - Matrix: [[1, 1, 1, 1, 1, 1, 1], [1, 1, 1, 1, 0, 1, 0], [1, 1, 1, 1, 0, 0, 0], [1, 1, 1, 1, 0, 0, 0], [1, 0, 0, 0, 1, 1, 0], [1, 1, 0, 0, 1, 1, 1], [1, 0, 0, 0, 0, 1, 1]]
2025-02-20 07:37:56,566 - DSM_MultiModelExp_llm_rag_ollama:llama3.3:70b-8k - INFO - Final Matrix:
[[1, 1, 1, 1, 1, 1, 1], [1, 1, 1, 1, 0, 1, 0], [1, 1, 1, 1, 0, 0, 0], [1, 1, 1, 1, 0, 0, 0], [1, 0, 0, 0, 1, 1, 0], [1, 1, 0, 0, 1, 1, 1], [1, 0, 0, 0, 0, 1, 1]]
2025-02-20 07:37:56,567 - DSM_MultiModelExp_llm_rag_ollama:llama3.3:70b-8k - INFO - --------------------------------------------------
2025-02-20 07:37:56,568 - DSM_MultiModelExp_llm_rag_ollama:llama3.3:70b-8k - INFO - Matrix from response.
2025-02-20 07:37:56,569 - DSM_MultiModelExp_llm_rag_ollama:llama3.3:70b-8k - INFO - At run 1/5
2025-02-20 07:37:56,569 - DSM_MultiModelExp_llm_rag_ollama:llama3.3:70b-8k - INFO - Matrix: [[1, 1, 1, 1, 1, 1, 1], [1, 1, 1, 1, 0, 1, 0], [1, 1, 1, 1, 0, 0, 0], [1, 1, 1, 1, 0, 0, 0], [1, 0, 0, 0, 1, 1, 0], [1, 1, 0, 0, 1, 1, 1], [1, 0, 0, 0, 0, 1, 1]]
2025-02-20 07:37:56,570 - DSM_MultiModelExp_llm_rag_ollama:llama3.3:70b-8k - INFO - --------------------------------------------------
2025-02-20 07:38:06,581 - DSM_MultiModelExp_llm_rag_ollama:llama3.3:70b-8k - INFO - Run 2/5
2025-02-20 07:38:06,619 - DSM_MultiModelExp_llm_rag_ollama:llama3.3:70b-8k - INFO - DEBUG: Initializing RAGInference.
2025-02-20 07:38:06,619 - DSM_MultiModelExp_llm_rag_ollama:llama3.3:70b-8k - INFO - Using R-type: ['R1', 'R3']
2025-02-20 07:38:06,620 - DSM_MultiModelExp_llm_rag_ollama:llama3.3:70b-8k - INFO - Using embedding model: text-embedding-3-small
2025-02-20 07:38:06,656 - DSM_MultiModelExp_llm_rag_ollama:llama3.3:70b-8k - INFO - VectorStoreManager initialized
2025-02-20 07:38:06,657 - DSM_MultiModelExp_llm_rag_ollama:llama3.3:70b-8k - INFO - Set database path to: xLM_DSM/data/vectorstore/PowerDrill/llm_rag/text-embedding-3-small
2025-02-20 07:38:06,666 - DSM_MultiModelExp_llm_rag_ollama:llama3.3:70b-8k - INFO - Collection count: 2855
2025-02-20 07:38:06,669 - DSM_MultiModelExp_llm_rag_ollama:llama3.3:70b-8k - INFO - Initialized RAG inference for system: power screwdriver
2025-02-20 07:38:06,670 - DSM_MultiModelExp_llm_rag_ollama:llama3.3:70b-8k - INFO - Initialized DSM for system: power screwdriver
2025-02-20 07:38:06,670 - DSM_MultiModelExp_llm_rag_ollama:llama3.3:70b-8k - INFO - Inference model: ollama:llama3.3:70b-8k
2025-02-20 07:38:06,671 - DSM_MultiModelExp_llm_rag_ollama:llama3.3:70b-8k - INFO - Predicted Components: ['Motor', 'Housing', 'Ring Gear', 'Clip', 'Battery', 'Switch', 'Screwdriver Bit']
2025-02-20 07:38:06,672 - DSM_MultiModelExp_llm_rag_ollama:llama3.3:70b-8k - INFO - Number of components: 7
2025-02-20 07:38:06,673 - DSM_MultiModelExp_llm_rag_ollama:llama3.3:70b-8k - INFO - Predicted components for query: ['Motor', 'Housing', 'Ring Gear', 'Clip', 'Battery', 'Switch', 'Screwdriver Bit']
2025-02-20 07:38:06,673 - DSM_MultiModelExp_llm_rag_ollama:llama3.3:70b-8k - INFO - Query: 
        Please identify system-level proximity relationships (in contact) between the components of Power Screwdriver, as listed below, and represent them in a Design Structure Matrix (DSM) format.  
        The relationships should be articulated in plain English, capturing the essence of their interactions. 
        Here is the list of subsystems/components to analyze: ['Motor', 'Housing', 'Ring Gear', 'Clip', 'Battery', 'Switch', 'Screwdriver Bit'] 
        The DSM should clearly indicate the interactions between these components as 1 exist and 0 does not exist, considering both the presence and nature of these connections.             
        Present the output in a square matrix format (number of rows and columns MUST be the same as the number of components = 7 for this example), with rows and columns labeled accordingly. 
        Diagonal elements should be 1 in DSM matrix since each component interacts with itself. 
        If you don't know the answer, just write 2 for the specific cell that you are unsure of. A worst case scenario of the **as a list of lists** shown below (diagonal elements are 1 and rest are 2). Don't make up an answer.         final response = [
            [1, 2, 2, 2, 2, 2, 2],
            [2, 1, 2, 2, 2, 2, 2],
            [2, 2, 1, 2, 2, 2, 2],
            [2, 2, 2, 1, 2, 2, 2],
            [2, 2, 2, 2, 1, 2, 2],
            [2, 2, 2, 2, 2, 1, 2],
            [2, 2, 2, 2, 2, 2, 1]
        ]

        IMPORTANT: Your response must **ONLY** contain a valid **as a list of lists** in the following example format 7x7 matrix.         
        The below list of lists is just an example format of your response. **Replace** the values with your **actual analysis** while providing your response with parameter of 'final response'.        
        final response = [
            [1, 0, 0, 0, 0, 0, 0],
            [0, 1, 0, 0, 0, 0, 0],
            [0, 0, 1, 0, 0, 0, 0],
            [0, 0, 0, 1, 0, 0, 0],
            [0, 0, 0, 0, 1, 0, 0],
            [0, 0, 0, 0, 0, 1, 0],
            [0, 0, 0, 0, 0, 0, 1]
        ]

        IMPORTANT: THE FORMAT OF THE OUTPUT MUST BE AS LIST OF LISTS ONLY SIMILAR TO THE ONE ABOVE (NO LATEX, CODE, OR OTHER ENCODINGS).
        
2025-02-20 07:38:21,654 - DSM_MultiModelExp_llm_rag_ollama:llama3.3:70b-8k - INFO - Number of documents retrieved: 4
2025-02-20 07:38:21,656 - DSM_MultiModelExp_llm_rag_ollama:llama3.3:70b-8k - INFO - Documents used for this query:
2025-02-20 07:38:21,656 - DSM_MultiModelExp_llm_rag_ollama:llama3.3:70b-8k - INFO - File: ../data/use_cases_large/PowerDrill/reference_pdfs/R1_combined.pdf
2025-02-20 07:38:21,657 - DSM_MultiModelExp_llm_rag_ollama:llama3.3:70b-8k - INFO - Page: 34
2025-02-20 07:38:21,658 - DSM_MultiModelExp_llm_rag_ollama:llama3.3:70b-8k - INFO - Content: power	
  screwdriver	
   158	
  5.9	
   (a)	
  –	
  (c)	
  binary	
  adjacency	
  matrices	
  and	
  spy	
  plots	
  for	
  screwdrivers	
   159	
  5.10	
   Sample	
  distribution	
  for	
  a	
  screw ...
2025-02-20 07:38:21,659 - DSM_MultiModelExp_llm_rag_ollama:llama3.3:70b-8k - INFO - File: ../data/use_cases_large/PowerDrill/reference_pdfs/R1_combined.pdf
2025-02-20 07:38:21,660 - DSM_MultiModelExp_llm_rag_ollama:llama3.3:70b-8k - INFO - Page: 1
2025-02-20 07:38:21,661 - DSM_MultiModelExp_llm_rag_ollama:llama3.3:70b-8k - INFO - Content: A component DSM is used to capture and represent the interactions between elements of a system
(Warﬁeld 1973, Steward 1981, Browning 2001). An element may represent a single component,
an assembly of  ...
2025-02-20 07:38:21,661 - DSM_MultiModelExp_llm_rag_ollama:llama3.3:70b-8k - INFO - File: ../data/use_cases_large/PowerDrill/reference_pdfs/R1_combined.pdf
2025-02-20 07:38:21,663 - DSM_MultiModelExp_llm_rag_ollama:llama3.3:70b-8k - INFO - Page: 181
2025-02-20 07:38:21,663 - DSM_MultiModelExp_llm_rag_ollama:llama3.3:70b-8k - INFO - Content: Fig.	
  5.8:	
  Components	
  of	
  the	
  Black	
  &	
  Decker	
  alkaline	
  screwdriver	
  [Tilstra,	
  2010].	
  	
   The	
   developed	
   Product	
   Design	
   Structure	
   Matrices	
   (DSM)	 ...
2025-02-20 07:38:21,665 - DSM_MultiModelExp_llm_rag_ollama:llama3.3:70b-8k - INFO - File: ../data/use_cases_large/PowerDrill/reference_pdfs/R1_combined.pdf
2025-02-20 07:38:21,665 - DSM_MultiModelExp_llm_rag_ollama:llama3.3:70b-8k - INFO - Page: 13
2025-02-20 07:38:21,667 - DSM_MultiModelExp_llm_rag_ollama:llama3.3:70b-8k - INFO - Content: mine which interactions truly exist in the product. Examination of the product would conﬁrm that
the ‘Clip (2)’ element connects the ‘ring gear, Housing (9)’ element to the ‘Housing (21)’ element
and  ...
2025-02-20 07:38:21,667 - DSM_MultiModelExp_llm_rag_ollama:llama3.3:70b-8k - INFO - Raw Response: final response = [
            [1, 1, 1, 1, 1, 1, 1],
            [1, 1, 1, 1, 0, 1, 0],
            [1, 1, 1, 1, 0, 0, 0],
            [1, 1, 1, 1, 0, 0, 0],
            [1, 0, 0, 0, 1, 1, 0],
            [1, 1, 0, 0, 1, 1, 1],
            [1, 0, 0, 0, 0, 1, 1]
        ]
2025-02-20 07:38:21,668 - DSM_MultiModelExp_llm_rag_ollama:llama3.3:70b-8k - INFO - Response: final response = [
            [1, 1, 1, 1, 1, 1, 1],
            [1, 1, 1, 1, 0, 1, 0],
            [1, 1, 1, 1, 0, 0, 0],
            [1, 1, 1, 1, 0, 0, 0],
            [1, 0, 0, 0, 1, 1, 0],
            [1, 1, 0, 0, 1, 1, 1],
            [1, 0, 0, 0, 0, 1, 1]
        ]
2025-02-20 07:38:21,669 - DSM_MultiModelExp_llm_rag_ollama:llama3.3:70b-8k - INFO - Matrix: [[1, 1, 1, 1, 1, 1, 1], [1, 1, 1, 1, 0, 1, 0], [1, 1, 1, 1, 0, 0, 0], [1, 1, 1, 1, 0, 0, 0], [1, 0, 0, 0, 1, 1, 0], [1, 1, 0, 0, 1, 1, 1], [1, 0, 0, 0, 0, 1, 1]]
2025-02-20 07:38:21,670 - DSM_MultiModelExp_llm_rag_ollama:llama3.3:70b-8k - INFO - Final Matrix:
[[1, 1, 1, 1, 1, 1, 1], [1, 1, 1, 1, 0, 1, 0], [1, 1, 1, 1, 0, 0, 0], [1, 1, 1, 1, 0, 0, 0], [1, 0, 0, 0, 1, 1, 0], [1, 1, 0, 0, 1, 1, 1], [1, 0, 0, 0, 0, 1, 1]]
2025-02-20 07:38:21,671 - DSM_MultiModelExp_llm_rag_ollama:llama3.3:70b-8k - INFO - --------------------------------------------------
2025-02-20 07:38:21,672 - DSM_MultiModelExp_llm_rag_ollama:llama3.3:70b-8k - INFO - Matrix from response.
2025-02-20 07:38:21,673 - DSM_MultiModelExp_llm_rag_ollama:llama3.3:70b-8k - INFO - At run 2/5
2025-02-20 07:38:21,674 - DSM_MultiModelExp_llm_rag_ollama:llama3.3:70b-8k - INFO - Matrix: [[1, 1, 1, 1, 1, 1, 1], [1, 1, 1, 1, 0, 1, 0], [1, 1, 1, 1, 0, 0, 0], [1, 1, 1, 1, 0, 0, 0], [1, 0, 0, 0, 1, 1, 0], [1, 1, 0, 0, 1, 1, 1], [1, 0, 0, 0, 0, 1, 1]]
2025-02-20 07:38:21,675 - DSM_MultiModelExp_llm_rag_ollama:llama3.3:70b-8k - INFO - --------------------------------------------------
2025-02-20 07:38:31,685 - DSM_MultiModelExp_llm_rag_ollama:llama3.3:70b-8k - INFO - Run 3/5
2025-02-20 07:38:31,723 - DSM_MultiModelExp_llm_rag_ollama:llama3.3:70b-8k - INFO - DEBUG: Initializing RAGInference.
2025-02-20 07:38:31,724 - DSM_MultiModelExp_llm_rag_ollama:llama3.3:70b-8k - INFO - Using R-type: ['R1', 'R3']
2025-02-20 07:38:31,725 - DSM_MultiModelExp_llm_rag_ollama:llama3.3:70b-8k - INFO - Using embedding model: text-embedding-3-small
2025-02-20 07:38:31,761 - DSM_MultiModelExp_llm_rag_ollama:llama3.3:70b-8k - INFO - VectorStoreManager initialized
2025-02-20 07:38:31,761 - DSM_MultiModelExp_llm_rag_ollama:llama3.3:70b-8k - INFO - Set database path to: xLM_DSM/data/vectorstore/PowerDrill/llm_rag/text-embedding-3-small
2025-02-20 07:38:31,770 - DSM_MultiModelExp_llm_rag_ollama:llama3.3:70b-8k - INFO - Collection count: 2855
2025-02-20 07:38:31,773 - DSM_MultiModelExp_llm_rag_ollama:llama3.3:70b-8k - INFO - Initialized RAG inference for system: power screwdriver
2025-02-20 07:38:31,774 - DSM_MultiModelExp_llm_rag_ollama:llama3.3:70b-8k - INFO - Initialized DSM for system: power screwdriver
2025-02-20 07:38:31,775 - DSM_MultiModelExp_llm_rag_ollama:llama3.3:70b-8k - INFO - Inference model: ollama:llama3.3:70b-8k
2025-02-20 07:38:31,775 - DSM_MultiModelExp_llm_rag_ollama:llama3.3:70b-8k - INFO - Predicted Components: ['Motor', 'Housing', 'Ring Gear', 'Clip', 'Battery', 'Switch', 'Screwdriver Bit']
2025-02-20 07:38:31,777 - DSM_MultiModelExp_llm_rag_ollama:llama3.3:70b-8k - INFO - Number of components: 7
2025-02-20 07:38:31,777 - DSM_MultiModelExp_llm_rag_ollama:llama3.3:70b-8k - INFO - Predicted components for query: ['Motor', 'Housing', 'Ring Gear', 'Clip', 'Battery', 'Switch', 'Screwdriver Bit']
2025-02-20 07:38:31,779 - DSM_MultiModelExp_llm_rag_ollama:llama3.3:70b-8k - INFO - Query: 
        Please identify system-level proximity relationships (in contact) between the components of Power Screwdriver, as listed below, and represent them in a Design Structure Matrix (DSM) format.  
        The relationships should be articulated in plain English, capturing the essence of their interactions. 
        Here is the list of subsystems/components to analyze: ['Motor', 'Housing', 'Ring Gear', 'Clip', 'Battery', 'Switch', 'Screwdriver Bit'] 
        The DSM should clearly indicate the interactions between these components as 1 exist and 0 does not exist, considering both the presence and nature of these connections.             
        Present the output in a square matrix format (number of rows and columns MUST be the same as the number of components = 7 for this example), with rows and columns labeled accordingly. 
        Diagonal elements should be 1 in DSM matrix since each component interacts with itself. 
        If you don't know the answer, just write 2 for the specific cell that you are unsure of. A worst case scenario of the **as a list of lists** shown below (diagonal elements are 1 and rest are 2). Don't make up an answer.         final response = [
            [1, 2, 2, 2, 2, 2, 2],
            [2, 1, 2, 2, 2, 2, 2],
            [2, 2, 1, 2, 2, 2, 2],
            [2, 2, 2, 1, 2, 2, 2],
            [2, 2, 2, 2, 1, 2, 2],
            [2, 2, 2, 2, 2, 1, 2],
            [2, 2, 2, 2, 2, 2, 1]
        ]

        IMPORTANT: Your response must **ONLY** contain a valid **as a list of lists** in the following example format 7x7 matrix.         
        The below list of lists is just an example format of your response. **Replace** the values with your **actual analysis** while providing your response with parameter of 'final response'.        
        final response = [
            [1, 0, 0, 0, 0, 0, 0],
            [0, 1, 0, 0, 0, 0, 0],
            [0, 0, 1, 0, 0, 0, 0],
            [0, 0, 0, 1, 0, 0, 0],
            [0, 0, 0, 0, 1, 0, 0],
            [0, 0, 0, 0, 0, 1, 0],
            [0, 0, 0, 0, 0, 0, 1]
        ]

        IMPORTANT: THE FORMAT OF THE OUTPUT MUST BE AS LIST OF LISTS ONLY SIMILAR TO THE ONE ABOVE (NO LATEX, CODE, OR OTHER ENCODINGS).
        
2025-02-20 07:38:46,453 - DSM_MultiModelExp_llm_rag_ollama:llama3.3:70b-8k - INFO - Number of documents retrieved: 4
2025-02-20 07:38:46,454 - DSM_MultiModelExp_llm_rag_ollama:llama3.3:70b-8k - INFO - Documents used for this query:
2025-02-20 07:38:46,454 - DSM_MultiModelExp_llm_rag_ollama:llama3.3:70b-8k - INFO - File: ../data/use_cases_large/PowerDrill/reference_pdfs/R1_combined.pdf
2025-02-20 07:38:46,455 - DSM_MultiModelExp_llm_rag_ollama:llama3.3:70b-8k - INFO - Page: 34
2025-02-20 07:38:46,456 - DSM_MultiModelExp_llm_rag_ollama:llama3.3:70b-8k - INFO - Content: power	
  screwdriver	
   158	
  5.9	
   (a)	
  –	
  (c)	
  binary	
  adjacency	
  matrices	
  and	
  spy	
  plots	
  for	
  screwdrivers	
   159	
  5.10	
   Sample	
  distribution	
  for	
  a	
  screw ...
2025-02-20 07:38:46,458 - DSM_MultiModelExp_llm_rag_ollama:llama3.3:70b-8k - INFO - File: ../data/use_cases_large/PowerDrill/reference_pdfs/R1_combined.pdf
2025-02-20 07:38:46,459 - DSM_MultiModelExp_llm_rag_ollama:llama3.3:70b-8k - INFO - Page: 1
2025-02-20 07:38:46,460 - DSM_MultiModelExp_llm_rag_ollama:llama3.3:70b-8k - INFO - Content: A component DSM is used to capture and represent the interactions between elements of a system
(Warﬁeld 1973, Steward 1981, Browning 2001). An element may represent a single component,
an assembly of  ...
2025-02-20 07:38:46,461 - DSM_MultiModelExp_llm_rag_ollama:llama3.3:70b-8k - INFO - File: ../data/use_cases_large/PowerDrill/reference_pdfs/R1_combined.pdf
2025-02-20 07:38:46,462 - DSM_MultiModelExp_llm_rag_ollama:llama3.3:70b-8k - INFO - Page: 181
2025-02-20 07:38:46,463 - DSM_MultiModelExp_llm_rag_ollama:llama3.3:70b-8k - INFO - Content: Fig.	
  5.8:	
  Components	
  of	
  the	
  Black	
  &	
  Decker	
  alkaline	
  screwdriver	
  [Tilstra,	
  2010].	
  	
   The	
   developed	
   Product	
   Design	
   Structure	
   Matrices	
   (DSM)	 ...
2025-02-20 07:38:46,464 - DSM_MultiModelExp_llm_rag_ollama:llama3.3:70b-8k - INFO - File: ../data/use_cases_large/PowerDrill/reference_pdfs/R1_combined.pdf
2025-02-20 07:38:46,465 - DSM_MultiModelExp_llm_rag_ollama:llama3.3:70b-8k - INFO - Page: 13
2025-02-20 07:38:46,466 - DSM_MultiModelExp_llm_rag_ollama:llama3.3:70b-8k - INFO - Content: mine which interactions truly exist in the product. Examination of the product would conﬁrm that
the ‘Clip (2)’ element connects the ‘ring gear, Housing (9)’ element to the ‘Housing (21)’ element
and  ...
2025-02-20 07:38:46,467 - DSM_MultiModelExp_llm_rag_ollama:llama3.3:70b-8k - INFO - Raw Response: final response = [
            [1, 1, 1, 1, 1, 1, 1],
            [1, 1, 1, 1, 0, 1, 0],
            [1, 1, 1, 1, 0, 0, 0],
            [1, 1, 1, 1, 0, 0, 0],
            [1, 0, 0, 0, 1, 1, 0],
            [1, 1, 0, 0, 1, 1, 1],
            [1, 0, 0, 0, 0, 1, 1]
        ]
2025-02-20 07:38:46,468 - DSM_MultiModelExp_llm_rag_ollama:llama3.3:70b-8k - INFO - Response: final response = [
            [1, 1, 1, 1, 1, 1, 1],
            [1, 1, 1, 1, 0, 1, 0],
            [1, 1, 1, 1, 0, 0, 0],
            [1, 1, 1, 1, 0, 0, 0],
            [1, 0, 0, 0, 1, 1, 0],
            [1, 1, 0, 0, 1, 1, 1],
            [1, 0, 0, 0, 0, 1, 1]
        ]
2025-02-20 07:38:46,469 - DSM_MultiModelExp_llm_rag_ollama:llama3.3:70b-8k - INFO - Matrix: [[1, 1, 1, 1, 1, 1, 1], [1, 1, 1, 1, 0, 1, 0], [1, 1, 1, 1, 0, 0, 0], [1, 1, 1, 1, 0, 0, 0], [1, 0, 0, 0, 1, 1, 0], [1, 1, 0, 0, 1, 1, 1], [1, 0, 0, 0, 0, 1, 1]]
2025-02-20 07:38:46,470 - DSM_MultiModelExp_llm_rag_ollama:llama3.3:70b-8k - INFO - Final Matrix:
[[1, 1, 1, 1, 1, 1, 1], [1, 1, 1, 1, 0, 1, 0], [1, 1, 1, 1, 0, 0, 0], [1, 1, 1, 1, 0, 0, 0], [1, 0, 0, 0, 1, 1, 0], [1, 1, 0, 0, 1, 1, 1], [1, 0, 0, 0, 0, 1, 1]]
2025-02-20 07:38:46,470 - DSM_MultiModelExp_llm_rag_ollama:llama3.3:70b-8k - INFO - ----------------------
2025-02-20 07:38:46,471 - DSM_MultiModelExp_llm_rag_ollama:llama3.3:70b-8k - INFO - Matrix from response.
2025-02-20 07:38:46,472 - DSM_MultiModelExp_llm_rag_ollama:llama3.3:70b-8k - INFO - At run 3/5
2025-02-20 07:38:46,474 - DSM_MultiModelExp_llm_rag_ollama:llama3.3:70b-8k - INFO - Matrix: [[1, 1, 1, 1, 1, 1, 1], [1, 1, 1, 1, 0, 1, 0], [1, 1, 1, 1, 0, 0, 0], [1, 1, 1, 1, 0, 0, 0], [1, 0, 0, 0, 1, 1, 0], [1, 1, 0, 0, 1, 1, 1], [1, 0, 0, 0, 0, 1, 1]]
2025-02-20 07:38:46,474 - DSM_MultiModelExp_llm_rag_ollama:llama3.3:70b-8k - INFO - --------------------------------------------------
2025-02-20 07:38:56,485 - DSM_MultiModelExp_llm_rag_ollama:llama3.3:70b-8k - INFO - Run 4/5
2025-02-20 07:38:56,514 - DSM_MultiModelExp_llm_rag_ollama:llama3.3:70b-8k - INFO - DEBUG: Initializing RAGInference.
2025-02-20 07:38:56,515 - DSM_MultiModelExp_llm_rag_ollama:llama3.3:70b-8k - INFO - Using R-type: ['R1', 'R3']
2025-02-20 07:38:56,516 - DSM_MultiModelExp_llm_rag_ollama:llama3.3:70b-8k - INFO - Using embedding model: text-embedding-3-small
2025-02-20 07:38:56,543 - DSM_MultiModelExp_llm_rag_ollama:llama3.3:70b-8k - INFO - VectorStoreManager initialized
2025-02-20 07:38:56,544 - DSM_MultiModelExp_llm_rag_ollama:llama3.3:70b-8k - INFO - Set database path to: xLM_DSM/data/vectorstore/PowerDrill/llm_rag/text-embedding-3-small
2025-02-20 07:38:56,553 - DSM_MultiModelExp_llm_rag_ollama:llama3.3:70b-8k - INFO - Collection count: 2855
2025-02-20 07:38:56,556 - DSM_MultiModelExp_llm_rag_ollama:llama3.3:70b-8k - INFO - Initialized RAG inference for system: power screwdriver
2025-02-20 07:38:56,556 - DSM_MultiModelExp_llm_rag_ollama:llama3.3:70b-8k - INFO - Initialized DSM for system: power screwdriver
2025-02-20 07:38:56,557 - DSM_MultiModelExp_llm_rag_ollama:llama3.3:70b-8k - INFO - Inference model: ollama:llama3.3:70b-8k
2025-02-20 07:38:56,558 - DSM_MultiModelExp_llm_rag_ollama:llama3.3:70b-8k - INFO - Predicted Components: ['Motor', 'Housing', 'Ring Gear', 'Clip', 'Battery', 'Switch', 'Screwdriver Bit']
2025-02-20 07:38:56,559 - DSM_MultiModelExp_llm_rag_ollama:llama3.3:70b-8k - INFO - Number of components: 7
2025-02-20 07:38:56,559 - DSM_MultiModelExp_llm_rag_ollama:llama3.3:70b-8k - INFO - Predicted components for query: ['Motor', 'Housing', 'Ring Gear', 'Clip', 'Battery', 'Switch', 'Screwdriver Bit']
2025-02-20 07:38:56,560 - DSM_MultiModelExp_llm_rag_ollama:llama3.3:70b-8k - INFO - Query: 
        Please identify system-level proximity relationships (in contact) between the components of Power Screwdriver, as listed below, and represent them in a Design Structure Matrix (DSM) format.  
        The relationships should be articulated in plain English, capturing the essence of their interactions. 
        Here is the list of subsystems/components to analyze: ['Motor', 'Housing', 'Ring Gear', 'Clip', 'Battery', 'Switch', 'Screwdriver Bit'] 
        The DSM should clearly indicate the interactions between these components as 1 exist and 0 does not exist, considering both the presence and nature of these connections.             
        Present the output in a square matrix format (number of rows and columns MUST be the same as the number of components = 7 for this example), with rows and columns labeled accordingly. 
        Diagonal elements should be 1 in DSM matrix since each component interacts with itself. 
        If you don't know the answer, just write 2 for the specific cell that you are unsure of. A worst case scenario of the **as a list of lists** shown below (diagonal elements are 1 and rest are 2). Don't make up an answer.         final response = [
            [1, 2, 2, 2, 2, 2, 2],
            [2, 1, 2, 2, 2, 2, 2],
            [2, 2, 1, 2, 2, 2, 2],
            [2, 2, 2, 1, 2, 2, 2],
            [2, 2, 2, 2, 1, 2, 2],
            [2, 2, 2, 2, 2, 1, 2],
            [2, 2, 2, 2, 2, 2, 1]
        ]

        IMPORTANT: Your response must **ONLY** contain a valid **as a list of lists** in the following example format 7x7 matrix.         
        The below list of lists is just an example format of your response. **Replace** the values with your **actual analysis** while providing your response with parameter of 'final response'.        
        final response = [
            [1, 0, 0, 0, 0, 0, 0],
            [0, 1, 0, 0, 0, 0, 0],
            [0, 0, 1, 0, 0, 0, 0],
            [0, 0, 0, 1, 0, 0, 0],
            [0, 0, 0, 0, 1, 0, 0],
            [0, 0, 0, 0, 0, 1, 0],
            [0, 0, 0, 0, 0, 0, 1]
        ]

        IMPORTANT: THE FORMAT OF THE OUTPUT MUST BE AS LIST OF LISTS ONLY SIMILAR TO THE ONE ABOVE (NO LATEX, CODE, OR OTHER ENCODINGS).
        
2025-02-20 07:39:11,229 - DSM_MultiModelExp_llm_rag_ollama:llama3.3:70b-8k - INFO - Number of documents retrieved: 4
2025-02-20 07:39:11,231 - DSM_MultiModelExp_llm_rag_ollama:llama3.3:70b-8k - INFO - Documents used for this query:
2025-02-20 07:39:11,232 - DSM_MultiModelExp_llm_rag_ollama:llama3.3:70b-8k - INFO - File: ../data/use_cases_large/PowerDrill/reference_pdfs/R1_combined.pdf
2025-02-20 07:39:11,233 - DSM_MultiModelExp_llm_rag_ollama:llama3.3:70b-8k - INFO - Page: 34
2025-02-20 07:39:11,233 - DSM_MultiModelExp_llm_rag_ollama:llama3.3:70b-8k - INFO - Content: power	
  screwdriver	
   158	
  5.9	
   (a)	
  –	
  (c)	
  binary	
  adjacency	
  matrices	
  and	
  spy	
  plots	
  for	
  screwdrivers	
   159	
  5.10	
   Sample	
  distribution	
  for	
  a	
  screw ...
2025-02-20 07:39:11,234 - DSM_MultiModelExp_llm_rag_ollama:llama3.3:70b-8k - INFO - File: ../data/use_cases_large/PowerDrill/reference_pdfs/R1_combined.pdf
2025-02-20 07:39:11,235 - DSM_MultiModelExp_llm_rag_ollama:llama3.3:70b-8k - INFO - Page: 1
2025-02-20 07:39:11,236 - DSM_MultiModelExp_llm_rag_ollama:llama3.3:70b-8k - INFO - Content: A component DSM is used to capture and represent the interactions between elements of a system
(Warﬁeld 1973, Steward 1981, Browning 2001). An element may represent a single component,
an assembly of  ...
2025-02-20 07:39:11,236 - DSM_MultiModelExp_llm_rag_ollama:llama3.3:70b-8k - INFO - File: ../data/use_cases_large/PowerDrill/reference_pdfs/R1_combined.pdf
2025-02-20 07:39:11,238 - DSM_MultiModelExp_llm_rag_ollama:llama3.3:70b-8k - INFO - Page: 181
2025-02-20 07:39:11,239 - DSM_MultiModelExp_llm_rag_ollama:llama3.3:70b-8k - INFO - Content: Fig.	
  5.8:	
  Components	
  of	
  the	
  Black	
  &	
  Decker	
  alkaline	
  screwdriver	
  [Tilstra,	
  2010].	
  	
   The	
   developed	
   Product	
   Design	
   Structure	
   Matrices	
   (DSM)	 ...
2025-02-20 07:39:11,240 - DSM_MultiModelExp_llm_rag_ollama:llama3.3:70b-8k - INFO - File: ../data/use_cases_large/PowerDrill/reference_pdfs/R1_combined.pdf
2025-02-20 07:39:11,241 - DSM_MultiModelExp_llm_rag_ollama:llama3.3:70b-8k - INFO - Page: 13
2025-02-20 07:39:11,242 - DSM_MultiModelExp_llm_rag_ollama:llama3.3:70b-8k - INFO - Content: mine which interactions truly exist in the product. Examination of the product would conﬁrm that
the ‘Clip (2)’ element connects the ‘ring gear, Housing (9)’ element to the ‘Housing (21)’ element
and  ...
2025-02-20 07:39:11,243 - DSM_MultiModelExp_llm_rag_ollama:llama3.3:70b-8k - INFO - Raw Response: final response = [
            [1, 1, 1, 1, 1, 1, 1],
            [1, 1, 1, 1, 0, 1, 0],
            [1, 1, 1, 1, 0, 0, 0],
            [1, 1, 1, 1, 0, 0, 0],
            [1, 0, 0, 0, 1, 1, 0],
            [1, 1, 0, 0, 1, 1, 1],
            [1, 0, 0, 0, 0, 1, 1]
        ]
2025-02-20 07:39:11,244 - DSM_MultiModelExp_llm_rag_ollama:llama3.3:70b-8k - INFO - Response: final response = [
            [1, 1, 1, 1, 1, 1, 1],
            [1, 1, 1, 1, 0, 1, 0],
            [1, 1, 1, 1, 0, 0, 0],
            [1, 1, 1, 1, 0, 0, 0],
            [1, 0, 0, 0, 1, 1, 0],
            [1, 1, 0, 0, 1, 1, 1],
            [1, 0, 0, 0, 0, 1, 1]
        ]
2025-02-20 07:39:11,245 - DSM_MultiModelExp_llm_rag_ollama:llama3.3:70b-8k - INFO - Matrix: [[1, 1, 1, 1, 1, 1, 1], [1, 1, 1, 1, 0, 1, 0], [1, 1, 1, 1, 0, 0, 0], [1, 1, 1, 1, 0, 0, 0], [1, 0, 0, 0, 1, 1, 0], [1, 1, 0, 0, 1, 1, 1], [1, 0, 0, 0, 0, 1, 1]]
2025-02-20 07:39:11,246 - DSM_MultiModelExp_llm_rag_ollama:llama3.3:70b-8k - INFO - Final Matrix:
[[1, 1, 1, 1, 1, 1, 1], [1, 1, 1, 1, 0, 1, 0], [1, 1, 1, 1, 0, 0, 0], [1, 1, 1, 1, 0, 0, 0], [1, 0, 0, 0, 1, 1, 0], [1, 1, 0, 0, 1, 1, 1], [1, 0, 0, 0, 0, 1, 1]]
2025-02-20 07:39:11,246 - DSM_MultiModelExp_llm_rag_ollama:llama3.3:70b-8k - INFO - --------------------------------------------------
2025-02-20 07:39:11,248 - DSM_MultiModelExp_llm_rag_ollama:llama3.3:70b-8k - INFO - Matrix from response.
2025-02-20 07:39:11,248 - DSM_MultiModelExp_llm_rag_ollama:llama3.3:70b-8k - INFO - At run 4/5
2025-02-20 07:39:11,249 - DSM_MultiModelExp_llm_rag_ollama:llama3.3:70b-8k - INFO - Matrix: [[1, 1, 1, 1, 1, 1, 1], [1, 1, 1, 1, 0, 1, 0], [1, 1, 1, 1, 0, 0, 0], [1, 1, 1, 1, 0, 0, 0], [1, 0, 0, 0, 1, 1, 0], [1, 1, 0, 0, 1, 1, 1], [1, 0, 0, 0, 0, 1, 1]]
2025-02-20 07:39:11,250 - DSM_MultiModelExp_llm_rag_ollama:llama3.3:70b-8k - INFO - --------------------------------------------------
2025-02-20 07:39:21,261 - DSM_MultiModelExp_llm_rag_ollama:llama3.3:70b-8k - INFO - Run 5/5
2025-02-20 07:39:21,297 - DSM_MultiModelExp_llm_rag_ollama:llama3.3:70b-8k - INFO - DEBUG: Initializing RAGInference.
2025-02-20 07:39:21,298 - DSM_MultiModelExp_llm_rag_ollama:llama3.3:70b-8k - INFO - Using R-type: ['R1', 'R3']
2025-02-20 07:39:21,299 - DSM_MultiModelExp_llm_rag_ollama:llama3.3:70b-8k - INFO - Using embedding model: text-embedding-3-small
2025-02-20 07:39:21,334 - DSM_MultiModelExp_llm_rag_ollama:llama3.3:70b-8k - INFO - VectorStoreManager initialized
2025-02-20 07:39:21,335 - DSM_MultiModelExp_llm_rag_ollama:llama3.3:70b-8k - INFO - Set database path to: xLM_DSM/data/vectorstore/PowerDrill/llm_rag/text-embedding-3-small
2025-02-20 07:39:21,343 - DSM_MultiModelExp_llm_rag_ollama:llama3.3:70b-8k - INFO - Collection count: 2855
2025-02-20 07:39:21,347 - DSM_MultiModelExp_llm_rag_ollama:llama3.3:70b-8k - INFO - Initialized RAG inference for system: power screwdriver
2025-02-20 07:39:21,347 - DSM_MultiModelExp_llm_rag_ollama:llama3.3:70b-8k - INFO - Initialized DSM for system: power screwdriver
2025-02-20 07:39:21,348 - DSM_MultiModelExp_llm_rag_ollama:llama3.3:70b-8k - INFO - Inference model: ollama:llama3.3:70b-8k
2025-02-20 07:39:21,350 - DSM_MultiModelExp_llm_rag_ollama:llama3.3:70b-8k - INFO - Predicted Components: ['Motor', 'Housing', 'Ring Gear', 'Clip', 'Battery', 'Switch', 'Screwdriver Bit']
2025-02-20 07:39:21,350 - DSM_MultiModelExp_llm_rag_ollama:llama3.3:70b-8k - INFO - Number of components: 7
2025-02-20 07:39:21,351 - DSM_MultiModelExp_llm_rag_ollama:llama3.3:70b-8k - INFO - Predicted components for query: ['Motor', 'Housing', 'Ring Gear', 'Clip', 'Battery', 'Switch', 'Screwdriver Bit']
2025-02-20 07:39:21,352 - DSM_MultiModelExp_llm_rag_ollama:llama3.3:70b-8k - INFO - Query: 
        Please identify system-level proximity relationships (in contact) between the components of Power Screwdriver, as listed below, and represent them in a Design Structure Matrix (DSM) format.  
        The relationships should be articulated in plain English, capturing the essence of their interactions. 
        Here is the list of subsystems/components to analyze: ['Motor', 'Housing', 'Ring Gear', 'Clip', 'Battery', 'Switch', 'Screwdriver Bit'] 
        The DSM should clearly indicate the interactions between these components as 1 exist and 0 does not exist, considering both the presence and nature of these connections.             
        Present the output in a square matrix format (number of rows and columns MUST be the same as the number of components = 7 for this example), with rows and columns labeled accordingly. 
        Diagonal elements should be 1 in DSM matrix since each component interacts with itself. 
        If you don't know the answer, just write 2 for the specific cell that you are unsure of. A worst case scenario of the **as a list of lists** shown below (diagonal elements are 1 and rest are 2). Don't make up an answer.         final response = [
            [1, 2, 2, 2, 2, 2, 2],
            [2, 1, 2, 2, 2, 2, 2],
            [2, 2, 1, 2, 2, 2, 2],
            [2, 2, 2, 1, 2, 2, 2],
            [2, 2, 2, 2, 1, 2, 2],
            [2, 2, 2, 2, 2, 1, 2],
            [2, 2, 2, 2, 2, 2, 1]
        ]

        IMPORTANT: Your response must **ONLY** contain a valid **as a list of lists** in the following example format 7x7 matrix.         
        The below list of lists is just an example format of your response. **Replace** the values with your **actual analysis** while providing your response with parameter of 'final response'.        
        final response = [
            [1, 0, 0, 0, 0, 0, 0],
            [0, 1, 0, 0, 0, 0, 0],
            [0, 0, 1, 0, 0, 0, 0],
            [0, 0, 0, 1, 0, 0, 0],
            [0, 0, 0, 0, 1, 0, 0],
            [0, 0, 0, 0, 0, 1, 0],
            [0, 0, 0, 0, 0, 0, 1]
        ]

        IMPORTANT: THE FORMAT OF THE OUTPUT MUST BE AS LIST OF LISTS ONLY SIMILAR TO THE ONE ABOVE (NO LATEX, CODE, OR OTHER ENCODINGS).
        
2025-02-20 07:39:36,174 - DSM_MultiModelExp_llm_rag_ollama:llama3.3:70b-8k - INFO - Number of documents retrieved: 4
2025-02-20 07:39:36,175 - DSM_MultiModelExp_llm_rag_ollama:llama3.3:70b-8k - INFO - Documents used for this query:
2025-02-20 07:39:36,176 - DSM_MultiModelExp_llm_rag_ollama:llama3.3:70b-8k - INFO - File: ../data/use_cases_large/PowerDrill/reference_pdfs/R1_combined.pdf
2025-02-20 07:39:36,176 - DSM_MultiModelExp_llm_rag_ollama:llama3.3:70b-8k - INFO - Page: 34
2025-02-20 07:39:36,177 - DSM_MultiModelExp_llm_rag_ollama:llama3.3:70b-8k - INFO - Content: power	
  screwdriver	
   158	
  5.9	
   (a)	
  –	
  (c)	
  binary	
  adjacency	
  matrices	
  and	
  spy	
  plots	
  for	
  screwdrivers	
   159	
  5.10	
   Sample	
  distribution	
  for	
  a	
  screw ...
2025-02-20 07:39:36,179 - DSM_MultiModelExp_llm_rag_ollama:llama3.3:70b-8k - INFO - File: ../data/use_cases_large/PowerDrill/reference_pdfs/R1_combined.pdf
2025-02-20 07:39:36,179 - DSM_MultiModelExp_llm_rag_ollama:llama3.3:70b-8k - INFO - Page: 1
2025-02-20 07:39:36,180 - DSM_MultiModelExp_llm_rag_ollama:llama3.3:70b-8k - INFO - Content: A component DSM is used to capture and represent the interactions between elements of a system
(Warﬁeld 1973, Steward 1981, Browning 2001). An element may represent a single component,
an assembly of  ...
2025-02-20 07:39:36,181 - DSM_MultiModelExp_llm_rag_ollama:llama3.3:70b-8k - INFO - File: ../data/use_cases_large/PowerDrill/reference_pdfs/R1_combined.pdf
2025-02-20 07:39:36,182 - DSM_MultiModelExp_llm_rag_ollama:llama3.3:70b-8k - INFO - Page: 181
2025-02-20 07:39:36,183 - DSM_MultiModelExp_llm_rag_ollama:llama3.3:70b-8k - INFO - Content: Fig.	
  5.8:	
  Components	
  of	
  the	
  Black	
  &	
  Decker	
  alkaline	
  screwdriver	
  [Tilstra,	
  2010].	
  	
   The	
   developed	
   Product	
   Design	
   Structure	
   Matrices	
   (DSM)	 ...
2025-02-20 07:39:36,184 - DSM_MultiModelExp_llm_rag_ollama:llama3.3:70b-8k - INFO - File: ../data/use_cases_large/PowerDrill/reference_pdfs/R1_combined.pdf
2025-02-20 07:39:36,185 - DSM_MultiModelExp_llm_rag_ollama:llama3.3:70b-8k - INFO - Page: 13
2025-02-20 07:39:36,185 - DSM_MultiModelExp_llm_rag_ollama:llama3.3:70b-8k - INFO - Content: mine which intion of the product would conﬁrm that
the ‘Clip (2)’ element connects the ‘ring gear, Housing (9)’ element to the ‘Housing (21)’ element
and  ...
2025-02-20 07:39:36,186 - DSM_MultiModelExp_llm_rag_ollama:llama3.3:70b-8k - INFO - Raw Response: final response = [
            [1, 1, 1, 1, 1, 1, 1],
            [1, 1, 1, 1, 0, 1, 0],
            [1, 1, 1, 1, 0, 0, 0],
            [1, 1, 1, 1, 0, 0, 0],
            [1, 0, 0, 0, 1, 1, 0],
            [1, 1, 0, 0, 1, 1, 1],
            [1, 0, 0, 0, 0, 1, 1]
        ]
2025-02-20 07:39:36,188 - DSM_MultiModelExp_llm_rag_ollama:llama3.3:70b-8k - INFO - Response: final response = [
            [1, 1, 1, 1, 1, 1, 1],
            [1, 1, 1, 1, 0, 1, 0],
            [1, 1, 1, 1, 0, 0, 0],
            [1, 1, 1, 1, 0, 0, 0],
            [1, 0, 0, 0, 1, 1, 0],
            [1, 1, 0, 0, 1, 1, 1],
            [1, 0, 0, 0, 0, 1, 1]
        ]
2025-02-20 07:39:36,188 - DSM_MultiModelExp_llm_rag_ollama:llama3.3:70b-8k - INFO - Matrix: [[1, 1, 1, 1, 1, 1, 1], [1, 1, 1, 1, 0, 1, 0], [1, 1, 1, 1, 0, 0, 0], [1, 1, 1, 1, 0, 0, 0], [1, 0, 0, 0, 1, 1, 0], [1, 1, 0, 0, 1, 1, 1], [1, 0, 0, 0, 0, 1, 1]]
2025-02-20 07:39:36,190 - DSM_MultiModelExp_llm_rag_ollama:llama3.3:70b-8k - INFO - Final Matrix:
[[1, 1, 1, 1, 1, 1, 1], [1, 1, 1, 1, 0, 1, 0], [1, 1, 1, 1, 0, 0, 0], [1, 1, 1, 1, 0, 0, 0], [1, 0, 0, 0, 1, 1, 0], [1, 1, 0, 0, 1, 1, 1], [1, 0, 0, 0, 0, 1, 1]]
2025-02-20 07:39:36,190 - DSM_MultiModelExp_llm_rag_ollama:llama3.3:70b-8k - INFO - --------------------------------------------------
2025-02-20 07:39:36,191 - DSM_MultiModelExp_llm_rag_ollama:llama3.3:70b-8k - INFO - Matrix from response.
2025-02-20 07:39:36,192 - DSM_MultiModelExp_llm_rag_ollama:llama3.3:70b-8k - INFO - At run 5/5
2025-02-20 07:39:36,193 - DSM_MultiModelExp_llm_rag_ollama:llama3.3:70b-8k - INFO - Matrix: [[1, 1, 1, 1, 1, 1, 1], [1, 1, 1, 1, 0, 1, 0], [1, 1, 1, 1, 0, 0, 0], [1, 1, 1, 1, 0, 0, 0], [1, 0, 0, 0, 1, 1, 0], [1, 1, 0, 0, 1, 1, 1], [1, 0, 0, 0, 0, 1, 1]]
2025-02-20 07:39:36,194 - DSM_MultiModelExp_llm_rag_ollama:llama3.3:70b-8k - INFO - --------------------------------------------------
2025-02-20 07:39:46,205 - DSM_MultiModelExp_llm_rag_ollama:llama3.3:70b-8k - INFO - Duration of reference combination {'R1': [{'path': '../data/use_cases_large/PowerDrill/reference_pdfs/R1_combined.pdf'}], 'R3': [{'path': '../data/use_cases_large/PowerDrill/reference_pdfs/R3_combined.pdf'}]}: 0:02:14.267046
2025-02-20 07:39:46,206 - DSM_MultiModelExp_llm_rag_ollama:llama3.3:70b-8k - INFO - ++++++++++++++++++++++++++++++++++++++++++++++++++++++++++++++++++++++++++++++++++++++++++++++++++++
2025-02-20 07:39:46,207 - DSM_MultiModelExp_llm_rag_ollama:llama3.3:70b-8k - INFO - Run 1/5
2025-02-20 07:39:46,246 - DSM_MultiModelExp_llm_rag_ollama:llama3.3:70b-8k - INFO - DEBUG: Initializing RAGInference.
2025-02-20 07:39:46,247 - DSM_MultiModelExp_llm_rag_ollama:llama3.3:70b-8k - INFO - Using R-type: ['R2', 'R3']
2025-02-20 07:39:46,248 - DSM_MultiModelExp_llm_rag_ollama:llama3.3:70b-8k - INFO - Using embedding model: text-embedding-3-small
2025-02-20 07:39:46,285 - DSM_MultiModelExp_llm_rag_ollama:llama3.3:70b-8k - INFO - VectorStoreManager initialized
2025-02-20 07:39:46,286 - DSM_MultiModelExp_llm_rag_ollama:llama3.3:70b-8k - INFO - Set database path to: xLM_DSM/data/vectorstore/PowerDrill/llm_rag/text-embedding-3-small
2025-02-20 07:39:46,295 - DSM_MultiModelExp_llm_rag_ollama:llama3.3:70b-8k - INFO - Collection count: 2855
2025-02-20 07:39:46,298 - DSM_MultiModelExp_llm_rag_ollama:llama3.3:70b-8k - INFO - Initialized RAG inference for system: power screwdriver
2025-02-20 07:39:46,299 - DSM_MultiModelExp_llm_rag_ollama:llama3.3:70b-8k - INFO - Initialized DSM for system: power screwdriver
2025-02-20 07:39:46,318 - DSM_MultiModelExp_llm_rag_ollama:llama3.3:70b-8k - INFO - Inference model: ollama:llama3.3:70b-8k
2025-02-20 07:39:46,319 - DSM_MultiModelExp_llm_rag_ollama:llama3.3:70b-8k - INFO - Prompt (attempt 1/3): 
            Please identify the major components of power screwdriver in the engineering based on proximity relationships.             
            The number of components must not exceed 7 (can be equal) and must be a list of strings.             
            Please do not identify similar components that will work together under subsystem level since our interest is to identify the major components that form the core architecture of the system.             
            Here is an example of the components for made-up system:             
            final response = [ "component 1", "component 2", "component 3", "component 4", "component 5" ]             
            IMPORTANT: THE FORMAT OF THE OUTPUT MUST BE AS A LIST OF STRINGS ONLY SIMILAR TO THE ONE ABOVE (NO LATEX, NO CODE, NO DESCRIPTION, OR OTHER ENCODINGS).              
2025-02-20 07:39:50,577 - DSM_MultiModelExp_llm_rag_ollama:llama3.3:70b-8k - INFO - Number of documents retrieved: 4
2025-02-20 07:39:50,578 - DSM_MultiModelExp_llm_rag_ollama:llama3.3:70b-8k - INFO - Documents used for this query:
2025-02-20 07:39:50,579 - DSM_MultiModelExp_llm_rag_ollama:llama3.3:70b-8k - INFO - File: ../data/use_cases_large/PowerDrill/reference_pdfs/[2012 Eppinger] R2-Design structure matrix methods and applications.pdf
2025-02-20 07:39:50,580 - DSM_MultiModelExp_llm_rag_ollama:llama3.3:70b-8k - INFO - Page: 46
2025-02-20 07:39:50,581 - DSM_MultiModelExp_llm_rag_ollama:llama3.3:70b-8k - INFO - Content: using red shaded cells between pairs of components. 
Res ult s 
The DSM model identified six of the subsystems as somewhat modular, in that each 
subsystem primarily had interfaces among components wi ...
2025-02-20 07:39:50,582 - DSM_MultiModelExp_llm_rag_ollama:llama3.3:70b-8k - INFO - File: ../data/use_cases_large/PowerDrill/reference_pdfs/[2012 Eppinger] R2-Design structure matrix methods and applications.pdf
2025-02-20 07:39:50,583 - DSM_MultiModelExp_llm_rag_ollama:llama3.3:70b-8k - INFO - Page: 103
2025-02-20 07:39:50,584 - DSM_MultiModelExp_llm_rag_ollama:llama3.3:70b-8k - INFO - Content: 97 Organization Architecture DSM Examples 
F G E 0 I A C B K J P N Q R B K 0 L M H STU V 
Crankshaft F 
Flywheel G 
Connecting Rods E 
Pistons D 
Lubrication I 
Engine Block A 
CamshafWalve Train C 
C ...
2025-02-20 07:39:50,584 - DSM_MultiModelExp_llm_rag_ollama:llama3.3:70b-8k - INFO - File: ../data/use_cases_large/PowerDrill/reference_pdfs/[2012 Eppinger] R2-Design structure matrix methods and applications.pdf
2025-02-20 07:39:50,586 - DSM_MultiModelExp_llm_rag_ollama:llama3.3:70b-8k - INFO - Page: 95
2025-02-20 07:39:50,587 - DSM_MultiModelExp_llm_rag_ollama:llama3.3:70b-8k - INFO - Content: 89 Organization Architecture DSM Models 
Crankshaft F 
Flywheel G 
Connecting Rods E 
Pistons 0 
Lubrication I 
Engine Block A 
CamshafWalve Train C 
Cylinder Heads B1 
Intake Manifold K1 
Water Pump/ ...
2025-02-20 07:39:50,588 - DSM_MultiModelExp_llm_rag_ollama:llama3.3:70b-8k - INFO - File: ../data/use_cases_large/PowerDrill/reference_pdfs/[2012 Eppinger] R2-Design structure matrix methods and applications.pdf
2025-02-20 07:39:50,589 - DSM_MultiModelExp_llm_rag_ollama:llama3.3:70b-8k - INFO - Page: 45
2025-02-20 07:39:50,590 - DSM_MultiModelExp_llm_rag_ollama:llama3.3:70b-8k - INFO - Content: 54 major components. 
FN:Fan 
LPC: Low-Pressure Compressor 
HPC: High-Pressure Compressor 
CC: Combustion Chamber 
HPT: High-Pressure Turbine 
LPT: Low-Pressure Turbine 
MC: Mechanical Components 
MC  ...
2025-02-20 07:39:50,591 - DSM_MultiModelExp_llm_rag_ollama:llama3.3:70b-8k - INFO - Raw Response: I don't know the major components of a power screwdriver based on proximity relationships.
2025-02-20 07:39:50,591 - DSM_MultiModelExp_llm_rag_ollama:llama3.3:70b-8k - ERROR - Error parsing component list: No valid matrix found in response
2025-02-20 07:39:50,592 - DSM_MultiModelExp_llm_rag_ollama:llama3.3:70b-8k - ERROR - Erroneous raw response: I don't know the major components of a power screwdriver based on proximity relationships.
2025-02-20 07:39:50,593 - DSM_MultiModelExp_llm_rag_ollama:llama3.3:70b-8k - WARNING - Retrying component identification (attempt 2/3)
2025-02-20 07:39:50,594 - DSM_MultiModelExp_llm_rag_ollama:llama3.3:70b-8k - INFO - Prompt (attempt 2/3): 
            Please identify the major components of power screwdriver in the engineering based on proximity relationships.             
            The number of components must not exceed 7 (can be equal) and must be a list of strings.             
            Please do not identify similar components that will work together under subsystem level since our interest is to identify the major components that form the core architecture of the system.             
            Here is an example of the components for made-up system:             
            final response = [ "component 1", "component 2", "component 3", "component 4", "component 5" ]             
            IMPORTANT: THE FORMAT OF THE OUTPUT MUST BE AS A LIST OF STRINGS ONLY SIMILAR TO THE ONE ABOVE (NO LATEX, NO CODE, NO DESCRIPTION, OR OTHER ENCODINGS).              
2025-02-20 07:39:52,654 - DSM_MultiModelExp_llm_rag_ollama:llama3.3:70b-8k - INFO - Number of documents retrieved: 4
2025-02-20 07:39:52,655 - DSM_MultiModelExp_llm_rag_ollama:llama3.3:70b-8k - INFO - Documents used for this query:
2025-02-20 07:39:52,656 - DSM_MultiModelExp_llm_rag_ollama:llama3.3:70b-8k - INFO - File: ../data/use_cases_large/PowerDrill/reference_pdfs/[2012 Eppinger] R2-Design structure matrix methods and applications.pdf
2025-02-20 07:39:52,657 - DSM_MultiModelExp_llm_rag_ollama:llama3.3:70b-8k - INFO - Page: 46
2025-02-20 07:39:52,658 - DSM_MultiModelExp_llm_rag_ollama:llama3.3:70b-8k - INFO - Content: using red shaded cells between pairs of components. 
Res ult s 
The DSM model identified six of the subsystems as somewhat modular, in that each 
subsystem primarily had interfaces among components wi ...
2025-02-20 07:39:52,659 - DSM_MultiModelExp_llm_rag_ollama:llama3.3:70b-8k - INFO - File: ../data/use_cases_large/PowerDrill/reference_pdfs/[2012 Eppinger] R2-Design structure matrix methods and applications.pdf
2025-02-20 07:39:52,660 - DSM_MultiModelExp_llm_rag_ollama:llama3.3:70b-8k - INFO - Page: 103
2025-02-20 07:39:52,661 - DSM_MultiModelExp_llm_rag_ollama:llama3.3:70b-8k - INFO - Content: 97 Organization Architecture DSM Examples 
F G E 0 I A C B K J P N Q R B K 0 L M H STU V 
Crankshaft F 
Flywheel G 
Connecting Rods E 
Pistons D 
Lubrication I 
Engine Block A 
CamshafWalve Train C 
C ...
2025-02-20 07:39:52,662 - DSM_MultiModelExp_llm_rag_ollama:llama3.3:70b-8k - INFO - File: ../data/use_cases_large/PowerDrill/reference_pdfs/[2012 Eppinger] R2-Design structure matrix methods and applications.pdf
2025-02-20 07:39:52,663 - DSM_MultiModelExp_llm_rag_ollama:llama3.3:70b-8k - INFO - Page: 95
2025-02-20 07:39:52,664 - DSM_MultiModelExp_llm_rag_ollama:llama3.3:70b-8k - INFO - Content: 89 Organization Architecture DSM Models 
Crankshaft F 
Flywheel G 
Connecting Rods E 
Pistons 0 
Lubrication I 
Engine Block A 
CamshafWalve Train C 
Cylinder Heads B1 
Intake Manifold K1 
Water Pump/ ...
2025-02-20 07:39:52,664 - DSM_MultiModelExp_llm_rag_ollama:llama3.3:70b-8k - INFO - File: ../data/use_cases_large/PowerDrill/reference_pdfs/[2012 Eppinger] R2-Design structure matrix methods and applications.pdf
2025-02-20 07:39:52,665 - DSM_MultiModelExp_llm_rag_ollama:llama3.3:70b-8k - INFO - Page: 45
2025-02-20 07:39:52,666 - DSM_MultiModelExp_llm_rag_ollama:llama3.3:70b-8k - INFO - Content: 54 major components. 
FN:Fan 
LPC: Low-Pressure Compressor 
HPC: High-Pressure Compressor 
CC: Combustion Chamber 
HPT: High-Pressure Turbine 
LPT: Low-Pressure Turbine 
MC: Mechanical Components 
MC  ...
2025-02-20 07:39:52,667 - DSM_MultiModelExp_llm_rag_ollama:llama3.3:70b-8k - INFO - Raw Response: I don't know the major components of a power screwdriver based on proximity relationships.
2025-02-20 07:39:52,668 - DSM_MultiModelExp_llm_rag_ollama:llama3.3:70b-8k - ERROR - Error parsing component list: No valid matrix found in response
2025-02-20 07:39:52,669 - DSM_MultiModelExp_llm_rag_ollama:llama3.3:70b-8k - ERROR - Erroneous raw response: I don't know the major components of a power screwdriver based on proximity relationships.
2025-02-20 07:39:52,670 - DSM_MultiModelExp_llm_rag_ollama:llama3.3:70b-8k - WARNING - Retrying component identification (attempt 3/3)
2025-02-20 07:39:52,671 - DSM_MultiModelExp_llm_rag_ollama:llama3.3:70b-8k - INFO - Prompt (attempt 3/3): 
            Please identify the major components of power screwdriver in the engineering based on proximity relationships.             
            The number of components must not exceed 7 (can be equal) and must be a list of strings.             
            Please do not identify similar components that will work together under subsystem level since our interest is to identify the major components that form the core architecture of the system.             
            Here is an example of the components for made-up system:             
            final response = [ "component 1", "component 2", "component 3", "component 4", "component 5" ]             
            IMPORTANT: THE FORMAT OF THE OUTPUT MUST BE AS A LIST OF STRINGS ONLY SIMILAR TO THE ONE ABOVE (NO LATEX, NO CODE, NO DESCRIPTION, OR OTHER ENCODINGS).              
2025-02-20 07:39:54,595 - DSM_MultiModelExp_llm_rag_ollama:llama3.3:70b-8k - INFO - Number of documents retrieved: 4
2025-02-20 07:39:54,596 - DSM_MultiModelExp_llm_rag_ollama:llama3.3:70b-8k - INFO - Documents used for this query:
2025-02-20 07:39:54,597 - DSM_MultiModelExp_llm_rag_ollama:llama3.3:70b-8k - INFO - File: ../data/use_cases_large/PowerDrill/reference_pdfs/[2012 Eppinger] R2-Design structure matrix methods and applications.pdf
2025-02-20 07:39:54,598 - DSM_MultiModelExp_llm_rag_ollama:llama3.3:70b-8k - INFO - Page: 46
2025-02-20 07:39:54,599 - DSM_MultiModelExp_llm_rag_ollama:llama3.3:70b-8k - INFO - Content: using red shaded cells between pairs of components. 
Res ult s 
The DSM model identified six of the subsystems as somewhat modular, in that each 
subsystem primarily had interfaces among components wi ...
2025-02-20 07:39:54,600 - DSM_MultiModelExp_llm_rag_ollama:llama3.3:70b-8k - INFO - File: ../data/use_cases_large/PowerDrill/reference_pdfs/[2012 Eppinger] R2-Design structure matrix methods and applications.pdf
2025-02-20 07:39:54,601 - DSM_MultiModelExp_llm_rag_ollama:llama3.3:70b-8k - INFO - Page: 103
2025-02-20 07:39:54,602 - DSM_MultiModelExp_llm_rag_ollama:llama3.3:70b-8k - INFO - Content: 97 Organization Architecture DSM Examples 
F G E 0 I A C B K J P N Q R B K 0 L M H STU V 
Crankshaft F 
Flywheel G 
Connecting Rods E 
Pistons D 
Lubrication I 
Engine Block A 
CamshafWalve Train C 
C ...
2025-02-20 07:39:54,603 - DSM_MultiModelExp_llm_rag_ollama:llama3.3:70b-8k - INFO - File: ../data/use_cases_large/PowerDrill/reference_pdfs/[2012 Eppinger] R2-Design structure matrix methods and applications.pdf
2025-02-20 07:39:54,604 - DSM_MultiModelExp_llm_rag_ollama:llama3.3:70b-8k - INFO - Page: 95
2025-02-20 07:39:54,604 - DSM_MultiModelExp_llm_rag_ollama:llama3.3:70b-8k - INFO - Content: 89 Organization Architecture DSM Models 
Crankshaft F 
Flywheel G 
Connecting Rods E 
Pistons 0 
Lubrication I 
Engine Block A 
CamshafWalve Train C 
Cylinder Heads B1 
Intake Manifold K1 
Water Pump/ ...
2025-02-20 07:39:54,605 - DSM_MultiModelExp_llm_rag_ollama:llama3.3:70b-8k - INFO - File: ../data/use_cases_large/PowerDrill/reference_pdfs/[2012 Eppinger] R2-Design structure matrix methods and applications.pdf
2025-02-20 07:39:54,606 - DSM_MultiModelExp_llm_rag_ollama:llama3.3:70b-8k - INFO - Page: 45
2025-02-20 07:39:54,607 - DSM_MultiModelExp_llm_rag_ollama:llama3.3:70b-8k - INFO - Content: 54 major components. 
FN:Fan 
LPC: Low-Pressure Compressor 
HPC: High-Pressure Compressor 
CC: Combustion Chamber 
HPT: High-Pressure Turbine 
LPT: Low-Pressure Turbine 
MC: Mechanical Components 
MC  ...
2025-02-20 07:39:54,608 - DSM_MultiModelExp_llm_rag_ollama:llama3.3:70b-8k - INFO - Raw Response: I don't know the major components of a power screwdriver based on proximity relationships.
2025-02-20 07:39:54,609 - DSM_MultiModelExp_llm_rag_ollama:llama3.3:70b-8k - ERROR - Error parsing component list: No valid matrix found in response
2025-02-20 07:39:54,610 - DSM_MultiModelExp_llm_rag_ollama:llama3.3:70b-8k - ERROR - Erroneous raw response: I don't know the major components of a power screwdriver based on proximity relationships.
2025-02-20 07:39:54,611 - DSM_MultiModelExp_llm_rag_ollama:llama3.3:70b-8k - ERROR - Error identifying components: Could not extract valid component list after 3 attempts
2025-02-20 07:39:54,611 - DSM_MultiModelExp_llm_rag_ollama:llama3.3:70b-8k - ERROR - Error identifying components: Could not extract valid component list after 3 attempts
2025-02-20 07:39:54,612 - DSM_MultiModelExp_llm_rag_ollama:llama3.3:70b-8k - WARNING - Retrying due to error (attempt 3/3)
2025-02-20 07:39:54,613 - DSM_MultiModelExp_llm_rag_ollama:llama3.3:70b-8k - INFO - Prompt (attempt 3/3): 
            Please identify the major components of power screwdriver in the engineering based on proximity relationships.             
            The number of components must not exceed 7 (can be equal) and must be a list of strings.             
            Please do not identify similar components that will work together under subsystem level since our interest is to identify the major components that form the core architecture of the system.             
            Here is an example of the components for made-up system:             
            final response = [ "component 1", "component 2", "component 3", "component 4", "component 5" ]             
            IMPORTANT: THE FORMAT OF THE OUTPUT MUST BE AS A LIST OF STRINGS ONLY SIMILAR TO THE ONE ABOVE (NO LATEX, NO CODE, NO DESCRIPTION, OR OTHER ENCODINGS).              
2025-02-20 07:39:56,448 - DSM_MultiModelExp_llm_rag_ollama:llama3.3:70b-8k - INFO - Number of documents retrieved: 4
2025-02-20 07:39:56,449 - DSM_MultiModelExp_llm_rag_ollama:llama3.3:70b-8k - INFO - Documents used for this query:
2025-02-20 07:39:56,450 - DSM_MultiModelExp_llm_rag_ollama:llama3.3:70b-8k - INFO - File: ../data/use_cases_large/PowerDrill/reference_pdfs/[2012 Eppinger] R2-Design structure matrix methods and applications.pdf
2025-02-20 07:39:56,451 - DSM_MultiModelExp_llm_rag_ollama:llama3.3:70b-8k - INFO - Page: 46
2025-02-20 07:39:56,452 - DSM_MultiModelExp_llm_rag_ollama:llama3.3:70b-8k - INFO - Content: using red shaded cells between pairs of components. 
Res ult s 
The DSM model identified six of the subsystems as somewhat modular, in that each 
subsystem primarily had interfaces among components wi ...
2025-02-20 07:39:56,452 - DSM_MultiModelExp_llm_rag_ollama:llama3.3:70b-8k - INFO - File: ../data/use_cases_large/PowerDrill/reference_pdfs/[2012 Eppinger] R2-Design structure matrix methods and applications.pdf
2025-02-20 07:39:56,453 - DSM_MultiModelExp_llm_rag_ollama:llama3.3:70b-8k - INFO - Page: 103
2025-02-20 07:39:56,454 - DSM_MultiModelExp_llm_rag_ollama:llama3.3:70b-8k - INFO - Content: 97 Organization Architecture DSM Examples 
F G E 0 I A C B K J P N Q R B K 0 L M H STU V 
Crankshaft F 
Flywheel G 
Connecting Rods E 
Pistons D 
Lubrication I 
Engine Block A 
CamshafWalve Train C 
C ...
2025-02-20 07:39:56,455 - DSM_MultiModelExp_llm_rag_ollama:llama3.3:70b-8k - INFO - File: ../data/use_cases_large/PowerDrill/reference_pdfs/[2012 Eppinger] R2-Design structure matrix methods and applications.pdf
2025-02-20 07:39:56,456 - DSM_MultiModelExp_llm_rag_ollama:llama3.3:70b-8k - INFO - Page: 95
2025-02-20 07:39:56,457 - DSM_MultiModelExp_llm_rag_ollama:llama3.3:70b-8k - INFO - Content: 89 Organization Architecture DSM Models 
Crankshaft F 
Flywheel G 
Connecting Rods E 
Pistons 0 
Lubrication I 
Engine Block A 
CamshafWalve Train C 
Cylinder Heads B1 
Intake Manifold K1 
Water Pump/ ...
2025-02-20 07:39:56,458 - DSM_MultiModelExp_llm_rag_ollama:llama3.3:70b-8k - INFO - File: ../data/use_cases_large/PowerDrill/reference_pdfs/[2012 Eppinger] R2-Design structure matrix methods and applications.pdf
2025-02-20 07:39:56,459 - DSM_MultiModelExp_llm_rag_ollama:llama3.3:70b-8k - INFO - Page: 45
2025-02-20 07:39:56,459 - DSM_MultiModelExp_llm_rag_ollama:llama3.3:70b-8k - INFO - Content: 54 major components. 
FN:Fan 
LPC: Low-Pressure Compressor 
HPC: High-Pressure Compressor 
CC: Combustion Chamber 
HPT: High-Pressure Turbine 
LPT: Low-Pressure Turbine 
MC: Mechanical Components 
MC  ...
2025-02-20 07:39:56,460 - DSM_MultiModelExp_llm_rag_ollama:llama3.3:70b-8k - INFO - Raw Response: I don't know the major components of a power screwdriver based on proximity relationships.
2025-02-20 07:39:56,461 - DSM_MultiModelExp_llm_rag_ollama:llama3.3:70b-8k - ERROR - Error parsing component list: No valid matrix found in response
2025-02-20 07:39:56,462 - DSM_MultiModelExp_llm_rag_ollama:llama3.3:70b-8k - ERROR - Erroneous raw response: I don't know the major components of a power screwdriver based on proximity relationships.
2025-02-20 07:39:56,463 - DSM_MultiModelExp_llm_rag_ollama:llama3.3:70b-8k - ERROR - Error identifying components: Could not extract valid component list after 3 attempts
2025-02-20 07:39:56,463 - DSM_MultiModelExp_llm_rag_ollama:llama3.3:70b-8k - ERROR - Error identifying components: Could not extract valid component list after 3 attempts
2025-02-20 07:39:56,465 - DSM_MultiModelExp_llm_rag_ollama:llama3.3:70b-8k - WARNING - Retrying due to err
2025-02-20 07:39:56,466 - DSM_MultiModelExp_llm_rag_ollama:llama3.3:70b-8k - INFO - Prompt (attempt 2/3): 
            Please identify the major components of power screwdriver in the engineering based on proximity relationships.             
            The number of components must not exceed 7 (can be equal) and must be a list of strings.             
            Please do not identify similar components that will work together under subsystem level since our interest is to identify the major components that form the core architecture of the system.             
            Here is an example of the components for made-up system:             
            final response = [ "component 1", "component 2", "component 3", "component 4", "component 5" ]             
            IMPORTANT: THE FORMAT OF THE OUTPUT MUST BE AS A LIST OF STRINGS ONLY SIMILAR TO THE ONE ABOVE (NO LATEX, NO CODE, NO DESCRIPTION, OR OTHER ENCODINGS).              
2025-02-20 07:39:58,359 - DSM_MultiModelExp_llm_rag_ollama:llama3.3:70b-8k - INFO - Number of documents retrieved: 4
2025-02-20 07:39:58,360 - DSM_MultiModelExp_llm_rag_ollama:llama3.3:70b-8k - INFO - Documents used for this query:
2025-02-20 07:39:58,361 - DSM_MultiModelExp_llm_rag_ollama:llama3.3:70b-8k - INFO - File: ../data/use_cases_large/PowerDrill/reference_pdfs/[2012 Eppinger] R2-Design structure matrix methods and applications.pdf
2025-02-20 07:39:58,362 - DSM_MultiModelExp_llm_rag_ollama:llama3.3:70b-8k - INFO - Page: 46
2025-02-20 07:39:58,363 - DSM_MultiModelExp_llm_rag_ollama:llama3.3:70b-8k - INFO - Content: using red shaded cells between pairs of components. 
Res ult s 
The DSM model identified six of the subsystems as somewhat modular, in that each 
subsystem primarily had interfaces among components wi ...
2025-02-20 07:39:58,364 - DSM_MultiModelExp_llm_rag_ollama:llama3.3:70b-8k - INFO - File: ../data/use_cases_large/PowerDrill/reference_pdfs/[2012 Eppinger] R2-Design structure matrix methods and applications.pdf
2025-02-20 07:39:58,365 - DSM_MultiModelExp_llm_rag_ollama:llama3.3:70b-8k - INFO - Page: 103
2025-02-20 07:39:58,366 - DSM_MultiModelExp_llm_rag_ollama:llama3.3:70b-8k - INFO - Content: 97 Organization Architecture DSM Examples 
F G E 0 I A C B K J P N Q R B K 0 L M H STU V 
Crankshaft F 
Flywheel G 
Connecting Rods E 
Pistons D 
Lubrication I 
Engine Block A 
CamshafWalve Train C 
C ...
2025-02-20 07:39:58,367 - DSM_MultiModelExp_llm_rag_ollama:llama3.3:70b-8k - INFO - File: ../data/use_cases_large/PowerDrill/reference_pdfs/[2012 Eppinger] R2-Design structure matrix methods and applications.pdf
2025-02-20 07:39:58,368 - DSM_MultiModelExp_llm_rag_ollama:llama3.3:70b-8k - INFO - Page: 95
2025-02-20 07:39:58,369 - DSM_MultiModelExp_llm_rag_ollama:llama3.3:70b-8k - INFO - Content: 89 Organization Architecture DSM Models 
Crankshaft F 
Flywheel G 
Connecting Rods E 
Pistons 0 
Lubrication I 
Engine Block A 
CamshafWalve Train C 
Cylinder Heads B1 
Intake Manifold K1 
Water Pump/ ...
2025-02-20 07:39:58,370 - DSM_MultiModelExp_llm_rag_ollama:llama3.3:70b-8k - INFO - File: ../data/use_cases_large/PowerDrill/reference_pdfs/[2012 Eppinger] R2-Design structure matrix methods and applications.pdf
2025-02-20 07:39:58,371 - DSM_MultiModelExp_llm_rag_ollama:llama3.3:70b-8k - INFO - Page: 45
2025-02-20 07:39:58,372 - DSM_MultiModelExp_llm_rag_ollama:llama3.3:70b-8k - INFO - Content: 54 major components. 
FN:Fan 
LPC: Low-Pressure Compressor 
HPC: High-Pressure Compressor 
CC: Combustion Chamber 
HPT: High-Pressure Turbine 
LPT: Low-Pressure Turbine 
MC: Mechanical Components 
MC  ...
2025-02-20 07:39:58,373 - DSM_MultiModelExp_llm_rag_ollama:llama3.3:70b-8k - INFO - Raw Response: I don't know the major components of a power screwdriver based on proximity relationships.
2025-02-20 07:39:58,373 - DSM_MultiModelExp_llm_rag_ollama:llama3.3:70b-8k - ERROR - Error parsing component list: No valid matrix found in response
2025-02-20 07:39:58,374 - DSM_MultiModelExp_llm_rag_ollama:llama3.3:70b-8k - ERROR - Erroneous raw response: I don't know the major components of a power screwdriver based on proximity relationships.
2025-02-20 07:39:58,375 - DSM_MultiModelExp_llm_rag_ollama:llama3.3:70b-8k - WARNING - Retrying component identification (attempt 3/3)
2025-02-20 07:39:58,377 - DSM_MultiModelExp_llm_rag_ollama:llama3.3:70b-8k - INFO - Prompt (attempt 3/3): 
            Please identify the major components of power screwdriver in the engineering based on proximity relationships.             
            The number of components must not exceed 7 (can be equal) and must be a list of strings.             
            Please do not identify similar components that will work together under subsystem level since our interest is to identify the major components that form the core architecture of the system.             
            Here is an example of the components for made-up system:             
            final response = [ "component 1", "component 2", "component 3", "component 4", "component 5" ]             
            IMPORTANT: THE FORMAT OF THE OUTPUT MUST BE AS A LIST OF STRINGS ONLY SIMILAR TO THE ONE ABOVE (NO LATEX, NO CODE, NO DESCRIPTION, OR OTHER ENCODINGS).              
2025-02-20 07:40:00,289 - DSM_MultiModelExp_llm_rag_ollama:llama3.3:70b-8k - INFO - Number of documents retrieved: 4
2025-02-20 07:40:00,290 - DSM_MultiModelExp_llm_rag_ollama:llama3.3:70b-8k - INFO - Documents used for this query:
2025-02-20 07:40:00,291 - DSM_MultiModelExp_llm_rag_ollama:llama3.3:70b-8k - INFO - File: ../data/use_cases_large/PowerDrill/reference_pdfs/[2012 Eppinger] R2-Design structure matrix methods and applications.pdf
2025-02-20 07:40:00,291 - DSM_MultiModelExp_llm_rag_ollama:llama3.3:70b-8k - INFO - Page: 46
2025-02-20 07:40:00,292 - DSM_MultiModelExp_llm_rag_ollama:llama3.3:70b-8k - INFO - Content: using red shaded cells between pairs of components. 
Res ult s 
The DSM model identified six of the subsystems as somewhat modular, in that each 
subsystem primarily had interfaces among components wi ...
2025-02-20 07:40:00,293 - DSM_MultiModelExp_llm_rag_ollama:llama3.3:70b-8k - INFO - File: ../data/use_cases_large/PowerDrill/reference_pdfs/[2012 Eppinger] R2-Design structure matrix methods and applications.pdf
2025-02-20 07:40:00,293 - DSM_MultiModelExp_llm_rag_ollama:llama3.3:70b-8k - INFO - Page: 103
2025-02-20 07:40:00,294 - DSM_MultiModelExp_llm_rag_ollama:llama3.3:70b-8k - INFO - Content: 97 Organization Architecture DSM Examples 
F G E 0 I A C B K J P N Q R B K 0 L M H STU V 
Crankshaft F 
Flywheel G 
Connecting Rods E 
Pistons D 
Lubrication I 
Engine Block A 
CamshafWalve Train C 
C ...
2025-02-20 07:40:00,294 - DSM_MultiModelExp_llm_rag_ollama:llama3.3:70b-8k - INFO - File: ../data/use_cases_large/PowerDrill/reference_pdfs/[2012 Eppinger] R2-Design structure matrix methods and applications.pdf
2025-02-20 07:40:00,295 - DSM_MultiModelExp_llm_rag_ollama:llama3.3:70b-8k - INFO - Page: 95
2025-02-20 07:40:00,296 - DSM_MultiModelExp_llm_rag_ollama:llama3.3:70b-8k - INFO - Content: 89 Organization Architecture DSM Models 
Crankshaft F 
Flywheel G 
Connecting Rods E 
Pistons 0 
Lubrication I 
Engine Block A 
CamshafWalve Train C 
Cylinder Heads B1 
Intake Manifold K1 
Water Pump/ ...
2025-02-20 07:40:00,296 - DSM_MultiModelExp_llm_rag_ollama:llama3.3:70b-8k - INFO - File: ../data/use_cases_large/PowerDrill/reference_pdfs/[2012 Eppinger] R2-Design structure matrix methods and applications.pdf
2025-02-20 07:40:00,298 - DSM_MultiModelExp_llm_rag_ollama:llama3.3:70b-8k - INFO - Page: 45
2025-02-20 07:40:00,299 - DSM_MultiModelExp_llm_rag_ollama:llama3.3:70b-8k - INFO - Content: 54 major components. 
FN:Fan 
LPC: Low-Pressure Compressor 
HPC: High-Pressure Compressor 
CC: Combustion Chamber 
HPT: High-Pressure Turbine 
LPT: Low-Pressure Turbine 
MC: Mechanical Components 
MC  ...
2025-02-20 07:40:00,300 - DSM_MultiModelExp_llm_rag_ollama:llama3.3:70b-8k - INFO - Raw Response: I don't know the major components of a power screwdriver based on proximity relationships.
2025-02-20 07:40:00,300 - DSM_MultiModelExp_llm_rag_ollama:llama3.3:70b-8k - ERROR - Error parsing component list: No valid matrix found in response
2025-02-20 07:40:00,301 - DSM_MultiModelExp_llm_rag_ollama:llama3.3:70b-8k - ERROR - Erroneous raw response: I don't know the major components of a power screwdriver based on proximity relationships.
2025-02-20 07:40:00,301 - DSM_MultiModelExp_llm_rag_ollama:llama3.3:70b-8k - ERROR - Error identifying components: Could not extract valid component list after 3 attempts
2025-02-20 07:40:00,302 - DSM_MultiModelExp_llm_rag_ollama:llama3.3:70b-8k - ERROR - Error identifying components: Could not extract valid component list after 3 attempts
2025-02-20 07:40:00,303 - DSM_MultiModelExp_llm_rag_ollama:llama3.3:70b-8k - WARNING - Retrying due to error (attempt 3/3)
2025-02-20 07:40:00,305 - DSM_MultiModelExp_llm_rag_ollama:llama3.3:70b-8k - INFO - Prompt (attempt 3/3): 
            Please identify the major components of power screwdriver in the engineering based on proximity relationships.             
            The number of components must not exceed 7 (can be equal) and must be a list of strings.             
            Please do not identify similar components that will work together under subsystem level since our interest is to identify the major components that form the core architecture of the system.             
            Here is an example of the components for made-up system:             
            final response = [ "component 1", "component 2", "component 3", "component 4", "component 5" ]             
            IMPORTANT: THE FORMAT OF THE OUTPUT MUST BE AS A LIST OF STRINGS ONLY SIMILAR TO THE ONE ABOVE (NO LATEX, NO CODE, NO DESCRIPTION, OR OTHER ENCODINGS).              
2025-02-20 07:40:02,120 - DSM_MultiModelExp_llm_rag_ollama:llama3.3:70b-8k - INFO - Number of documents retrieved: 4
2025-02-20 07:40:02,121 - DSM_MultiModelExp_llm_rag_ollama:llama3.3:70b-8k - INFO - Documents used for this query:
2025-02-20 07:40:02,122 - DSM_MultiModelExp_llm_rag_ollama:llama3.3:70b-8k - INFO - File: ../data/use_cases_large/PowerDrill/reference_pdfs/[2012 Eppinger] R2-Design structure matrix methods and applications.pdf
2025-02-20 07:40:02,123 - DSM_MultiModelExp_llm_rag_ollama:llama3.3:70b-8k - INFO - Page: 46
2025-02-20 07:40:02,124 - DSM_MultiModelExp_llm_rag_ollama:llama3.3:70b-8k - INFO - Content: using red shaded cells between pairs of components. 
Res ult s 
The DSM model identified six of the subsystems as somewhat modular, in that each 
subsystem primarily had interfaces among components wi ...
2025-02-20 07:40:02,125 - DSM_MultiModelExp_llm_rag_ollama:llama3.3:70b-8k - INFO - File: ../data/use_cases_large/PowerDrill/reference_pdfs/[2012 Eppinger] R2-Design structure matrix methods and applications.pdf
2025-02-20 07:40:02,126 - DSM_MultiModelExp_llm_rag_ollama:llama3.3:70b-8k - INFO - Page: 103
2025-02-20 07:40:02,127 - DSM_MultiModelExp_llm_rag_ollama:llama3.3:70b-8k - INFO - Content: 97 Organization Architecture DSM Examples 
F G E 0 I A C B K J P N Q R B K 0 L M H STU V 
Crankshaft F 
Flywheel G 
Connecting Rods E 
Pistons D 
Lubrication I 
Engine Block A 
CamshafWalve Train C 
C ...
2025-02-20 07:40:02,128 - DSM_MultiModelExp_llm_rag_ollama:llama3.3:70b-8k - INFO - File: ../data/use_cases_large/PowerDrill/reference_pdfs/[2012 Eppinger] R2-Design structure matrix methods and applications.pdf
2025-02-20 07:40:02,128 - DSM_MultiModelExp_llm_rag_ollama:llama3.3:70b-8k - INFO - Page: 95
2025-02-20 07:40:02,129 - DSM_MultiModelExp_llm_rag_ollama:llama3.3:70b-8k - INFO - Content: 89 Organization Architecture DSM Models 
Crankshaft F 
Flywheel G 
Connecting Rods E 
Pistons 0 
Lubrication I 
Engine Block A 
CamshafWalve Train C 
Cylinder Heads B1 
Intake Manifold K1 
Water Pump/ ...
2025-02-20 07:40:02,130 - DSM_MultiModelExp_llm_rag_ollama:llama3.3:70b-8k - INFO - File: ../data/use_cases_large/PowerDrill/reference_pdfs/[2012 Eppinger] R2-Design structure matrix methods and applications.pdf
2025-02-20 07:40:02,131 - DSM_MultiModelExp_llm_rag_ollama:llama3.3:70b-8k - INFO - Page: 45
2025-02-20 07:40:02,132 - DSM_MultiModelExp_llm_rag_ollama:llama3.3:70b-8k - INFO - Content: 54 major components. 
FN:Fan 
LPC: Low-Pressure Compressor 
HPC: High-Pressure Compressor 
CC: Combustion Chamber 
HPT: High-Pressure Turbine 
LPT: Low-Pressure Turbine 
MC: Mechanical Components 
MC  ...
2025-02-20 07:40:02,133 - DSM_MultiModelExp_llm_rag_ollama:llama3.3:70b-8k - INFO - Raw Response: I don't know the major components of a power screwdriver based on proximity relationships.
2025-02-20 07:40:02,133 - DSM_MultiModelExp_llm_rag_ollama:llama3.3:70b-8k - ERROR - Error parsing component list: No valid matrix found in response
2025-02-20 07:40:02,135 - DSM_MultiModelExp_llm_rag_ollama:llama3.3:70b-8k - ERROR - Erroneous raw response: I don't know the major components of a power screwdriver based on proximity relationships.
2025-02-20 07:40:02,136 - DSM_MultiModelExp_llm_rag_ollama:llama3.3:70b-8k - ERROR - Error identifying components: Could not extract valid component list after 3 attempts
2025-02-20 07:40:02,136 - DSM_MultiModelExp_llm_rag_ollama:llama3.3:70b-8k - INFO - Run 2/5
2025-02-20 07:40:02,173 - DSM_MultiModelExp_llm_rag_ollama:llama3.3:70b-8k - INFO - DEBUG: Initializing RAGInference.
2025-02-20 07:40:02,174 - DSM_MultiModelExp_llm_rag_ollama:llama3.3:70b-8k - INFO - Using R-type: ['R2', 'R3']
2025-02-20 07:40:02,175 - DSM_MultiModelExp_llm_rag_ollama:llama3.3:70b-8k - INFO - Using embedding model: text-embedding-3-small
2025-02-20 07:40:02,210 - DSM_MultiModelExp_llm_rag_ollama:llama3.3:70b-8k - INFO - VectorStoreManager initialized
2025-02-20 07:40:02,211 - DSM_MultiModelExp_llm_rag_ollama:llama3.3:70b-8k - INFO - Set database path to: xLM_DSM/data/vectorstore/PowerDrill/llm_rag/text-embedding-3-small
2025-02-20 07:40:02,219 - DSM_MultiModelExp_llm_rag_ollama:llama3.3:70b-8k - INFO - Collection count: 2855
2025-02-20 07:40:02,222 - DSM_MultiModelExp_llm_rag_ollama:llama3.3:70b-8k - INFO - Initialized RAG inference for system: power screwdriver
2025-02-20 07:40:02,223 - DSM_MultiModelExp_llm_rag_ollama:llama3.3:70b-8k - INFO - Initialized DSM for system: power screwdriver
2025-02-20 07:40:02,223 - DSM_MultiModelExp_llm_rag_ollama:llama3.3:70b-8k - INFO - Inference model: ollama:llama3.3:70b-8k
2025-02-20 07:40:02,224 - DSM_MultiModelExp_llm_rag_ollama:llama3.3:70b-8k - INFO - Predicted Components: ['Motor', 'Housing', 'Ring Gear', 'Clip', 'Battery', 'Switch', 'Screwdriver Bit']
2025-02-20 07:40:02,225 - DSM_MultiModelExp_llm_rag_ollama:llama3.3:70b-8k - INFO - Number of components: 7
2025-02-20 07:40:02,226 - DSM_MultiModelExp_llm_rag_ollama:llama3.3:70b-8k - INFO - Predicted components for query: ['Motor', 'Housing', 'Ring Gear', 'Clip', 'Battery', 'Switch', 'Screwdriver Bit']
2025-02-20 07:40:02,226 - DSM_MultiModelExp_llm_rag_ollama:llama3.3:70b-8k - INFO - Query: 
        Please identify system-level proximity relationships (in contact) between the components of Power Screwdriver, as listed below, and represent them in a Design Structure Matrix (DSM) format.  
        The relationships should be articulated in plain English, capturing the essence of their interactions. 
        Here is the list of subsystems/components to analyze: ['Motor', 'Housing', 'Ring Gear', 'Clip', 'Battery', 'Switch', 'Screwdriver Bit'] 
        The DSM should clearly indicate the interactions between these components as 1 exist and 0 does not exist, considering both the presence and nature of these connections.             
        Present the output in a square matrix format (number of rows and columns MUST be the same as the number of components = 7 for this example), with rows and columns labeled accordingly. 
        Diagonal elements should be 1 in DSM matrix since each component interacts with itself. 
        If you don't know the answer, just write 2 for the specific cell that you are unsure of. A worst case scenario of the **as a list of lists** shown below (diagonal elements are 1 and rest are 2). Don't make up an answer.         final response = [
            [1, 2, 2, 2, 2, 2, 2],
            [2, 1, 2, 2, 2, 2, 2],
            [2, 2, 1, 2, 2, 2, 2],
            [2, 2, 2, 1, 2, 2, 2],
            [2, 2, 2, 2, 1, 2, 2],
            [2, 2, 2, 2, 2, 1, 2],
            [2, 2, 2, 2, 2, 2, 1]
        ]

        IMPORTANT: Your response must **ONLY** contain a valid **as a list of lists** in the following example format 7x7 matrix.         
        The below list of lists is just an example format of your response. **Replace** the values with your **actual analysis** while providing your response with parameter of 'final response'.        
        final response = [
            [1, 0, 0, 0, 0, 0, 0],
            [0, 1, 0, 0, 0, 0, 0],
            [0, 0, 1, 0, 0, 0, 0],
            [0, 0, 0, 1, 0, 0, 0],
            [0, 0, 0, 0, 1, 0, 0],
            [0, 0, 0, 0, 0, 1, 0],
            [0, 0, 0, 0, 0, 0, 1]
        ]

        IMPORTANT: THE FORMAT OF THE OUTPUT MUST BE AS LIST OF LISTS ONLY SIMILAR TO THE ONE ABOVE (NO LATEX, CODE, OR OTHER ENCODINGS).
        
2025-02-20 07:40:18,785 - DSM_MultiModelExp_llm_rag_ollama:llama3.3:70b-8k - INFO - Number of documents retrieved: 4
2025-02-20 07:40:18,786 - DSM_MultiModelExp_llm_rag_ollama:llama3.3:70b-8k - INFO - Documents used for this query:
2025-02-20 07:40:18,787 - DSM_MultiModelExp_llm_rag_ollama:llama3.3:70b-8k - INFO - File: ../data/use_cases_large/PowerDrill/reference_pdfs/[2012 Eppinger] R2-Design structure matrix methods and applications.pdf
2025-02-20 07:40:18,787 - DSM_MultiModelExp_llm_rag_ollama:llama3.3:70b-8k - INFO - Page: 46
2025-02-20 07:40:18,789 - DSM_MultiModelExp_llm_rag_ollama:llama3.3:70b-8k - INFO - Content: using red shaded cells between pairs of components. 
Res ult s 
The DSM model identified six of the subsystems as somewhat modular, in that each 
subsystem primarily had interfaces among components wi ...
2025-02-20 07:40:18,790 - DSM_MultiModelExp_llm_rag_ollama:llama3.3:70b-8k - INFO - File: ../data/use_cases_large/PowerDrill/reference_pdfs/[2012 Eppinger] R2-Design structure matrix methods and applications.pdf
2025-02-20 07:40:18,791 - DSM_MultiModelExp_llm_rag_ollama:llama3.3:70b-8k - INFO - Page: 101
2025-02-20 07:40:18,792 - DSM_MultiModelExp_llm_rag_ollama:llama3.3:70b-8k - INFO - Content: 95 Organization Architecture DSM Examples 
of one majo r component or subass embly and its produc tion system. We then asked 
the leader of each CT to complete a simple one-pa ge survey form , indicat ...
2025-02-20 07:40:18,792 - DSM_MultiModelExp_llm_rag_ollama:llama3.3:70b-8k - INFO - File: ../data/use_cases_large/PowerDrill/reference_pdfs/[2012 Eppinger] R2-Design structure matrix methods and applications.pdf
2025-02-20 07:40:18,793 - DSM_MultiModelExp_llm_rag_ollama:llama3.3:70b-8k - INFO - Page: 275
2025-02-20 07:40:18,795 - DSM_MultiModelExp_llm_rag_ollama:llama3.3:70b-8k - INFO - Content: all of the DSMs on the diagonal are not). 
Figure 9.6.3 shows actual data for some of the individual DSMs and DMMs. In all cases, 
only binary matrices are used. For better identification and understa ...
2025-02-20 07:40:18,795 - DSM_MultiModelExp_llm_rag_ollama:llama3.3:70b-8k - INFO - File: ../data/use_cases_large/PowerDrill/reference_pdfs/[2012 Eppinger] R2-Design structure matrix methods and applications.pdf
2025-02-20 07:40:18,796 - DSM_MultiModelExp_llm_rag_ollama:llama3.3:70b-8k - INFO - Page: 297
2025-02-20 07:40:18,797 - DSM_MultiModelExp_llm_rag_ollama:llama3.3:70b-8k - INFO - Content: Data Collection 
Through discussions with industrial design engineers in Committee No. 17 7 on System 
Design and Integration in the Japan Society for the Promotion of Science, we captured 
170 typica ...
2025-02-20 07:40:18,798 - DSM_MultiModelExp_llm_rag_ollama:llama3.3:70b-8k - INFO - Raw Response: final response = [
            [1, 1, 0, 0, 1, 1, 1],
            [1, 1, 1, 0, 0, 1, 0],
            [0, 1, 1, 0, 0, 0, 0],
            [0, 0, 0, 1, 0, 0, 0],
            [1, 0, 0, 0, 1, 1, 0],
            [1, 1, 0, 0, 1, 1, 1],
            [1, 0, 0, 0, 0, 1, 1]
        ]
2025-02-20 07:40:18,799 - DSM_MultiModelExp_llm_rag_ollama:llama3.3:70b-8k - INFO - Response: final response = [
            [1, 1, 0, 0, 1, 1, 1],
            [1, 1, 1, 0, 0, 1, 0],
            [0, 1, 1, 0, 0, 0, 0],
            [0, 0, 0, 1, 0, 0, 0],
            [1, 0, 0, 0, 1, 1, 0],
            [1, 1, 0, 0, 1, 1, 1],
            [1, 0, 0, 0, 0, 1, 1]
        ]
2025-02-20 07:40:18,800 - DSM_MultiModelExp_llm_rag_ollama:llama3.3:70b-8k - INFO - Matrix: [[1, 1, 0, 0, 1, 1, 1], [1, 1, 1, 0, 0, 1, 0], [0, 1, 1, 0, 0, 0, 0], [0, 0, 0, 1, 0, 0, 0], [1, 0, 0, 0, 1, 1, 0], [1, 1, 0, 0, 1, 1, 1], [1, 0, 0, 0, 0, 1, 1]]
2025-02-20 07:40:18,801 - DSM_MultiModelExp_llm_rag_ollama:llama3.3:70b-8k - INFO - Final Matrix:
[[1, 1, 0, 0, 1, 1, 1], [1, 1, 1, 0, 0, 1, 0], [0, 1, 1, 0, 0, 0, 0], [0, 0, 0, 1, 0, 0, 0], [1, 0, 0, 0, 1, 1, 0], [1, 1, 0, 0, 1, 1, 1], [1, 0, 0, 0, 0, 1, 1]]
2025-02-20 07:40:18,802 - DSM_MultiModelExp_llm_rag_ollama:llama3.3:70b-8k - INFO - --------------------------------------------------
2025-02-20 07:40:18,802 - DSM_MultiModelExp_llm_rag_ollama:llama3.3:70b-8k - INFO - Matrix from response.
2025-02-20 07:40:18,803 - DSM_MultiModelExp_llm_rag_ollama:llama3.3:70b-8k - INFO - At run 2/5
2025-02-20 07:40:18,804 - DSM_MultiModelExp_llm_rag_ollama:llama3.3:70b-8k - INFO - Matrix: [[1, 1, 0, 0, 1, 1, 1], [1, 1, 1, 0, 0, 1, 0], [0, 1, 1, 0, 0, 0, 0], [0, 0, 0, 1, 0, 0, 0], [1, 0, 0, 0, 1, 1, 0], [1, 1, 0, 0, 1, 1, 1], [1, 0, 0, 0, 0, 1, 1]]
2025-02-20 07:40:18,805 - DSM_MultiModelExp_llm_rag_ollama:llama3.3:70b-8k - INFO - --------------------------------------------------
2025-02-20 07:40:28,816 - DSM_MultiModelExp_llm_rag_ollama:llama3.3:70b-8k - INFO - Run 3/5
2025-02-20 07:40:28,854 - DSM_MultiModelExp_llm_rag_ollama:llama3.3:70b-8k - INFO - DEBUG: Initializing RAGInference.
2025-02-20 07:40:28,855 - DSM_MultiModelExp_llm_rag_ollama:llama3.3:70b-8k - INFO - Using R-type: ['R2', 'R3']
2025-02-20 07:40:28,855 - DSM_MultiModelExp_llm_rag_ollama:llama3.3:70b-8k - INFO - Using embedding model: text-embedding-3-small
2025-02-20 07:40:28,891 - DSM_MultiModelExp_llm_rag_ollama:llama3.3:70b-8k - INFO - VectorStoreManager initialized
2025-02-20 07:40:28,892 - DSM_MultiModelExp_llm_rag_ollama:llama3.3:70b-8k - INFO - Set database path to: xLM_DSM/data/vectorstore/PowerDrill/llm_rag/text-embedding-3-small
2025-02-20 07:40:28,901 - DSM_MultiModelExp_llm_rag_ollama:llama3.3:70b-8k - INFO - Collection count: 2855
2025-02-20 07:40:28,904 - DSM_MultiModelExp_llm_rag_ollama:llama3.3:70b-8k - INFO - Initialized RAG inference for system: power screwdriver
2025-02-20 07:40:28,905 - DSM_MultiModelExp_llm_rag_ollama:llama3.3:70b-8k - INFO - Initialized DSM for system: power screwdriver
2025-02-20 07:40:28,906 - DSM_MultiModelExp_llm_rag_ollama:llama3.3:70b-8k - INFO - Inference model: ollama:llama3.3:70b-8k
2025-02-20 07:40:28,907 - DSM_MultiModelExp_llm_rag_ollama:llama3.3:70b-8k - INFO - Predicted Components: ['Motor', 'Housing', 'Ring Gear', 'Clip', 'Battery', 'Switch', 'Screwdriver Bit']
2025-02-20 07:40:28,908 - DSM_MultiModelExp_llm_rag_ollama:llama3.3:70b-8k - INFO - Number of components: 7
2025-02-20 07:40:28,910 - DSM_MultiModelExp_llm_rag_ollama:llama3.3:70b-8k - INFO - Predicted components for query: ['Motor', 'Housing', 'Ring Gear', 'Clip', 'Battery', 'Switch', 'Screwdriver Bit']
2025-02-20 07:40:28,910 - DSM_MultiModelExp_llm_rag_ollama:llama3.3:70b-8k - INFO - Query: 
        Please identify system-level proximity relationships (in contact) between the components of Power Screwdriver, as listed below, and represent them in a Design Structure Matrix (DSM) format.  
        The relationships should be articulated in plain English, capturing the essence of their interactions. 
        Here is the list of subsystems/components to analyze: ['Motor', 'Housing', 'Ring Gear', 'Clip', 'Battery', 'Switch', 'Screwdriver Bit'] 
        The DSM should clearly indicate the interactions between these components as 1 exist and 0 does not exist, considering both the presence and nature of these connections.             
        Present the output in a square matrix format (number of rows and columns MUST be the same as the number of components = 7 for this example), with rows and columns labeled accordingly. 
        Diagonal elements should be 1 in DSM matrix since each component interacts with itself. 
        If you don't know the answer, just write 2 for the specific cell that you are unsure of. A worst case scenario of the **as a list of lists** shown below (diagonal elements are 1 and rest are 2). Don't make up an answer.         final response = [
            [1, 2, 2, 2, 2, 2, 2],
            [2, 1, 2, 2, 2, 2, 2],
            [2, 2, 1, 2, 2, 2, 2],
            [2, 2, 2, 1, 2, 2, 2],
            [2, 2, 2, 2, 1, 2, 2],
            [2, 2, 2, 2, 2, 1, 2],
            [2, 2, 2, 2, 2, 2, 1]
        ]

        IMPORTANT: Your response must **ONLY** contain a valid **as a list of lists** in the following example format 7x7 matrix.         
        The below list of lists is just an example format of your response. **Replace** the values with your **actual analysis** while providing your response with parameter of 'final response'.        
        final response = [
            [1, 0, 0, 0, 0, 0, 0],
            [0, 1, 0, 0, 0, 0, 0],
            [0, 0, 1, 0, 0, 0, 0],
            [0, 0, 0, 1, 0, 0, 0],
            [0, 0, 0, 0, 1, 0, 0],
            [0, 0, 0, 0, 0, 1, 0],
            [0, 0, 0, 0, 0, 0, 1]
        ]

        IMPORTANT: THE FORMAT OF THE OUTPUT MUST BE AS LIST OF LISTS ONLY SIMILAR TO THE ONE ABOVE (NO LATEX, CODE, OR OTHER ENCODINGS).
        
2025-02-20 07:40:43,052 - DSM_MultiModelExp_llm_rag_ollama:llama3.3:70b-8k - INFO - Number of documents retrieved: 4
2025-02-20 07:40:43,054 - DSM_MultiModelExp_llm_rag_ollama:llama3.3:70b-8k - INFO - Documents used for this query:
2025-02-20 07:40:43,054 - DSM_MultiModelExp_llm_rag_ollama:llama3.3:70b-8k - INFO - File: ../data/use_cases_large/PowerDrill/reference_pdfs/[2012 Eppinger] R2-Design structure matrix methods and applications.pdf
2025-02-20 07:40:43,055 - DSM_MultiModelExp_llm_rag_ollama:llama3.3:70b-8k - INFO - Page: 46
2025-02-20 07:40:43,056 - DSM_MultiModelExp_llm_rag_ollama:llama3.3:70b-8k - INFO - Content: using red shaded cells between pairs of components. 
Res ult s 
The DSM model identified six of the subsystems as somewhat modular, in that each 
subsystem primarily had interfaces among components wi ...
2025-02-20 07:40:43,058 - DSM_MultiModelExp_llm_rag_ollama:llama3.3:70b-8k - INFO - File: ../data/use_cases_large/PowerDrill/reference_pdfs/[2012 Eppinger] R2-Design structure matrix methods and applications.pdf
2025-02-20 07:40:43,059 - DSM_MultiModelExp_llm_rag_ollama:llama3.3:70b-8k - INFO - Page: 101
2025-02-20 07:40:43,060 - DSM_MultiModelExp_llm_rag_ollama:llama3.3:70b-8k - INFO - Content: 95 Organization Architecture DSM Examples 
of one majo r component or subass embly and its produc tion system. We then asked 
the leader of each CT to complete a simple one-pa ge survey form , indicat ...
2025-02-20 07:40:43,060 - DSM_MultiModelExp_llm_rag_ollama:llama3.3:70b-8k - INFO - File: ../data/use_cases_large/PowerDrill/reference_pdfs/[2012 Eppinger] R2-Design structure matrix methods and applications.pdf
2025-02-20 07:40:43,061 - DSM_MultiModelExp_llm_rag_ollama:llama3.3:70b-8k - INFO - Page: 275
2025-02-20 07:40:43,062 - DSM_MultiModelExp_llm_rag_ollama:llama3.3:70b-8k - INFO - Content: all of the DSMs on the diagonal are not). 
Figure 9.6.3 shows actual data for some of the individual DSMs and DMMs. In all cases, 
only binary matrices are used. For better identification and understa ...
2025-02-20 07:40:43,063 - DSM_MultiModelExp_llm_rag_ollama:llama3.3:70b-8k - INFO - File: ../data/use_cases_large/PowerDrill/reference_pdfs/[2012 Eppinger] R2-Design structure matrix methods and applications.pdf
2025-02-20 07:40:43,064 - DSM_MultiModelExp_llm_rag_ollama:llama3.3:70b-8k - INFO - Page: 297
2025-02-20 07:40:43,065 - DSM_MultiModelExp_llm_rag_ollama:llama3.3:70b-8k - INFO - Content: Data Collection 
Through discussions with industrial design engineers in Committee No. 17 7 on System 
Design and Integration in the Japan Society for the Promotion of Science, we captured 
170 typica ...
2025-02-20 07:40:43,066 - DSM_MultiModelExp_llm_rag_ollama:llama3.3:70b-8k - INFO - Raw Response: final response = [
            [1, 1, 0, 0, 1, 1, 1],
            [1, 1, 1, 0, 0, 1, 0],
            [0, 1, 1, 0, 0, 0, 0],
            [0, 0, 0, 1, 0, 0, 0],
            [1, 0, 0, 0, 1, 1, 0],
            [1, 1, 0, 0, 1, 1, 1],
            [1, 0, 0, 0, 0, 1, 1]
        ]
2025-02-20 07:40:43,066 - DSM_MultiModelExp_llm_rag_ollama:llama3.3:70b-8k - INFO - Response: final response = [
            [1, 1, 0, 0, 1, 1, 1],
            [1, 1, 1, 0, 0, 1, 0],
            [0, 1, 1, 0, 0, 0, 0],
            [0, 0, 0, 1, 0, 0, 0],
            [1, 0, 0, 0, 1, 1, 0],
            [1, 1, 0, 0, 1, 1, 1],
            [1, 0, 0, 0, 0, 1, 1]
        ]
2025-02-20 07:40:43,068 - DSM_MultiModelExp_llm_rag_ollama:llama3.3:70b-8k - INFO - Matrix: [[1, 1, 0, 0, 1, 1, 1], [1, 1, 1, 0, 0, 1, 0], [0, 1, 1, 0, 0, 0, 0], [0, 0, 0, 1, 0, 0, 0], [1, 0, 0, 0, 1, 1, 0], [1, 1, 0, 0, 1, 1, 1], [1, 0, 0, 0, 0, 1, 1]]
2025-02-20 07:40:43,068 - DSM_MultiModelExp_llm_rag_ollama:llama3.3:70b-8k - INFO - Final Matrix:
[[1, 1, 0, 0, 1, 1, 1], [1, 1, 1, 0, 0, 1, 0], [0, 1, 1, 0, 0, 0, 0], [0, 0, 0, 1, 0, 0, 0], [1, 0, 0, 0, 1, 1, 0], [1, 1, 0, 0, 1, 1, 1], [1, 0, 0, 0, 0, 1, 1]]
2025-02-20 07:40:43,069 - DSM_MultiModelExp_llm_rag_ollama:llama3.3:70b-8k - INFO - --------------------------------------------------
2025-02-20 07:40:43,070 - DSM_MultiModelExp_llm_rag_ollama:llama3.3:70b-8k - INFO - Matrix from response.
2025-02-20 07:40:43,071 - DSM_MultiModelExp_llm_rag_ollama:llama3.3:70b-8k - INFO - At run 3/5
2025-02-20 07:40:43,072 - DSM_MultiModelExp_llm_rag_ollama:llama3.3:70b-8k - INFO - Matrix: [[1, 1, 0, 0, 1, 1, 1], [1, 1, 1, 0, 0, 1, 0], [0, 1, 1, 0, 0, 0, 0], [0, 0, 0, 1, 0, 0, 0], [1, 0, 0, 0, 1, 1, 0], [1, 1, 0, 0, 1, 1, 1], [1, 0, 0, 0, 0, 1, 1]]
2025-02-20 07:40:43,073 - DSM_MultiModelExp_llm_rag_ollama:llama3.3:70b-8k - INFO - --------------------------------------------------
2025-02-20 07:40:53,083 - DSM_MultiModelExp_llm_rag_ollama:llama3.3:70b-8k - INFO - Run 4/5
2025-02-20 07:40:53,121 - DSM_MultiModelExp_llm_rag_ollama:llama3.3:70b-8k - INFO - DEBUG: Initializing RAGInference.
2025-02-20 07:40:53,122 - DSM_MultiModelExp_llm_rag_ollama:llama3.3:70b-8k - INFO - Using R-type: ['R2', 'R3']
2025-02-20 07:40:53,123 - DSM_MultiModelExp_llm_rag_ollama:llama3.3:70b-8k - INFO - Using embedding model: text-embedding-3-small
2025-02-20 07:40:53,159 - DSM_MultiModelExp_llm_rag_ollama:llama3.3:70b-8k - INFO - VectorStoreManager initialized
2025-02-20 07:40:53,160 - DSM_MultiModelExp_llm_rag_ollama:llama3.3:70b-8k - INFO - Set database path to: xLM_DSM/data/vectorstore/PowerDrill/llm_rag/text-embedding-3-small
2025-02-20 07:40:53,169 - DSM_MultiModelExp_llm_rag_ollama:llama3.3:70b-8k - INFO - Collection count: 2855
2025-02-20 07:40:53,172 - DSM_MultiModelExp_llm_rag_ollama:llama3.3:70b-8k - INFO - Initialized RAG inference for system: power screwdriver
2025-02-20 07:40:53,173 - DSM_MultiModelExp_llm_rag_ollama:llama3.3:70b-8k - INFO - Initialized DSM for system: power screwdriver
2025-02-20 07:40:53,174 - DSM_MultiModelExp_llm_rag_ollama:llama3.3:70b-8k - INFO - Inference model: ollama:llama3.3:70b-8k
2025-02-20 07:40:53,175 - DSM_MultiModelExp_llm_rag_ollama:llama3.3:70b-8k - INFO - Predicted Components: ['Motor', 'Housing', 'Ring Gear', 'Clip', 'Battery', 'Switch', 'Screwdriver Bit']
2025-02-20 07:40:53,176 - DSM_MultiModelExp_llm_rag_ollama:llama3.3:70b-8k - INFO - Number of components: 7
2025-02-20 07:40:53,177 - DSM_MultiModelExp_llm_rag_ollama:llama3.3:70b-8k - INFO - Predicted components for query: ['Motor', 'Housing', 'Ring Gear', 'Clip', 'Battery', 'Switch', 'Screwdriver Bit']
2025-02-20 07:40:53,178 - DSM_MultiModelExp_llm_rag_ollama:llama3.3:70b-8k - INFO - Query: 
        Please identify system-level proximity relationships (in contact) between the components of Power Screwdriver, as listed below, and represent them in a Design Structure Matrix (DSM) format.  
        The relationships should be articulated in plain English, capturing the essence of their interactions. 
        Here is the list of subsystems/components to analyze: ['Motor', 'Housing', 'Ring Gear', 'Clip', 'Battery', 'Switch', 'Screwdriver Bit'] 
        The DSM should clearly indicate the interactions between these components as 1 exist and 0 does not exist, considering both the presence and nature of these connections.             
        Present the output in a square matrix format (number of rows and columns MUST be the same as the number of components = 7 for this example), with rows and columns labeled accordingly. 
        Diagonal elements should be 1 in DSM matrix since each component interacts with itself. 
        If you don't know the answer, just write 2 for the specific cell that you are unsure of. A worst case scenario of the **as a list of lists** shown below (diagonal elements are 1 and rest are 2). Don't make up an answer.         final response = [
            [1, 2, 2, 2, 2, 2, 2],
            [2, 1, 2, 2, 2, 2, 2],
            [2, 2, 1, 2, 2, 2, 2],
            [2, 2, 2, 1, 2, 2, 2],
            [2, 2, 2, 2, 1, 2, 2],
            [2, 2, 2, 2, 2, 1, 2],
            [2, 2, 2, 2, 2, 2, 1]
        ]

        IMPORTANT: Your response must **ONLY** contain a valid **as a list of lists** in the following example format 7x7 matrix.         
        The below list of lists is just an example format of your response. **Replace** the values with your **actual analysis** while providing your response with parameter of 'final response'.        
        final response = [
            [1, 0, 0, 0, 0, 0, 0],
            [0, 1, 0, 0, 0, 0, 0],
            [0, 0, 1, 0, 0, 0, 0],
            [0, 0, 0, 1, 0, 0, 0],
            [0, 0, 0, 0, 1, 0, 0],
            [0, 0, 0, 0, 0, 1, 0],
            [0, 0, 0, 0, 0, 0, 1]
        ]

        IMPORTANT: THE FORMAT OF THE OUTPUT MUST BE AS LIST OF LISTS ONLY SIMILAR TO THE ONE ABOVE (NO LATEX, CODE, OR OTHER ENCODINGS).
        
2025-02-20 07:41:07,711 - DSM_MultiModelExp_llm_rag_ollama:llama3.3:70b-8k - INFO - Number of documents retrieved: 4
2025-02-20 07:41:07,712 - DSM_MultiModelExp_llm_rag_ollama:llama3.3:70b-8k - INFO - Documents used for this query:
2025-02-20 07:41:07,713 - DSM_MultiModelExp_llm_rag_ollama:llama3.3:70b-8k - INFO - File: ../data/use_cases_large/PowerDrill/reference_pdfs/[2012 Eppinger] R2-Design structure matrix methods and applications.pdf
2025-02-20 07:41:07,715 - DSM_MultiModelExp_llm_rag_ollama:llama3.3:70b-8k - INFO - Page: 46
2025-02-20 07:41:07,715 - DSM_MultiModelExp_llm_rag_ollama:llama3.3:70b-8k - INFO - Content: using red shaded cells between pairs of components. 
Res ult s 
The DSM model identified six of the subsystems as somewhat modular, in that each 
subsystem primarily had interfaces among components wi ...
2025-02-20 07:41:07,716 - DSM_MultiModelExp_llm_rag_ollama:llama3.3:70b-8k - INFO - File: ../data/use_cases_large/PowerDrill/reference_pdfs/[2012 Eppinger] R2-Design structure matrix methods and applications.pdf
2025-02-20 07:41:07,717 - DSM_MultiModelExp_llm_rag_ollama:llama3.3:70b-8k - INFO - Page: 101
2025-02-20 07:41:07,719 - DSM_MultiModelExp_llm_rag_ollama:llama3.3:70b-8k - INFO - Content: 95 Organization Architecture DSM Examples 
of one majo r component or subass embly and its produc tion system. We then asked 
the leader of each CT to complete a simple one-pa ge survey form , indicat ...
2025-02-20 07:41:07,720 - DSM_MultiModelExp_llm_rag_ollama:llama3.3:70b-8k - INFO - File: ../data/use_cases_large/PowerDrill/reference_pdfs/[2012 Eppinger] R2-Design structure matrix methods and applications.pdf
2025-02-20 07:41:07,721 - DSM_MultiModelExp_llm_rag_ollama:llama3.3:70b-8k - INFO - Page: 275
2025-02-20 07:41:07,722 - DSM_MultiModelExp_llm_rag_ollama:llama3.3:70b-8k - INFO - Content: all of the DSMs on the diagonal are not). 
Figure 9.6.3 shows actual data for some of the individual DSMs and DMMs. In all cases, 
only binary matrices are used. For better identification and understa ...
2025-02-20 07:41:07,722 - DSM_MultiModelExp_llm_rag_ollama:llama3.3:70b-8k - INFO - File: ../data/use_cases_large/PowerDrill/reference_pdfs/[2012 Eppinger] R2-Design structure matrix methods and applications.pdf
2025-02-20 07:41:07,723 - DSM_MultiModelExp_llm_rag_ollama:llama3.3:70b-8k - INFO - Page: 297
2025-02-20 07:41:07,724 - DSM_MultiModelExp_llm_rag_ollama:llama3.3:70b-8k - INFO - Content: Data Collection 
Through discussions with industrial design engineers in Committee No. 17 7 on System 
Design and Integration in the Japan Society for the Promotion of Science, we captured 
170 typica ...
2025-02-20 07:41:07,725 - DSM_MultiModelExp_llm_rag_ollama:llama3.3:70b-8k - INFO - Raw Response: final response = [
            [1, 1, 0, 0, 1, 1, 1],
            [1, 1, 1, 0, 0, 1, 0],
            [0, 1, 1, 0, 0, 0, 0],
            [0, 0, 0, 1, 0, 0, 0],
            [1, 0, 0, 0, 1, 1, 0],
            [1, 1, 0, 0, 1, 1, 1],
            [1, 0, 0, 0, 0, 1, 1]
        ]
2025-02-20 07:41:07,726 - DSM_MultiModelExp_llm_rag_ollama:llama3.3:70b-8k - INFO - Response: final response = [
            [1, 1, 0, 0, 1, 1, 1],
            [1, 1, 1, 0, 0, 1, 0],
            [0, 1, 1, 0, 0, 0, 0],
            [0, 0, 0, 1, 0, 0, 0],
            [1, 0, 0, 0, 1, 1, 0],
            [1, 1, 0, 0, 1, 1, 1],
            [1, 0, 0, 0, 0, 1, 1]
        ]
2025-02-20 07:41:07,727 - DSM_MultiModelExp_llm_rag_ollama:llama3.3:70b-8k - INFO - Matrix: [[1, 1, 0, 0, 1, 1, 1], [1, 1, 1, 0, 0, 1, 0], [0, 1, 1, 0, 0, 0, 0], [0, 0, 0, 1, 0, 0, 0], [1, 0, 0, 0, 1, 1, 0], [1, 1, 0, 0, 1, 1, 1], [1, 0, 0, 0, 0, 1, 1]]
2025-02-20 07:41:07,728 - DSM_MultiModelExp_llm_rag_ollama:llama3.3:70b-8k - INFO - Final Matrix:
[[1, 1, 0, 0, 1, 1, 1], [1, 1, 1, 0, 0, 1, 0], [0, 1, 1, 0, 0, 0, 0], [0, 0, 0, 1, 0, 0, 0], [1, 0, 0, 0, 1, 1, 0], [1, 1, 0, 0, 1, 1, 1], [1, 0, 0, 0, 0, 1, 1]]
2025-02-20 07:41:07,729 - DSM_MultiModelExp_llm_rag_ollama:llama3.3:70b-8k - INFO - --------------------------------------------------
2025-02-20 07:41:07,729 - DSM_MultiModelExp_llm_rag_ollama:llama3.3:70b-8k - INFO - Matrix from response.
2025-02-20 07:41:07,731 - DSM_MultiModelExp_llm_rag_ollama:llama3.3:70b-8k - INFO - At run 4/5
2025-02-20 07:41:07,731 - DSM_MultiModelExp_llm_rag_ollama:llama3.3:70b-8k - INFO - Matrix: [[1, 1, 0, 0, 1, 1, 1], [1, 1, 1, 0, 0, 1, 0], [0, 1, 1, 0, 0, 0, 0], [0, 0, 0, 1, 0, 0, 0], [1, 0, 0, 0, 1, 1, 0], [1, 1, 0, 0, 1, 1, 1], [1, 0, 0, 0, 0, 1, 1]]
2025-02-20 07:41:07,732 - DSM_MultiModelExp_llm_rag_ollama:llama3.3:70b-8k - INFO - --------------------------------------------------
2025-02-20 07:41:17,743 - DSM_MultiModelExp_llm_rag_ollama:llama3.3:70b-8k - INFO - Run 5/5
2025-02-20 07:41:17,788 - DSM_MultiModelExp_llm_rag_ollama:llama3.3:70b-8k - INFO - DEBUG: Initializing RAGInference.
2025-02-20 07:41:17,789 - DSM_MultiModelExp_llm_rag_ollama:llama3.3:70b-8k - INFO - Using R-type: ['R2', 'R3']
2025-02-20 07:41:17,790 - DSM_MultiModelExp_llm_rag_ollama:llama3.3:70b-8k - INFO - Using embedding model: text-embedding-3-small
2025-02-20 07:41:17,823 - DSM_MultiModelExp_llm_rag_ollama:llama3.3:70b-8k - INFO - VectorStoreManager initialized
2025-02-20 07:41:17,824 - DSM_MultiModelExp_llm_rag_ollama:llama3.3:70b-8k - INFO - Set database path to: xLM_DSM/data/vectorstore/PowerDrill/llm_rag/text-embedding-3-small
2025-02-20 07:41:17,832 - DSM_MultiModelExp_llm_rag_ollama:llama3.3:70b-8k - INFO - Collection count: 2855
2025-02-20 07:41:17,836 - DSM_MultiModelExp_llm_rag_ollama:llama3.3:70b-8k - INFO - Initialized RAG inference for system: power screwdriver
2025-02-20 07:41:17,837 - DSM_MultiModelExp_llm_rag_ollama:llama3.3:70b-8k - INFO - Initialized DSM for system: power screwdriver
2025-02-20 07:41:17,837 - DSM_MultiModelExp_llm_rag_ollama:llama3.3:70b-8k - INFO - Inference model: ollama:llama3.3:70b-8k
2025-02-20 07:41:17,838 - DSM_MultiModelExp_llm_rag_ollama:llama3.3:70b-8k - INFO - Predicted Components: ['Motor', 'Housing', 'Ring Gear', 'Clip', 'Battery', 'Switch', 'Screwdriver Bit']
2025-02-20 07:41:17,839 - DSM_MultiModelExp_llm_rag_ollama:llama3.3:70b-8k - INFO - Number of components: 7
2025-02-20 07:41:17,840 - DSM_MultiModelExp_llm_rag_ollama:llama3.3:70b-8k - INFO - Predicted components for query: ['Motor', 'Housing', 'Ring Gear', 'Clip', 'Battery', 'Switch', 'Screwdriver Bit']
2025-02-20 07:41:17,841 - DSM_MultiModelExp_llm_rag_ollama:llama3.3:70b-8k - INFO - Query: 
        Please identify system-level proximity relationships (in contact) between the components of Power Screwdriver, as listed below, and represent them in a Design Structure Matrix (DSM) format.  
        The relationships should be articulated in plain English, capturing the essence of their interactions. 
        Here is the list of subsystems/components to analyze: ['Motor', 'Housing', 'Ring Gear', 'Clip', 'Battery', 'Switch', 'Screwdriver Bit'] 
        The DSM should clearly indicate the interactions between these components as 1 exist and 0 does not exist, considering both the presence and nature of these connections.             
        Present the output in a square matrix format (number of rows and columns MUST be the same as the number of components = 7 for this example), with rows and columns labeled accordingly. 
        Diagonal elements should be 1 in DSM matrix since each component interacts with itself. 
        If you don't know the answer, just write 2 for the specific cell that you are unsure of. A worst case scenario of the **as a list of lists** shown below (diagonal elements are 1 and rest are 2). Don't make up an answer.         final response = [
            [1, 2, 2, 2, 2, 2, 2],
            [2, 1, 2, 2, 2, 2, 2],
            [2, 2, 1, 2, 2, 2, 2],
            [2, 2, 2, 1, 2, 2, 2],
            [2, 2, 2, 2, 1, 2, 2],
            [2, 2, 2, 2, 2, 1, 2],
            [2, 2, 2, 2, 2, 2, 1]
        ]

        IMPORTANT: Your response must **ONLY** contain a valid **as a list of lists** in the following example format 7x7 matrix.         
        The below list of lists is just an example format of your response. **Replace** the values with your **actual analysis** while providing your response with parameter of 'final response'.        
        final response = [
            [1, 0, 0, 0, 0, 0, 0],
            [0, 1, 0, 0, 0, 0, 0],
            [0, 0, 1, 0, 0, 0, 0],
            [0, 0, 0, 1, 0, 0, 0],
            [0, 0, 0, 0, 1, 0, 0],
            [0, 0, 0, 0, 0, 1, 0],
            [0, 0, 0, 0, 0, 0, 1]
        ]

        IMPORTANT: THE FORMAT OF THE OUTPUT MUST BE AS LIST OF LISTS ONLY SIMILAR TO THE ONE ABOVE (NO LATEX, CODE, OR OTHER ENCODINGS).
        
2025-02-20 07:41:32,447 - DSM_MultiModelExp_llm_rag_ollama:llama3.3:70b-8k - INFO - Number of documents retrieved: 4
2025-02-20 07:41:32,448 - DSM_MultiModelExp_llm_rag_ollama:llama3.3:70b-8k - INFO - Documents used for this query:
2025-02-20 07:41:32,449 - DSM_MultiModelExp_llm_rag_ollama:llama3.3:70b-8k - INFO - File: ../data/use_cases_large/PowerDrill/reference_pdfs/[2012 Eppinger] R2-Design structure matrix methods and applications.pdf
2025-02-20 07:41:32,450 - DSM_MultiModelExp_llm_rag_ollama:llama3.3:70b-8k - INFO - Page: 46
2025-02-20 07:41:32,452 - DSM_MultiModelExp_llm_rag_ollama:llama3.3:70b-8k - INFO - Content: using red shaded cells between pairs of components. 
Res ult s 
The DSM model identified six of the subsystems as somewhat modular, in that each 
subsystem primarily had interfaces among components wi ...
2025-02-20 07:41:32,453 - DSM_MultiModelExp_llm_rag_ollama:llama3.3:70b-8k - INFO - File: ../data/use_cases_large/PowerDrill/reference_pdfs/[2012 Eppinger] R2-Design structure matrix methods and applications.pdf
2025-02-20 07:41:32,454 - DSM_MultiModelExp_llm_rag_ollama:llama3.3:70b-8k - INFO - Page: 101
2025-02-20 07:41:32,455 - DSM_MultiModelExp_llm_rag_ollama:llama3.3:70b-8k - INFO - Content: 95 Organization Architecture DSM Examples 
of one majo r component or subass embly and its produc tion system. We then asked 
the leader of each CT to complete a simple one-pa ge survey form , indicat ...
2025-02-20 07:41:32,456 - DSM_MultiModelExp_llm_rag_ollama:llama3.3:70b-8k - INFO - File: ../data/use_cases_large/PowerDrill/reference_pdfs/[2012 Eppinger] R2-Design structure matrix methods and applications.pdf
2025-02-20 07:41:32,457 - DSM_MultiModelExp_llm_rag_ollama:llama3.3:70b-8k - INFO - Page: 275
2025-02-20 07:41:32,458 - DSM_MultiModelExp_llm_rag_ollama:llama3.3:70b-8k - INFO - Content: all of the DSMs on the diagonal are not). 
Figure 9.6.3 shows actual data for some of the individual DSMs and DMMs. In all cases, 
only binary matrices are used. For better identification and understa ...
2025-02-20 07:41:32,458 - DSM_MultiModelExp_llm_rag_ollama:llama3.3:70b-8k - INFO - File: ../data/use_cases_large/PowerDrill/reference_pdfs/[2012 Eppinger] R2-Design structure matrix methods and applications.pdf
2025-02-20 07:41:32,460 - DSM_MultiModelExp_llm_rag_ollama:llama3.3:70b-8k - INFO - Page: 297
2025-02-20 07:41:32,461 - DSM_MultiModelExp_llm_rag_ollama:llama3.3:70b-8k - INFO - Content: Data Collection 
Through discussions with industrial design engineers in Committee No. 17 7 on System 
Design and Integration in the Japan Society for the Promotion of Science, we captured 
170 typica ...
2025-02-20 07:41:32,461 - DSM_MultiModelExp_llm_rag_ollama:llama3.3:70b-8k - INFO - Raw Response: final response = [
            [1, 1, 0, 0, 1, 1, 1],
            [1, 1, 1, 0, 0, 1, 0],
            [0, 1, 1, 0, 0, 0, 0],
            [0, 0, 0, 1, 0, 0, 0],
            [1, 0, 0, 0, 1, 1, 0],
            [1, 1, 0, 0, 1, 1, 1],
            [1, 0, 0, 0, 0, 1, 1]
        ]
2025-02-20 07:41:32,462 - DSM_MultiModelExp_llm_rag_ollama:llama3.3:70b-8k - INFO - Response: final response = [
            [1, 1, 0, 0, 1, 1, 1],
            [1, 1, 1, 0, 0, 1, 0],
            [0, 1, 1, 0, 0, 0, 0],
            [0, 0, 0, 1, 0, 0, 0],
            [1, 0, 0, 0, 1, 1, 0],
            [1, 1, 0, 0, 1, 1, 1],
            [1, 0, 0, 0, 0, 1, 1]
        ]
2025-02-20 07:41:32,464 - DSM_MultiModelExp_llm_rag_ollama:llama3.3:70b-8k - INFO - Matrix: [[1, 1, 0, 0, 1, 1, 1], [1, 1, 1, 0, 0, 1, 0], [0, 1, 1, 0, 0, 0, 0], [0, 0, 0, 1, 0, 0, 0], [1, 0, 0, 0, 1, 1, 0], [1, 1, 0, 0, 1, 1, 1], [1, 0, 0, 0, 0, 1, 1]]
2025-02-20 07:41:32,465 - DSM_MultiModelExp_llm_rag_ollama:llama3.3:70b-8k - INFO - Final Matrix:
[[1, 1, 0, 0, 1, 1, 1], [1, 1, 1, 0, 0, 1, 0], [0, 1, 1, 0, 0, 0, 0], [0, 0, 0, 1, 0, 0, 0], [1, 0, 0, 0, 1, 1, 0], [1, 1, 0, 0, 1, 1, 1], [1, 0, 0, 0, 0, 1, 1]]
2025-02-20 07:41:32,466 - DSM_MultiModelExp_llm_rag_ollama:llama3.3:70b-8k - INFO - --------------------------------------------------
2025-02-20 07:41:32,466 - DSM_MultiModelExp_llm_rag_ollama:llama3.3:70b-8k - INFO - Matrix from response.
2025-02-20 07:41:32,468 - DSM_MultiModelExp_llm_rag_ollama:llama3.3:70b-8k - INFO - At run 5/5
2025-02-20 07:41:32,468 - DSM_MultiModelExp_llm_rag_ollama:llama3.3:70b-8k - INFO - Matrix: [[1, 1, 0, 0, 1, 1, 1], [1, 1, 1, 0, 0, 1, 0], [0, 1, 1, 0, 0, 0, 0], [0, 0, 0, 1, 0, 0, 0], [1, 0, 0, 0, 1, 1, 0], [1, 1, 0, 0, 1, 1, 1], [1, 0, 0, 0, 0, 1, 1]]
2025-02-20 07:41:32,469 - DSM_MultiModelExp_llm_rag_ollama:llama3.3:70b-8k - INFO - --------------------------------------------------
2025-02-20 07:41:42,480 - DSM_MultiModelExp_llm_rag_ollama:llama3.3:70b-8k - INFO - Duration of reference combination {'R2': [{'path': '../data/use_cases_large/PowerDrill/reference_pdfs/[2012 Eppinger] R2-Design structure matrix methods and applications.pdf'}], 'R3': [{'path': '../data/use_cases_large/PowerDrill/reference_pdfs/R3_combined.pdf'}]}: 0:01:56.272588
2025-02-20 07:41:42,481 - DSM_MultiModelExp_llm_rag_ollama:llama3.3:70b-8k - INFO - ++++++++++++++++++++++++++++++++++++++++++++++++++++++++++++++++++++++++++++++++++++++++++++++++++++
2025-02-20 07:41:42,482 - DSM_MultiModelExp_llm_rag_ollama:llama3.3:70b-8k - INFO - Run 1/5
2025-02-20 07:41:42,518 - DSM_MultiModelExp_llm_rag_ollama:llama3.3:70b-8k - INFO - DEBUG: Initializing RAGInference.
2025-02-20 07:41:42,519 - DSM_MultiModelExp_llm_rag_ollama:llama3.3:70b-8k - INFO - Using R-type: ['R1', 'R2', 'R3']
2025-02-20 07:41:42,538 - DSM_MultiModelExp_llm_rag_ollama:llama3.3:70b-8k - INFO - Using embedding model: text-embedding-3-small
2025-02-20 07:41:42,575 - DSM_MultiModelExp_llm_rag_ollama:llama3.3:70b-8k - INFO - VectorStoreManager initialized
2025-02-20 07:41:42,576 - DSM_MultiModelExp_llm_rag_ollama:llama3.3:70b-8k - INFO - Set database path to: xLM_DSM/data/vectorstore/PowerDrill/llm_rag/text-embedding-3-small
2025-02-20 07:41:42,587 - DSM_MultiModelExp_llm_rag_ollama:llama3.3:70b-8k - INFO - Collection count: 2855
2025-02-20 07:41:42,591 - DSM_MultiModelExp_llm_rag_ollama:llama3.3:70b-8k - INFO - Initialized RAG inference for system: power screwdriver
2025-02-20 07:41:42,592 - DSM_MultiModelExp_llm_rag_ollama:llama3.3:70b-8k - INFO - Initialized DSM for system: power screwdriver
2025-02-20 07:41:42,593 - DSM_MultiModelExp_llm_rag_ollama:llama3.3:70b-8k - INFO - Inference model: ollama:llama3.3:70b-8k
2025-02-20 07:41:42,594 - DSM_MultiModelExp_llm_rag_ollama:llama3.3:70b-8k - INFO - Prompt (attempt 1/3): 
            Please identify the major components of power screwdriver in the engineering based on proximity relationships.             
            The number of components must not exceed 7 (can be equal) and must be a list of strings.             
            Please do not identify similar components that will work together under subsystem level since our interest is to identify the major components that form the core architecture of the system.             
            Here is an example of the components for made-up system:             
            final response = [ "component 1", "component 2", "component 3", "component 4", "component 5" ]             
            IMPORTANT: THE FORMAT OF THE OUTPUT MUST BE AS A LIST OF STRINGS ONLY SIMILAR TO THE ONE ABOVE (NO LATEX, NO CODE, NO DESCRIPTION, OR OTHER ENCODINGS).              
2025-02-20 07:41:47,716 - DSM_MultiModelExp_llm_rag_ollama:llama3.3:70b-8k - INFO - Number of documents retrieved: 4
2025-02-20 07:41:47,717 - DSM_MultiModelExp_llm_rag_ollama:llama3.3:70b-8k - INFO - Documents used for this query:
2025-02-20 07:41:47,736 - DSM_MultiModelExp_llm_rag_ollama:llama3.3:70b-8k - INFO - File: ../data/use_cases_large/PowerDrill/reference_pdfs/R1_combined.pdf
2025-02-20 07:41:47,737 - DSM_MultiModelExp_llm_rag_ollama:llama3.3:70b-8k - INFO - Page: 34
2025-02-20 07:41:47,738 - DSM_MultiModelExp_llm_rag_ollama:llama3.3:70b-8k - INFO - Content: power	
  screwdriver	
   158	
  5.9	
   (a)	
  –	
  (c)	
  binary	
  adjacency	
  matrices	
  and	
  spy	
  plots	
  for	
  screwdrivers	
   159	
  5.10	
   Sample	
  distribution	
  for	
  a	
  screw ...
2025-02-20 07:41:47,739 - DSM_MultiModelExp_llm_rag_ollama:llama3.3:70b-8k - INFO - File: ../data/use_cases_large/PowerDrill/reference_pdfs/R1_combined.pdf
2025-02-20 07:41:47,740 - DSM_MultiModelExp_llm_rag_ollama:llama3.3:70b-8k - INFO - Page: 181
2025-02-20 07:41:47,741 - DSM_MultiModelExp_llm_rag_ollama:llama3.3:70b-8k - INFO - Content: Fig.	
  5.8:	
  Components	
  of	
  the	
  Black	
  &	
  Decker	
  alkaline	
  screwdriver	
  [Tilstra,	
  2010].	
  	
   The	
   developed	
   Product	
   Design	
   Structure	
   Matrices	
   (DSM)	 ...
2025-02-20 07:41:47,742 - DSM_MultiModelExp_llm_rag_ollama:llama3.3:70b-8k - INFO - File: ../data/use_cases_large/PowerDrill/reference_pdfs/R1_combined.pdf
2025-02-20 07:41:47,743 - DSM_MultiModelExp_llm_rag_ollama:llama3.3:70b-8k - INFO - Page: 183
2025-02-20 07:41:47,744 - DSM_MultiModelExp_llm_rag_ollama:llama3.3:70b-8k - INFO - Content: Fig.	
  5.9	
  (c):	
  The	
  spy	
  plots	
  of	
  the	
  system	
  connectivity	
  structure	
  for	
  the	
  two	
  powered	
  screwdrivers.	
  Presence	
  of	
  blue	
  dot	
  represents	
  existe ...
2025-02-20 07:41:47,745 - DSM_MultiModelExp_llm_rag_ollama:llama3.3:70b-8k - INFO - File: ../data/use_cases_large/PowerDrill/reference_pdfs/R1_combined.pdf
2025-02-20 07:41:47,746 - DSM_MultiModelExp_llm_rag_ollama:llama3.3:70b-8k - INFO - Page: 13
2025-02-20 07:41:47,746 - DSM_MultiModelExp_llm_rag_ollama:llama3.3:70b-8k - INFO - Content: mine which interactions truly exist in the product. Examination of the product would conﬁrm that
the ‘Clip (2)’ element connects the ‘ring gear, Housing (9)’ element to the ‘Housing (21)’ element
and  ...
2025-02-20 07:41:47,747 - DSM_MultiModelExp_llm_rag_ollama:llama3.3:70b-8k - INFO - Raw Response: ["Motor", "Housing", "Ring Gear", "Clip", "Battery", "Switch", "Screwdriver Bit"]
2025-02-20 07:41:47,748 - DSM_MultiModelExp_llm_rag_ollama:llama3.3:70b-8k - INFO - Matrix: ['Motor', 'Housing', 'Ring Gear', 'Clip', 'Battery', 'Switch', 'Screwdriver Bit']
2025-02-20 07:41:47,749 - DSM_MultiModelExp_llm_rag_ollama:llama3.3:70b-8k - INFO - Components: ['Motor', 'Housing', 'Ring Gear', 'Clip', 'Battery', 'Switch', 'Screwdriver Bit']
2025-02-20 07:41:50,265 - DSM_MultiModelExp_llm_rag_ollama:llama3.3:70b-8k - INFO - Number of documents retrieved: 4
2025-02-20 07:41:50,266 - DSM_MultiModelExp_llm_rag_ollama:llama3.3:70b-8k - INFO - Documents used for this query:
2025-02-20 07:41:50,266 - DSM_MultiModelExp_llm_rag_ollama:llama3.3:70b-8k - INFO - File: ../data/use_cases_large/PowerDrill/reference_pdfs/R1_combined.pdf
2025-02-20 07:41:50,267 - DSM_MultiModelExp_llm_rag_ollama:llama3.3:70b-8k - INFO - Page: 34
2025-02-20 07:41:50,268 - DSM_MultiModelExp_llm_rag_ollama:llama3.3:70b-8k - INFO - Content: power	
  screwdriver	
   158	
  5.9	
   (a)	
  –	
  (c)	
  binary	
  adjacency	
  matrices	
  and	
  spy	
  plots	
  for	
  screwdrivers	
   159	
  5.10	
   Sample	
  distribution	
  for	
  a	
  screw ...
2025-02-20 07:41:50,269 - DSM_MultiModelExp_llm_rag_ollama:llama3.3:70b-8k - INFO - File: ../data/use_cases_large/PowerDrill/reference_pdfs/R1_combined.pdf
2025-02-20 07:41:50,269 - DSM_MultiModelExp_llm_rag_ollama:llama3.3:70b-8k - INFO - Page: 117
2025-02-20 07:41:50,270 - DSM_MultiModelExp_llm_rag_ollama:llama3.3:70b-8k - INFO - Content: a	
  component	
  involves	
   a	
   number	
   of	
   disciplines	
   (scientific	
   or	
   otherwise),	
   its	
   complexity	
  tends	
   to	
   increase.	
   For	
   example,	
   components	
   t ...
2025-02-20 07:41:50,271 - DSM_MultiModelExp_llm_rag_ollama:llama3.3:70b-8k - INFO - File: ../data/use_cases_large/PowerDrill/reference_pdfs/R1_combined.pdf
2025-02-20 07:41:50,272 - DSM_MultiModelExp_llm_rag_ollama:llama3.3:70b-8k - INFO - Page: 13
2025-02-20 07:41:50,274 - DSM_MultiModelExp_llm_rag_ollama:llama3.3:70b-8k - INFO - Content: mine which interactions truly exist in the product. Examination of the product would conﬁrm that
the ‘Clip (2)’ element connects the ‘ring gear, Housing (9)’ element to the ‘Housing (21)’ element
and  ...
2025-02-20 07:41:50,275 - DSM_MultiModelExp_llm_rag_ollama:llama3.3:70b-8k - INFO - File: ../data/use_cases_large/PowerDrill/reference_pdfs/R1_combined.pdf
2025-02-20 07:41:50,276 - DSM_MultiModelExp_llm_rag_ollama:llama3.3:70b-8k - INFO - Page: 205
2025-02-20 07:41:50,277 - DSM_MultiModelExp_llm_rag_ollama:llama3.3:70b-8k - INFO - Content: The	
   detailed	
   architectural	
   analysis	
  including	
   the	
   sensitivity	
   analysis	
  procedure,	
  outlined	
  in	
  chapter	
  3,	
  reveals	
  that	
  primary	
  functionality	
  gen ...
2025-02-20 07:41:50,278 - DSM_MultiModelExp_llm_rag_ollama:llama3.3:70b-8k - INFO - Raw Response: Valid
2025-02-20 07:41:50,279 - DSM_MultiModelExp_llm_rag_ollama:llama3.3:70b-8k - INFO - Validation response: Valid
2025-02-20 07:41:50,280 - DSM_MultiModelExp_llm_rag_ollama:llama3.3:70b-8k - INFO - Filtered validation response: Valid
2025-02-20 07:41:50,280 - DSM_MultiModelExp_llm_rag_ollama:llama3.3:70b-8k - INFO - Component list validated successfully on attempt 1
2025-02-20 07:41:50,281 - DSM_MultiModelExp_llm_rag_ollama:llama3.3:70b-8k - INFO - Components: ['Motor', 'Housing', 'Ring Gear', 'Clip', 'Battery', 'Switch', 'Screwdriver Bit']
2025-02-20 07:41:50,282 - DSM_MultiModelExp_llm_rag_ollama:llama3.3:70b-8k - INFO - --------------------------------------------------
2025-02-20 07:41:50,283 - DSM_MultiModelExp_llm_rag_ollama:llama3.3:70b-8k - INFO - Predicted Components: ['Motor', 'Housing', 'Ring Gear', 'Clip', 'Battery', 'Switch', 'Screwdriver Bit']
2025-02-20 07:41:50,284 - DSM_MultiModelExp_llm_rag_ollama:llama3.3:70b-8k - INFO - Number of components: 7
2025-02-20 07:41:50,285 - DSM_MultiModelExp_llm_rag_ollama:llama3.3:70b-8k - INFO - Predicted components for query: ['Motor', 'Housing', 'Ring Gear', 'Clip', 'Battery', 'Switch', 'Screwdriver Bit']
2025-02-20 07:41:50,286 - DSM_MultiModelExp_llm_rag_ollama:llama3.3:70b-8k - INFO - Query: 
        Please identify system-level proximity relationships (in contact) between the components of Power Screwdriver, as listed below, and represent them in a Design Structure Matrix (DSM) format.  
        The relationships should be articulated in plain English, capturing the essence of their interactions. 
        Here is the list of subsystems/components to analyze: ['Motor', 'Housing', 'Ring Gear', 'Clip', 'Battery', 'Switch', 'Screwdriver Bit'] 
        The DSM should clearly indicate the interactions between these components as 1 exist and 0 does not exist, considering both the presence and nature of these connections.             
        Present the output in a square matrix format (number of rows and columns MUST be the same as the number of components = 7 for this example), with rows and columns labeled accordingly. 
        Diagonal elements should be 1 in DSM matrix since each component interacts with itself. 
        If you don't know the answer, just write 2 for the specific cell that you are unsure of. A worst case scenario of the **as a list of lists** shown below (diagonal elements are 1 and rest are 2). Don't make up an answer.         final response = [
            [1, 2, 2, 2, 2, 2, 2],
            [2, 1, 2, 2, 2, 2, 2],
            [2, 2, 1, 2, 2, 2, 2],
            [2, 2, 2, 1, 2, 2, 2],
            [2, 2, 2, 2, 1, 2, 2],
            [2, 2, 2, 2, 2, 1, 2],
            [2, 2, 2, 2, 2, 2, 1]
        ]

        IMPORTANT: Your response must **ONLY** contain a valid **as a list of lists** in the following example format 7x7 matrix.         
        The below list of lists is just an example format of your response. **Replace** the values with your **actual analysis** while providing your response with parameter of 'final response'.        
        final response = [
            [1, 0, 0, 0, 0, 0, 0],
            [0, 1, 0, 0, 0, 0, 0],
            [0, 0, 1, 0, 0, 0, 0],
            [0, 0, 0, 1, 0, 0, 0],
            [0, 0, 0, 0, 1, 0, 0],
            [0, 0, 0, 0, 0, 1, 0],
            [0, 0, 0, 0, 0, 0, 1]
        ]

        IMPORTANT: THE FORMAT OF THE OUTPUT MUST BE AS LIST OF LISTS ONLY SIMILAR TO THE ONE ABOVE (NO LATEX, CODE, OR OTHER ENCODINGS).
        
2025-02-20 07:42:07,223 - DSM_MultiModelExp_llm_rag_ollama:llama3.3:70b-8k - INFO - Number of documents retrieved: 4
2025-02-20 07:42:07,224 - DSM_MultiModelExp_llm_rag_ollama:llama3.3:70b-8k - INFO - Documents used for this query:
2025-02-20 07:42:07,225 - DSM_MultiModelExp_llm_rag_ollama:llama3.3:70b-8k - INFO - File: ../data/use_cases_large/PowerDrill/reference_pdfs/R1_combined.pdf
2025-02-20 07:42:07,226 - DSM_MultiModelExp_llm_rag_ollama:llama3.3:70b-8k - INFO - Page: 34
2025-02-20 07:42:07,227 - DSM_MultiModelExp_llm_rag_ollama:llama3.3:70b-8k - INFO - Content: power	
  screwdriver	
   158	
  5.9	
   (a)	
  –	
  (c)	
  binary	
  adjacency	
  matrices	
  and	
  spy	
  plots	
  for	
  screwdrivers	
   159	
  5.10	
   Sample	
  distribution	
  for	
  a	
  screw ...
2025-02-20 07:42:07,227 - DSM_MultiModelExp_llm_rag_ollama:llama3.3:70b-8k - INFO - File: ../data/use_cases_large/PowerDrill/reference_pdfs/R1_combined.pdf
2025-02-20 07:42:07,229 - DSM_MultiModelExp_llm_rag_ollama:llama3.3:70b-8k - INFO - Page: 1
2025-02-20 07:42:07,230 - DSM_MultiModelExp_llm_rag_ollama:llama3.3:70b-8k - INFO - Content: A component DSM is used to capture and represent the interactions between elements of a system
(Warﬁeld 1973, Steward 1981, Browning 2001). An element may represent a single component,
an assembly of  ...
2025-02-20 07:42:07,231 - DSM_MultiModelExp_llm_rag_ollama:llama3.3:70b-8k - INFO - File: ../data/use_cases_large/PowerDrill/reference_pdfs/R1_combined.pdf
2025-02-20 07:42:07,233 - DSM_MultiModelExp_llm_rag_ollama:llama3.3:70b-8k - INFO - Page: 181
2025-02-20 07:42:07,233 - DSM_MultiModelExp_llm_rag_ollama:llama3.3:70b-8k - INFO - Content: Fig.	
  5.8:	
  Components	
  of	
  the	
  Black	
  &	
  Decker	
  alkaline	
  screwdriver	
  [Tilstra,	
  2010].	
  	
   The	
   developed	
   Product	
   Design	
   Structure	
   Matrices	
   (DSM)	 ...
2025-02-20 07:42:07,234 - DSM_MultiModelExp_llm_rag_ollama:llama3.3:70b-8k - INFO - File: ../data/use_cases_large/PowerDrill/reference_pdfs/R1_combined.pdf
2025-02-20 07:42:07,235 - DSM_MultiModelExp_llm_rag_ollama:llama3.3:70b-8k - INFO - Page: 13
2025-02-20 07:42:07,236 - DSM_MultiModelExp_llm_rag_ollama:llama3.3:70b-8k - INFO - Content: mine which interactions truly exist in the product. Examination of the product would conﬁrm that
the ‘Clip (2)’ element connects the ‘ring gear, Housing (9)’ element to the ‘Housing (21)’ element
and  ...
2025-02-20 07:42:07,237 - DSM_MultiModelExp_llm_rag_ollama:llama3.3:70b-8k - INFO - Raw Response: final response = [
            [1, 1, 1, 1, 1, 1, 1],
            [1, 1, 1, 1, 0, 1, 0],
            [1, 1, 1, 1, 0, 0, 0],
            [1, 1, 1, 1, 0, 0, 0],
            [1, 0, 0, 0, 1, 1, 0],
            [1, 1, 0, 0, 1, 1, 1],
            [1, 0, 0, 0, 0, 1, 1]
        ]
2025-02-20 07:42:07,238 - DSM_MultiModelExp_llm_rag_ollama:llama3.3:70b-8k - INFO - Response: final response = [
            [1, 1, 1, 1, 1, 1, 1],
            [1, 1, 1, 1, 0, 1, 0],
            [1, 1, 1, 1, 0, 0, 0],
            [1, 1, 1, 1, 0, 0, 0],
            [1, 0, 0, 0, 1, 1, 0],
            [1, 1, 0, 0, 1, 1, 1],
            [1, 0, 0, 0, 0, 1, 1]
        ]
2025-02-20 07:42:07,239 - DSM_MultiModelExp_llm_rag_ollama:llama3.3:70b-8k - INFO - Matrix: [[1, 1, 1, 1, 1, 1, 1], [1, 1, 1, 1, 0, 1, 0], [1, 1, 1, 1, 0, 0, 0], [1, 1, 1, 1, 0, 0, 0], [1, 0, 0, 0, 1, 1, 0], [1, 1, 0, 0, 1, 1, 1], [1, 0, 0, 0, 0, 1, 1]]
2025-02-20 07:42:07,240 - DSM_MultiModelExp_llm_rag_ollama:llama3.3:70b-8k - INFO - Final Matrix:
[[1, 1, 1, 1, 1, 1, 1], [1, 1, 1, 1, 0, 1, 0], [1, 1, 1, 1, 0, 0, 0], [1, 1, 1, 1, 0, 0, 0], [1, 0, 0, 0, 1, 1, 0], [1, 1, 0, 0, 1, 1, 1], [1, 0, 0, 0, 0, 1, 1]]
2025-02-20 07:42:07,241 - DSM_MultiModelExp_llm_rag_ollama:llama3.3:70b-8k - INFO - --------------------------------------------------
2025-02-20 07:42:07,242 - DSM_MultiModelExp_llm_rag_ollama:llama3.3:70b-8k - INFO - Matrix from response.
2025-02-20 07:42:07,243 - DSM_MultiModelExp_llm_rag_ollama:llama3.3:70b-8k - INFO - At run 1/5
2025-02-20 07:42:07,244 - DSM_MultiModelExp_llm_rag_ollama:llama3.3:70b-8k - INFO - Matrix: [[1, 1, 1, 1, 1, 1, 1], [1, 1, 1, 1, 0, 1, 0], [1, 1, 1, 1, 0, 0, 0], [1, 1, 1, 1, 0, 0, 0], [1, 0, 0, 0, 1, 1, 0], [1, 1, 0, 0, 1, 1, 1], [1, 0, 0, 0, 0, 1, 1]]
2025-02-20 07:42:07,245 - DSM_MultiModelExp_llm_rag_ollama:llama3.3:70b-8k - INFO - --------------------------------------------------
2025-02-20 07:42:17,256 - DSM_MultiModelExp_llm_rag_ollama:llama3.3:70b-8k - INFO - Run 2/5
2025-02-20 07:42:17,292 - DSM_MultiModelExp_llm_rag_ollama:llama3.3:70b-8k - INFO - DEBUG: Initializing RAGInference.
2025-02-20 07:42:17,293 - DSM_MultiModelExp_llm_rag_ollama:llama3.3:70b-8k - INFO - Using R-type: ['R1', 'R2', 'R3']
2025-02-20 07:42:17,294 - DSM_MultiModelExp_llm_rag_ollama:llama3.3:70b-8k - INFO - Using embedding model: text-embedding-3-small
2025-02-20 07:42:17,331 - DSM_MultiModelExp_llm_rag_ollama:llama3.3:70b-8k - INFO - VectorStoreManager initialized
2025-02-20 07:42:17,332 - DSM_MultiModelExp_llm_rag_ollama:llama3.3:70b-8k - INFO - Set database path to: xLM_DSM/data/vectorstore/PowerDrill/llm_rag/text-embedding-3-small
2025-02-20 07:42:17,340 - DSM_MultiModelExp_llm_rag_ollama:llama3.3:70b-8k - INFO - Collection count: 2855
2025-02-20 07:42:17,344 - DSM_MultiModelExp_llm_rag_ollama:llama3.3:70b-8k - INFO - Initialized RAG inference for system: power screwdriver
2025-02-20 07:42:17,360 - DSM_MultiModelExp_llm_rag_ollama:llama3.3:70b-8k - INFO - Initialized DSM for system: power screwdriver
2025-02-20 07:42:17,361 - DSM_MultiModelExp_llm_rag_ollama:llama3.3:70b-8k - INFO - Inference model: ollama:llama3.3:70b-8k
2025-02-20 07:42:17,362 - DSM_MultiModelExp_llm_rag_ollama:llama3.3:70b-8k - INFO - Predicted Components: ['Motor', 'Housing', 'Ring Gear', 'Clip', 'Battery', 'Switch', 'Screwdriver Bit']
2025-02-20 07:42:17,364 - DSM_MultiModelExp_llm_rag_ollama:llama3.3:70b-8k - INFO - Number of components: 7
2025-02-20 07:42:17,364 - DSM_MultiModelExp_llm_rag_ollama:llama3.3:70b-8k - INFO - Predicted components for query: ['Motor', 'Housing', 'Ring Gear', 'Clip', 'Battery', 'Switch', 'Screwdriver Bit']
2025-02-20 07:42:17,365 - DSM_MultiModelExp_llm_rag_ollama:llama3.3:70b-8k - INFO - Query: 
        Please identify system-level proximity relationships (in contact) between the components of Power Screwdriver, as listed below, and represent them in a Design Structure Matrix (DSM) format.  
        The relationships should be articulated in plain English, capturing the essence of their interactions. 
        Here is the list of subsystems/components to analyze: ['Motor', 'Housing', 'Ring Gear', 'Clip', 'Battery', 'Switch', 'Screwdriver Bit'] 
        The DSM should clearly indicate the interactions between these components as 1 exist and 0 does not exist, considering both the presence and nature of these connections.             
        Present the output in a square matrix format (number of rows and columns MUST be the same as the number of components = 7 for this example), with rows and columns labeled accordingly. 
        Diagonal elements should be 1 in DSM matrix since each component interacts with itself. 
        If you don't know the answer, just write 2 for the specific cell that you are unsure of. A worst case scenario of the **as a list of lists** shown below (diagonal elements are 1 and rest are 2). Don't make up an answer.         final response = [
            [1, 2, 2, 2, 2, 2, 2],
            [2, 1, 2, 2, 2, 2, 2],
            [2, 2, 1, 2, 2, 2, 2],
            [2, 2, 2, 1, 2, 2, 2],
            [2, 2, 2, 2, 1, 2, 2],
            [2, 2, 2, 2, 2, 1, 2],
            [2, 2, 2, 2, 2, 2, 1]
        ]

        IMPORTANT: Your response must **ONLY** contain a valid **as a list of lists** in the following example format 7x7 matrix.         
        The below list of lists is just an example format of your response. **Replace** the values with your **actual analysis** while providing your response with parameter of 'final response'.        
        final response = [
            [1, 0, 0, 0, 0, 0, 0],
            [0, 1, 0, 0, 0, 0, 0],
            [0, 0, 1, 0, 0, 0, 0],
            [0, 0, 0, 1, 0, 0, 0],
            [0, 0, 0, 0, 1, 0, 0],
            [0, 0, 0, 0, 0, 1, 0],
            [0, 0, 0, 0, 0, 0, 1]
        ]

        IMPORTANT: THE FORMAT OF THE OUTPUT MUST BE AS LIST OF LISTS ONLY SIMILAR TO THE ONE ABOVE (NO LATEX, CODE, OR OTHER ENCODINGS).
        
2025-02-20 07:42:33,522 - DSM_MultiModelExp_llm_rag_ollama:llama3.3:70b-8k - INFO - Number of documents retrieved: 4
2025-02-20 07:42:33,523 - DSM_MultiModelExp_llm_rag_ollama:llama3.3:70b-8k - INFO - Documents used for this query:
2025-02-20 07:42:33,524 - DSM_MultiModelExp_llm_rag_ollama:llama3.3:70b-8k - INFO - File: ../data/use_cases_large/PowerDrill/reference_pdfs/R1_combined.pdf
2025-02-20 07:42:33,525 - DSM_MultiModelExp_llm_rag_ollama:llama3.3:70b-8k - INFO - Page: 34
2025-02-20 07:42:33,526 - DSM_MultiModelExp_llm_rag_ollama:llama3.3:70b-8k - INFO - Content: power	
  screwdriver	
   158	
  5.9	
   (a)	
  –	
  (c)	
  binary	
  adjacency	
  matrices	
  and	
  spy	
  plots	
  for	
  screwdrivers	
   159	
  5.10	
   Sample	
  distribution	
  for	
  a	
  screw ...
2025-02-20 07:42:33,526 - DSM_MultiModelExp_llm_rag_ollama:llama3.3:70b-8k - INFO - File: ../data/use_cases_large/PowerDrill/reference_pdfs/R1_combined.pdf
2025-02-20 07:42:33,527 - DSM_MultiModelExp_llm_rag_ollama:llama3.3:70b-8k - INFO - Page: 1
2025-02-20 07:42:33,529 - DSM_MultiModelExp_llm_rag_ollama:llama3.3:70b-8k - INFO - Content: A component DSM is used to capture and represent the interactions between elements of a system
(Warﬁeld 1973, Steward 1981, Browning 2001). An element may represent a single component,
an assembly of  ...
2025-02-20 07:42:33,530 - DSM_MultiModelExp_llm_rag_ollama:llama3.3:70b-8k - INFO - File: ../data/use_cases_large/PowerDrill/reference_pdfs/R1_combined.pdf
2025-02-20 07:42:33,531 - DSM_MultiModelExp_llm_rag_ollama:llama3.3:70b-8k - INFO - Page: 181
2025-02-20 07:42:33,531 - DSM_MultiModelExp_llm_rag_ollama:llama3.3:70b-8k - INFO - Content: Fig.	
  5.8:	
  Components	
  of	
  the	
  Black	
  &	
  Decker	
  alkaline	
  screwdriver	
  [Tilstra,	
  2010].	
  	
   The	
   developed	
   Product	
   Design	
   Structure	
   Matrices	
   (DSM)	 ...
2025-02-20 07:42:33,533 - DSM_MultiModelExp_llm_rag_ollama:llama3.3:70b-8k - INFO - File: ../data/use_cases_large/PowerDrill/reference_pdfs/R1_combined.pdf
2025-02-20 07:42:33,533 - DSM_MultiModelExp_llm_rag_ollama:llama3.3:70b-8k - INFO - Page: 13
2025-02-20 07:42:33,534 - DSM_MultiModelExp_llm_rag_ollama:llama3.3:70b-8k - INFO - Content: mine which interactions truly exist in the product. Examination of the product would conﬁrm that
the ‘Clip (2)’ element connects the ‘ring gear, Housing (9)’ element to the ‘Housing (21)’ element
and  ...
2025-02-20 07:42:33,535 - DSM_MultiModelExp_llm_rag_ollama:llama3.3:70b-8k - INFO - Raw Response: final response = [
            [1, 1, 1, 1, 1, 1, 1],
            [1, 1, 1, 1, 0, 1, 0],
            [1, 1, 1, 1, 0, 0, 0],
            [1, 1, 1, 1, 0, 0, 0],
            [1, 0, 0, 0, 1, 1, 0],
            [1, 1, 0, 0, 1, 1, 1],
            [1, 0, 0, 0, 0, 1, 1]
        ]
2025-02-20 07:42:33,536 - DSM_MultiModelExp_llm_rag_ollama:llama3.3:70b-8k - INFO - Response: final response = [
            [1, 1, 1, 1, 1, 1, 1],
            [1, 1, 1, 1, 0, 1, 0],
            [1, 1, 1, 1, 0, 0, 0],
            [1, 1, 1, 1, 0, 0, 0],
            [1, 0, 0, 0, 1, 1, 0],
            [1, 1, 0, 0, 1, 1, 1],
            [1, 0, 0, 0, 0, 1, 1]
        ]
2025-02-20 07:42:33,537 - DSM_MultiModelExp_llm_rag_ollama:llama3.3:70b-8k - INFO - Matrix: [[1, 1, 1, 1, 1, 1, 1], [1, 1, 1, 1, 0, 1, 0], [1, 1, 1, 1, 0, 0, 0], [1, 1, 1, 1, 0, 0, 0], [1, 0, 0, 0, 1, 1, 0], [1, 1, 0, 0, 1, 1, 1], [1, 0, 0, 0, 0, 1, 1]]
2025-02-20 07:42:33,538 - DSM_MultiModelExp_llm_rag_ollama:llama3.3:70b-8k - INFO - Final Matrix:
[[1, 1, 1, 1, 1, 1, 1], [1, 1, 1, 1, 0, 1, 0], [1, 1, 1, 1, 0, 0, 0], [1, 1, 1, 1, 0, 0, 0], [1, 0, 0, 0, 1, 1, 0], [1, 1, 0, 0, 1, 1, 1], [1, 0, 0, 0, 0, 1, 1]]
2025-02-20 07:42:33,539 - DSM_MultiModelExp_llm_rag_ollama:llama3.3:70b-8k - INFO - --------------------------------------------------
2025-02-20 07:42:33,540 - DSM_MultiModelExp_llm_rag_ollama:llama3.3:70b-8k - INFO - Matrix from response.
2025-02-20 07:42:33,541 - DSM_MultiModelExp_llm_rag_ollama:llama3.3:70b-8k - INFO - At run 2/5
2025-02-20 07:42:33,542 - DSM_MultiModelExp_llm_rag_ollama:llama3.3:70b-8k - INFO - Matrix: [[1, 1, 1, 1, 1, 1, 1], [1, 1, 1, 1, 0, 1, 0], [1, 1, 1, 1, 0, 0, 0], [1, 1, 1, 1, 0, 0, 0], [1, 0, 0, 0, 1, 1, 0], [1, 1, 0, 0, 1, 1, 1], [1, 0, 0, 0, 0, 1, 1]]
2025-02-20 07:42:33,543 - DSM_MultiModelExp_llm_rag_ollama:llama3.3:70b-8k - INFO - --------------------------------------------------
2025-02-20 07:42:43,551 - DSM_MultiModelExp_llm_rag_ollama:llama3.3:70b-8k - INFO - Run 3/5
2025-02-20 07:42:43,589 - DSM_MultiModelExp_llm_rag_ollama:llama3.3:70b-8k - INFO - DEBUG: Initializing RAGInference.
2025-02-20 07:42:43,590 - DSM_MultiModelExp_llm_rag_ollama:llama3.3:70b-8k - INFO - Using R-type: ['R1', 'R2', 'R3']
2025-02-20 07:42:43,591 - DSM_MultiModelExp_llm_rag_ollama:llama3.3:70b-8k - INFO - Using embedding model: text-embedding-3-small
2025-02-20 07:42:43,627 - DSM_MultiModelExp_llm_rag_ollama:llama3.3:70b-8k - INFO - VectorStoreManager initialized
2025-02-20 07:42:43,628 - DSM_MultiModelExp_llm_rag_ollama:llama3.3:70b-8k - INFO - Set database path to: xLM_DSM/data/vectorstore/PowerDrill/llm_rag/text-embedding-3-small
2025-02-20 07:42:43,637 - DSM_MultiModelExp_llm_rag_ollama:llama3.3:70b-8k - INFO - Collection count: 2855
2025-02-20 07:42:43,640 - DSM_MultiModelExp_llm_rag_ollama:llama3.3:70b-8k - INFO - Initialized RAG inference for system: power screwdriver
2025-02-20 07:42:43,641 - DSM_MultiModelExp_llm_rag_ollama:llama3.3:70b-8k - INFO - Initialized DSM for system: power screwdriver
2025-02-20 07:42:43,642 - DSM_MultiModelExp_llm_rag_ollama:llama3.3:70b-8k - INFO - Inference model: ollama:llama3.3:70b-8k
2025-02-20 07:42:43,643 - DSM_MultiModelExp_llm_rag_ollama:llama3.3:70b-8k - INFO - Predicted Components: ['Motor', 'Housing', 'Ring Gear', 'Clip', 'Battery', 'Switch', 'Screwdriver Bit']
2025-02-20 07:42:43,644 - DSM_MultiModelExp_llm_rag_ollama:llama3.3:70b-8k - INFO - Number of components: 7
2025-02-20 07:42:43,645 - DSM_MultiModelExp_llm_rag_ollama:llama3.3:70b-8k - INFO - Predicted components for query: ['Motor', 'Housing', 'Ring Gear', 'Clip', 'Battery', 'Switch', 'Screwdriver Bit']
2025-02-20 07:42:43,645 - DSM_MultiModelExp_llm_rag_ollama:llama3.3:70b-8k - INFO - Query: 
        Please identify system-level proximity relationships (in contact) between the components of Power Screwdriver, as listed below, and represent them in a Design Structure Matrix (DSM) format.  
        The relationships should be articulated in plain English, capturing the essence of their interactions. 
        Here is the list of subsystems/components to analyze: ['Motor', 'Housing', 'Ring Gear', 'Clip', 'Battery', 'Switch', 'Screwdriver Bit'] 
        The DSM should clearly indicate the interactions between these components as 1 exist and 0 does not exist, considering both the presence and nature of these connections.             
        Present the output in a square matrix format (number of rows and columns MUST be the same as the number of components = 7 for this example), with rows and columns labeled accordingly. 
        Diagonal elements should be 1 in DSM matrix since each component interacts with itself. 
        If you don't know the answer, just write 2 for the specific cell that you are unsure of. A worst case scenario of the **as a list of lists** shown below (diagonal elements are 1 and rest are 2). Don't make up an answer.         final response = [
            [1, 2, 2, 2, 2, 2, 2],
            [2, 1, 2, 2, 2, 2, 2],
            [2, 2, 1, 2, 2, 2, 2],
            [2, 2, 2, 1, 2, 2, 2],
            [2, 2, 2, 2, 1, 2, 2],
            [2, 2, 2, 2, 2, 1, 2],
            [2, 2, 2, 2, 2, 2, 1]
        ]

        IMPORTANT: Your response must **ONLY** contain a valid **as a list of lists** in the following example format 7x7 matrix.         
        The below list of lists is just an example format of your response. **Replace** the values with your **actual analysis** while providing your response with parameter of 'final response'.        
        final response = [
            [1, 0, 0, 0, 0, 0, 0],
            [0, 1, 0, 0, 0, 0, 0],
            [0, 0, 1, 0, 0, 0, 0],
            [0, 0, 0, 1, 0, 0, 0],
            [0, 0, 0, 0, 1, 0, 0],
            [0, 0, 0, 0, 0, 1, 0],
            [0, 0, 0, 0, 0, 0, 1]
        ]

        IMPORTANT: THE FORMAT OF THE OUTPUT MUST BE AS LIST OF LISTS ONLY SIMILAR TO THE ONE ABOVE (NO LATEX, CODE, OR OTHER ENCODINGS).
        
2025-02-20 07:42:58,368 - DSM_MultiModelExp_llm_rag_ollama:llama3.3:70b-8k - INFO - Number of documents retrieved: 4
2025-02-20 07:42:58,369 - DSM_MultiModelExp_llm_rag_ollama:llama3.3:70b-8k - INFO - Documents used for this query:
2025-02-20 07:42:58,370 - DSM_MultiModelExp_llm_rag_ollama:llama3.3:70b-8k - INFO - File: ../data/use_cases_large/PowerDrill/reference_pdfs/R1_combined.pdf
2025-02-20 07:42:58,370 - DSM_MultiModelExp_llm_rag_ollama:llama3.3:70b-8k - INFO - Page: 34
2025-02-20 07:42:58,371 - DSM_MultiModelExp_llm_rag_ollama:llama3.3:70b-8k - INFO - Content: power	
  screwdriver	
   158	
  5.9	
   (a)	
  –	
  (c)	
  binary	
  adjacency	
  matrices	
  and	
  spy	
  plots	
  for	
  screwdrivers	
   159	
  5.10	
   Sample	
  distribution	
  for	
  a	
  screw ...
2025-02-20 07:42:58,373 - DSM_MultiModelExp_llm_rag_ollama:llama3.3:70b-8k - INFO - File: ../data/use_cases_large/PowerDrill/reference_pdfs/R1_combined.pdf
2025-02-20 07:42:58,374 - DSM_MultiModelExp_llm_rag_ollama:llama3.3:70b-8k - INFO - Page: 1
2025-02-20 07:42:58,374 - DSM_MultiModelExp_llm_rag_ollama:llama3.3:70b-8k - INFO - Content: A component DSM is used to capture and represent the interactions between elements of a system
(Warﬁeld 1973, Steward 1981, Browning 2001). An element may represent a single component,
an assembly of  ...
2025-02-20 07:42:58,376 - DSM_MultiModelExp_llm_rag_ollama:llama3.3:70b-8k - INFO - File: ../data/use_cases_large/PowerDrill/reference_pdfs/R1_combined.pdf
2025-02-20 07:42:58,377 - DSM_MultiModelExp_llm_rag_ollama:llama3.3:70b-8k - INFO - Page: 181
2025-02-20 07:42:58,378 - DSM_MultiModelExp_llm_rag_ollama:llama3.3:70b-8k - INFO - Content: Fig.	
  5.8:	
  Components	
  of	
  the	
  Black	
  &	
  Decker	
  alkaline	
  screwdriver	
  [Tilstra,	
  2010].	
  	
   The	
   developed	
   Product	
   Design	
   Structure	
   Matrices	
   (DSM)	 ...
2025-02-20 07:42:58,379 - DSM_MultiModelExp_llm_rag_ollama:llama3.3:70b-8k - INFO - File: ../data/use_cases_large/PowerDrill/reference_pdfs/R1_combined.pdf
2025-02-20 07:42:58,380 - DSM_MultiModelExp_llm_rag_ollama:llama3.3:70b-8k - INFO - Page: 13
2025-02-20 07:42:58,380 - DSM_MultiModelExp_llm_rag_ollama:llama3.3:70b-8k - INFO - Content: mine which interactions truly exist in the product. Examination of the product would conﬁrm that
the ‘Clip (2)’ element connects the ‘ring gear, Housing (9)’ element to the ‘Housing (21)’ element
and  ...
2025-02-20 07:42:58,381 - DSM_MultiModelExp_llm_rag_ollama:llama3.3:70b-8k - INFO - Raw Response: final response = [
            [1, 1, 1, 1, 1, 1, 1],
            [1, 1, 1, 1, 0, 1, 0],
            [1, 1, 1, 1, 0, 0, 0],
            [1, 1, 1, 1, 0, 0, 0],
            [1, 0, 0, 0, 1, 1, 0],
            [1, 1, 0, 0, 1, 1, 1],
            [1, 0, 0, 0, 0, 1, 1]
        ]
2025-02-20 07:42:58,382 - DSM_MultiModelExp_llm_rag_ollama:llama3.3:70b-8k - INFO - Response: final response = [
            [1, 1, 1, 1, 1, 1, 1],
            [1, 1, 1, 1, 0, 1, 0],
            [1, 1, 1, 1, 0, 0, 0],
            [1, 1, 1, 1, 0, 0, 0],
            [1, 0, 0, 0, 1, 1, 0],
            [1, 1, 0, 0, 1, 1, 1],
            [1, 0, 0, 0, 0, 1, 1]
        ]
2025-02-20 07:42:58,383 - DSM_MultiModelExp_llm_rag_ollama:llama3.3:70b-8k - INFO - Matrix: [[1, 1, 1, 1, 1, 1, 1], [1, 1, 1, 1, 0, 1, 0], [1, 1, 1, 1, 0, 0, 0], [1, 1, 1, 1, 0, 0, 0], [1, 0, 0, 0, 1, 1, 0], [1, 1, 0, 0, 1, 1, 1], [1, 0, 0, 0, 0, 1, 1]]
2025-02-20 07:42:58,384 - DSM_MultiModelExp_llm_rag_ollama:llama3.3:70b-8k - INFO - Final Matrix:
[[1, 1, 1, 1, 1, 1, 1], [1, 1, 1, 1, 0, 1, 0], [1, 1, 1, 1, 0, 0, 0], [1, 1, 1, 1, 0, 0, 0], [1, 0, 0, 0, 1, 1, 0], [1, 1, 0, 0, 1, 1, 1], [1, 0, 0, 0, 0, 1, 1]]
2025-02-20 07:42:58,385 - DSM_MultiModelExp_llm_rag_ollama:llama3.3:70b-8k - INFO - --------------------------------------------------
2025-02-20 07:42:58,386 - DSM_MultiModelExp_llm_rag_ollama:llama3.3:70b-8k - INFO - Matrix from response.
2025-02-20 07:42:58,387 - DSM_MultiModelExp_llm_rag_ollama:llama3.3:70b-8k - INFO - At run 3/5
2025-02-20 07:42:58,388 - DSM_MultiModelExp_llm_rag_ollama:llama3.3:70b-8k - INFO - Matrix: [[1, 1, 1, 1, 1, 1, 1], [1, 1, 1, 1, 0, 1, 0], [1, 1, 1, 1, 0, 0, 0], [1, 1, 1, 1, 0, 0, 0], [1, 0, 0, 0, 1, 1, 0], [1, 1, 0, 0, 1, 1, 1], [1, 0, 0, 0, 0, 1, 1]]
2025-02-20 07:42:58,389 - DSM_MultiModelExp_llm_rag_ollama:llama3.3:70b-8k - INFO - --------------------------------------------------
2025-02-20 07:43:08,400 - DSM_MultiModelExp_llm_rag_ollama:llama3.3:70b-8k - INFO - Run 4/5
2025-02-20 07:43:08,438 - DSM_MultiModelExp_llm_rag_ollama:llama3.3:70b-8k - INFO - DEBUG: Initializing RAGInference.
2025-02-20 07:43:08,439 - DSM_MultiModelExp_llm_rag_ollama:llama3.3:70b-8k - INFO - Using R-type: ['R1', 'R2', 'R3']
2025-02-20 07:43:08,440 - DSM_MultiModelExp_llm_rag_ollama:llama3.3:70b-8k - INFO - Using embedding model: text-embedding-3-small
2025-02-20 07:43:08,475 - DSM_MultiModelExp_llm_rag_ollama:llama3.3:70b-8k - INFO - VectorStoreManager initialized
2025-02-20 07:43:08,476 - DSM_MultiModelExp_llm_rag_ollama:llama3.3:70b-8k - INFO - Set database path to: xLM_DSM/data/vectorstore/PowerDrill/llm_rag/text-embedding-3-small
2025-02-20 07:43:08,484 - DSM_MultiModelExp_llm_rag_ollama:llama3.3:70b-8k - INFO - Collection count: 2855
2025-02-20 07:43:08,487 - DSM_MultiModelExp_llm_rag_ollama:llama3.3:70b-8k - INFO - Initialized RAG inference for system: power screwdriver
2025-02-20 07:43:08,488 - DSM_MultiModelExp_llm_rag_ollama:llama3.3:70b-8k - INFO - Initialized DSM for system: power screwdriver
2025-02-20 07:43:08,489 - DSM_MultiModelExp_llm_rag_ollama:llama3.3:70b-8k - INFO - Inference model: ollama:llama3.3:70b-8k
2025-02-20 07:43:08,490 - DSM_MultiModelExp_llm_rag_ollama:llama3.3:70b-8k - INFO - Predicted Components: ['Motor', 'Housing', 'Ring Gear', 'Clip', 'Battery', 'Switch', 'Screwdriver Bit']
2025-02-20 07:43:08,491 - DSM_MultiModelExp_llm_rag_ollama:llama3.3:70b-8k - INFO - Number of components: 7
2025-02-20 07:43:08,492 - DSM_MultiModelExp_llm_rag_ollama:llama3.3:70b-8k - INFO - Predicted components for query: ['Motor', 'Housing', 'Ring Gear', 'Clip', 'Battery', 'Switch', 'Screwdriver Bit']
2025-02-20 07:43:08,493 - DSM_MultiModelExp_llm_rag_ollama:llama3.3:70b-8k - INFO - Query: 
        Please identify system-level proximity relationships (in contact) between the components of Power Screwdriver, as listed below, and represent them in a Design Structure Matrix (DSM) format.  
        The relationships should be articulated in plain English, capturing the essence of their interactions. 
        Here is the list of subsystems/components to analyze: ['Motor', 'Housing', 'Ring Gear', 'Clip', 'Battery', 'Switch', 'Screwdriver Bit'] 
        The DSM should clearly indicate the interactions between these components as 1 exist and 0 does not exist, considering both the presence and nature of these connections.             
        Present the output in a square matrix format (number of rows and columns MUST be the same as the number of components = 7 for this example), with rows and columns labeled accordingly. 
        Diagonal elements should be 1 in DSM matrix since each component interacts with itself. 
        If you don't know the answer, just write 2 for the specific cell that you are unsure of. A worst case scenario of the **as a list of lists** shown below (diagonal elements are 1 and rest are 2). Don't make up an answer.         final response = [
            [1, 2, 2, 2, 2, 2, 2],
            [2, 1, 2, 2, 2, 2, 2],
            [2, 2, 1, 2, 2, 2, 2],
            [2, 2, 2, 1, 2, 2, 2],
            [2, 2, 2, 2, 1, 2, 2],
            [2, 2, 2, 2, 2, 1, 2],
            [2, 2, 2, 2, 2, 2, 1]
        ]

        IMPORTANT: Your response must **ONLY** contain a valid **as a list of lists** in the following example format 7x7 matrix.         
        The below list of lists is just an example format of your response. **Replace** the values with your **actual analysis** while providing your response with parameter of 'final response'.        
        final response = [
            [1, 0, 0, 0, 0, 0, 0],
            [0, 1, 0, 0, 0, 0, 0],
            [0, 0, 1, 0, 0, 0, 0],
            [0, 0, 0, 1, 0, 0, 0],
            [0, 0, 0, 0, 1, 0, 0],
            [0, 0, 0, 0, 0, 1, 0],
            [0, 0, 0, 0, 0, 0, 1]
        ]

        IMPORTANT: THE FORMAT OF THE OUTPUT MUST BE AS LIST OF LISTS ONLY SIMILAR TO THE ONE ABOVE (NO LATEX, CODE, OR OTHER ENCODINGS).
        
2025-02-20 07:43:23,998 - DSM_MultiModelExp_llm_rag_ollama:llama3.3:70b-8k - INFO - Number of documents retrieved: 4
2025-02-20 07:43:24,000 - DSM_MultiModelExp_llm_rag_ollama:llama3.3:70b-8k - INFO - Documents used for this query:
2025-02-20 07:43:24,000 - DSM_MultiModelExp_llm_rag_ollama:llama3.3:70b-8k - INFO - File: ../data/use_cases_large/PowerDrill/reference_pdfs/R1_combined.pdf
2025-02-20 07:43:24,001 - DSM_MultiModelExp_llm_rag_ollama:llama3.3:70b-8k - INFO - Page: 34
2025-02-20 07:43:24,003 - DSM_MultiModelExp_llm_rag_ollama:llama3.3:70b-8k - INFO - Content: power	
  screwdriver	
   158	
  5.9	
   (a)	
  –	
  (c)	
  binary	
  adjacency	
  matrices	
  and	
  spy	
  plots	
  for	
  screwdrivers	
   159	
  5.10	
   Sample	
  distribution	
  for	
  a	
  screw ...
2025-02-20 07:43:24,004 - DSM_MultiModelExp_llm_rag_ollama:llama3.3:70b-8k - INFO - File: ../data/use_cases_large/PowerDrill/reference_pdfs/R1_combined.pdf
2025-02-20 07:43:24,005 - DSM_MultiModelExp_llm_rag_ollama:llama3.3:70b-8k - INFO - Page: 1
2025-02-20 07:43:24,005 - DSM_MultiModelExp_llm_rag_ollama:llama3.3:70b-8k - INFO - Content: A component DSM is used to capture and represent the interactions between elements of a system
(Warﬁeld 1973, Steward 1981, Browning 2001). An element may represent a single component,
an assembly of  ...
2025-02-20 07:43:24,007 - DSM_MultiModelExp_llm_rag_ollama:llama3.3:70b-8k - INFO - File: ../data/use_cases_large/PowerDrill/reference_pdfs/R1_combined.pdf
2025-02-20 07:43:24,008 - DSM_MultiModelExp_llm_rag_ollama:llama3.3:70b-8k - INFO - Page: 181
2025-02-20 07:43:24,009 - DSM_MultiModelExp_llm_rag_ollama:llama3.3:70b-8k - INFO - Content: Fig.	
  5.8:	
  Components	
  of	
  the	
  Black	
  &	
  Decker	
  alkaline	
  screwdriver	
  [Tilstra,	
  2010].	
  	
   The	
   developed	
   Product	
   Design	
   Structure	
   Matrices	
   (DSM)	 ...
2025-02-20 07:43:24,010 - DSM_MultiModelExp_llm_rag_ollama:llama3.3:70b-8k - INFO - File: ../data/use_cases_large/PowerDrill/reference_pdfs/R1_combined.pdf
2025-02-20 07:43:24,010 - DSM_MultiModelExp_llm_rag_ollama:llama3.3:70b-8k - INFO - Page: 13
2025-02-20 07:43:24,012 - DSM_MultiModelExp_llm_rag_ollama:llama3.3:70b-8k - INFO - Content: mine which interactions truly exist in the product. Examination of the product would conﬁrm that
the ‘Clip (2)’ element connects the ‘ring gear, Housing (9)’ element to the ‘Housing (21)’ element
and  ...
2025-02-20 07:43:24,013 - DSM_MultiModelExp_llm_rag_ollama:llama3.3:70b-8k - INFO - Raw Response: final response = [
            [1, 1, 1, 1, 1, 1, 1],
            [1, 1, 1, 1, 0, 1, 0],
            [1, 1, 1, 1, 0, 0, 0],
            [1, 1, 1, 1, 0, 0, 0],
            [1, 0, 0, 0, 1, 1, 0],
            [1, 1, 0, 0, 1, 1, 1],
            [1, 0, 0, 0, 0, 1, 1]
        ]
2025-02-20 07:43:24,014 - DSM_MultiModelExp_llm_rag_ollama:llama3.3:70b-8k - INFO - Response: final response = [
            [1, 1, 1, 1, 1, 1, 1],
            [1, 1, 1, 1, 0, 1, 0],
            [1, 1, 1, 1, 0, 0, 0],
            [1, 1, 1, 1, 0, 0, 0],
            [1, 0, 0, 0, 1, 1, 0],
            [1, 1, 0, 0, 1, 1, 1],
            [1, 0, 0, 0, 0, 1, 1]
        ]
2025-02-20 07:43:24,015 - DSM_MultiModelExp_llm_rag_ollama:llama3.3:70b-8k - INFO - Matrix: [[1, 1, 1, 1, 1, 1, 1], [1, 1, 1, 1, 0, 1, 0], [1, 1, 1, 1, 0, 0, 0], [1, 1, 1, 1, 0, 0, 0], [1, 0, 0, 0, 1, 1, 0], [1, 1, 0, 0, 1, 1, 1], [1, 0, 0, 0, 0, 1, 1]]
2025-02-20 07:43:24,016 - DSM_MultiModelExp_llm_rag_ollama:llama3.3:70b-8k - INFO - Final Matrix:
[[1, 1, 1, 1, 1, 1, 1], [1, 1, 1, 1, 0, 1, 0], [1, 1, 1, 1, 0, 0, 0], [1, 1, 1, 1, 0, 0, 0], [1, 0, 0, 0, 1, 1, 0], [1, 1, 0, 0, 1, 1, 1], [1, 0, 0, 0, 0, 1, 1]]
2025-02-20 07:43:24,017 - DSM_MultiModelExp_llm_rag_ollama:llama3.3:70b-8k - INFO - --------------------------------------------------
2025-02-20 07:43:24,017 - DSM_MultiModelExp_llm_rag_ollama:llama3.3:70b-8k - INFO - Matrix from response.
2025-02-20 07:43:24,018 - DSM_MultiModelExp_llm_rag_ollama:llama3.3:70b-8k - INFO - At run 4/5
2025-02-20 07:43:24,019 - DSM_MultiModelExp_llm_rag_ollama:llama3.3:70b-8k - INFO - Matrix: [[1, 1, 1, 1, 1, 1, 1], [1, 1, 1, 1, 0, 1, 0], [1, 1, 1, 1, 0, 0, 0], [1, 1, 1, 1, 0, 0, 0], [1, 0, 0, 0, 1, 1, 0], [1, 1, 0, 0, 1, 1, 1], [1, 0, 0, 0, 0, 1, 1]]
2025-02-20 07:43:24,020 - DSM_MultiModelExp_llm_rag_ollama:llama3.3:70b-8k - INFO - --------------------------------------------------
2025-02-20 07:43:34,031 - DSM_MultiModelExp_llm_rag_ollama:llama3.3:70b-8k - INFO - Run 5/5
2025-02-20 07:43:34,068 - DSM_MultiModelExp_llm_rag_ollama:llama3.3:70b-8k - INFO - DEBUG: Initializing RAGInference.
2025-02-20 07:43:34,068 - DSM_MultiModelExp_llm_rag_ollama:llama3.3:70b-8k - INFO - Using R-type: ['R1', 'R2', 'R3']
2025-02-20 07:43:34,069 - DSM_MultiModelExp_llm_rag_ollama:llama3.3:70b-8k - INFO - Using embedding model: text-embedding-3-small
2025-02-20 07:43:34,094 - DSM_MultiModelExp_llm_rag_ollama:llama3.3:70b-8k - INFO - VectorStoreManager initialized
2025-02-20 07:43:34,095 - DSM_MultiModelExp_llm_rag_ollama:llama3.3:70b-8k - INFO - Set database path to: xLM_DSM/data/vectorstore/PowerDrill/llm_rag/text-embedding-3-small
2025-02-20 07:43:34,101 - DSM_MultiModelExp_llm_rag_ollama:llama3.3:70b-8k - INFO - Collection count: 2855
2025-02-20 07:43:34,103 - DSM_MultiModelExp_llm_rag_ollama:llama3.3:70b-8k - INFO - Initialized RAG inference for system: power screwdriver
2025-02-20 07:43:34,104 - DSM_MultiModelExp_llm_rag_ollama:llama3.3:70b-8k - INFO - Initialized DSM for system: power screwdriver
2025-02-20 07:43:34,104 - DSM_MultiModelExp_llm_rag_ollama:llama3.3:70b-8k - INFO - Inference model: ollama:llama3.3:70b-8k
2025-02-20 07:43:34,105 - DSM_MultiModelExp_llm_rag_ollama:llama3.3:70b-8k - INFO - Predicted Components: ['Motor', 'Housing', 'Ring Gear', 'Clip', 'Battery', 'Switch', 'Screwdriver Bit']
2025-02-20 07:43:34,106 - DSM_MultiModelExp_llm_rag_ollama:llama3.3:70b-8k - INFO - Number of components: 7
2025-02-20 07:43:34,107 - DSM_MultiModelExp_llm_rag_ollama:llama3.3:70b-8k - INFO - Predicted components for query: ['Motor', 'Housing', 'Ring Gear', 'Clip', 'Battery', 'Switch', 'Screwdriver Bit']
2025-02-20 07:43:34,108 - DSM_MultiModelExp_llm_rag_ollama:llama3.3:70b-8k - INFO - Query: 
        Please identify system-level proximity relationships (in contact) between the components of Power Screwdriver, as listed below, and represent them in a Design Structure Matrix (DSM) format.  
        The relationships should be articulated in plain English, capturing the essence of their interactions. 
        Here is the list of subsystems/components to analyze: ['Motor', 'Housing', 'Ring Gear', 'Clip', 'Battery', 'Switch', 'Screwdriver Bit'] 
        The DSM should clearly indicate the interactions between these components as 1 exist and 0 does not exist, considering both the presence and nature of these connections.             
        Present the output in a square matrix format (number of rows and columns MUST be the same as the number of components = 7 for this example), with rows and columns labeled accordingly. 
        Diagonal elements should be 1 in DSM matrix since each component interacts with itself. 
        If you don't know the answer, just write 2 for the specific cell that you are unsure of. A worst case scenario of the **as a list of lists** shown below (diagonal elements are 1 and rest are 2). Don't make up an answer.         final response = [
            [1, 2, 2, 2, 2, 2, 2],
            [2, 1, 2, 2, 2, 2, 2],
            [2, 2, 1, 2, 2, 2, 2],
            [2, 2, 2, 1, 2, 2, 2],
            [2, 2, 2, 2, 1, 2, 2],
            [2, 2, 2, 2, 2, 1, 2],
            [2, 2, 2, 2, 2, 2, 1]
        ]

        IMPORTANT: Your response must **ONLY** contain a valid **as a list of lists** in the following example format 7x7 matrix.         
        The below list of lists is just an example format of your response. **Replace** the values with your **actual analysis** while providing your response with parameter of 'final response'.        
        final response = [
            [1, 0, 0, 0, 0, 0, 0],
            [0, 1, 0, 0, 0, 0, 0],
            [0, 0, 1, 0, 0, 0, 0],
            [0, 0, 0, 1, 0, 0, 0],
            [0, 0, 0, 0, 1, 0, 0],
            [0, 0, 0, 0, 0, 1, 0],
            [0, 0, 0, 0, 0, 0, 1]
        ]

        IMPORTANT: THE FORMAT OF THE OUTPUT MUST BE AS LIST OF LISTS ONLY SIMILAR TO THE ONE ABOVE (NO LATEX, CODE, OR OTHER ENCODINGS).
        
2025-02-20 07:43:49,553 - DSM_MultiModelExp_llm_rag_ollama:llama3.3:70b-8k - INFO - Number of documents retrieved: 4
2025-02-20 07:43:49,554 - DSM_MultiModelExp_llm_rag_ollama:llama3.3:70b-8k - INFO - Documents used for this query:
2025-02-20 07:43:49,555 - DSM_MultiModelExp_llm_rag_ollama:llama3.3:70b-8k - INFO - File: ../data/use_cases_large/PowerDrill/reference_pdfs/R1_combined.pdf
2025-02-20 07:43:49,556 - DSM_MultiModelExp_llm_rag_ollama:llama3.3:70b-8k - INFO - Page: 34
2025-02-20 07:43:49,557 - DSM_MultiModelExp_llm_rag_ollama:llama3.3:70b-8k - INFO - Content: power	
  screwdriver	
   158	
  5.9	
   (a)	
  –	
  (c)	
  binary	
  adjacency	
  matrices	
  and	
  spy	
  plots	
  for	
  screwdrivers	
   159	
  5.10	
   Sample	
  distribution	
  for	
  a	
  screw ...
2025-02-20 07:43:49,558 - DSM_MultiModelExp_llm_rag_ollama:llama3.3:70b-8k - INFO - File: ../data/use_cases_large/PowerDrill/reference_pdfs/R1_combined.pdf
2025-02-20 07:43:49,559 - DSM_MultiModelExp_llm_rag_ollama:llama3.3:70b-8k - INFO - Page: 1
2025-02-20 07:43:49,560 - DSM_MultiModelExp_llm_rag_ollama:llama3.3:70b-8k - INFO - Content: A component DSM is used to capture and represent the interactions between elements of a system
(Warﬁeld 1973, Steward 1981, Browning 2001). An element may represent a single component,
an assembly of  ...
2025-02-20 07:43:49,561 - DSM_MultiModelExp_llm_rag_ollama:llama3.3:70b-8k - INFO - File: ../data/use_cases_large/PowerDrill/reference_pdfs/R1_combined.pdf
2025-02-20 07:43:49,562 - DSM_MultiModelExp_llm_rag_ollama:llama3.3:70b-8k - INFO - Page: 181
2025-02-20 07:43:49,563 - DSM_MultiModelExp_llm_rag_ollama:llama3.3:70b-8k - INFO - Content: Fig.	
  5.8:	
  Components	
  of	
  the	
  Black	
  &	
  Decker	
  alkaline	
  screwdriver	
  [Tilstra,	
  2010].	
  	
   The	
   developed	
   Product	
   Design	
   Structure	
   Matrices	
   (DSM)	 ...
2025-02-20 07:43:49,564 - DSM_MultiModelExp_llm_rag_ollama:llama3.3:70b-8k - INFO - File: ../data/use_cases_large/PowerDrill/reference_pdfs/R1_combined.pdf
2025-02-20 07:43:49,565 - DSM_MultiModelExp_llm_rag_ollama:llama3.3:70b-8k - INFO - Page: 13
2025-02-20 07:43:49,567 - DSM_MultiModelExp_llm_rag_ollama:llama3.3:70b-8k - INFO - Content: mine which interactions truly exist in the product. Examination of the product would conﬁrm that
the ‘Clip (2)’ element connects the ‘ring gear, Housing (9)’ element to the ‘Housing (21)’ element
and  ...
2025-02-20 07:43:49,567 - DSM_MultiModelExp_llm_rag_ollama:llama3.3:70b-8k - INFO - Raw Response: final response = [
            [1, 1, 1, 1, 1, 1, 1],
            [1, 1, 1, 1, 0, 1, 0],
            [1, 1, 1, 1, 0, 0, 0],
            [1, 1, 1, 1, 0, 0, 0],
            [1, 0, 0, 0, 1, 1, 0],
            [1, 1, 0, 0, 1, 1, 1],
            [1, 0, 0, 0, 0, 1, 1]
        ]
2025-02-20 07:43:49,568 - DSM_MultiModelExp_llm_rag_ollama:llama3.3:70b-8k - INFO - Response: final response = [
            [1, 1, 1, 1, 1, 1, 1],
            [1, 1, 1, 1, 0, 1, 0],
            [1, 1, 1, 1, 0, 0, 0],
            [1, 1, 1, 1, 0, 0, 0],
            [1, 0, 0, 0, 1, 1, 0],
            [1, 1, 0, 0, 1, 1, 1],
            [1, 0, 0, 0, 0, 1, 1]
        ]
2025-02-20 07:43:49,570 - DSM_MultiModelExp_llm_rag_ollama:llama3.3:70b-8k - INFO - Matrix: [[1, 1, 1, 1, 1, 1, 1], [1, 1, 1, 1, 0, 1, 0], [1, 1, 1, 1, 0, 0, 0], [1, 1, 1, 1, 0, 0, 0], [1, 0, 0, 0, 1, 1, 0], [1, 1, 0, 0, 1, 1, 1], [1, 0, 0, 0, 0, 1, 1]]
2025-02-20 07:43:49,570 - DSM_MultiModelExp_llm_rag_ollama:llama3.3:70b-8k - INFO - Final Matrix:
[[1, 1, 1, 1, 1, 1, 1], [1, 1, 1, 1, 0, 1, 0], [1, 1, 1, 1, 0, 0, 0], [1, 1, 1, 1, 0, 0, 0], [1, 0, 0, 0, 1, 1, 0], [1, 1, 0, 0, 1, 1, 1], [1, 0, 0, 0, 0, 1, 1]]
2025-02-20 07:43:49,571 - DSM_MultiModelExp_llm_rag_ollama:llama3.3:70b-8k - INFO - --------------------------------------------------
2025-02-20 07:43:49,572 - DSM_MultiModelExp_llm_rag_ollama:llama3.3:70b-8k - INFO - Matrix from response.
2025-02-20 07:43:49,573 - DSM_MultiModelExp_llm_rag_ollama:llama3.3:70b-8k - INFO - At run 5/5
2025-02-20 07:43:49,574 - DSM_MultiModelExp_llm_rag_ollama:llama3.3:70b-8k - INFO - Matrix: [[1, 1, 1, 1, 1, 1, 1], [1, 1, 1, 1, 0, 1, 0], [1, 1, 1, 1, 0, 0, 0], [1, 1, 1, 1, 0, 0, 0], [1, 0, 0, 0, 1, 1, 0], [1, 1, 0, 0, 1, 1, 1], [1, 0, 0, 0, 0, 1, 1]]
2025-02-20 07:43:49,575 - DSM_MultiModelExp_llm_rag_ollama:llama3.3:70b-8k - INFO - --------------------------------------------------
2025-02-20 07:43:59,586 - DSM_MultiModelExp_llm_rag_ollama:llama3.3:70b-8k - INFO - Duration of reference combination {'R1': [{'path': '../data/use_cases_large/PowerDrill/reference_pdfs/R1_combined.pdf'}], 'R2': [{'path': '../data/use_cases_large/PowerDrill/reference_pdfs/[2012 Eppinger] R2-Design structure matrix methods and applications.pdf'}], 'R3': [{'path': '../data/use_cases_large/PowerDrill/reference_pdfs/R3_combined.pdf'}]}: 0:02:17.104032
2025-02-20 07:43:59,588 - DSM_MultiModelExp_llm_rag_ollama:llama3.3:70b-8k - INFO - ++++++++++++++++++++++++++++++++++++++++++++++++++++++++++++++++++++++++++++++++++++++++++++++++++++
2025-02-20 07:43:59,589 - DSM_MultiModelExp_llm_rag_ollama:llama3.3:70b-8k - INFO - 
==================================================
2025-02-20 07:43:59,590 - DSM_MultiModelExp_llm_rag_ollama:llama3.3:70b-8k - INFO - Average DSM Matrix for model: ollama:llama3.3:70b-8k
2025-02-20 07:43:59,591 - DSM_MultiModelExp_llm_rag_ollama:llama3.3:70b-8k - INFO - End of log reference type(s): ['R1']
2025-02-20 07:43:59,593 - DSM_MultiModelExp_llm_rag_ollama:llama3.3:70b-8k - INFO - Saving results to: ../output/experiment_llm_rag_ollama:llama3.3:70b-8k_20250220-072817/llm_rag_refs_R1
2025-02-20 07:43:59,596 - DSM_MultiModelExp_llm_rag_ollama:llama3.3:70b-8k - INFO - 
Average Matrix:
                 Motor  Housing  Ring Gear  Clip  Battery  Switch  Screwdriver Bit
Motor                1        1          1     1        1       1                1
Housing              1        1          1     1        0       1                0
Ring Gear            1        1          1     1        0       0                0
Clip                 1        1          1     1        0       0                0
Battery              1        0          0     0        1       1                0
Switch               1        1          0     0        1       1                1
Screwdriver Bit      1        0          0     0        0       1                1
2025-02-20 07:43:59,597 - DSM_MultiModelExp_llm_rag_ollama:llama3.3:70b-8k - INFO - 
Components: ['Motor', 'Housing', 'Ring Gear', 'Clip', 'Battery', 'Switch', 'Screwdriver Bit']
2025-02-20 07:43:59,599 - DSM_MultiModelExp_llm_rag_ollama:llama3.3:70b-8k - INFO - ==================================================

2025-02-20 07:43:59,601 - DSM_MultiModelExp_llm_rag_ollama:llama3.3:70b-8k - INFO - Saved CSV to: ../output/experiment_llm_rag_ollama:llama3.3:70b-8k_20250220-072817/llm_rag_refs_R1/average_matrix_20250220-072817.csv
2025-02-20 07:43:59,603 - DSM_MultiModelExp_llm_rag_ollama:llama3.3:70b-8k - INFO - Saved JSON to: ../output/experiment_llm_rag_ollama:llama3.3:70b-8k_20250220-072817/llm_rag_refs_R1/detailed_results_20250220-072817.json
2025-02-20 07:43:59,883 - DSM_MultiModelExp_llm_rag_ollama:llama3.3:70b-8k - INFO - Saved visualization to: ../output/experiment_llm_rag_ollama:llama3.3:70b-8k_20250220-072817/llm_rag_refs_R1/average_matrix_20250220-072817.png
2025-02-20 07:43:59,884 - DSM_MultiModelExp_llm_rag_ollama:llama3.3:70b-8k - INFO - 
==================================================
2025-02-20 07:43:59,885 - DSM_MultiModelExp_llm_rag_ollama:llama3.3:70b-8k - INFO - Average DSM Matrix for model: ollama:llama3.3:70b-8k
2025-02-20 07:43:59,886 - DSM_MultiModelExp_llm_rag_ollama:llama3.3:70b-8k - INFO - End of log reference type(s): ['R2']
2025-02-20 07:43:59,887 - DSM_MultiModelExp_llm_rag_ollama:llama3.3:70b-8k - INFO - Saving results to: ../output/experiment_llm_rag_ollama:llama3.3:70b-8k_20250220-072817/llm_rag_refs_R2
2025-02-20 07:43:59,889 - DSM_MultiModelExp_llm_rag_ollama:llama3.3:70b-8k - INFO - 
Average Matrix:
                 Motor  Housing  Ring Gear  Clip  Battery  Switch  Screwdriver Bit
Motor                1        1          0     0        1       1                1
Housing              1        1          1     0        0       1                0
Ring Gear            0        1          1     0        0       0                0
Clip                 0        0          0     1        0       0                0
Battery              1        0          0     0        1       1                0
Switch               1        1          0     0        1       1                1
Screwdriver Bit      1        0          0     0        0       1                1
2025-02-20 07:43:59,890 - DSM_MultiModelExp_llm_rag_ollama:llama3.3:70b-8k - INFO - 
Components: ['Motor', 'Housing', 'Ring Gear', 'Clip', 'Battery', 'Switch', 'Screwdriver Bit']
2025-02-20 07:43:59,891 - DSM_MultiModelExp_llm_rag_ollama:llama3.3:70b-8k - INFO - ==================================================

2025-02-20 07:43:59,893 - DSM_MultiModelExp_llm_rag_ollama:llama3.3:70b-8k - INFO - Saved CSV to: ../output/experiment_llm_rag_ollama:llama3.3:70b-8k_20250220-072817/llm_rag_refs_R2/average_matrix_20250220-072817.csv
2025-02-20 07:43:59,894 - DSM_MultiModelExp_llm_rag_ollama:llama3.3:70b-8k - INFO - Saved JSON to: ../output/experiment_llm_rag_ollama:llama3.3:70b-8k_20250220-072817/llm_rag_refs_R2/detailed_results_20250220-072817.json
2025-02-20 07:44:00,127 - DSM_MultiModelExp_llm_rag_ollama:llama3.3:70b-8k - INFO - Saved visualization to: ../output/experiment_llm_rag_ollama:llama3.3:70b-8k_20250220-072817/llm_rag_refs_R2/average_matrix_20250220-072817.png
2025-02-20 07:44:00,128 - DSM_MultiModelExp_llm_rag_ollama:llama3.3:70b-8k - INFO - 
==================================================
2025-02-20 07:44:00,128 - DSM_MultiModelExp_llm_rag_ollama:llama3.3:70b-8k - INFO - Average DSM Matrix for model: ollama:llama3.3:70b-8k
2025-02-20 07:44:00,129 - DSM_MultiModelExp_llm_rag_ollama:llama3.3:70b-8k - INFO - End of log reference type(s): ['R3']
2025-02-20 07:44:00,130 - DSM_MultiModelExp_llm_rag_ollama:llama3.3:70b-8k - INFO - Saving results to: ../output/experiment_llm_rag_ollama:llama3.3:70b-8k_20250220-072817/llm_rag_refs_R3
2025-02-20 07:44:00,132 - DSM_MultiModelExp_llm_rag_ollama:llama3.3:70b-8k - INFO - 
Average Matrix:
         Motor  Battery  Gearbox  Trigger  Chuck  Handle  Switch
Motor        1        1        1        1      1       1       1
Battery      1        1        1        1      1       1       1
Gearbox      1        1        1        1      1       1       1
Trigger      1        1        1        1      1       1       1
Chuck        1        1        1        1      1       1       1
Handle       1        1        1        1      1       1       1
Switch       1        1        1        1      1       1       1
2025-02-20 07:44:00,133 - DSM_MultiModelExp_llm_rag_ollama:llama3.3:70b-8k - INFO - 
Components: ['Motor', 'Battery', 'Gearbox', 'Trigger', 'Chuck', 'Handle', 'Switch']
2025-02-20 07:44:00,134 - DSM_MultiModelExp_llm_rag_ollama:llama3.3:70b-8k - INFO - ==================================================

2025-02-20 07:44:00,136 - DSM_MultiModelExp_llm_rag_ollama:llama3.3:70b-8k - INFO - Saved CSV to: ../output/experiment_llm_rag_ollama:llama3.3:70b-8k_20250220-072817/llm_rag_refs_R3/average_matrix_20250220-072817.csv
2025-02-20 07:44:00,137 - DSM_MultiModelExp_llm_rag_ollama:llama3.3:70b-8k - INFO - Saved JSON to: ../output/experiment_llm_rag_ollama:llama3.3:70b-8k_20250220-072817/llm_rag_refs_R3/detailed_results_20250220-072817.json
2025-02-20 07:44:00,382 - DSM_MultiModelExp_llm_rag_ollama:llama3.3:70b-8k - INFO - Saved visualization to: ../output/experiment_llm_rag_ollama:llama3.3:70b-8k_20250220-072817/llm_rag_refs_R3/average_matrix_20250220-072817.png
2025-02-20 07:44:00,383 - DSM_MultiModelExp_llm_rag_ollama:llama3.3:70b-8k - INFO - 
==================================================
2025-02-20 07:44:00,384 - DSM_MultiModelExp_llm_rag_ollama:llama3.3:70b-8k - INFO - Average DSM Matrix for model: ollama:llama3.3:70b-8k
2025-02-20 07:44:00,385 - DSM_MultiModelExp_llm_rag_ollama:llama3.3:70b-8k - INFO - End of log reference type(s): ['R1', 'R2']
2025-02-20 07:44:00,386 - DSM_MultiModelExp_llm_rag_ollama:llama3.3:70b-8k - INFO - Saving results to: ../output/experiment_llm_rag_ollama:llama3.3:70b-8k_20250220-072817/llm_rag_refs_R1_R2
2025-02-20 07:44:00,388 - DSM_MultiModelExp_llm_rag_ollama:llama3.3:70b-8k - INFO - 
Average Matrix:
                 Motor  Housing  Ring Gear  Clip  Battery  Switch  Screwdriver Bit
Motor                1        1          1     1        1       1                1
Housing              1        1          1     1        0       1                0
Ring Gear            1        1          1     1        0       0                0
Clip                 1        1          1     1        0       0                0
Battery              1        0          0     0        1       1                0
Switch               1        1          0     0        1       1                1
Screwdriver Bit      1        0          0     0        0       1                1
2025-02-20 07:44:00,389 - DSM_MultiModelExp_llm_rag_ollama:llama3.3:70b-8k - INFO - 
Components: ['Motor', 'Housing', 'Ring Gear', 'Clip', 'Battery', 'Switch', 'Screwdriver Bit']
2025-02-20 07:44:00,390 - DSM_MultiModelExp_llm_rag_ollama:llama3.3:70b-8k - INFO - ==================================================

2025-02-20 07:44:00,392 - DSM_MultiModelExp_llm_rag_ollama:llama3.3:70b-8k - INFO - Saved CSV to: ../output/experiment_llm_rag_ollama:llama3.3:70b-8k_20250220-072817/llm_rag_refs_R1_R2/average_matrix_20250220-072817.csv
2025-02-20 07:44:00,393 - DSM_MultiModelExp_llm_rag_ollama:llama3.3:70b-8k - INFO - Saved JSON to: ../output/experiment_llm_rag_ollama:llama3.3:70b-8k_20250220-072817/llm_rag_refs_R1_R2/detailed_results_20250220-072817.json
2025-02-20 07:44:00,894 - DSM_MultiModelExp_llm_rag_ollama:llama3.3:70b-8k - INFO - Saved visualization to: ../output/experiment_llm_rag_ollama:llama3.3:70b-8k_20250220-072817/llm_rag_refs_R1_R2/average_matrix_20250220-072817.png
2025-02-20 07:44:00,895 - DSM_MultiModelExp_llm_rag_ollama:llama3.3:70b-8k - INFO - 
==================================================
2025-02-20 07:44:00,895 - DSM_MultiModelExp_llm_rag_ollama:llama3.3:70b-8k - INFO - Average DSM Matrix for model: ollama:llama3.3:70b-8k
2025-02-20 07:44:00,896 - DSM_MultiModelExp_llm_rag_ollama:llama3.3:70b-8k - INFO - End of log reference type(s): ['R1', 'R3']
2025-02-20 07:44:00,897 - DSM_MultiModelExp_llm_rag_ollama:llama3.3:70b-8k - INFO - Saving results to: ../output/experiment_llm_rag_ollama:llama3.3:70b-8k_20250220-072817/llm_rag_refs_R1_R3
2025-02-20 07:44:00,899 - DSM_MultiModelExp_llm_rag_ollama:llama3.3:70b-8k - INFO - 
Average Matrix:
                 Motor  Housing  Ring Gear  Clip  Battery  Switch  Screwdriver Bit
Motor                1        1          1     1        1       1                1
Housing              1        1          1     1        0       1                0
Ring Gear            1        1          1     1        0       0                0
Clip                 1        1          1     1        0       0                0
Battery              1        0          0     0        1       1                0
Switch               1        1          0     0        1       1                1
Screwdriver Bit      1        0          0     0        0       1                1
2025-02-20 07:44:00,901 - DSM_MultiModelExp_llm_rag_ollama:llama3.3:70b-8k - INFO - 
Components: ['Motor', 'Housing', 'Ring Gear', 'Clip', 'Battery', 'Switch', 'Screwdriver Bit']
2025-02-20 07:44:00,901 - DSM_MultiModelExp_llm_rag_ollama:llama3.3:70b-8k - INFO - ==================================================

2025-02-20 07:44:00,903 - DSM_MultiModelExp_llm_rag_ollama:llama3.3:70b-8k - INFO - Saved CSV to: ../output/experiment_llm_rag_ollama:llama3.3:70b-8k_20250220-072817/llm_rag_refs_R1_R3/average_matrix_20250220-072817.csv
2025-02-20 07:44:00,905 - DSM_MultiModelExp_llm_rag_ollama:llama3.3:70b-8k - INFO - Saved JSON to: ../output/experiment_llm_rag_ollama:llama3.3:70b-8k_20250220-072817/llm_rag_refs_R1_R3/detailed_results_20250220-072817.json
2025-02-20 07:44:01,137 - DSM_MultiModelExp_llm_rag_ollama:llama3.3:70b-8k - INFO - Saved visualization to: ../output/experiment_llm_rag_ollama:llama3.3:70b-8k_20250220-072817/llm_rag_refs_R1_R3/average_matrix_20250220-072817.png
2025-02-20 07:44:01,138 - DSM_MultiModelExp_llm_rag_ollama:llama3.3:70b-8k - INFO - 
==================================================
2025-02-20 07:44:01,139 - DSM_MultiModelExp_llm_rag_ollama:llama3.3:70b-8k - INFO - Average DSM Matrix for model: ollama:llama3.3:70b-8k
2025-02-20 07:44:01,140 - DSM_MultiModelExp_llm_rag_ollama:llama3.3:70b-8k - INFO - End of log reference type(s): ['R2', 'R3']
2025-02-20 07:44:01,141 - DSM_MultiModelExp_llm_rag_ollama:llama3.3:70b-8k - INFO - Saving results to: ../output/experiment_llm_rag_ollama:llama3.3:70b-8k_20250220-072817/llm_rag_refs_R2_R3
2025-02-20 07:44:01,143 - DSM_MultiModelExp_llm_rag_ollama:llama3.3:70b-8k - INFO - 
Average Matrix:
                 Motor  Housing  Ring Gear  Clip  Battery  Switch  Screwdriver Bit
Motor                1        1          0     0        1       1                1
Housing              1        1          1     0        0       1                0
Ring Gear            0        1          1     0        0       0                0
Clip                 0        0          0     1        0       0                0
Battery              1        0          0     0        1       1                0
Switch               1        1          0     0        1       1                1
Screwdriver Bit      1        0          0     0        0       1                1
2025-02-20 07:44:01,144 - DSM_MultiModelExp_llm_rag_ollama:llama3.3:70b-8k - INFO - 
Components: ['Motor', 'Housing', 'Ring Gear', 'Clip', 'Battery', 'Switch', 'Screwdriver Bit']
2025-02-20 07:44:01,144 - DSM_MultiModelExp_llm_rag_ollama:llama3.3:70b-8k - INFO - ==================================================

2025-02-20 07:44:01,146 - DSM_MultiModelExp_llm_rag_ollama:llama3.3:70b-8k - INFO - Saved CSV to: ../output/experiment_llm_rag_ollama:llama3.3:70b-8k_20250220-072817/llm_rag_refs_R2_R3/average_matrix_20250220-072817.csv
2025-02-20 07:44:01,148 - DSM_MultiModelExp_llm_rag_ollama:llama3.3:70b-8k - INFO - Saved JSON to: ../output/experiment_llm_rag_ollama:llama3.3:70b-8k_20250220-072817/llm_rag_refs_R2_R3/detailed_results_20250220-072817.json
2025-02-20 07:44:01,383 - DSM_MultiModelExp_llm_rag_ollama:llama3.3:70b-8k - INFO - Saved visualization to: ../output/experiment_llm_rag_ollama:llama3.3:70b-8k_20250220-072817/llm_rag_refs_R2_R3/average_matrix_20250220-072817.png
2025-02-20 07:44:01,384 - DSM_MultiModelExp_llm_rag_ollama:llama3.3:70b-8k - INFO - 
==================================================
2025-02-20 07:44:01,384 - DSM_MultiModelExp_llm_rag_ollama:llama3.3:70b-8k - INFO - Average DSM Matrix for model: ollama:llama3.3:70b-8k
2025-02-20 07:44:01,385 - DSM_MultiModelExp_llm_rag_ollama:llama3.3:70b-8k - INFO - End of log reference type(s): ['R1', 'R2', 'R3']
2025-02-20 07:44:01,386 - DSM_MultiModelExp_llm_rag_ollama:llama3.3:70b-8k - INFO - Saving results to: ../output/experiment_llm_rag_ollama:llama3.3:70b-8k_20250220-072817/llm_rag_refs_R1_R2_R3
2025-02-20 07:44:01,388 - DSM_MultiModelExp_llm_rag_ollama:llama3.3:70b-8k - INFO - 
Average Matrix:
                 Motor  Housing  Ring Gear  Clip  Battery  Switch  Screwdriver Bit
Motor                1        1          1     1        1       1                1
Housing              1        1          1     1        0       1                0
Ring Gear            1        1          1     1        0       0                0
Clip                 1        1          1     1        0       0                0
Battery              1        0          0     0        1       1                0
Switch               1        1          0     0        1       1                1
Screwdriver Bit      1        0          0     0        0       1                1
2025-02-20 07:44:01,388 - DSM_MultiModelExp_llm_rag_ollama:llama3.3:70b-8k - INFO - 
Components: ['Motor', 'Housing', 'Ring Gear', 'Clip', 'Battery', 'Switch', 'Screwdriver Bit']
2025-02-20 07:44:01,389 - DSM_MultiModelExp_llm_rag_ollama:llama3.3:70b-8k - INFO - ==================================================

2025-02-20 07:44:01,392 - DSM_MultiModelExp_llm_rag_ollama:llama3.3:70b-8k - INFO - Saved CSV to: ../output/experiment_llm_rag_ollama:llama3.3:70b-8k_20250220-072817/llm_rag_refs_R1_R2_R3/average_matrix_20250220-072817.csv
2025-02-20 07:44:01,393 - DSM_MultiModelExp_llm_rag_ollama:llama3.3:70b-8k - INFO - Saved JSON to: ../output/experiment_llm_rag_ollama:llama3.3:70b-8k_20250220-072817/llm_rag_refs_R1_R2_R3/detailed_results_20250220-072817.json
2025-02-20 07:44:01,626 - DSM_MultiModelExp_llm_rag_ollama:llama3.3:70b-8k - INFO - Saved visualization to: ../output/experiment_llm_rag_ollama:llama3.3:70b-8k_20250220-072817/llm_rag_refs_R1_R2_R3/average_matrix_20250220-072817.png
2025-02-20 07:44:01,627 - DSM_MultiModelExp_llm_rag_ollama:llama3.3:70b-8k - INFO - Duration of experiment for ollama:llama3.3:70b-8k in llm_rag inference type: 0:15:44
