2025-02-23 15:06:36,515 - DSM_MultiModelExp_llm_rag_ollama:mixtral:8x22b_6k - INFO - Run 1/5
2025-02-23 15:06:36,555 - DSM_MultiModelExp_llm_rag_ollama:mixtral:8x22b_6k - INFO - DEBUG: Initializing RAGInference.
2025-02-23 15:06:36,556 - DSM_MultiModelExp_llm_rag_ollama:mixtral:8x22b_6k - INFO - Using R-type: ['R1']
2025-02-23 15:06:36,556 - DSM_MultiModelExp_llm_rag_ollama:mixtral:8x22b_6k - INFO - Using embedding model: text-embedding-3-small
2025-02-23 15:06:36,592 - DSM_MultiModelExp_llm_rag_ollama:mixtral:8x22b_6k - INFO - VectorStoreManager initialized
2025-02-23 15:06:36,593 - DSM_MultiModelExp_llm_rag_ollama:mixtral:8x22b_6k - INFO - Set database path to: xLM_DSM/data/vectorstore/CubeSat/llm_rag/text-embedding-3-small
2025-02-23 15:06:36,602 - DSM_MultiModelExp_llm_rag_ollama:mixtral:8x22b_6k - INFO - Collection count: 2320
2025-02-23 15:06:36,605 - DSM_MultiModelExp_llm_rag_ollama:mixtral:8x22b_6k - INFO - Initialized RAG inference for system: CubeSat (nanosatellite)
2025-02-23 15:06:36,606 - DSM_MultiModelExp_llm_rag_ollama:mixtral:8x22b_6k - INFO - Initialized DSM for system: CubeSat (nanosatellite)
2025-02-23 15:06:36,607 - DSM_MultiModelExp_llm_rag_ollama:mixtral:8x22b_6k - INFO - Inference model: ollama:mixtral:8x22b_6k
2025-02-23 15:06:36,607 - DSM_MultiModelExp_llm_rag_ollama:mixtral:8x22b_6k - INFO - Prompt (attempt 1/3): 
            Please identify the major components of CubeSat (nanosatellite) in the engineering based on hierarchical whole-part relationships.             
            The number of components must be 6 and must be a list of strings.             
            Please do not identify similar components that will work together under subsystem level since our interest is to identify the major components that form the core architecture of the system.             
            Here is an example of the components for made-up system:             
            final response = [ "component 1", "component 2", "component 3", "component 4", "component 5" ]             
            IMPORTANT: THE FORMAT OF THE OUTPUT MUST BE AS A LIST OF STRINGS ONLY SIMILAR TO THE ONE ABOVE (NO LATEX, NO CODE, NO DESCRIPTION, OR OTHER ENCODINGS).              
2025-02-23 15:07:23,816 - DSM_MultiModelExp_llm_rag_ollama:mixtral:8x22b_6k - INFO - Number of documents retrieved: 4
2025-02-23 15:07:23,817 - DSM_MultiModelExp_llm_rag_ollama:mixtral:8x22b_6k - INFO - Documents used for this query:
2025-02-23 15:07:23,818 - DSM_MultiModelExp_llm_rag_ollama:mixtral:8x22b_6k - INFO - File: ../data/use_cases_large/CubeSat/reference_pdfs/R1_combined.pdf
2025-02-23 15:07:23,819 - DSM_MultiModelExp_llm_rag_ollama:mixtral:8x22b_6k - INFO - Page: 0
2025-02-23 15:07:23,819 - DSM_MultiModelExp_llm_rag_ollama:mixtral:8x22b_6k - INFO - Content: high grade commercial-off-the-shelf (COTS) components for
design, development, has resulted in targeting these class
of satellites for low Earth orbit missions. With the use of
high grade COTS based t ...
2025-02-23 15:07:23,820 - DSM_MultiModelExp_llm_rag_ollama:mixtral:8x22b_6k - INFO - File: ../data/use_cases_large/CubeSat/reference_pdfs/R1_combined.pdf
2025-02-23 15:07:23,822 - DSM_MultiModelExp_llm_rag_ollama:mixtral:8x22b_6k - INFO - Page: 0
2025-02-23 15:07:23,822 - DSM_MultiModelExp_llm_rag_ollama:mixtral:8x22b_6k - INFO - Content: that then facilitate a bottom-up development and fabrication
process. Some of the design tools (e.g., N2 diagram) described
in NASAs Systems Engineering Handbook are utilized early in
the design phase ...
2025-02-23 15:07:23,823 - DSM_MultiModelExp_llm_rag_ollama:mixtral:8x22b_6k - INFO - File: ../data/use_cases_large/CubeSat/reference_pdfs/R1_combined.pdf
2025-02-23 15:07:23,824 - DSM_MultiModelExp_llm_rag_ollama:mixtral:8x22b_6k - INFO - Page: 0
2025-02-23 15:07:23,825 - DSM_MultiModelExp_llm_rag_ollama:mixtral:8x22b_6k - INFO - Content: CubeSat Mission Design Based on a Systems Engineering
Approach
Sharan A. Asundi
Aerospace Science Engineering
Tuskegee University, Tuskegee, AL, 36088
334-727-8768
asundi@mytu.tuskegee.edu
Norman G. F ...
2025-02-23 15:07:23,826 - DSM_MultiModelExp_llm_rag_ollama:mixtral:8x22b_6k - INFO - File: ../data/use_cases_large/CubeSat/reference_pdfs/R1_combined.pdf
2025-02-23 15:07:23,826 - DSM_MultiModelExp_llm_rag_ollama:mixtral:8x22b_6k - INFO - Page: 11
2025-02-23 15:07:23,827 - DSM_MultiModelExp_llm_rag_ollama:mixtral:8x22b_6k - INFO - Content: Many researchers tried to link empirical equations to con-
ceptual design decision. Among them, Chang et al. [ 11], 
performed the conceptual design of a microsatellite using 
empirical laws obtained  ...
2025-02-23 15:07:23,827 - DSM_MultiModelExp_llm_rag_ollama:mixtral:8x22b_6k - INFO - Raw Response:  ["Payload", "Communication System", "Power System", "Attitude Determination and Control System", "On-Board Computer", "Structure"]
2025-02-23 15:07:23,828 - DSM_MultiModelExp_llm_rag_ollama:mixtral:8x22b_6k - INFO - Matrix: ['Payload', 'Communication System', 'Power System', 'Attitude Determination and Control System', 'On-Board Computer', 'Structure']
2025-02-23 15:07:23,829 - DSM_MultiModelExp_llm_rag_ollama:mixtral:8x22b_6k - INFO - Components: ['Payload', 'Communication System', 'Power System', 'Attitude Determination and Control System', 'On-Board Computer', 'Structure']
2025-02-23 15:07:32,881 - DSM_MultiModelExp_llm_rag_ollama:mixtral:8x22b_6k - INFO - Number of documents retrieved: 4
2025-02-23 15:07:32,883 - DSM_MultiModelExp_llm_rag_ollama:mixtral:8x22b_6k - INFO - Documents used for this query:
2025-02-23 15:07:32,883 - DSM_MultiModelExp_llm_rag_ollama:mixtral:8x22b_6k - INFO - File: ../data/use_cases_large/CubeSat/reference_pdfs/R1_combined.pdf
2025-02-23 15:07:32,884 - DSM_MultiModelExp_llm_rag_ollama:mixtral:8x22b_6k - INFO - Page: 15
2025-02-23 15:07:32,885 - DSM_MultiModelExp_llm_rag_ollama:mixtral:8x22b_6k - INFO - Content: ing point. The focus shifts now from system level (CubeSat 
mass, power production, form factor) to subsystem selec -
tions. Prior to going through the refinement part, the user 
is required to fill i ...
2025-02-23 15:07:32,887 - DSM_MultiModelExp_llm_rag_ollama:mixtral:8x22b_6k - INFO - File: ../data/use_cases_large/CubeSat/reference_pdfs/R1_combined.pdf
2025-02-23 15:07:32,888 - DSM_MultiModelExp_llm_rag_ollama:mixtral:8x22b_6k - INFO - Page: 15
2025-02-23 15:07:32,889 - DSM_MultiModelExp_llm_rag_ollama:mixtral:8x22b_6k - INFO - Content: • Propulsion subsystem.
• Electric power subsystem (EPS).
• Structure subsystem.
• OBC subsystem.
• TT &C subsystem.
• Thermal subsystem.
Excluding the payload subsystem, in which the refinement is 
c ...
2025-02-23 15:07:32,890 - DSM_MultiModelExp_llm_rag_ollama:mixtral:8x22b_6k - INFO - File: ../data/use_cases_large/CubeSat/reference_pdfs/R1_combined.pdf
2025-02-23 15:07:32,890 - DSM_MultiModelExp_llm_rag_ollama:mixtral:8x22b_6k - INFO - Page: 9
2025-02-23 15:07:32,892 - DSM_MultiModelExp_llm_rag_ollama:mixtral:8x22b_6k - INFO - Content: design teams can proceed from the conceptual development to the testing and assembly phases quicker, hoping to result in 
higher quality CubeSats and fewer failures.
Keywords CubeSat · Conceptual desi ...
2025-02-23 15:07:32,892 - DSM_MultiModelExp_llm_rag_ollama:mixtral:8x22b_6k - INFO - File: ../data/use_cases_large/CubeSat/reference_pdfs/R1_combined.pdf
2025-02-23 15:07:32,894 - DSM_MultiModelExp_llm_rag_ollama:mixtral:8x22b_6k - INFO - Page: 16
2025-02-23 15:07:32,894 - DSM_MultiModelExp_llm_rag_ollama:mixtral:8x22b_6k - INFO - Content: ment of that specific part of the CubeSat. In case a new 
COTS component needs to be used, GAL2 substitute this 
new piece in the empirical model, deleting the previous one 
used. Naturally, a COTS sy ...
2025-02-23 15:07:32,895 - DSM_MultiModelExp_llm_rag_ollama:mixtral:8x22b_6k - INFO - Raw Response:  Valid
2025-02-23 15:07:32,896 - DSM_MultiModelExp_llm_rag_ollama:mixtral:8x22b_6k - INFO - Validation response:  Valid
2025-02-23 15:07:32,897 - DSM_MultiModelExp_llm_rag_ollama:mixtral:8x22b_6k - INFO - Filtered validation response:  Valid
2025-02-23 15:07:32,898 - DSM_MultiModelExp_llm_rag_ollama:mixtral:8x22b_6k - INFO - Component list validated successfully on attempt 1
2025-02-23 15:07:32,899 - DSM_MultiModelExp_llm_rag_ollama:mixtral:8x22b_6k - INFO - Components: ['Payload', 'Communication System', 'Power System', 'Attitude Determination and Control System', 'On-Board Computer', 'Structure']
2025-02-23 15:07:32,900 - DSM_MultiModelExp_llm_rag_ollama:mixtral:8x22b_6k - INFO - --------------------------------------------------
2025-02-23 15:07:32,900 - DSM_MultiModelExp_llm_rag_ollama:mixtral:8x22b_6k - INFO - Predicted Components: ['Payload', 'Communication System', 'Power System', 'Attitude Determination and Control System', 'On-Board Computer', 'Structure']
2025-02-23 15:07:32,902 - DSM_MultiModelExp_llm_rag_ollama:mixtral:8x22b_6k - INFO - Number of components: 6
2025-02-23 15:07:32,903 - DSM_MultiModelExp_llm_rag_ollama:mixtral:8x22b_6k - INFO - Predicted components for query: ['Payload', 'Communication System', 'Power System', 'Attitude Determination and Control System', 'On-Board Computer', 'Structure']
2025-02-23 15:07:32,903 - DSM_MultiModelExp_llm_rag_ollama:mixtral:8x22b_6k - INFO - Query: 
        Please identify system-level hierarchical whole-part relationships between the components of CubeSat (nanosatellite), as listed below, and represent them in a Design Structure Matrix (DSM) format.          
        The relationships should be articulated in plain English, capturing the essence of their interactions.         
        Here is the list of subsystems/components to analyze: ['Payload', 'Communication System', 'Power System', 'Attitude Determination and Control System', 'On-Board Computer', 'Structure']         
        The DSM should clearly indicate the interactions between these components as 1 exist and 0 does not exist, considering both the presence and nature of these connections.         
        Present the output in a square matrix format (number of rows and columns MUST be the same as the number of components = 6 for this example), with rows and columns labeled accordingly.         
        Diagonal elements should be 1 in DSM matrix since each component interacts with itself.         
        If you don't know the answer, just write 2 for the specific cell that you are unsure of. A worst case scenario of the **as a list of lists** shown below (diagonal elements are 1 and unsure ones are 2). Don't make up an answer.         
        final response = [[1, 2, 2, 2, 2, 2, 2],[2, 1, 2, 2, 2, 2, 2],[2, 2, 1, 2, 2, 2, 2],[2, 2, 2, 1, 2, 2, 2],[2, 2, 2, 2, 1, 2, 2],[2, 2, 2, 2, 2, 1, 2],[2, 2, 2, 2, 2, 2, 1]] for 7 components         
        final response = [[1, 2, 2],[2, 1, 2],[2, 2, 1]] for 3 components         
        IMPORTANT: Your response must **ONLY** contain a valid **as a list of lists** in the following example format 7x7 matrix.         
        The below list of lists is just examples format of a response. **Replace** the values with your **actual analysis** while providing your response with parameter of 'final response'.        
        final response = [[1, 0, 0, 0, 0, 0, 0],[0, 1, 0, 0, 0, 0, 0],[0, 0, 1, 0, 0, 0, 0],   [0, 0, 0, 1, 0, 0, 0],[0, 0, 0, 0, 1, 0, 0],[0, 0, 0, 0, 0, 1, 0],[0, 0, 0, 0, 0, 0, 1]] for 7 components         
        final response = [[1, 0, 0],[0, 1, 0],[0, 0, 1]] for 3 components         
        IMPORTANT: THE FORMAT OF THE OUTPUT MUST BE AS LIST OF LISTS ONLY SIMILAR TO THE ONE ABOVE (NO LATEX, CODE, OR OTHER ENCODINGS).
        
2025-02-23 15:08:45,231 - DSM_MultiModelExp_llm_rag_ollama:mixtral:8x22b_6k - INFO - Number of documents retrieved: 4
2025-02-23 15:08:45,232 - DSM_MultiModelExp_llm_rag_ollama:mixtral:8x22b_6k - INFO - Documents used for this query:
2025-02-23 15:08:45,233 - DSM_MultiModelExp_llm_rag_ollama:mixtral:8x22b_6k - INFO - File: ../data/use_cases_large/CubeSat/reference_pdfs/R1_combined.pdf
2025-02-23 15:08:45,234 - DSM_MultiModelExp_llm_rag_ollama:mixtral:8x22b_6k - INFO - Page: 15
2025-02-23 15:08:45,235 - DSM_MultiModelExp_llm_rag_ollama:mixtral:8x22b_6k - INFO - Content: ing point. The focus shifts now from system level (CubeSat 
mass, power production, form factor) to subsystem selec -
tions. Prior to going through the refinement part, the user 
is required to fill i ...
2025-02-23 15:08:45,236 - DSM_MultiModelExp_llm_rag_ollama:mixtral:8x22b_6k - INFO - File: ../data/use_cases_large/CubeSat/reference_pdfs/R1_combined.pdf
2025-02-23 15:08:45,236 - DSM_MultiModelExp_llm_rag_ollama:mixtral:8x22b_6k - INFO - Page: 0
2025-02-23 15:08:45,238 - DSM_MultiModelExp_llm_rag_ollama:mixtral:8x22b_6k - INFO - Content: that then facilitate a bottom-up development and fabrication
process. Some of the design tools (e.g., N2 diagram) described
in NASAs Systems Engineering Handbook are utilized early in
the design phase ...
2025-02-23 15:08:45,239 - DSM_MultiModelExp_llm_rag_ollama:mixtral:8x22b_6k - INFO - File: ../data/use_cases_large/CubeSat/reference_pdfs/R1_combined.pdf
2025-02-23 15:08:45,240 - DSM_MultiModelExp_llm_rag_ollama:mixtral:8x22b_6k - INFO - Page: 15
2025-02-23 15:08:45,241 - DSM_MultiModelExp_llm_rag_ollama:mixtral:8x22b_6k - INFO - Content: • Propulsion subsystem.
• Electric power subsystem (EPS).
• Structure subsystem.
• OBC subsystem.
• TT &C subsystem.
• Thermal subsystem.
Excluding the payload subsystem, in which the refinement is 
c ...
2025-02-23 15:08:45,242 - DSM_MultiModelExp_llm_rag_ollama:mixtral:8x22b_6k - INFO - File: ../data/use_cases_large/CubeSat/reference_pdfs/R1_combined.pdf
2025-02-23 15:08:45,243 - DSM_MultiModelExp_llm_rag_ollama:mixtral:8x22b_6k - INFO - Page: 3
2025-02-23 15:08:45,243 - DSM_MultiModelExp_llm_rag_ollama:mixtral:8x22b_6k - INFO - Content: conﬂicting components and their corresponding interfaces
through the N2 diagram leads into developing a mission over-
head model in terms of power, telemetry, and computation.
To facilitate detail des ...
2025-02-23 15:08:45,245 - DSM_MultiModelExp_llm_rag_ollama:mixtral:8x22b_6k - INFO - Raw Response:  Based on the provided context and the requirement to represent interactions in a Design Structure Matrix (DSM) format, here is my analysis:

1. Payload interacts with Power System as it requires power for operation. It also interacts with On-Board Computer for data processing and Communication System for transmitting/receiving data. The interaction with Attitude Determination and Control System (ADCS) exists due to the need for payload stabilization or orientation.

2. Communication System interacts with Power System as it requires power for operation. It also interacts with On-Board Computer for data processing and Payload for transmitting/receiving data. The interaction with ADCS is present due to the need for antenna pointing.

3. Power System interacts with all other subsystems as they require power for operation. However, it does not directly interact with Structure unless there are specific structural requirements related to power system components (like solar panels).

4. Attitude Determination and Control System (ADCS) interacts with On-Board Computer for data processing and control commands. It also interacts with Power System as it requires power for operation, and Communication System if antenna pointing is required. The interaction with Structure exists due to the need for mounting ADCS components like sensors and actuators.

5. On-Board Computer (OBC) interacts with all other subsystems as they require data processing or control commands from OBC. However, it does not directly interact with Structure unless there are specific structural requirements related to OBC components.

6. Structure provides the physical interface for mounting and integrating all other subsystems/components. Therefore, it interacts with all of them.

Based on this analysis, here is the DSM representation:

final response = [[1, 1, 1, 1, 1, 1], [1, 1, 1, 1, 1, 0], [1, 1, 1, 1, 1, 0], [1, 1, 1, 1, 1, 1], [1, 1, 1, 1, 1, 0], [1, 1, 1, 1, 1, 1]]

This DSM is a 6x6 matrix representing the interactions between the six subsystems/components of CubeSat. The diagonal elements are all 1 as each component interacts with itself. The off-diagonal elements represent the presence (1) or absence (0) of an interaction between two components.
2025-02-23 15:08:45,245 - DSM_MultiModelExp_llm_rag_ollama:mixtral:8x22b_6k - INFO - Response:  Based on the provided context and the requirement to represent interactions in a Design Structure Matrix (DSM) format, here is my analysis:

1. Payload interacts with Power System as it requires power for operation. It also interacts with On-Board Computer for data processing and Communication System for transmitting/receiving data. The interaction with Attitude Determination and Control System (ADCS) exists due to the need for payload stabilization or orientation.

2. Communication System interacts with Power System as it requires power for operation. It also interacts with On-Board Computer for data processing and Payload for transmitting/receiving data. The interaction with ADCS is present due to the need for antenna pointing.

3. Power System interacts with all other subsystems as they require power for operation. However, it does not directly interact with Structure unless there are specific structural requirements related to power system components (like solar panels).

4. Attitude Determination and Control System (ADCS) interacts with On-Board Computer for data processing and control commands. It also interacts with Power System as it requires power for operation, and Communication System if antenna pointing is required. The interaction with Structure exists due to the need for mounting ADCS components like sensors and actuators.

5. On-Board Computer (OBC) interacts with all other subsystems as they require data processing or control commands from OBC. However, it does not directly interact with Structure unless there are specific structural requirements related to OBC components.

6. Structure provides the physical interface for mounting and integrating all other subsystems/components. Therefore, it interacts with all of them.

Based on this analysis, here is the DSM representation:

final response = [[1, 1, 1, 1, 1, 1], [1, 1, 1, 1, 1, 0], [1, 1, 1, 1, 1, 0], [1, 1, 1, 1, 1, 1], [1, 1, 1, 1, 1, 0], [1, 1, 1, 1, 1, 1]]

This DSM is a 6x6 matrix representing the interactions between the six subsystems/components of CubeSat. The diagonal elements are all 1 as each component interacts with itself. The off-diagonal elements represent the presence (1) or absence (0) of an interaction between two components.
2025-02-23 15:08:45,247 - DSM_MultiModelExp_llm_rag_ollama:mixtral:8x22b_6k - INFO - Matrix: [[1, 1, 1, 1, 1, 1], [1, 1, 1, 1, 1, 0], [1, 1, 1, 1, 1, 0], [1, 1, 1, 1, 1, 1], [1, 1, 1, 1, 1, 0], [1, 1, 1, 1, 1, 1]]
2025-02-23 15:08:45,248 - DSM_MultiModelExp_llm_rag_ollama:mixtral:8x22b_6k - INFO - Final Matrix:
[[1, 1, 1, 1, 1, 1], [1, 1, 1, 1, 1, 0], [1, 1, 1, 1, 1, 0], [1, 1, 1, 1, 1, 1], [1, 1, 1, 1, 1, 0], [1, 1, 1, 1, 1, 1]]
2025-02-23 15:08:45,249 - DSM_MultiModelExp_llm_rag_ollama:mixtral:8x22b_6k - INFO - --------------------------------------------------
2025-02-23 15:08:45,250 - DSM_MultiModelExp_llm_rag_ollama:mixtral:8x22b_6k - INFO - Matrix from response.
2025-02-23 15:08:45,250 - DSM_MultiModelExp_llm_rag_ollama:mixtral:8x22b_6k - INFO - At run 1/5
2025-02-23 15:08:45,251 - DSM_MultiModelExp_llm_rag_ollama:mixtral:8x22b_6k - INFO - Matrix: [[1, 1, 1, 1, 1, 1], [1, 1, 1, 1, 1, 0], [1, 1, 1, 1, 1, 0], [1, 1, 1, 1, 1, 1], [1, 1, 1, 1, 1, 0], [1, 1, 1, 1, 1, 1]]
2025-02-23 15:08:45,252 - DSM_MultiModelExp_llm_rag_ollama:mixtral:8x22b_6k - INFO - --------------------------------------------------
2025-02-23 15:08:55,263 - DSM_MultiModelExp_llm_rag_ollama:mixtral:8x22b_6k - INFO - Run 2/5
2025-02-23 15:08:55,300 - DSM_MultiModelExp_llm_rag_ollama:mixtral:8x22b_6k - INFO - DEBUG: Initializing RAGInference.
2025-02-23 15:08:55,301 - DSM_MultiModelExp_llm_rag_ollama:mixtral:8x22b_6k - INFO - Using R-type: ['R1']
2025-02-23 15:08:55,302 - DSM_MultiModelExp_llm_rag_ollama:mixtral:8x22b_6k - INFO - Using embedding model: text-embedding-3-small
2025-02-23 15:08:55,337 - DSM_MultiModelExp_llm_rag_ollama:mixtral:8x22b_6k - INFO - VectorStoreManager initialized
2025-02-23 15:08:55,338 - DSM_MultiModelExp_llm_rag_ollama:mixtral:8x22b_6k - INFO - Set database path to: xLM_DSM/data/vectorstore/CubeSat/llm_rag/text-embedding-3-small
2025-02-23 15:08:55,346 - DSM_MultiModelExp_llm_rag_ollama:mixtral:8x22b_6k - INFO - Collection count: 2320
2025-02-23 15:08:55,350 - DSM_MultiModelExp_llm_rag_ollama:mixtral:8x22b_6k - INFO - Initialized RAG inference for system: CubeSat (nanosatellite)
2025-02-23 15:08:55,350 - DSM_MultiModelExp_llm_rag_ollama:mixtral:8x22b_6k - INFO - Initialized DSM for system: CubeSat (nanosatellite)
2025-02-23 15:08:55,351 - DSM_MultiModelExp_llm_rag_ollama:mixtral:8x22b_6k - INFO - Inference model: ollama:mixtral:8x22b_6k
2025-02-23 15:08:55,352 - DSM_MultiModelExp_llm_rag_ollama:mixtral:8x22b_6k - INFO - Predicted Components: ['Payload', 'Communication System', 'Power System', 'Attitude Determination and Control System', 'On-Board Computer', 'Structure']
2025-02-23 15:08:55,353 - DSM_MultiModelExp_llm_rag_ollama:mixtral:8x22b_6k - INFO - Number of components: 6
2025-02-23 15:08:55,354 - DSM_MultiModelExp_llm_rag_ollama:mixtral:8x22b_6k - INFO - Predicted components for query: ['Payload', 'Communication System', 'Power System', 'Attitude Determination and Control System', 'On-Board Computer', 'Structure']
2025-02-23 15:08:55,355 - DSM_MultiModelExp_llm_rag_ollama:mixtral:8x22b_6k - INFO - Query: 
        Please identify system-level hierarchical whole-part relationships between the components of CubeSat (nanosatellite), as listed below, and represent them in a Design Structure Matrix (DSM) format.          
        The relationships should be articulated in plain English, capturing the essence of their interactions.         
        Here is the list of subsystems/components to analyze: ['Payload', 'Communication System', 'Power System', 'Attitude Determination and Control System', 'On-Board Computer', 'Structure']         
        The DSM should clearly indicate the interactions between these components as 1 exist and 0 does not exist, considering both the presence and nature of these connections.         
        Present the output in a square matrix format (number of rows and columns MUST be the same as the number of components = 6 for this example), with rows and columns labeled accordingly.         
        Diagonal elements should be 1 in DSM matrix since each component interacts with itself.         
        If you don't know the answer, just write 2 for the specific cell that you are unsure of. A worst case scenario of the **as a list of lists** shown below (diagonal elements are 1 and unsure ones are 2). Don't make up an answer.         
        final response = [[1, 2, 2, 2, 2, 2, 2],[2, 1, 2, 2, 2, 2, 2],[2, 2, 1, 2, 2, 2, 2],[2, 2, 2, 1, 2, 2, 2],[2, 2, 2, 2, 1, 2, 2],[2, 2, 2, 2, 2, 1, 2],[2, 2, 2, 2, 2, 2, 1]] for 7 components         
        final response = [[1, 2, 2],[2, 1, 2],[2, 2, 1]] for 3 components         
        IMPORTANT: Your response must **ONLY** contain a valid **as a list of lists** in the following example format 7x7 matrix.         
        The below list of lists is just examples format of a response. **Replace** the values with your **actual analysis** while providing your response with parameter of 'final response'.        
        final response = [[1, 0, 0, 0, 0, 0, 0],[0, 1, 0, 0, 0, 0, 0],[0, 0, 1, 0, 0, 0, 0],   [0, 0, 0, 1, 0, 0, 0],[0, 0, 0, 0, 1, 0, 0],[0, 0, 0, 0, 0, 1, 0],[0, 0, 0, 0, 0, 0, 1]] for 7 components         
        final response = [[1, 0, 0],[0, 1, 0],[0, 0, 1]] for 3 components         
        IMPORTANT: THE FORMAT OF THE OUTPUT MUST BE AS LIST OF LISTS ONLY SIMILAR TO THE ONE ABOVE (NO LATEX, CODE, OR OTHER ENCODINGS).
        
2025-02-23 15:09:49,158 - DSM_MultiModelExp_llm_rag_ollama:mixtral:8x22b_6k - INFO - Number of documents retrieved: 4
2025-02-23 15:09:49,159 - DSM_MultiModelExp_llm_rag_ollama:mixtral:8x22b_6k - INFO - Documents used for this query:
2025-02-23 15:09:49,160 - DSM_MultiModelExp_llm_rag_ollama:mixtral:8x22b_6k - INFO - File: ../data/use_cases_large/CubeSat/reference_pdfs/R1_combined.pdf
2025-02-23 15:09:49,161 - DSM_MultiModelExp_llm_rag_ollama:mixtral:8x22b_6k - INFO - Page: 15
2025-02-23 15:09:49,162 - DSM_MultiModelExp_llm_rag_ollama:mixtral:8x22b_6k - INFO - Content: ing point. The focus shifts now from system level (CubeSat 
mass, power production, form factor) to subsystem selec -
tions. Prior to going through the refinement part, the user 
is required to fill i ...
2025-02-23 15:09:49,163 - DSM_MultiModelExp_llm_rag_ollama:mixtral:8x22b_6k - INFO - File: ../data/use_cases_large/CubeSat/reference_pdfs/R1_combined.pdf
2025-02-23 15:09:49,164 - DSM_MultiModelExp_llm_rag_ollama:mixtral:8x22b_6k - INFO - Page: 0
2025-02-23 15:09:49,165 - DSM_MultiModelExp_llm_rag_ollama:mixtral:8x22b_6k - INFO - Content: that then facilitate a bottom-up development and fabrication
process. Some of the design tools (e.g., N2 diagram) described
in NASAs Systems Engineering Handbook are utilized early in
the design phase ...
2025-02-23 15:09:49,166 - DSM_MultiModelExp_llm_rag_ollama:mixtral:8x22b_6k - INFO - File: ../data/use_cases_large/CubeSat/reference_pdfs/R1_combined.pdf
2025-02-23 15:09:49,167 - DSM_MultiModelExp_llm_rag_ollama:mixtral:8x22b_6k - INFO - Page: 15
2025-02-23 15:09:49,168 - DSM_MultiModelExp_llm_rag_ollama:mixtral:8x22b_6k - INFO - Content: • Propulsion subsystem.
• Electric power subsystem (EPS).
• Structure subsystem.
• OBC subsystem.
• TT &C subsystem.
• Thermal subsystem.
Excluding the payload subsystem, in which the refinement is 
c ...
2025-02-23 15:09:49,169 - DSM_MultiModelExp_llm_rag_ollama:mixtral:8x22b_6k - INFO - File: ../data/use_cases_large/CubeSat/reference_pdfs/R1_combined.pdf
2025-02-23 15:09:49,170 - DSM_MultiModelExp_llm_rag_ollama:mixtral:8x22b_6k - INFO - Page: 3
2025-02-23 15:09:49,170 - DSM_MultiModelExp_llm_rag_ollama:mixtral:8x22b_6k - INFO - Content: conﬂicting components and their corresponding interfaces
through the N2 diagram leads into developing a mission over-
head model in terms of power, telemetry, and computation.
To facilitate detail des ...
2025-02-23 15:09:49,171 - DSM_MultiModelExp_llm_rag_ollama:mixtral:8x22b_6k - INFO - Raw Response:  Based on the provided context and the requirement to represent interactions in a Design Structure Matrix (DSM) format, here is my best attempt at identifying system-level hierarchical whole-part relationships between the components of CubeSat:

final response = [[1, 1, 1, 1, 1, 1], [1, 1, 0, 1, 1, 1], [1, 0, 1, 1, 1, 1], [1, 1, 1, 1, 1, 1], [1, 1, 1, 1, 1, 1], [1, 1, 1, 1, 1, 1]]

Explanation:
- Payload (1): Interacts with all other subsystems. It requires power from the Power System and is controlled by the On-Board Computer. The Communication System sends its data to ground stations. The Attitude Determination and Control System maintains its orientation, and it's housed within the Structure.
- Communication System (2): Interacts with Payload, Power System, On-Board Computer, and Structure. It receives data from the payload and sends it to ground stations using power from the Power System and controlled by the On-Board Computer. It is also part of the structure.
- Power System (3): Interacts with Payload, Communication System, On-Board Computer, and Structure. It provides power to all these subsystems and is housed within the structure.
- Attitude Determination and Control System (4): Interacts with Payload, Communication System, On-Board Computer, and Structure. It maintains the orientation of the payload and other systems using power from the Power System and controlled by the On-Board Computer. It is also part of the structure.
- On-Board Computer (5): Interacts with all other subsystems. It controls the Payload, Communication System, Attitude Determination and Control System, and receives power from the Power System. It's housed within the Structure.
- Structure (6): Houses all other subsystems.
2025-02-23 15:09:49,173 - DSM_MultiModelExp_llm_rag_ollama:mixtral:8x22b_6k - INFO - Response:  Based on the provided context and the requirement to represent interactions in a Design Structure Matrix (DSM) format, here is my best attempt at identifying system-level hierarchical whole-part relationships between the components of CubeSat:

final response = [[1, 1, 1, 1, 1, 1], [1, 1, 0, 1, 1, 1], [1, 0, 1, 1, 1, 1], [1, 1, 1, 1, 1, 1], [1, 1, 1, 1, 1, 1], [1, 1, 1, 1, 1, 1]]

Explanation:
- Payload (1): Interacts with all other subsystems. It requires power from the Power System and is controlled by the On-Board Computer. The Communication System sends its data to ground stations. The Attitude Determination and Control System maintains its orientation, and it's housed within the Structure.
- Communication System (2): Interacts with Payload, Power System, On-Board Computer, and Structure. It receives data from the payload and sends it to ground stations using power from the Power System and controlled by the On-Board Computer. It is also part of the structure.
- Power System (3): Interacts with Payload, Communication System, On-Board Computer, and Structure. It provides power to all these subsystems and is housed within the structure.
- Attitude Determination and Control System (4): Interacts with Payload, Communication System, On-Board Computer, and Structure. It maintains the orientation of the payload and other systems using power from the Power System and controlled by the On-Board Computer. It is also part of the structure.
- On-Board Computer (5): Interacts with all other subsystems. It controls the Payload, Communication System, Attitude Determination and Control System, and receives power from the Power System. It's housed within the Structure.
- Structure (6): Houses all other subsystems.
2025-02-23 15:09:49,174 - DSM_MultiModelExp_llm_rag_ollama:mixtral:8x22b_6k - INFO - Matrix: [[1, 1, 1, 1, 1, 1], [1, 1, 0, 1, 1, 1], [1, 0, 1, 1, 1, 1], [1, 1, 1, 1, 1, 1], [1, 1, 1, 1, 1, 1], [1, 1, 1, 1, 1, 1]]
2025-02-23 15:09:49,175 - DSM_MultiModelExp_llm_rag_ollama:mixtral:8x22b_6k - INFO - Final Matrix:
[[1, 1, 1, 1, 1, 1], [1, 1, 0, 1, 1, 1], [1, 0, 1, 1, 1, 1], [1, 1, 1, 1, 1, 1], [1, 1, 1, 1, 1, 1], [1, 1, 1, 1, 1, 1]]
2025-02-23 15:09:49,176 - DSM_MultiModelExp_llm_rag_ollama:mixtral:8x22b_6k - INFO - --------------------------------------------------
2025-02-23 15:09:49,176 - DSM_MultiModelExp_llm_rag_ollama:mixtral:8x22b_6k - INFO - Matrix from response.
2025-02-23 15:09:49,177 - DSM_MultiModelExp_llm_rag_ollama:mixtral:8x22b_6k - INFO - At run 2/5
2025-02-23 15:09:49,178 - DSM_MultiModelExp_llm_rag_ollama:mixtral:8x22b_6k - INFO - Matrix: [[1, 1, 1, 1, 1, 1], [1, 1, 0, 1, 1, 1], [1, 0, 1, 1, 1, 1], [1, 1, 1, 1, 1, 1], [1, 1, 1, 1, 1, 1], [1, 1, 1, 1, 1, 1]]
2025-02-23 15:09:49,179 - DSM_MultiModelExp_llm_rag_ollama:mixtral:8x22b_6k - INFO - --------------------------------------------------
2025-02-23 15:09:59,190 - DSM_MultiModelExp_llm_rag_ollama:mixtral:8x22b_6k - INFO - Run 3/5
2025-02-23 15:09:59,227 - DSM_MultiModelExp_llm_rag_ollama:mixtral:8x22b_6k - INFO - DEBUG: Initializing RAGInference.
2025-02-23 15:09:59,228 - DSM_MultiModelExp_llm_rag_ollama:mixtral:8x22b_6k - INFO - Using R-type: ['R1']
2025-02-23 15:09:59,229 - DSM_MultiModelExp_llm_rag_ollama:mixtral:8x22b_6k - INFO - Using embedding model: text-embedding-3-small
2025-02-23 15:09:59,264 - DSM_MultiModelExp_llm_rag_ollama:mixtral:8x22b_6k - INFO - VectorStoreManager initialized
2025-02-23 15:09:59,265 - DSM_MultiModelExp_llm_rag_ollama:mixtral:8x22b_6k - INFO - Set database path to: xLM_DSM/data/vectorstore/CubeSat/llm_rag/text-embedding-3-small
2025-02-23 15:09:59,273 - DSM_MultiModelExp_llm_rag_ollama:mixtral:8x22b_6k - INFO - Collection count: 2320
2025-02-23 15:09:59,276 - DSM_MultiModelExp_llm_rag_ollama:mixtral:8x22b_6k - INFO - Initialized RAG inference for system: CubeSat (nanosatellite)
2025-02-23 15:09:59,277 - DSM_MultiModelExp_llm_rag_ollama:mixtral:8x22b_6k - INFO - Initialized DSM for system: CubeSat (nanosatellite)
2025-02-23 15:09:59,278 - DSM_MultiModelExp_llm_rag_ollama:mixtral:8x22b_6k - INFO - Inference model: ollama:mixtral:8x22b_6k
2025-02-23 15:09:59,279 - DSM_MultiModelExp_llm_rag_ollama:mixtral:8x22b_6k - INFO - Predicted Components: ['Payload', 'Communication System', 'Power System', 'Attitude Determination and Control System', 'On-Board Computer', 'Structure']
2025-02-23 15:09:59,280 - DSM_MultiModelExp_llm_rag_ollama:mixtral:8x22b_6k - INFO - Number of components: 6
2025-02-23 15:09:59,281 - DSM_MultiModelExp_llm_rag_ollama:mixtral:8x22b_6k - INFO - Predicted components for query: ['Payload', 'Communication System', 'Power System', 'Attitude Determination and Control System', 'On-Board Computer', 'Structure']
2025-02-23 15:09:59,281 - DSM_MultiModelExp_llm_rag_ollama:mixtral:8x22b_6k - INFO - Query: 
        Please identify system-level hierarchical whole-part relationships between the components of CubeSat (nanosatellite), as listed below, and represent them in a Design Structure Matrix (DSM) format.          
        The relationships should be articulated in plain English, capturing the essence of their interactions.         
        Here is the list of subsystems/components to analyze: ['Payload', 'Communication System', 'Power System', 'Attitude Determination and Control System', 'On-Board Computer', 'Structure']         
        The DSM should clearly indicate the interactions between these components as 1 exist and 0 does not exist, considering both the presence and nature of these connections.         
        Present the output in a square matrix format (number of rows and columns MUST be the same as the number of components = 6 for this example), with rows and columns labeled accordingly.         
        Diagonal elements should be 1 in DSM matrix since each component interacts with itself.         
        If you don't know the answer, just write 2 for the specific cell that you are unsure of. A worst case scenario of the **as a list of lists** shown below (diagonal elements are 1 and unsure ones are 2). Don't make up an answer.         
        final response = [[1, 2, 2, 2, 2, 2, 2],[2, 1, 2, 2, 2, 2, 2],[2, 2, 1, 2, 2, 2, 2],[2, 2, 2, 1, 2, 2, 2],[2, 2, 2, 2, 1, 2, 2],[2, 2, 2, 2, 2, 1, 2],[2, 2, 2, 2, 2, 2, 1]] for 7 components         
        final response = [[1, 2, 2],[2, 1, 2],[2, 2, 1]] for 3 components         
        IMPORTANT: Your response must **ONLY** contain a valid **as a list of lists** in the following example format 7x7 matrix.         
        The below list of lists is just examples format of a response. **Replace** the values with your **actual analysis** while providing your response with parameter of 'final response'.        
        final response = [[1, 0, 0, 0, 0, 0, 0],[0, 1, 0, 0, 0, 0, 0],[0, 0, 1, 0, 0, 0, 0],   [0, 0, 0, 1, 0, 0, 0],[0, 0, 0, 0, 1, 0, 0],[0, 0, 0, 0, 0, 1, 0],[0, 0, 0, 0, 0, 0, 1]] for 7 components         
        final response = [[1, 0, 0],[0, 1, 0],[0, 0, 1]] for 3 components         
        IMPORTANT: THE FORMAT OF THE OUTPUT MUST BE AS LIST OF LISTS ONLY SIMILAR TO THE ONE ABOVE (NO LATEX, CODE, OR OTHER ENCODINGS).
        
2025-02-23 15:10:53,208 - DSM_MultiModelExp_llm_rag_ollama:mixtral:8x22b_6k - INFO - Number of documents retrieved: 4
2025-02-23 15:10:53,209 - DSM_MultiModelExp_llm_rag_ollama:mixtral:8x22b_6k - INFO - Documents used for this query:
2025-02-23 15:10:53,210 - DSM_MultiModelExp_llm_rag_ollama:mixtral:8x22b_6k - INFO - File: ../data/use_cases_large/CubeSat/reference_pdfs/R1_combined.pdf
2025-02-23 15:10:53,212 - DSM_MultiModelExp_llm_rag_ollama:mixtral:8x22b_6k - INFO - Page: 15
2025-02-23 15:10:53,213 - DSM_MultiModelExp_llm_rag_ollama:mixtral:8x22b_6k - INFO - Content: ing point. The focus shifts now from system level (CubeSat 
mass, power production, form factor) to subsystem selec -
tions. Prior to going through the refinement part, the user 
is required to fill i ...
2025-02-23 15:10:53,214 - DSM_MultiModelExp_llm_rag_ollama:mixtral:8x22b_6k - INFO - File: ../data/use_cases_large/CubeSat/reference_pdfs/R1_combined.pdf
2025-02-23 15:10:53,214 - DSM_MultiModelExp_llm_rag_ollama:mixtral:8x22b_6k - INFO - Page: 0
2025-02-23 15:10:53,215 - DSM_MultiModelExp_llm_rag_ollama:mixtral:8x22b_6k - INFO - Content: that then facilitate a bottom-up development and fabrication
process. Some of the design tools (e.g., N2 diagram) described
in NASAs Systems Engineering Handbook are utilized early in
the design phase ...
2025-02-23 15:10:53,216 - DSM_MultiModelExp_llm_rag_ollama:mixtral:8x22b_6k - INFO - File: ../data/use_cases_large/CubeSat/reference_pdfs/R1_combined.pdf
2025-02-23 15:10:53,217 - DSM_MultiModelExp_llm_rag_ollama:mixtral:8x22b_6k - INFO - Page: 15
2025-02-23 15:10:53,218 - DSM_MultiModelExp_llm_rag_ollama:mixtral:8x22b_6k - INFO - Content: • Propulsion subsystem.
• Electric power subsystem (EPS).
• Structure subsystem.
• OBC subsystem.
• TT &C subsystem.
• Thermal subsystem.
Excluding the payload subsystem, in which the refinement is 
c ...
2025-02-23 15:10:53,219 - DSM_MultiModelExp_llm_rag_ollama:mixtral:8x22b_6k - INFO - File: ../data/use_cases_large/CubeSat/reference_pdfs/R1_combined.pdf
2025-02-23 15:10:53,220 - DSM_MultiModelExp_llm_rag_ollama:mixtral:8x22b_6k - INFO - Page: 3
2025-02-23 15:10:53,221 - DSM_MultiModelExp_llm_rag_ollama:mixtral:8x22b_6k - INFO - Content: conﬂicting components and their corresponding interfaces
through the N2 diagram leads into developing a mission over-
head model in terms of power, telemetry, and computation.
To facilitate detail des ...
2025-02-23 15:10:53,221 - DSM_MultiModelExp_llm_rag_ollama:mixtral:8x22b_6k - INFO - Raw Response:  Based on the provided context and the requirement to represent interactions in a Design Structure Matrix (DSM) format, here is my best attempt at identifying system-level hierarchical whole-part relationships between the components of CubeSat:

final response = [[1, 1, 1, 1, 1, 1], [1, 1, 0, 1, 1, 1], [1, 0, 1, 1, 1, 1], [1, 1, 1, 1, 1, 1], [1, 1, 1, 1, 1, 1], [1, 1, 1, 1, 1, 1]]

Explanation:
- Payload (1): Interacts with all other subsystems. It requires power from the Power System and is controlled by the On-Board Computer. The Communication System sends its data to ground stations. The Attitude Determination and Control System maintains its orientation, and it's housed within the Structure.
- Communication System (2): Interacts with Payload, Power System, On-Board Computer, and Structure. It receives data from the payload and sends it to ground stations using power from the Power System and controlled by the On-Board Computer. It is also part of the structure.
- Power System (3): Interacts with Payload, Communication System, On-Board Computer, and Structure. It provides power to all these subsystems and is housed within the structure.
- Attitude Determination and Control System (4): Interacts with Payload, Communication System, On-Board Computer, and Structure. It maintains the orientation of the payload and other systems using power from the Power System and controlled by the On-Board Computer. It is also part of the structure.
- On-Board Computer (5): Interacts with all other subsystems. It controls the Payload, Communication System, Attitude Determination and Control System, and receives power from the Power System. It's housed within the Structure.
- Structure (6): Houses all other subsystems.
2025-02-23 15:10:53,223 - DSM_MultiModelExp_llm_rag_ollama:mixtral:8x22b_6k - INFO - Response:  Based on the provided context and the requirement to represent interactions in a Design Structure Matrix (DSM) format, here is my best attempt at identifying system-level hierarchical whole-part relationships between the components of CubeSat:

final response = [[1, 1, 1, 1, 1, 1], [1, 1, 0, 1, 1, 1], [1, 0, 1, 1, 1, 1], [1, 1, 1, 1, 1, 1], [1, 1, 1, 1, 1, 1], [1, 1, 1, 1, 1, 1]]

Explanation:
- Payload (1): Interacts with all other subsystems. It requires power from the Power System and is controlled by the On-Board Computer. The Communication System sends its data to ground stations. The Attitude Determination and Control System maintains its orientation, and it's housed within the Structure.
- Communication System (2): Interacts with Payload, Power System, On-Board Computer, and Structure. It receives data from the payload and sends it to ground stations using power from the Power System and controlled by the On-Board Computer. It is also part of the structure.
- Power System (3): Interacts with Payload, Communication System, On-Board Computer, and Structure. It provides power to all these subsystems and is housed within the structure.
- Attitude Determination and Control System (4): Interacts with Payload, Communication System, On-Board Computer, and Structure. It maintains the orientation of the payload and other systems using power from the Power System and controlled by the On-Board Computer. It is also part of the structure.
- On-Board Computer (5): Interacts with all other subsystems. It controls the Payload, Communication System, Attitude Determination and Control System, and receives power from the Power System. It's housed within the Structure.
- Structure (6): Houses all other subsystems.
2025-02-23 15:10:53,224 - DSM_MultiModelExp_llm_rag_ollama:mixtral:8x22b_6k - INFO - Matrix: [[1, 1, 1, 1, 1, 1], [1, 1, 0, 1, 1, 1], [1, 0, 1, 1, 1, 1], [1, 1, 1, 1, 1, 1], [1, 1, 1, 1, 1, 1], [1, 1, 1, 1, 1, 1]]
2025-02-23 15:10:53,225 - DSM_MultiModelExp_llm_rag_ollama:mixtral:8x22b_6k - INFO - Final Matrix:
[[1, 1, 1, 1, 1, 1], [1, 1, 0, 1, 1, 1], [1, 0, 1, 1, 1, 1], [1, 1, 1, 1, 1, 1], [1, 1, 1, 1, 1, 1], [1, 1, 1, 1, 1, 1]]
2025-02-23 15:10:53,226 - DSM_MultiModelExp_llm_rag_ollama:mixtral:8x22b_6k - INFO - --------------------------------------------------
2025-02-23 15:10:53,226 - DSM_MultiModelExp_llm_rag_ollama:mixtral:8x22b_6k - INFO - Matrix from response.
2025-02-23 15:10:53,227 - DSM_MultiModelExp_llm_rag_ollama:mixtral:8x22b_6k - INFO - At run 3/5
2025-02-23 15:10:53,228 - DSM_MultiModelExp_llm_rag_ollama:mixtral:8x22b_6k - INFO - Matrix: [[1, 1, 1, 1, 1, 1], [1, 1, 0, 1, 1, 1], [1, 0, 1, 1, 1, 1], [1, 1, 1, 1, 1, 1], [1, 1, 1, 1, 1, 1], [1, 1, 1, 1, 1, 1]]
2025-02-23 15:10:53,229 - DSM_MultiModelExp_llm_rag_ollama:mixtral:8x22b_6k - INFO - --------------------------------------------------
2025-02-23 15:11:03,240 - DSM_MultiModelExp_llm_rag_ollama:mixtral:8x22b_6k - INFO - Run 4/5
2025-02-23 15:11:03,280 - DSM_MultiModelExp_llm_rag_ollama:mixtral:8x22b_6k - INFO - DEBUG: Initializing RAGInference.
2025-02-23 15:11:03,280 - DSM_MultiModelExp_llm_rag_ollama:mixtral:8x22b_6k - INFO - Using R-type: ['R1']
2025-02-23 15:11:03,281 - DSM_MultiModelExp_llm_rag_ollama:mixtral:8x22b_6k - INFO - Using embedding model: text-embedding-3-small
2025-02-23 15:11:03,316 - DSM_MultiModelExp_llm_rag_ollama:mixtral:8x22b_6k - INFO - VectorStoreManager initialized
2025-02-23 15:11:03,317 - DSM_MultiModelExp_llm_rag_ollama:mixtral:8x22b_6k - INFO - Set database path to: xLM_DSM/data/vectorstore/CubeSat/llm_rag/text-embedding-3-small
2025-02-23 15:11:03,326 - DSM_MultiModelExp_llm_rag_ollama:mixtral:8x22b_6k - INFO - Collection count: 2320
2025-02-23 15:11:03,330 - DSM_MultiModelExp_llm_rag_ollama:mixtral:8x22b_6k - INFO - Initialized RAG inference for system: CubeSat (nanosatellite)
2025-02-23 15:11:03,331 - DSM_MultiModelExp_llm_rag_ollama:mixtral:8x22b_6k - INFO - Initialized DSM for system: CubeSat (nanosatellite)
2025-02-23 15:11:03,331 - DSM_MultiModelExp_llm_rag_ollama:mixtral:8x22b_6k - INFO - Inference model: ollama:mixtral:8x22b_6k
2025-02-23 15:11:03,332 - DSM_MultiModelExp_llm_rag_ollama:mixtral:8x22b_6k - INFO - Predicted Components: ['Payload', 'Communication System', 'Power System', 'Attitude Determination and Control System', 'On-Board Computer', 'Structure']
2025-02-23 15:11:03,333 - DSM_MultiModelExp_llm_rag_ollama:mixtral:8x22b_6k - INFO - Number of components: 6
2025-02-23 15:11:03,334 - DSM_MultiModelExp_llm_rag_ollama:mixtral:8x22b_6k - INFO - Predicted components for query: ['Payload', 'Communication System', 'Power System', 'Attitude Determination and Control System', 'On-Board Computer', 'Structure']
2025-02-23 15:11:03,335 - DSM_MultiModelExp_llm_rag_ollama:mixtral:8x22b_6k - INFO - Query: 
        Please identify system-level hierarchical whole-part relationships between the components of CubeSat (nanosatellite), as listed below, and represent them in a Design Structure Matrix (DSM) format.          
        The relationships should be articulated in plain English, capturing the essence of their interactions.         
        Here is the list of subsystems/components to analyze: ['Payload', 'Communication System', 'Power System', 'Attitude Determination and Control System', 'On-Board Computer', 'Structure']         
        The DSM should clearly indicate the interactions between these components as 1 exist and 0 does not exist, considering both the presence and nature of these connections.         
        Present the output in a square matrix format (number of rows and columns MUST be the same as the number of components = 6 for this example), with rows and columns labeled accordingly.         
        Diagonal elements should be 1 in DSM matrix since each component interacts with itself.         
        If you don't know the answer, just write 2 for the specific cell that you are unsure of. A worst case scenario of the **as a list of lists** shown below (diagonal elements are 1 and unsure ones are 2). Don't make up an answer.         
        final response = [[1, 2, 2, 2, 2, 2, 2],[2, 1, 2, 2, 2, 2, 2],[2, 2, 1, 2, 2, 2, 2],[2, 2, 2, 1, 2, 2, 2],[2, 2, 2, 2, 1, 2, 2],[2, 2, 2, 2, 2, 1, 2],[2, 2, 2, 2, 2, 2, 1]] for 7 components         
        final response = [[1, 2, 2],[2, 1, 2],[2, 2, 1]] for 3 components         
        IMPORTANT: Your response must **ONLY** contain a valid **as a list of lists** in the following example format 7x7 matrix.         
        The below list of lists is just examples format of a response. **Replace** the values with your **actual analysis** while providing your response with parameter of 'final response'.        
        final response = [[1, 0, 0, 0, 0, 0, 0],[0, 1, 0, 0, 0, 0, 0],[0, 0, 1, 0, 0, 0, 0],   [0, 0, 0, 1, 0, 0, 0],[0, 0, 0, 0, 1, 0, 0],[0, 0, 0, 0, 0, 1, 0],[0, 0, 0, 0, 0, 0, 1]] for 7 components         
        final response = [[1, 0, 0],[0, 1, 0],[0, 0, 1]] for 3 components         
        IMPORTANT: THE FORMAT OF THE OUTPUT MUST BE AS LIST OF LISTS ONLY SIMILAR TO THE ONE ABOVE (NO LATEX, CODE, OR OTHER ENCODINGS).
        
2025-02-23 15:11:56,794 - DSM_MultiModelExp_llm_rag_ollama:mixtral:8x22b_6k - INFO - Number of documents retrieved: 4
2025-02-23 15:11:56,796 - DSM_MultiModelExp_llm_rag_ollama:mixtral:8x22b_6k - INFO - Documents used for this query:
2025-02-23 15:11:56,797 - DSM_MultiModelExp_llm_rag_ollama:mixtral:8x22b_6k - INFO - File: ../data/use_cases_large/CubeSat/reference_pdfs/R1_combined.pdf
2025-02-23 15:11:56,798 - DSM_MultiModelExp_llm_rag_ollama:mixtral:8x22b_6k - INFO - Page: 15
2025-02-23 15:11:56,799 - DSM_MultiModelExp_llm_rag_ollama:mixtral:8x22b_6k - INFO - Content: ing point. The focus shifts now from system level (CubeSat 
mass, power production, form factor) to subsystem selec -
tions. Prior to going through the refinement part, the user 
is required to fill i ...
2025-02-23 15:11:56,800 - DSM_MultiModelExp_llm_rag_ollama:mixtral:8x22b_6k - INFO - File: ../data/use_cases_large/CubeSat/reference_pdfs/R1_combined.pdf
2025-02-23 15:11:56,801 - DSM_MultiModelExp_llm_rag_ollama:mixtral:8x22b_6k - INFO - Page: 0
2025-02-23 15:11:56,802 - DSM_MultiModelExp_llm_rag_ollama:mixtral:8x22b_6k - INFO - Content: that then facilitate a bottom-up development and fabrication
process. Some of the design tools (e.g., N2 diagram) described
in NASAs Systems Engineering Handbook are utilized early in
the design phase ...
2025-02-23 15:11:56,803 - DSM_MultiModelExp_llm_rag_ollama:mixtral:8x22b_6k - INFO - File: ../data/use_cases_large/CubeSat/reference_pdfs/R1_combined.pdf
2025-02-23 15:11:56,804 - DSM_MultiModelExp_llm_rag_ollama:mixtral:8x22b_6k - INFO - Page: 15
2025-02-23 15:11:56,805 - DSM_MultiModelExp_llm_rag_ollama:mixtral:8x22b_6k - INFO - Content: • Propulsion subsystem.
• Electric power subsystem (EPS).
• Structure subsystem.
• OBC subsystem.
• TT &C subsystem.
• Thermal subsystem.
Excluding the payload subsystem, in which the refinement is 
c ...
2025-02-23 15:11:56,806 - DSM_MultiModelExp_llm_rag_ollama:mixtral:8x22b_6k - INFO - File: ../data/use_cases_large/CubeSat/reference_pdfs/R1_combined.pdf
2025-02-23 15:11:56,807 - DSM_MultiModelExp_llm_rag_ollama:mixtral:8x22b_6k - INFO - Page: 3
2025-02-23 15:11:56,808 - DSM_MultiModelExp_llm_rag_ollama:mixtral:8x22b_6k - INFO - Content: conﬂicting components and their corresponding interfaces
through the N2 diagram leads into developing a mission over-
head model in terms of power, telemetry, and computation.
To facilitate detail des ...
2025-02-23 15:11:56,809 - DSM_MultiModelExp_llm_rag_ollama:mixtral:8x22b_6k - INFO - Raw Response:  Based on the provided context and the requirement to represent interactions in a Design Structure Matrix (DSM) format, here is my best attempt at identifying system-level hierarchical whole-part relationships between the components of CubeSat:

final response = [[1, 1, 1, 1, 1, 1], [1, 1, 0, 1, 1, 1], [1, 0, 1, 1, 1, 1], [1, 1, 1, 1, 1, 1], [1, 1, 1, 1, 1, 1], [1, 1, 1, 1, 1, 1]]

Explanation:
- Payload (1): Interacts with all other subsystems. It requires power from the Power System and is controlled by the On-Board Computer. The Communication System sends its data to ground stations. The Attitude Determination and Control System maintains its orientation, and it's housed within the Structure.
- Communication System (2): Interacts with Payload, Power System, On-Board Computer, and Structure. It receives data from the payload and sends it to ground stations using power from the Power System and controlled by the On-Board Computer. It is also part of the structure.
- Power System (3): Interacts with Payload, Communication System, On-Board Computer, and Structure. It provides power to all these subsystems and is housed within the structure.
- Attitude Determination and Control System (4): Interacts with Payload, Communication System, On-Board Computer, and Structure. It maintains the orientation of the payload and other systems using power from the Power System and controlled by the On-Board Computer. It is also part of the structure.
- On-Board Computer (5): Interacts with all other subsystems. It controls the Payload, Communication System, Attitude Determination and Control System, and receives power from the Power System. It's housed within the Structure.
- Structure (6): Houses all other subsystems.
2025-02-23 15:11:56,810 - DSM_MultiModelExp_llm_rag_ollama:mixtral:8x22b_6k - INFO - Response:  Based on the provided context and the requirement to represent interactions in a Design Structure Matrix (DSM) format, here is my best attempt at identifying system-level hierarchical whole-part relationships between the components of CubeSat:

final response = [[1, 1, 1, 1, 1, 1], [1, 1, 0, 1, 1, 1], [1, 0, 1, 1, 1, 1], [1, 1, 1, 1, 1, 1], [1, 1, 1, 1, 1, 1], [1, 1, 1, 1, 1, 1]]

Explanation:
- Payload (1): Interacts with all other subsystems. It requires power from the Power System and is controlled by the On-Board Computer. The Communication System sends its data to ground stations. The Attitude Determination and Control System maintains its orientation, and it's housed within the Structure.
- Communication System (2): Interacts with Payload, Power System, On-Board Computer, and Structure. It receives data from the payload and sends it to ground stations using power from the Power System and controlled by the On-Board Computer. It is also part of the structure.
- Power System (3): Interacts with Payload, Communication System, On-Board Computer, and Structure. It provides power to all these subsystems and is housed within the structure.
- Attitude Determination and Control System (4): Interacts with Payload, Communication System, On-Board Computer, and Structure. It maintains the orientation of the payload and other systems using power from the Power System and controlled by the On-Board Computer. It is also part of the structure.
- On-Board Computer (5): Interacts with all other subsystems. It controls the Payload, Communication System, Attitude Determination and Control System, and receives power from the Power System. It's housed within the Structure.
- Structure (6): Houses all other subsystems.
2025-02-23 15:11:56,811 - DSM_MultiModelExp_llm_rag_ollama:mixtral:8x22b_6k - INFO - Matrix: [[1, 1, 1, 1, 1, 1], [1, 1, 0, 1, 1, 1], [1, 0, 1, 1, 1, 1], [1, 1, 1, 1, 1, 1], [1, 1, 1, 1, 1, 1], [1, 1, 1, 1, 1, 1]]
2025-02-23 15:11:56,812 - DSM_MultiModelExp_llm_rag_ollama:mixtral:8x22b_6k - INFO - Final Matrix:
[[1, 1, 1, 1, 1, 1], [1, 1, 0, 1, 1, 1], [1, 0, 1, 1, 1, 1], [1, 1, 1, 1, 1, 1], [1, 1, 1, 1, 1, 1], [1, 1, 1, 1, 1, 1]]
2025-02-23 15:11:56,813 - DSM_MultiModelExp_llm_rag_ollama:mixtral:8x22b_6k - INFO - --------------------------------------------------
2025-02-23 15:11:56,814 - DSM_MultiModelExp_llm_rag_ollama:mixtral:8x22b_6k - INFO - Matrix from response.
2025-02-23 15:11:56,815 - DSM_MultiModelExp_llm_rag_ollama:mixtral:8x22b_6k - INFO - At run 4/5
2025-02-23 15:11:56,816 - DSM_MultiModelExp_llm_rag_ollama:mixtral:8x22b_6k - INFO - Matrix: [[1, 1, 1, 1, 1, 1], [1, 1, 0, 1, 1, 1], [1, 0, 1, 1, 1, 1], [1, 1, 1, 1, 1, 1], [1, 1, 1, 1, 1, 1], [1, 1, 1, 1, 1, 1]]
2025-02-23 15:11:56,817 - DSM_MultiModelExp_llm_rag_ollama:mixtral:8x22b_6k - INFO - --------------------------------------------------
2025-02-23 15:12:06,828 - DSM_MultiModelExp_llm_rag_ollama:mixtral:8x22b_6k - INFO - Run 5/5
2025-02-23 15:12:06,856 - DSM_MultiModelExp_llm_rag_ollama:mixtral:8x22b_6k - INFO - DEBUG: Initializing RAGInference.
2025-02-23 15:12:06,857 - DSM_MultiModelExp_llm_rag_ollama:mixtral:8x22b_6k - INFO - Using R-type: ['R1']
2025-02-23 15:12:06,858 - DSM_MultiModelExp_llm_rag_ollama:mixtral:8x22b_6k - INFO - Using embedding model: text-embedding-3-small
2025-02-23 15:12:06,885 - DSM_MultiModelExp_llm_rag_ollama:mixtral:8x22b_6k - INFO - VectorStoreManager initialized
2025-02-23 15:12:06,886 - DSM_MultiModelExp_llm_rag_ollama:mixtral:8x22b_6k - INFO - Set database path to: xLM_DSM/data/vectorstore/CubeSat/llm_rag/text-embedding-3-small
2025-02-23 15:12:06,895 - DSM_MultiModelExp_llm_rag_ollama:mixtral:8x22b_6k - INFO - Collection count: 2320
2025-02-23 15:12:06,898 - DSM_MultiModelExp_llm_rag_ollama:mixtral:8x22b_6k - INFO - Initialized RAG inference for system: CubeSat (nanosatellite)
2025-02-23 15:12:06,899 - DSM_MultiModelExp_llm_rag_ollama:mixtral:8x22b_6k - INFO - Initialized DSM for system: CubeSat (nanosatellite)
2025-02-23 15:12:06,906 - DSM_MultiModelExp_llm_rag_ollama:mixtral:8x22b_6k - INFO - Inference model: ollama:mixtral:8x22b_6k
2025-02-23 15:12:06,907 - DSM_MultiModelExp_llm_rag_ollama:mixtral:8x22b_6k - INFO - Predicted Components: ['Payload', 'Communication System', 'Power System', 'Attitude Determination and Control System', 'On-Board Computer', 'Structure']
2025-02-23 15:12:06,908 - DSM_MultiModelExp_llm_rag_ollama:mixtral:8x22b_6k - INFO - Number of components: 6
2025-02-23 15:12:06,909 - DSM_MultiModelExp_llm_rag_ollama:mixtral:8x22b_6k - INFO - Predicted components for query: ['Payload', 'Communication System', 'Power System', 'Attitude Determination and Control System', 'On-Board Computer', 'Structure']
2025-02-23 15:12:06,910 - DSM_MultiModelExp_llm_rag_ollama:mixtral:8x22b_6k - INFO - Query: 
        Please identify system-level hierarchical whole-part relationships between the components of CubeSat (nanosatellite), as listed below, and represent them in a Design Structure Matrix (DSM) format.          
        The relationships should be articulated in plain English, capturing the essence of their interactions.         
        Here is the list of subsystems/components to analyze: ['Payload', 'Communication System', 'Power System', 'Attitude Determination and Control System', 'On-Board Computer', 'Structure']         
        The DSM should clearly indicate the interactions between these components as 1 exist and 0 does not exist, considering both the presence and nature of these connections.         
        Present the output in a square matrix format (number of rows and columns MUST be the same as the number of components = 6 for this example), with rows and columns labeled accordingly.         
        Diagonal elements should be 1 in DSM matrix since each component interacts with itself.         
        If you don't know the answer, just write 2 for the specific cell that you are unsure of. A worst case scenario of the **as a list of lists** shown below (diagonal elements are 1 and unsure ones are 2). Don't make up an answer.         
        final response = [[1, 2, 2, 2, 2, 2, 2],[2, 1, 2, 2, 2, 2, 2],[2, 2, 1, 2, 2, 2, 2],[2, 2, 2, 1, 2, 2, 2],[2, 2, 2, 2, 1, 2, 2],[2, 2, 2, 2, 2, 1, 2],[2, 2, 2, 2, 2, 2, 1]] for 7 components         
        final response = [[1, 2, 2],[2, 1, 2],[2, 2, 1]] for 3 components         
        IMPORTANT: Your response must **ONLY** contain a valid **as a list of lists** in the following example format 7x7 matrix.         
        The below list of lists is just examples format of a response. **Replace** the values with your **actual analysis** while providing your response with parameter of 'final response'.        
        final response = [[1, 0, 0, 0, 0, 0, 0],[0, 1, 0, 0, 0, 0, 0],[0, 0, 1, 0, 0, 0, 0],   [0, 0, 0, 1, 0, 0, 0],[0, 0, 0, 0, 1, 0, 0],[0, 0, 0, 0, 0, 1, 0],[0, 0, 0, 0, 0, 0, 1]] for 7 components         
        final response = [[1, 0, 0],[0, 1, 0],[0, 0, 1]] for 3 components         
        IMPORTANT: THE FORMAT OF THE OUTPUT MUST BE AS LIST OF LISTS ONLY SIMILAR TO THE ONE ABOVE (NO LATEX, CODE, OR OTHER ENCODINGS).
        
2025-02-23 15:13:01,059 - DSM_MultiModelExp_llm_rag_ollama:mixtral:8x22b_6k - INFO - Number of documents retrieved: 4
2025-02-23 15:13:01,060 - DSM_MultiModelExp_llm_rag_ollama:mixtral:8x22b_6k - INFO - Documents used for this query:
2025-02-23 15:13:01,061 - DSM_MultiModelExp_llm_rag_ollama:mixtral:8x22b_6k - INFO - File: ../data/use_cases_large/CubeSat/reference_pdfs/R1_combined.pdf
2025-02-23 15:13:01,062 - DSM_MultiModelExp_llm_rag_ollama:mixtral:8x22b_6k - INFO - Page: 15
2025-02-23 15:13:01,063 - DSM_MultiModelExp_llm_rag_ollama:mixtral:8x22b_6k - INFO - Content: ing point. The focus shifts now from system level (CubeSat 
mass, power production, form factor) to subsystem selec -
tions. Prior to going through the refinement part, the user 
is required to fill i ...
2025-02-23 15:13:01,065 - DSM_MultiModelExp_llm_rag_ollama:mixtral:8x22b_6k - INFO - File: ../data/use_cases_large/CubeSat/reference_pdfs/R1_combined.pdf
2025-02-23 15:13:01,066 - DSM_MultiModelExp_llm_rag_ollama:mixtral:8x22b_6k - INFO - Page: 0
2025-02-23 15:13:01,067 - DSM_MultiModelExp_llm_rag_ollama:mixtral:8x22b_6k - INFO - Content: that then facilitate a bottom-up development and fabrication
process. Some of the design tools (e.g., N2 diagram) described
in NASAs Systems Engineering Handbook are utilized early in
the design phase ...
2025-02-23 15:13:01,068 - DSM_MultiModelExp_llm_rag_ollama:mixtral:8x22b_6k - INFO - File: ../data/use_cases_large/CubeSat/reference_pdfs/R1_combined.pdf
2025-02-23 15:13:01,069 - DSM_MultiModelExp_llm_rag_ollama:mixtral:8x22b_6k - INFO - Page: 15
2025-02-23 15:13:01,070 - DSM_MultiModelExp_llm_rag_ollama:mixtral:8x22b_6k - INFO - Content: • Propulsion subsystem.
• Electric power subsystem (EPS).
• Structure subsystem.
• OBC subsystem.
• TT &C subsystem.
• Thermal subsystem.
Excluding the payload subsystem, in which the refinement is 
c ...
2025-02-23 15:13:01,071 - DSM_MultiModelExp_llm_rag_ollama:mixtral:8x22b_6k - INFO - File: ../data/use_cases_large/CubeSat/reference_pdfs/R1_combined.pdf
2025-02-23 15:13:01,072 - DSM_MultiModelExp_llm_rag_ollama:mixtral:8x22b_6k - INFO - Page: 3
2025-02-23 15:13:01,073 - DSM_MultiModelExp_llm_rag_ollama:mixtral:8x22b_6k - INFO - Content: conﬂicting components and their corresponding interfaces
through the N2 diagram leads into developing a mission over-
head model in terms of power, telemetry, and computation.
To facilitate detail des ...
2025-02-23 15:13:01,073 - DSM_MultiModelExp_llm_rag_ollama:mixtral:8x22b_6k - INFO - Raw Response:  Based on the provided context and the requirement to represent interactions in a Design Structure Matrix (DSM) format, here is my best attempt at identifying system-level hierarchical whole-part relationships between the components of CubeSat:

final response = [[1, 1, 1, 1, 1, 1], [1, 1, 0, 1, 1, 1], [1, 0, 1, 1, 1, 1], [1, 1, 1, 1, 1, 1], [1, 1, 1, 1, 1, 1], [1, 1, 1, 1, 1, 1]]

Explanation:
- Payload (1): Interacts with all other subsystems. It requires power from the Power System and is controlled by the On-Board Computer. The Communication System sends its data to ground stations. The Attitude Determination and Control System maintains its orientation, and it's housed within the Structure.
- Communication System (2): Interacts with Payload, Power System, On-Board Computer, and Structure. It receives data from the payload and sends it to ground stations using power from the Power System and controlled by the On-Board Computer. It is also part of the structure.
- Power System (3): Interacts with Payload, Communication System, On-Board Computer, and Structure. It provides power to all these subsystems and is housed within the structure.
- Attitude Determination and Control System (4): Interacts with Payload, Communication System, On-Board Computer, and Structure. It maintains the orientation of the payload and other systems using power from the Power System and controlled by the On-Board Computer. It is also part of the structure.
- On-Board Computer (5): Interacts with all other subsystems. It controls the Payload, Communication System, Attitude Determination and Control System, and receives power from the Power System. It's housed within the Structure.
- Structure (6): Houses all other subsystems.
2025-02-23 15:13:01,075 - DSM_MultiModelExp_llm_rag_ollama:mixtral:8x22b_6k - INFO - Response:  Based on the provided context and the requirement to represent interactions in a Design Structure Matrix (DSM) format, here is my best attempt at identifying system-level hierarchical whole-part relationships between the components of CubeSat:

final response = [[1, 1, 1, 1, 1, 1], [1, 1, 0, 1, 1, 1], [1, 0, 1, 1, 1, 1], [1, 1, 1, 1, 1, 1], [1, 1, 1, 1, 1, 1], [1, 1, 1, 1, 1, 1]]

Explanation:
- Payload (1): Interacts with all other subsystems. It requires power from the Power System and is controlled by the On-Board Computer. The Communication System sends its data to ground stations. The Attitude Determination and Control System maintains its orientation, and it's housed within the Structure.
- Communication System (2): Interacts with Payload, Power System, On-Board Computer, and Structure. It receives data from the payload and sends it to ground stations using power from the Power System and controlled by the On-Board Computer. It is also part of the structure.
- Power System (3): Interacts with Payload, Communication System, On-Board Computer, and Structure. It provides power to all these subsystems and is housed within the structure.
- Attitude Determination and Control System (4): Interacts with Payload, Communication System, On-Board Computer, and Structure. It maintains the orientation of the payload and other systems using power from the Power System and controlled by the On-Board Computer. It is also part of the structure.
- On-Board Computer (5): Interacts with all other subsystems. It controls the Payload, Communication System, Attitude Determination and Control System, and receives power from the Power System. It's housed within the Structure.
- Structure (6): Houses all other subsystems.
2025-02-23 15:13:01,076 - DSM_MultiModelExp_llm_rag_ollama:mixtral:8x22b_6k - INFO - Matrix: [[1, 1, 1, 1, 1, 1], [1, 1, 0, 1, 1, 1], [1, 0, 1, 1, 1, 1], [1, 1, 1, 1, 1, 1], [1, 1, 1, 1, 1, 1], [1, 1, 1, 1, 1, 1]]
2025-02-23 15:13:01,077 - DSM_MultiModelExp_llm_rag_ollama:mixtral:8x22b_6k - INFO - Final Matrix:
[[1, 1, 1, 1, 1, 1], [1, 1, 0, 1, 1, 1], [1, 0, 1, 1, 1, 1], [1, 1, 1, 1, 1, 1], [1, 1, 1, 1, 1, 1], [1, 1, 1, 1, 1, 1]]
2025-02-23 15:13:01,078 - DSM_MultiModelExp_llm_rag_ollama:mixtral:8x22b_6k - INFO - --------------------------------------------------
2025-02-23 15:13:01,078 - DSM_MultiModelExp_llm_rag_ollama:mixtral:8x22b_6k - INFO - Matrix from response.
2025-02-23 15:13:01,080 - DSM_MultiModelExp_llm_rag_ollama:mixtral:8x22b_6k - INFO - At run 5/5
2025-02-23 15:13:01,081 - DSM_MultiModelExp_llm_rag_ollama:mixtral:8x22b_6k - INFO - Matrix: [[1, 1, 1, 1, 1, 1], [1, 1, 0, 1, 1, 1], [1, 0, 1, 1, 1, 1], [1, 1, 1, 1, 1, 1], [1, 1, 1, 1, 1, 1], [1, 1, 1, 1, 1, 1]]
2025-02-23 15:13:01,081 - DSM_MultiModelExp_llm_rag_ollama:mixtral:8x22b_6k - INFO - --------------------------------------------------
2025-02-23 15:13:11,092 - DSM_MultiModelExp_llm_rag_ollama:mixtral:8x22b_6k - INFO - Duration of reference combination {'R1': [{'path': '../data/use_cases_large/CubeSat/reference_pdfs/R1_combined.pdf'}]}: 0:06:34.577489
2025-02-23 15:13:11,094 - DSM_MultiModelExp_llm_rag_ollama:mixtral:8x22b_6k - INFO - ++++++++++++++++++++++++++++++++++++++++++++++++++++++++++++++++++++++++++++++++++++++++++++++++++++
2025-02-23 15:13:11,095 - DSM_MultiModelExp_llm_rag_ollama:mixtral:8x22b_6k - INFO - Run 1/5
2025-02-23 15:13:11,131 - DSM_MultiModelExp_llm_rag_ollama:mixtral:8x22b_6k - INFO - DEBUG: Initializing RAGInference.
2025-02-23 15:13:11,132 - DSM_MultiModelExp_llm_rag_ollama:mixtral:8x22b_6k - INFO - Using R-type: ['R2']
2025-02-23 15:13:11,133 - DSM_MultiModelExp_llm_rag_ollama:mixtral:8x22b_6k - INFO - Using embedding model: text-embedding-3-small
2025-02-23 15:13:11,167 - DSM_MultiModelExp_llm_rag_ollama:mixtral:8x22b_6k - INFO - VectorStoreManager initialized
2025-02-23 15:13:11,169 - DSM_MultiModelExp_llm_rag_ollama:mixtral:8x22b_6k - INFO - Set database path to: xLM_DSM/data/vectorstore/CubeSat/llm_rag/text-embedding-3-small
2025-02-23 15:13:11,177 - DSM_MultiModelExp_llm_rag_ollama:mixtral:8x22b_6k - INFO - Collection count: 2320
2025-02-23 15:13:11,181 - DSM_MultiModelExp_llm_rag_ollama:mixtral:8x22b_6k - INFO - Initialized RAG inference for system: CubeSat (nanosatellite)
2025-02-23 15:13:11,181 - DSM_MultiModelExp_llm_rag_ollama:mixtral:8x22b_6k - INFO - Initialized DSM for system: CubeSat (nanosatellite)
2025-02-23 15:13:11,182 - DSM_MultiModelExp_llm_rag_ollama:mixtral:8x22b_6k - INFO - Inference model: ollama:mixtral:8x22b_6k
2025-02-23 15:13:11,183 - DSM_MultiModelExp_llm_rag_ollama:mixtral:8x22b_6k - INFO - Prompt (attempt 1/3): 
            Please identify the major components of CubeSat (nanosatellite) in the engineering based on hierarchical whole-part relationships.             
            The number of components must be 6 and must be a list of strings.             
            Please do not identify similar components that will work together under subsystem level since our interest is to identify the major components that form the core architecture of the system.             
            Here is an example of the components for made-up system:             
            final response = [ "component 1", "component 2", "component 3", "component 4", "component 5" ]             
            IMPORTANT: THE FORMAT OF THE OUTPUT MUST BE AS A LIST OF STRINGS ONLY SIMILAR TO THE ONE ABOVE (NO LATEX, NO CODE, NO DESCRIPTION, OR OTHER ENCODINGS).              
2025-02-23 15:13:21,915 - DSM_MultiModelExp_llm_rag_ollama:mixtral:8x22b_6k - INFO - Number of documents retrieved: 4
2025-02-23 15:13:21,916 - DSM_MultiModelExp_llm_rag_ollama:mixtral:8x22b_6k - INFO - Documents used for this query:
2025-02-23 15:13:21,917 - DSM_MultiModelExp_llm_rag_ollama:mixtral:8x22b_6k - INFO - File: ../data/use_cases_large/CubeSat/reference_pdfs/R2_combined.pdf
2025-02-23 15:13:21,918 - DSM_MultiModelExp_llm_rag_ollama:mixtral:8x22b_6k - INFO - Page: 527
2025-02-23 15:13:21,918 - DSM_MultiModelExp_llm_rag_ollama:mixtral:8x22b_6k - INFO - Content: 7 Conclusions
In this chapter an overview of best practices during the structural system design and
manufacturing has been presented. In particular, attention has been focused on the def-
inition of t ...
2025-02-23 15:13:21,919 - DSM_MultiModelExp_llm_rag_ollama:mixtral:8x22b_6k - INFO - File: ../data/use_cases_large/CubeSat/reference_pdfs/R2_combined.pdf
2025-02-23 15:13:21,920 - DSM_MultiModelExp_llm_rag_ollama:mixtral:8x22b_6k - INFO - Page: 510
2025-02-23 15:13:21,922 - DSM_MultiModelExp_llm_rag_ollama:mixtral:8x22b_6k - INFO - Content: sidered a CubeSat. Nevertheless, some of the constraints that dictate the structural
design are derived from the mission and systems requirements. For this reason, it
is important to give the CubeSat  ...
2025-02-23 15:13:21,923 - DSM_MultiModelExp_llm_rag_ollama:mixtral:8x22b_6k - INFO - File: ../data/use_cases_large/CubeSat/reference_pdfs/R2_combined.pdf
2025-02-23 15:13:21,924 - DSM_MultiModelExp_llm_rag_ollama:mixtral:8x22b_6k - INFO - Page: 369
2025-02-23 15:13:21,925 - DSM_MultiModelExp_llm_rag_ollama:mixtral:8x22b_6k - INFO - Content: l
performance requirements
l
system scalability requirements
2. Space segment
l
constellation requirements
l
spacecraft requirements
l
general requirements
l
payload requirements
3. Ground segment
l
g ...
2025-02-23 15:13:21,926 - DSM_MultiModelExp_llm_rag_ollama:mixtral:8x22b_6k - INFO - File: ../data/use_cases_large/CubeSat/reference_pdfs/R2_combined.pdf
2025-02-23 15:13:21,927 - DSM_MultiModelExp_llm_rag_ollama:mixtral:8x22b_6k - INFO - Page: 472
2025-02-23 15:13:21,928 - DSM_MultiModelExp_llm_rag_ollama:mixtral:8x22b_6k - INFO - Content: identifies potential other concepts through morphological analysis, which however
do not map to any well-known concept formulation. We analyze each concept
individually and discuss challenges and oppo ...
2025-02-23 15:13:21,929 - DSM_MultiModelExp_llm_rag_ollama:mixtral:8x22b_6k - INFO - Raw Response:  ["Primary structure", "Secondary structure", "Payload", "Communication system", "Power system", "Attitude control system"]
2025-02-23 15:13:21,930 - DSM_MultiModelExp_llm_rag_ollama:mixtral:8x22b_6k - INFO - Matrix: ['Primary structure', 'Secondary structure', 'Payload', 'Communication system', 'Power system', 'Attitude control system']
2025-02-23 15:13:21,932 - DSM_MultiModelExp_llm_rag_ollama:mixtral:8x22b_6k - INFO - Components: ['Primary structure', 'Secondary structure', 'Payload', 'Communication system', 'Power system', 'Attitude control system']
2025-02-23 15:13:30,347 - DSM_MultiModelExp_llm_rag_ollama:mixtral:8x22b_6k - INFO - Number of documents retrieved: 4
2025-02-23 15:13:30,348 - DSM_MultiModelExp_llm_rag_ollama:mixtral:8x22b_6k - INFO - Documents used for this query:
2025-02-23 15:13:30,349 - DSM_MultiModelExp_llm_rag_ollama:mixtral:8x22b_6k - INFO - File: ../data/use_cases_large/CubeSat/reference_pdfs/R2_combined.pdf
2025-02-23 15:13:30,349 - DSM_MultiModelExp_llm_rag_ollama:mixtral:8x22b_6k - INFO - Page: 510
2025-02-23 15:13:30,350 - DSM_MultiModelExp_llm_rag_ollama:mixtral:8x22b_6k - INFO - Content: sidered a CubeSat. Nevertheless, some of the constraints that dictate the structural
design are derived from the mission and systems requirements. For this reason, it
is important to give the CubeSat  ...
2025-02-23 15:13:30,352 - DSM_MultiModelExp_llm_rag_ollama:mixtral:8x22b_6k - INFO - File: ../data/use_cases_large/CubeSat/reference_pdfs/R2_combined.pdf
2025-02-23 15:13:30,353 - DSM_MultiModelExp_llm_rag_ollama:mixtral:8x22b_6k - INFO - Page: 527
2025-02-23 15:13:30,354 - DSM_MultiModelExp_llm_rag_ollama:mixtral:8x22b_6k - INFO - Content: 7 Conclusions
In this chapter an overview of best practices during the structural system design and
manufacturing has been presented. In particular, attention has been focused on the def-
inition of t ...
2025-02-23 15:13:30,354 - DSM_MultiModelExp_llm_rag_ollama:mixtral:8x22b_6k - INFO - File: ../data/use_cases_large/CubeSat/reference_pdfs/R2_combined.pdf
2025-02-23 15:13:30,356 - DSM_MultiModelExp_llm_rag_ollama:mixtral:8x22b_6k - INFO - Page: 510
2025-02-23 15:13:30,357 - DSM_MultiModelExp_llm_rag_ollama:mixtral:8x22b_6k - INFO - Content: Traditionally, the design of space systems makes a distinction between theprimary
structure, defined as the one that carries the major loads, and thesecondary structure,
defined as the one that suppor ...
2025-02-23 15:13:30,357 - DSM_MultiModelExp_llm_rag_ollama:mixtral:8x22b_6k - INFO - File: ../data/use_cases_large/CubeSat/reference_pdfs/R2_combined.pdf
2025-02-23 15:13:30,358 - DSM_MultiModelExp_llm_rag_ollama:mixtral:8x22b_6k - INFO - Page: 518
2025-02-23 15:13:30,359 - DSM_MultiModelExp_llm_rag_ollama:mixtral:8x22b_6k - INFO - Content: 2. first design;
3. verification of the structure characteristics in terms of total mass, respecting the CubeSat
design specifications;
4. design modifications;
5. final analysis.
The process is itera ...
2025-02-23 15:13:30,360 - DSM_MultiModelExp_llm_rag_ollama:mixtral:8x22b_6k - INFO - Raw Response:  Valid
2025-02-23 15:13:30,362 - DSM_MultiModelExp_llm_rag_ollama:mixtral:8x22b_6k - INFO - Validation response:  Valid
2025-02-23 15:13:30,363 - DSM_MultiModelExp_llm_rag_ollama:mixtral:8x22b_6k - INFO - Filtered validation response:  Valid
2025-02-23 15:13:30,363 - DSM_MultiModelExp_llm_rag_ollama:mixtral:8x22b_6k - INFO - Component list validated successfully on attempt 1
2025-02-23 15:13:30,364 - DSM_MultiModelExp_llm_rag_ollama:mixtral:8x22b_6k - INFO - Components: ['Primary structure', 'Secondary structure', 'Payload', 'Communication system', 'Power system', 'Attitude control system']
2025-02-23 15:13:30,365 - DSM_MultiModelExp_llm_rag_ollama:mixtral:8x22b_6k - INFO - --------------------------------------------------
2025-02-23 15:13:30,366 - DSM_MultiModelExp_llm_rag_ollama:mixtral:8x22b_6k - INFO - Predicted Components: ['Primary structure', 'Secondary structure', 'Payload', 'Communication system', 'Power system', 'Attitude control system']
2025-02-23 15:13:30,368 - DSM_MultiModelExp_llm_rag_ollama:mixtral:8x22b_6k - INFO - Number of components: 6
2025-02-23 15:13:30,368 - DSM_MultiModelExp_llm_rag_ollama:mixtral:8x22b_6k - INFO - Predicted components for query: ['Primary structure', 'Secondary structure', 'Payload', 'Communication system', 'Power system', 'Attitude control system']
2025-02-23 15:13:30,369 - DSM_MultiModelExp_llm_rag_ollama:mixtral:8x22b_6k - INFO - Query: 
        Please identify system-level hierarchical whole-part relationships between the components of CubeSat (nanosatellite), as listed below, and represent them in a Design Structure Matrix (DSM) format.          
        The relationships should be articulated in plain English, capturing the essence of their interactions.         
        Here is the list of subsystems/components to analyze: ['Primary structure', 'Secondary structure', 'Payload', 'Communication system', 'Power system', 'Attitude control system']         
        The DSM should clearly indicate the interactions between these components as 1 exist and 0 does not exist, considering both the presence and nature of these connections.         
        Present the output in a square matrix format (number of rows and columns MUST be the same as the number of components = 6 for this example), with rows and columns labeled accordingly.         
        Diagonal elements should be 1 in DSM matrix since each component interacts with itself.         
        If you don't know the answer, just write 2 for the specific cell that you are unsure of. A worst case scenario of the **as a list of lists** shown below (diagonal elements are 1 and unsure ones are 2). Don't make up an answer.         
        final response = [[1, 2, 2, 2, 2, 2, 2],[2, 1, 2, 2, 2, 2, 2],[2, 2, 1, 2, 2, 2, 2],[2, 2, 2, 1, 2, 2, 2],[2, 2, 2, 2, 1, 2, 2],[2, 2, 2, 2, 2, 1, 2],[2, 2, 2, 2, 2, 2, 1]] for 7 components         
        final response = [[1, 2, 2],[2, 1, 2],[2, 2, 1]] for 3 components         
        IMPORTANT: Your response must **ONLY** contain a valid **as a list of lists** in the following example format 7x7 matrix.         
        The below list of lists is just examples format of a response. **Replace** the values with your **actual analysis** while providing your response with parameter of 'final response'.        
        final response = [[1, 0, 0, 0, 0, 0, 0],[0, 1, 0, 0, 0, 0, 0],[0, 0, 1, 0, 0, 0, 0],   [0, 0, 0, 1, 0, 0, 0],[0, 0, 0, 0, 1, 0, 0],[0, 0, 0, 0, 0, 1, 0],[0, 0, 0, 0, 0, 0, 1]] for 7 components         
        final response = [[1, 0, 0],[0, 1, 0],[0, 0, 1]] for 3 components         
        IMPORTANT: THE FORMAT OF THE OUTPUT MUST BE AS LIST OF LISTS ONLY SIMILAR TO THE ONE ABOVE (NO LATEX, CODE, OR OTHER ENCODINGS).
        
2025-02-23 15:14:24,537 - DSM_MultiModelExp_llm_rag_ollama:mixtral:8x22b_6k - INFO - Number of documents retrieved: 4
2025-02-23 15:14:24,539 - DSM_MultiModelExp_llm_rag_ollama:mixtral:8x22b_6k - INFO - Documents used for this query:
2025-02-23 15:14:24,540 - DSM_MultiModelExp_llm_rag_ollama:mixtral:8x22b_6k - INFO - File: ../data/use_cases_large/CubeSat/reference_pdfs/R2_combined.pdf
2025-02-23 15:14:24,541 - DSM_MultiModelExp_llm_rag_ollama:mixtral:8x22b_6k - INFO - Page: 13
2025-02-23 15:14:24,542 - DSM_MultiModelExp_llm_rag_ollama:mixtral:8x22b_6k - INFO - Content: 5 Introduction to Design Structure Matrix Methods 
of the next section). Here we begin by adopting the original DSM convention with inputs 
in rows (IR) and outputs in columns. Later we also present e ...
2025-02-23 15:14:24,543 - DSM_MultiModelExp_llm_rag_ollama:mixtral:8x22b_6k - INFO - File: ../data/use_cases_large/CubeSat/reference_pdfs/R2_combined.pdf
2025-02-23 15:14:24,544 - DSM_MultiModelExp_llm_rag_ollama:mixtral:8x22b_6k - INFO - Page: 510
2025-02-23 15:14:24,545 - DSM_MultiModelExp_llm_rag_ollama:mixtral:8x22b_6k - INFO - Content: sidered a CubeSat. Nevertheless, some of the constraints that dictate the structural
design are derived from the mission and systems requirements. For this reason, it
is important to give the CubeSat  ...
2025-02-23 15:14:24,546 - DSM_MultiModelExp_llm_rag_ollama:mixtral:8x22b_6k - INFO - File: ../data/use_cases_large/CubeSat/reference_pdfs/R2_combined.pdf
2025-02-23 15:14:24,546 - DSM_MultiModelExp_llm_rag_ollama:mixtral:8x22b_6k - INFO - Page: 527
2025-02-23 15:14:24,547 - DSM_MultiModelExp_llm_rag_ollama:mixtral:8x22b_6k - INFO - Content: 7 Conclusions
In this chapter an overview of best practices during the structural system design and
manufacturing has been presented. In particular, attention has been focused on the def-
inition of t ...
2025-02-23 15:14:24,548 - DSM_MultiModelExp_llm_rag_ollama:mixtral:8x22b_6k - INFO - File: ../data/use_cases_large/CubeSat/reference_pdfs/R2_combined.pdf
2025-02-23 15:14:24,549 - DSM_MultiModelExp_llm_rag_ollama:mixtral:8x22b_6k - INFO - Page: 14
2025-02-23 15:14:24,550 - DSM_MultiModelExp_llm_rag_ollama:mixtral:8x22b_6k - INFO - Content: 6 Chapter 1 
A 
C 
A C B E G 0 F H 
A:X 
----.. ----- ----
xic 
B B:: X i X 
, " , 
____ ... _____ ____ .J _____ l _____ '- ___ _ 
E i XiEixi 
, " , 
G "'T'" "'TXTGTX-, " +--+-+---I 
o ""r'" 'xT"Tx 0  ...
2025-02-23 15:14:24,551 - DSM_MultiModelExp_llm_rag_ollama:mixtral:8x22b_6k - INFO - Raw Response:  Based on the information provided and general knowledge of CubeSat systems, here is a possible Design Structure Matrix (DSM) for the components listed:

final response = [
[1, 1, 1, 1, 1, 1],
[1, 1, 0, 1, 1, 1],
[1, 0, 1, 0, 1, 1],
[1, 1, 0, 1, 1, 1],
[1, 1, 1, 1, 1, 1],
[1, 1, 1, 1, 1, 1]
]

Explanation:
- The primary structure interacts with all other components as it provides the main framework for the CubeSat.
- The secondary structure interacts with the payload, communication system, power system, and attitude control system as it supports these components. It does not directly interact with the primary structure (assuming that the primary structure is the one carrying major loads). However, this interaction could be considered as 1 depending on the specific design of the CubeSat.
- The payload interacts with the communication system and power system to send and receive data and operate accordingly. It does not directly interact with the attitude control system (assuming that the attitude control system is only responsible for maintaining the orientation of the satellite). However, this interaction could be considered as 1 depending on the specific design of the CubeSat.
- The communication system interacts with all other components to send and receive data and commands.
- The power system interacts with all other components to provide them with energy.
- The attitude control system interacts with all other components to maintain the orientation of the satellite.
2025-02-23 15:14:24,552 - DSM_MultiModelExp_llm_rag_ollama:mixtral:8x22b_6k - INFO - Response:  Based on the information provided and general knowledge of CubeSat systems, here is a possible Design Structure Matrix (DSM) for the components listed:

final response = [
[1, 1, 1, 1, 1, 1],
[1, 1, 0, 1, 1, 1],
[1, 0, 1, 0, 1, 1],
[1, 1, 0, 1, 1, 1],
[1, 1, 1, 1, 1, 1],
[1, 1, 1, 1, 1, 1]
]

Explanation:
- The primary structure interacts with all other components as it provides the main framework for the CubeSat.
- The secondary structure interacts with the payload, communication system, power system, and attitude control system as it supports these components. It does not directly interact with the primary structure (assuming that the primary structure is the one carrying major loads). However, this interaction could be considered as 1 depending on the specific design of the CubeSat.
- The payload interacts with the communication system and power system to send and receive data and operate accordingly. It does not directly interact with the attitude control system (assuming that the attitude control system is only responsible for maintaining the orientation of the satellite). However, this interaction could be considered as 1 depending on the specific design of the CubeSat.
- The communication system interacts with all other components to send and receive data and commands.
- The power system interacts with all other components to provide them with energy.
- The attitude control system interacts with all other components to maintain the orientation of the satellite.
2025-02-23 15:14:24,553 - DSM_MultiModelExp_llm_rag_ollama:mixtral:8x22b_6k - INFO - Matrix: [[1, 1, 1, 1, 1, 1], [1, 1, 0, 1, 1, 1], [1, 0, 1, 0, 1, 1], [1, 1, 0, 1, 1, 1], [1, 1, 1, 1, 1, 1], [1, 1, 1, 1, 1, 1]]
2025-02-23 15:14:24,554 - DSM_MultiModelExp_llm_rag_ollama:mixtral:8x22b_6k - INFO - Final Matrix:
[[1, 1, 1, 1, 1, 1], [1, 1, 0, 1, 1, 1], [1, 0, 1, 0, 1, 1], [1, 1, 0, 1, 1, 1], [1, 1, 1, 1, 1, 1], [1, 1, 1, 1, 1, 1]]
2025-02-23 15:14:24,555 - DSM_MultiModelExp_llm_rag_ollama:mixtral:8x22b_6k - INFO - --------------------------------------------------
2025-02-23 15:14:24,556 - DSM_MultiModelExp_llm_rag_ollama:mixtral:8x22b_6k - INFO - Matrix from response.
2025-02-23 15:14:24,557 - DSM_MultiModelExp_llm_rag_ollama:mixtral:8x22b_6k - INFO - At run 1/5
2025-02-23 15:14:24,558 - DSM_MultiModelExp_llm_rag_ollama:mixtral:8x22b_6k - INFO - Matrix: [[1, 1, 1, 1, 1, 1], [1, 1, 0, 1, 1, 1], [1, 0, 1, 0, 1, 1], [1, 1, 0, 1, 1, 1], [1, 1, 1, 1, 1, 1], [1, 1, 1, 1, 1, 1]]
2025-02-23 15:14:24,559 - DSM_MultiModelExp_llm_rag_ollama:mixtral:8x22b_6k - INFO - --------------------------------------------------
2025-02-23 15:14:34,570 - DSM_MultiModelExp_llm_rag_ollama:mixtral:8x22b_6k - INFO - Run 2/5
2025-02-23 15:14:34,608 - DSM_MultiModelExp_llm_rag_ollama:mixtral:8x22b_6k - INFO - DEBUG: Initializing RAGInference.
2025-02-23 15:14:34,609 - DSM_MultiModelExp_llm_rag_ollama:mixtral:8x22b_6k - INFO - Using R-type: ['R2']
2025-02-23 15:14:34,610 - DSM_MultiModelExp_llm_rag_ollama:mixtral:8x22b_6k - INFO - Using embedding model: text-embedding-3-small
2025-02-23 15:14:34,644 - DSM_MultiModelExp_llm_rag_ollama:mixtral:8x22b_6k - INFO - VectorStoreManager initialized
2025-02-23 15:14:34,645 - DSM_MultiModelExp_llm_rag_ollama:mixtral:8x22b_6k - INFO - Set database path to: xLM_DSM/data/vectorstore/CubeSat/llm_rag/text-embedding-3-small
2025-02-23 15:14:34,654 - DSM_MultiModelExp_llm_rag_ollama:mixtral:8x22b_6k - INFO - Collection count: 2320
2025-02-23 15:14:34,657 - DSM_MultiModelExp_llm_rag_ollama:mixtral:8x22b_6k - INFO - Initialized RAG inference for system: CubeSat (nanosatellite)
2025-02-23 15:14:34,658 - DSM_MultiModelExp_llm_rag_ollama:mixtral:8x22b_6k - INFO - Initialized DSM for system: CubeSat (nanosatellite)
2025-02-23 15:14:34,659 - DSM_MultiModelExp_llm_rag_ollama:mixtral:8x22b_6k - INFO - Inference model: ollama:mixtral:8x22b_6k
2025-02-23 15:14:34,660 - DSM_MultiModelExp_llm_rag_ollama:mixtral:8x22b_6k - INFO - Predicted Components: ['Primary structure', 'Secondary structure', 'Payload', 'Communication system', 'Power system', 'Attitude control system']
2025-02-23 15:14:34,661 - DSM_MultiModelExp_llm_rag_ollama:mixtral:8x22b_6k - INFO - Number of components: 6
2025-02-23 15:14:34,662 - DSM_MultiModelExp_llm_rag_ollama:mixtral:8x22b_6k - INFO - Predicted components for query: ['Primary structure', 'Secondary structure', 'Payload', 'Communication system', 'Power system', 'Attitude control system']
2025-02-23 15:14:34,663 - DSM_MultiModelExp_llm_rag_ollama:mixtral:8x22b_6k - INFO - Query: 
        Please identify system-level hierarchical whole-part relationships between the components of CubeSat (nanosatellite), as listed below, and represent them in a Design Structure Matrix (DSM) format.          
        The relationships should be articulated in plain English, capturing the essence of their interactions.         
        Here is the list of subsystems/components to analyze: ['Primary structure', 'Secondary structure', 'Payload', 'Communication system', 'Power system', 'Attitude control system']         
        The DSM should clearly indicate the interactions between these components as 1 exist and 0 does not exist, considering both the presence and nature of these connections.         
        Present the output in a square matrix format (number of rows and columns MUST be the same as the number of components = 6 for this example), with rows and columns labeled accordingly.         
        Diagonal elements should be 1 in DSM matrix since each component interacts with itself.         
        If you don't know the answer, just write 2 for the specific cell that you are unsure of. A worst case scenario of the **as a list of lists** shown below (diagonal elements are 1 and unsure ones are 2). Don't make up an answer.         
        final response = [[1, 2, 2, 2, 2, 2, 2],[2, 1, 2, 2, 2, 2, 2],[2, 2, 1, 2, 2, 2, 2],[2, 2, 2, 1, 2, 2, 2],[2, 2, 2, 2, 1, 2, 2],[2, 2, 2, 2, 2, 1, 2],[2, 2, 2, 2, 2, 2, 1]] for 7 components         
        final response = [[1, 2, 2],[2, 1, 2],[2, 2, 1]] for 3 components         
        IMPORTANT: Your response must **ONLY** contain a valid **as a list of lists** in the following example format 7x7 matrix.         
        The below list of lists is just examples format of a response. **Replace** the values with your **actual analysis** while providing your response with parameter of 'final response'.        
        final response = [[1, 0, 0, 0, 0, 0, 0],[0, 1, 0, 0, 0, 0, 0],[0, 0, 1, 0, 0, 0, 0],   [0, 0, 0, 1, 0, 0, 0],[0, 0, 0, 0, 1, 0, 0],[0, 0, 0, 0, 0, 1, 0],[0, 0, 0, 0, 0, 0, 1]] for 7 components         
        final response = [[1, 0, 0],[0, 1, 0],[0, 0, 1]] for 3 components         
        IMPORTANT: THE FORMAT OF THE OUTPUT MUST BE AS LIST OF LISTS ONLY SIMILAR TO THE ONE ABOVE (NO LATEX, CODE, OR OTHER ENCODINGS).
        
2025-02-23 15:15:13,912 - DSM_MultiModelExp_llm_rag_ollama:mixtral:8x22b_6k - INFO - Number of documents retrieved: 4
2025-02-23 15:15:13,914 - DSM_MultiModelExp_llm_rag_ollama:mixtral:8x22b_6k - INFO - Documents used for this query:
2025-02-23 15:15:13,914 - DSM_MultiModelExp_llm_rag_ollama:mixtral:8x22b_6k - INFO - File: ../data/use_cases_large/CubeSat/reference_pdfs/R2_combined.pdf
2025-02-23 15:15:13,916 - DSM_MultiModelExp_llm_rag_ollama:mixtral:8x22b_6k - INFO - Page: 13
2025-02-23 15:15:13,916 - DSM_MultiModelExp_llm_rag_ollama:mixtral:8x22b_6k - INFO - Content: 5 Introduction to Design Structure Matrix Methods 
of the next section). Here we begin by adopting the original DSM convention with inputs 
in rows (IR) and outputs in columns. Later we also present e ...
2025-02-23 15:15:13,918 - DSM_MultiModelExp_llm_rag_ollama:mixtral:8x22b_6k - INFO - File: ../data/use_cases_large/CubeSat/reference_pdfs/R2_combined.pdf
2025-02-23 15:15:13,919 - DSM_MultiModelExp_llm_rag_ollama:mixtral:8x22b_6k - INFO - Page: 510
2025-02-23 15:15:13,920 - DSM_MultiModelExp_llm_rag_ollama:mixtral:8x22b_6k - INFO - Content: sidered a CubeSat. Nevertheless, some of the constraints that dictate the structural
design are derived from the mission and systems requirements. For this reason, it
is important to give the CubeSat  ...
2025-02-23 15:15:13,921 - DSM_MultiModelExp_llm_rag_ollama:mixtral:8x22b_6k - INFO - File: ../data/use_cases_large/CubeSat/reference_pdfs/R2_combined.pdf
2025-02-23 15:15:13,922 - DSM_MultiModelExp_llm_rag_ollama:mixtral:8x22b_6k - INFO - Page: 527
2025-02-23 15:15:13,923 - DSM_MultiModelExp_llm_rag_ollama:mixtral:8x22b_6k - INFO - Content: 7 Conclusions
In this chapter an overview of best practices during the structural system design and
manufacturing has been presented. In particular, attention has been focused on the def-
inition of t ...
2025-02-23 15:15:13,924 - DSM_MultiModelExp_llm_rag_ollama:mixtral:8x22b_6k - INFO - File: ../data/use_cases_large/CubeSat/reference_pdfs/R2_combined.pdf
2025-02-23 15:15:13,925 - DSM_MultiModelExp_llm_rag_ollama:mixtral:8x22b_6k - INFO - Page: 14
2025-02-23 15:15:13,926 - DSM_MultiModelExp_llm_rag_ollama:mixtral:8x22b_6k - INFO - Content: 6 Chapter 1 
A 
C 
A C B E G 0 F H 
A:X 
----.. ----- ----
xic 
B B:: X i X 
, " , 
____ ... _____ ____ .J _____ l _____ '- ___ _ 
E i XiEixi 
, " , 
G "'T'" "'TXTGTX-, " +--+-+---I 
o ""r'" 'xT"Tx 0  ...
2025-02-23 15:15:13,926 - DSM_MultiModelExp_llm_rag_ollama:mixtral:8x22b_6k - INFO - Raw Response:  Based on the information provided and general knowledge of CubeSat systems, here is a possible Design Structure Matrix (DSM) representation:

final response = [
[1, 1, 1, 1, 1, 1],
[1, 1, 0, 1, 1, 1],
[1, 0, 1, 0, 1, 1],
[1, 1, 0, 1, 1, 1],
[1, 1, 1, 1, 1, 1],
[1, 1, 1, 1, 1, 1]
]

Explanation:
- The primary structure interacts with all other components as it provides the main framework for the CubeSat.
- The secondary structure interacts with the payload, communication system, power system, and attitude control system as it supports these components. It does not directly interact with the primary structure (represented by 0).
- The payload interacts with the secondary structure, communication system, and power system. It does not directly interact with the primary structure or attitude control system (represented by 0).
- The communication system interacts with all other components as it needs to communicate data from various systems.
- The power system interacts with all other components as it provides power to them.
- The attitude control system interacts with the secondary structure, payload, and power system. It does not directly interact with the primary structure or communication system (represented by 0).
2025-02-23 15:15:13,927 - DSM_MultiModelExp_llm_rag_ollama:mixtral:8x22b_6k - INFO - Response:  Based on the information provided and general knowledge of CubeSat systems, here is a possible Design Structure Matrix (DSM) representation:

final response = [
[1, 1, 1, 1, 1, 1],
[1, 1, 0, 1, 1, 1],
[1, 0, 1, 0, 1, 1],
[1, 1, 0, 1, 1, 1],
[1, 1, 1, 1, 1, 1],
[1, 1, 1, 1, 1, 1]
]

Explanation:
- The primary structure interacts with all other components as it provides the main framework for the CubeSat.
- The secondary structure interacts with the payload, communication system, power system, and attitude control system as it supports these components. It does not directly interact with the primary structure (represented by 0).
- The payload interacts with the secondary structure, communication system, and power system. It does not directly interact with the primary structure or attitude control system (represented by 0).
- The communication system interacts with all other components as it needs to communicate data from various systems.
- The power system interacts with all other components as it provides power to them.
- The attitude control system interacts with the secondary structure, payload, and power system. It does not directly interact with the primary structure or communication system (represented by 0).
2025-02-23 15:15:13,929 - DSM_MultiModelExp_llm_rag_ollama:mixtral:8x22b_6k - INFO - Matrix: [[1, 1, 1, 1, 1, 1], [1, 1, 0, 1, 1, 1], [1, 0, 1, 0, 1, 1], [1, 1, 0, 1, 1, 1], [1, 1, 1, 1, 1, 1], [1, 1, 1, 1, 1, 1]]
2025-02-23 15:15:13,930 - DSM_MultiModelExp_llm_rag_ollama:mixtral:8x22b_6k - INFO - Final Matrix:
[[1, 1, 1, 1, 1, 1], [1, 1, 0, 1, 1, 1], [1, 0, 1, 0, 1, 1], [1, 1, 0, 1, 1, 1], [1, 1, 1, 1, 1, 1], [1, 1, 1, 1, 1, 1]]
2025-02-23 15:15:13,930 - DSM_MultiModelExp_llm_rag_ollama:mixtral:8x22b_6k - INFO - --------------------------------------------------
2025-02-23 15:15:13,931 - DSM_MultiModelExp_llm_rag_ollama:mixtral:8x22b_6k - INFO - Matrix from response.
2025-02-23 15:15:13,932 - DSM_MultiModelExp_llm_rag_ollama:mixtral:8x22b_6k - INFO - At run 2/5
2025-02-23 15:15:13,933 - DSM_MultiModelExp_llm_rag_ollama:mixtral:8x22b_6k - INFO - Matrix: [[1, 1, 1, 1, 1, 1], [1, 1, 0, 1, 1, 1], [1, 0, 1, 0, 1, 1], [1, 1, 0, 1, 1, 1], [1, 1, 1, 1, 1, 1], [1, 1, 1, 1, 1, 1]]
2025-02-23 15:15:13,934 - DSM_MultiModelExp_llm_rag_ollama:mixtral:8x22b_6k - INFO - --------------------------------------------------
2025-02-23 15:15:23,945 - DSM_MultiModelExp_llm_rag_ollama:mixtral:8x22b_6k - INFO - Run 3/5
2025-02-23 15:15:23,981 - DSM_MultiModelExp_llm_rag_ollama:mixtral:8x22b_6k - INFO - DEBUG: Initializing RAGInference.
2025-02-23 15:15:23,981 - DSM_MultiModelExp_llm_rag_ollama:mixtral:8x22b_6k - INFO - Using R-type: ['R2']
2025-02-23 15:15:23,982 - DSM_MultiModelExp_llm_rag_ollama:mixtral:8x22b_6k - INFO - Using embedding model: text-embedding-3-small
2025-02-23 15:15:24,017 - DSM_MultiModelExp_llm_rag_ollama:mixtral:8x22b_6k - INFO - VectorStoreManager initialized
2025-02-23 15:15:24,018 - DSM_MultiModelExp_llm_rag_ollama:mixtral:8x22b_6k - INFO - Set database path to: xLM_DSM/data/vectorstore/CubeSat/llm_rag/text-embedding-3-small
2025-02-23 15:15:24,026 - DSM_MultiModelExp_llm_rag_ollama:mixtral:8x22b_6k - INFO - Collection count: 2320
2025-02-23 15:15:24,030 - DSM_MultiModelExp_llm_rag_ollama:mixtral:8x22b_6k - INFO - Initialized RAG inference for system: CubeSat (nanosatellite)
2025-02-23 15:15:24,030 - DSM_MultiModelExp_llm_rag_ollama:mixtral:8x22b_6k - INFO - Initialized DSM for system: CubeSat (nanosatellite)
2025-02-23 15:15:24,031 - DSM_MultiModelExp_llm_rag_ollama:mixtral:8x22b_6k - INFO - Inference model: ollama:mixtral:8x22b_6k
2025-02-23 15:15:24,032 - DSM_MultiModelExp_llm_rag_ollama:mixtral:8x22b_6k - INFO - Predicted Components: ['Primary structure', 'Secondary structure', 'Payload', 'Communication system', 'Power system', 'Attitude control system']
2025-02-23 15:15:24,033 - DSM_MultiModelExp_llm_rag_ollama:mixtral:8x22b_6k - INFO - Number of components: 6
2025-02-23 15:15:24,034 - DSM_MultiModelExp_llm_rag_ollama:mixtral:8x22b_6k - INFO - Predicted components for query: ['Primary structure', 'Secondary structure', 'Payload', 'Communication system', 'Power system', 'Attitude control system']
2025-02-23 15:15:24,035 - DSM_MultiModelExp_llm_rag_ollama:mixtral:8x22b_6k - INFO - Query: 
        Please identify system-level hierarchical whole-part relationships between the components of CubeSat (nanosatellite), as listed below, and represent them in a Design Structure Matrix (DSM) format.          
        The relationships should be articulated in plain English, capturing the essence of their interactions.         
        Here is the list of subsystems/components to analyze: ['Primary structure', 'Secondary structure', 'Payload', 'Communication system', 'Power system', 'Attitude control system']         
        The DSM should clearly indicate the interactions between these components as 1 exist and 0 does not exist, considering both the presence and nature of these connections.         
        Present the output in a square matrix format (number of rows and columns MUST be the same as the number of components = 6 for this example), with rows and columns labeled accordingly.         
        Diagonal elements should be 1 in DSM matrix since each component interacts with itself.         
        If you don't know the answer, just write 2 for the specific cell that you are unsure of. A worst case scenario of the **as a list of lists** shown below (diagonal elements are 1 and unsure ones are 2). Don't make up an answer.         
        final response = [[1, 2, 2, 2, 2, 2, 2],[2, 1, 2, 2, 2, 2, 2],[2, 2, 1, 2, 2, 2, 2],[2, 2, 2, 1, 2, 2, 2],[2, 2, 2, 2, 1, 2, 2],[2, 2, 2, 2, 2, 1, 2],[2, 2, 2, 2, 2, 2, 1]] for 7 components         
        final response = [[1, 2, 2],[2, 1, 2],[2, 2, 1]] for 3 components         
        IMPORTANT: Your response must **ONLY** contain a valid **as a list of lists** in the following example format 7x7 matrix.         
        The below list of lists is just examples format of a response. **Replace** the values with your **actual analysis** while providing your response with parameter of 'final response'.        
        final response = [[1, 0, 0, 0, 0, 0, 0],[0, 1, 0, 0, 0, 0, 0],[0, 0, 1, 0, 0, 0, 0],   [0, 0, 0, 1, 0, 0, 0],[0, 0, 0, 0, 1, 0, 0],[0, 0, 0, 0, 0, 1, 0],[0, 0, 0, 0, 0, 0, 1]] for 7 components         
        final response = [[1, 0, 0],[0, 1, 0],[0, 0, 1]] for 3 components         
        IMPORTANT: THE FORMAT OF THE OUTPUT MUST BE AS LIST OF LISTS ONLY SIMILAR TO THE ONE ABOVE (NO LATEX, CODE, OR OTHER ENCODINGS).
        
2025-02-23 15:16:02,876 - DSM_MultiModelExp_llm_rag_ollama:mixtral:8x22b_6k - INFO - Number of documents retrieved: 4
2025-02-23 15:16:02,877 - DSM_MultiModelExp_llm_rag_ollama:mixtral:8x22b_6k - INFO - Documents used for this query:
2025-02-23 15:16:02,878 - DSM_MultiModelExp_llm_rag_ollama:mixtral:8x22b_6k - INFO - File: ../data/use_cases_large/CubeSat/reference_pdfs/R2_combined.pdf
2025-02-23 15:16:02,879 - DSM_MultiModelExp_llm_rag_ollama:mixtral:8x22b_6k - INFO - Page: 13
2025-02-23 15:16:02,881 - DSM_MultiModelExp_llm_rag_ollama:mixtral:8x22b_6k - INFO - Content: 5 Introduction to Design Structure Matrix Methods 
of the next section). Here we begin by adopting the original DSM convention with inputs 
in rows (IR) and outputs in columns. Later we also present e ...
2025-02-23 15:16:02,881 - DSM_MultiModelExp_llm_rag_ollama:mixtral:8x22b_6k - INFO - File: ../data/use_cases_large/CubeSat/reference_pdfs/R2_combined.pdf
2025-02-23 15:16:02,882 - DSM_MultiModelExp_llm_rag_ollama:mixtral:8x22b_6k - INFO - Page: 510
2025-02-23 15:16:02,883 - DSM_MultiModelExp_llm_rag_ollama:mixtral:8x22b_6k - INFO - Content: sidered a CubeSat. Nevertheless, some of the constraints that dictate the structural
design are derived from the mission and systems requirements. For this reason, it
is important to give the CubeSat  ...
2025-02-23 15:16:02,884 - DSM_MultiModelExp_llm_rag_ollama:mixtral:8x22b_6k - INFO - File: ../data/use_cases_large/CubeSat/reference_pdfs/R2_combined.pdf
2025-02-23 15:16:02,885 - DSM_MultiModelExp_llm_rag_ollama:mixtral:8x22b_6k - INFO - Page: 527
2025-02-23 15:16:02,886 - DSM_MultiModelExp_llm_rag_ollama:mixtral:8x22b_6k - INFO - Content: 7 Conclusions
In this chapter an overview of best practices during the structural system design and
manufacturing has been presented. In particular, attention has been focused on the def-
inition of t ...
2025-02-23 15:16:02,887 - DSM_MultiModelExp_llm_rag_ollama:mixtral:8x22b_6k - INFO - File: ../data/use_cases_large/CubeSat/reference_pdfs/R2_combined.pdf
2025-02-23 15:16:02,888 - DSM_MultiModelExp_llm_rag_ollama:mixtral:8x22b_6k - INFO - Page: 14
2025-02-23 15:16:02,889 - DSM_MultiModelExp_llm_rag_ollama:mixtral:8x22b_6k - INFO - Content: 6 Chapter 1 
A 
C 
A C B E G 0 F H 
A:X 
----.. ----- ----
xic 
B B:: X i X 
, " , 
____ ... _____ ____ .J _____ l _____ '- ___ _ 
E i XiEixi 
, " , 
G "'T'" "'TXTGTX-, " +--+-+---I 
o ""r'" 'xT"Tx 0  ...
2025-02-23 15:16:02,889 - DSM_MultiModelExp_llm_rag_ollama:mixtral:8x22b_6k - INFO - Raw Response:  Based on the information provided and general knowledge of CubeSat systems, here is a possible Design Structure Matrix (DSM) representation:

final response = [
[1, 1, 1, 1, 1, 1],
[1, 1, 0, 1, 1, 1],
[1, 0, 1, 0, 1, 1],
[1, 1, 0, 1, 1, 1],
[1, 1, 1, 1, 1, 1],
[1, 1, 1, 1, 1, 1]
]

Explanation:
- The primary structure interacts with all other components as it provides the main framework for the CubeSat.
- The secondary structure interacts with the payload, communication system, power system, and attitude control system as it supports these components. It does not directly interact with the primary structure (represented by 0).
- The payload interacts with the secondary structure, communication system, and power system. It does not directly interact with the primary structure or attitude control system (represented by 0).
- The communication system interacts with all other components as it needs to communicate data from various systems.
- The power system interacts with all other components as it provides power to them.
- The attitude control system interacts with the secondary structure, payload, and power system. It does not directly interact with the primary structure or communication system (represented by 0).
2025-02-23 15:16:02,891 - DSM_MultiModelExp_llm_rag_ollama:mixtral:8x22b_6k - INFO - Response:  Based on the information provided and general knowledge of CubeSat systems, here is a possible Design Structure Matrix (DSM) representation:

final response = [
[1, 1, 1, 1, 1, 1],
[1, 1, 0, 1, 1, 1],
[1, 0, 1, 0, 1, 1],
[1, 1, 0, 1, 1, 1],
[1, 1, 1, 1, 1, 1],
[1, 1, 1, 1, 1, 1]
]

Explanation:
- The primary structure interacts with all other components as it provides the main framework for the CubeSat.
- The secondary structure interacts with the payload, communication system, power system, and attitude control system as it supports these components. It does not directly interact with the primary structure (represented by 0).
- The payload interacts with the secondary structure, communication system, and power system. It does not directly interact with the primary structure or attitude control system (represented by 0).
- The communication system interacts with all other components as it needs to communicate data from various systems.
- The power system interacts with all other components as it provides power to them.
- The attitude control system interacts with the secondary structure, payload, and power system. It does not directly interact with the primary structure or communication system (represented by 0).
2025-02-23 15:16:02,892 - DSM_MultiModelExp_llm_rag_ollama:mixtral:8x22b_6k - INFO - Matrix: [[1, 1, 1, 1, 1, 1], [1, 1, 0, 1, 1, 1], [1, 0, 1, 0, 1, 1], [1, 1, 0, 1, 1, 1], [1, 1, 1, 1, 1, 1], [1, 1, 1, 1, 1, 1]]
2025-02-23 15:16:02,893 - DSM_MultiModelExp_llm_rag_ollama:mixtral:8x22b_6k - INFO - Final Matrix:
[[1, 1, 1, 1, 1, 1], [1, 1, 0, 1, 1, 1], [1, 0, 1, 0, 1, 1], [1, 1, 0, 1, 1, 1], [1, 1, 1, 1, 1, 1], [1, 1, 1, 1, 1, 1]]
2025-02-23 15:16:02,894 - DSM_MultiModelExp_llm_rag_ollama:mixtral:8x22b_6k - INFO - --------------------------------------------------
2025-02-23 15:16:02,895 - DSM_MultiModelExp_llm_rag_ollama:mixtral:8x22b_6k - INFO - Matrix from response.
2025-02-23 15:16:02,895 - DSM_MultiModelExp_llm_rag_ollama:mixtral:8x22b_6k - INFO - At run 3/5
2025-02-23 15:16:02,896 - DSM_MultiModelExp_llm_rag_ollama:mixtral:8x22b_6k - INFO - Matrix: [[1, 1, 1, 1, 1, 1], [1, 1, 0, 1, 1, 1], [1, 0, 1, 0, 1, 1], [1, 1, 0, 1, 1, 1], [1, 1, 1, 1, 1, 1], [1, 1, 1, 1, 1, 1]]
2025-02-23 15:16:02,897 - DSM_MultiModelExp_llm_rag_ollama:mixtral:8x22b_6k - INFO - --------------------------------------------------
2025-02-23 15:16:12,908 - DSM_MultiModelExp_llm_rag_ollama:mixtral:8x22b_6k - INFO - Run 4/5
2025-02-23 15:16:12,943 - DSM_MultiModelExp_llm_rag_ollama:mixtral:8x22b_6k - INFO - DEBUG: Initializing RAGInference.
2025-02-23 15:16:12,944 - DSM_MultiModelExp_llm_rag_ollama:mixtral:8x22b_6k - INFO - Using R-type: ['R2']
2025-02-23 15:16:12,945 - DSM_MultiModelExp_llm_rag_ollama:mixtral:8x22b_6k - INFO - Using embedding model: text-embedding-3-small
2025-02-23 15:16:12,980 - DSM_MultiModelExp_llm_rag_ollama:mixtral:8x22b_6k - INFO - VectorStoreManager initialized
2025-02-23 15:16:12,981 - DSM_MultiModelExp_llm_rag_ollama:mixtral:8x22b_6k - INFO - Set database path to: xLM_DSM/data/vectorstore/CubeSat/llm_rag/text-embedding-3-small
2025-02-23 15:16:12,989 - DSM_MultiModelExp_llm_rag_ollama:mixtral:8x22b_6k - INFO - Collection count: 2320
2025-02-23 15:16:12,993 - DSM_MultiModelExp_llm_rag_ollama:mixtral:8x22b_6k - INFO - Initialized RAG inference for system: CubeSat (nanosatellite)
2025-02-23 15:16:12,993 - DSM_MultiModelExp_llm_rag_ollama:mixtral:8x22b_6k - INFO - Initialized DSM for system: CubeSat (nanosatellite)
2025-02-23 15:16:12,994 - DSM_MultiModelExp_llm_rag_ollama:mixtral:8x22b_6k - INFO - Inference model: ollama:mixtral:8x22b_6k
2025-02-23 15:16:12,995 - DSM_MultiModelExp_llm_rag_ollama:mixtral:8x22b_6k - INFO - Predicted Components: ['Primary structure', 'Secondary structure', 'Payload', 'Communication system', 'Power system', 'Attitude control system']
2025-02-23 15:16:12,997 - DSM_MultiModelExp_llm_rag_ollama:mixtral:8x22b_6k - INFO - Number of components: 6
2025-02-23 15:16:12,997 - DSM_MultiModelExp_llm_rag_ollama:mixtral:8x22b_6k - INFO - Predicted components for query: ['Primary structure', 'Secondary structure', 'Payload', 'Communication system', 'Power system', 'Attitude control system']
2025-02-23 15:16:12,998 - DSM_MultiModelExp_llm_rag_ollama:mixtral:8x22b_6k - INFO - Query: 
        Please identify system-level hierarchical whole-part relationships between the components of CubeSat (nanosatellite), as listed below, and represent them in a Design Structure Matrix (DSM) format.          
        The relationships should be articulated in plain English, capturing the essence of their interactions.         
        Here is the list of subsystems/components to analyze: ['Primary structure', 'Secondary structure', 'Payload', 'Communication system', 'Power system', 'Attitude control system']         
        The DSM should clearly indicate the interactions between these components as 1 exist and 0 does not exist, considering both the presence and nature of these connections.         
        Present the output in a square matrix format (number of rows and columns MUST be the same as the number of components = 6 for this example), with rows and columns labeled accordingly.         
        Diagonal elements should be 1 in DSM matrix since each component interacts with itself.         
        If you don't know the answer, just write 2 for the specific cell that you are unsure of. A worst case scenario of the **as a list of lists** shown below (diagonal elements are 1 and unsure ones are 2). Don't make up an answer.         
        final response = [[1, 2, 2, 2, 2, 2, 2],[2, 1, 2, 2, 2, 2, 2],[2, 2, 1, 2, 2, 2, 2],[2, 2, 2, 1, 2, 2, 2],[2, 2, 2, 2, 1, 2, 2],[2, 2, 2, 2, 2, 1, 2],[2, 2, 2, 2, 2, 2, 1]] for 7 components         
        final response = [[1, 2, 2],[2, 1, 2],[2, 2, 1]] for 3 components         
        IMPORTANT: Your response must **ONLY** contain a valid **as a list of lists** in the following example format 7x7 matrix.         
        The below list of lists is just examples format of a response. **Replace** the values with your **actual analysis** while providing your response with parameter of 'final response'.        
        final response = [[1, 0, 0, 0, 0, 0, 0],[0, 1, 0, 0, 0, 0, 0],[0, 0, 1, 0, 0, 0, 0],   [0, 0, 0, 1, 0, 0, 0],[0, 0, 0, 0, 1, 0, 0],[0, 0, 0, 0, 0, 1, 0],[0, 0, 0, 0, 0, 0, 1]] for 7 components         
        final response = [[1, 0, 0],[0, 1, 0],[0, 0, 1]] for 3 components         
        IMPORTANT: THE FORMAT OF THE OUTPUT MUST BE AS LIST OF LISTS ONLY SIMILAR TO THE ONE ABOVE (NO LATEX, CODE, OR OTHER ENCODINGS).
        
2025-02-23 15:16:51,721 - DSM_MultiModelExp_llm_rag_ollama:mixtral:8x22b_6k - INFO - Number of documents retrieved: 4
2025-02-23 15:16:51,722 - DSM_MultiModelExp_llm_rag_ollama:mixtral:8x22b_6k - INFO - Documents used for this query:
2025-02-23 15:16:51,723 - DSM_MultiModelExp_llm_rag_ollama:mixtral:8x22b_6k - INFO - File: ../data/use_cases_large/CubeSat/reference_pdfs/R2_combined.pdf
2025-02-23 15:16:51,724 - DSM_MultiModelExp_llm_rag_ollama:mixtral:8x22b_6k - INFO - Page: 13
2025-02-23 15:16:51,725 - DSM_MultiModelExp_llm_rag_ollama:mixtral:8x22b_6k - INFO - Content: 5 Introduction to Design Structure Matrix Methods 
of the next section). Here we begin by adopting the original DSM convention with inputs 
in rows (IR) and outputs in columns. Later we also present e ...
2025-02-23 15:16:51,726 - DSM_MultiModelExp_llm_rag_ollama:mixtral:8x22b_6k - INFO - File: ../data/use_cases_large/CubeSat/reference_pdfs/R2_combined.pdf
2025-02-23 15:16:51,727 - DSM_MultiModelExp_llm_rag_ollama:mixtral:8x22b_6k - INFO - Page: 510
2025-02-23 15:16:51,728 - DSM_MultiModelExp_llm_rag_ollama:mixtral:8x22b_6k - INFO - Content: sidered a CubeSat. Nevertheless, some of the constraints that dictate the structural
design are derived from the mission and systems requirements. For this reason, it
is important to give the CubeSat  ...
2025-02-23 15:16:51,729 - DSM_MultiModelExp_llm_rag_ollama:mixtral:8x22b_6k - INFO - File: ../data/use_cases_large/CubeSat/reference_pdfs/R2_combined.pdf
2025-02-23 15:16:51,730 - DSM_MultiModelExp_llm_rag_ollama:mixtral:8x22b_6k - INFO - Page: 527
2025-02-23 15:16:51,732 - DSM_MultiModelExp_llm_rag_ollama:mixtral:8x22b_6k - INFO - Content: 7 Conclusions
In this chapter an overview of best practices during the structural system design and
manufacturing has been presented. In particular, attention has been focused on the def-
inition of t ...
2025-02-23 15:16:51,732 - DSM_MultiModelExp_llm_rag_ollama:mixtral:8x22b_6k - INFO - File: ../data/use_cases_large/CubeSat/reference_pdfs/R2_combined.pdf
2025-02-23 15:16:51,733 - DSM_MultiModelExp_llm_rag_ollama:mixtral:8x22b_6k - INFO - Page: 14
2025-02-23 15:16:51,734 - DSM_MultiModelExp_llm_rag_ollama:mixtral:8x22b_6k - INFO - Content: 6 Chapter 1 
A 
C 
A C B E G 0 F H 
A:X 
----.. ----- ----
xic 
B B:: X i X 
, " , 
____ ... _____ ____ .J _____ l _____ '- ___ _ 
E i XiEixi 
, " , 
G "'T'" "'TXTGTX-, " +--+-+---I 
o ""r'" 'xT"Tx 0  ...
2025-02-23 15:16:51,735 - DSM_MultiModelExp_llm_rag_ollama:mixtral:8x22b_6k - INFO - Raw Response:  Based on the information provided and general knowledge of CubeSat systems, here is a possible Design Structure Matrix (DSM) representation:

final response = [
[1, 1, 1, 1, 1, 1],
[1, 1, 0, 1, 1, 1],
[1, 0, 1, 0, 1, 1],
[1, 1, 0, 1, 1, 1],
[1, 1, 1, 1, 1, 1],
[1, 1, 1, 1, 1, 1]
]

Explanation:
- The primary structure interacts with all other components as it provides the main framework for the CubeSat.
- The secondary structure interacts with the payload, communication system, power system, and attitude control system as it supports these components. It does not directly interact with the primary structure (represented by 0).
- The payload interacts with the secondary structure, communication system, and power system. It does not directly interact with the primary structure or attitude control system (represented by 0).
- The communication system interacts with all other components as it needs to communicate data from various systems.
- The power system interacts with all other components as it provides power to them.
- The attitude control system interacts with the secondary structure, payload, and power system. It does not directly interact with the primary structure or communication system (represented by 0).
2025-02-23 15:16:51,736 - DSM_MultiModelExp_llm_rag_ollama:mixtral:8x22b_6k - INFO - Response:  Based on the information provided and general knowledge of CubeSat systems, here is a possible Design Structure Matrix (DSM) representation:

final response = [
[1, 1, 1, 1, 1, 1],
[1, 1, 0, 1, 1, 1],
[1, 0, 1, 0, 1, 1],
[1, 1, 0, 1, 1, 1],
[1, 1, 1, 1, 1, 1],
[1, 1, 1, 1, 1, 1]
]

Explanation:
- The primary structure interacts with all other components as it provides the main framework for the CubeSat.
- The secondary structure interacts with the payload, communication system, power system, and attitude control system as it supports these components. It does not directly interact with the primary structure (represented by 0).
- The payload interacts with the secondary structure, communication system, and power system. It does not directly interact with the primary structure or attitude control system (represented by 0).
- The communication system interacts with all other components as it needs to communicate data from various systems.
- The power system interacts with all other components as it provides power to them.
- The attitude control system interacts with the secondary structure, payload, and power system. It does not directly interact with the primary structure or communication system (represented by 0).
2025-02-23 15:16:51,737 - DSM_MultiModelExp_llm_rag_ollama:mixtral:8x22b_6k - INFO - Matrix: [[1, 1, 1, 1, 1, 1], [1, 1, 0, 1, 1, 1], [1, 0, 1, 0, 1, 1], [1, 1, 0, 1, 1, 1], [1, 1, 1, 1, 1, 1], [1, 1, 1, 1, 1, 1]]
2025-02-23 15:16:51,738 - DSM_MultiModelExp_llm_rag_ollama:mixtral:8x22b_6k - INFO - Final Matrix:
[[1, 1, 1, 1, 1, 1], [1, 1, 0, 1, 1, 1], [1, 0, 1, 0, 1, 1], [1, 1, 0, 1, 1, 1], [1, 1, 1, 1, 1, 1], [1, 1, 1, 1, 1, 1]]
2025-02-23 15:16:51,739 - DSM_MultiModelExp_llm_rag_ollama:mixtral:8x22b_6k - INFO - --------------------------------------------------
2025-02-23 15:16:51,739 - DSM_MultiModelExp_llm_rag_ollama:mixtral:8x22b_6k - INFO - Matrix from response.
2025-02-23 15:16:51,740 - DSM_MultiModelExp_llm_rag_ollama:mixtral:8x22b_6k - INFO - At run 4/5
2025-02-23 15:16:51,742 - DSM_MultiModelExp_llm_rag_ollama:mixtral:8x22b_6k - INFO - Matrix: [[1, 1, 1, 1, 1, 1], [1, 1, 0, 1, 1, 1], [1, 0, 1, 0, 1, 1], [1, 1, 0, 1, 1, 1], [1, 1, 1, 1, 1, 1], [1, 1, 1, 1, 1, 1]]
2025-02-23 15:16:51,742 - DSM_MultiModelExp_llm_rag_ollama:mixtral:8x22b_6k - INFO - --------------------------------------------------
2025-02-23 15:17:01,753 - DSM_MultiModelExp_llm_rag_ollama:mixtral:8x22b_6k - INFO - Run 5/5
2025-02-23 15:17:01,795 - DSM_MultiModelExp_llm_rag_ollama:mixtral:8x22b_6k - INFO - DEBUG: Initializing RAGInference.
2025-02-23 15:17:01,796 - DSM_MultiModelExp_llm_rag_ollama:mixtral:8x22b_6k - INFO - Using R-type: ['R2']
2025-02-23 15:17:01,797 - DSM_MultiModelExp_llm_rag_ollama:mixtral:8x22b_6k - INFO - Using embedding model: text-embedding-3-small
2025-02-23 15:17:01,831 - DSM_MultiModelExp_llm_rag_ollama:mixtral:8x22b_6k - INFO - VectorStoreManager initialized
2025-02-23 15:17:01,832 - DSM_MultiModelExp_llm_rag_ollama:mixtral:8x22b_6k - INFO - Set database path to: xLM_DSM/data/vectorstore/CubeSat/llm_rag/text-embedding-3-small
2025-02-23 15:17:01,840 - DSM_MultiModelExp_llm_rag_ollama:mixtral:8x22b_6k - INFO - Collection count: 2320
2025-02-23 15:17:01,843 - DSM_MultiModelExp_llm_rag_ollama:mixtral:8x22b_6k - INFO - Initialized RAG inference for system: CubeSat (nanosatellite)
2025-02-23 15:17:01,844 - DSM_MultiModelExp_llm_rag_ollama:mixtral:8x22b_6k - INFO - Initialized DSM for system: CubeSat (nanosatellite)
2025-02-23 15:17:01,845 - DSM_MultiModelExp_llm_rag_ollama:mixtral:8x22b_6k - INFO - Inference model: ollama:mixtral:8x22b_6k
2025-02-23 15:17:01,846 - DSM_MultiModelExp_llm_rag_ollama:mixtral:8x22b_6k - INFO - Predicted Components: ['Primary structure', 'Secondary structure', 'Payload', 'Communication system', 'Power system', 'Attitude control system']
2025-02-23 15:17:01,847 - DSM_MultiModelExp_llm_rag_ollama:mixtral:8x22b_6k - INFO - Number of components: 6
2025-02-23 15:17:01,848 - DSM_MultiModelExp_llm_rag_ollama:mixtral:8x22b_6k - INFO - Predicted components for query: ['Primary structure', 'Secondary structure', 'Payload', 'Communication system', 'Power system', 'Attitude control system']
2025-02-23 15:17:01,849 - DSM_MultiModelExp_llm_rag_ollama:mixtral:8x22b_6k - INFO - Query: 
        Please identify system-level hierarchical whole-part relationships between the components of CubeSat (nanosatellite), as listed below, and represent them in a Design Structure Matrix (DSM) format.          
        The relationships should be articulated in plain English, capturing the essence of their interactions.         
        Here is the list of subsystems/components to analyze: ['Primary structure', 'Secondary structure', 'Payload', 'Communication system', 'Power system', 'Attitude control system']         
        The DSM should clearly indicate the interactions between these components as 1 exist and 0 does not exist, considering both the presence and nature of these connections.         
        Present the output in a square matrix format (number of rows and columns MUST be the same as the number of components = 6 for this example), with rows and columns labeled accordingly.         
        Diagonal elements should be 1 in DSM matrix since each component interacts with itself.         
        If you don't know the answer, just write 2 for the specific cell that you are unsure of. A worst case scenario of the **as a list of lists** shown below (diagonal elements are 1 and unsure ones are 2). Don't make up an answer.         
        final response = [[1, 2, 2, 2, 2, 2, 2],[2, 1, 2, 2, 2, 2, 2],[2, 2, 1, 2, 2, 2, 2],[2, 2, 2, 1, 2, 2, 2],[2, 2, 2, 2, 1, 2, 2],[2, 2, 2, 2, 2, 1, 2],[2, 2, 2, 2, 2, 2, 1]] for 7 components         
        final response = [[1, 2, 2],[2, 1, 2],[2, 2, 1]] for 3 components         
        IMPORTANT: Your response must **ONLY** contain a valid **as a list of lists** in the following example format 7x7 matrix.         
        The below list of lists is just examples format of a response. **Replace** the values with your **actual analysis** while providing your response with parameter of 'final response'.        
        final response = [[1, 0, 0, 0, 0, 0, 0],[0, 1, 0, 0, 0, 0, 0],[0, 0, 1, 0, 0, 0, 0],   [0, 0, 0, 1, 0, 0, 0],[0, 0, 0, 0, 1, 0, 0],[0, 0, 0, 0, 0, 1, 0],[0, 0, 0, 0, 0, 0, 1]] for 7 components         
        final response = [[1, 0, 0],[0, 1, 0],[0, 0, 1]] for 3 components         
        IMPORTANT: THE FORMAT OF THE OUTPUT MUST BE AS LIST OF LISTS ONLY SIMILAR TO THE ONE ABOVE (NO LATEX, CODE, OR OTHER ENCODINGS).
        
2025-02-23 15:17:41,064 - DSM_MultiModelExp_llm_rag_ollama:mixtral:8x22b_6k - INFO - Number of documents retrieved: 4
2025-02-23 15:17:41,065 - DSM_MultiModelExp_llm_rag_ollama:mixtral:8x22b_6k - INFO - Documents used for this query:
2025-02-23 15:17:41,065 - DSM_MultiModelExp_llm_rag_ollama:mixtral:8x22b_6k - INFO - File: ../data/use_cases_large/CubeSat/reference_pdfs/R2_combined.pdf
2025-02-23 15:17:41,066 - DSM_MultiModelExp_llm_rag_ollama:mixtral:8x22b_6k - INFO - Page: 13
2025-02-23 15:17:41,067 - DSM_MultiModelExp_llm_rag_ollama:mixtral:8x22b_6k - INFO - Content: 5 Introduction to Design Structure Matrix Methods 
of the next section). Here we begin by adopting the original DSM convention with inputs 
in rows (IR) and outputs in columns. Later we also present e ...
2025-02-23 15:17:41,067 - DSM_MultiModelExp_llm_rag_ollama:mixtral:8x22b_6k - INFO - File: ../data/use_cases_large/CubeSat/reference_pdfs/R2_combined.pdf
2025-02-23 15:17:41,068 - DSM_MultiModelExp_llm_rag_ollama:mixtral:8x22b_6k - INFO - Page: 510
2025-02-23 15:17:41,068 - DSM_MultiModelExp_llm_rag_ollama:mixtral:8x22b_6k - INFO - Content: sidered a CubeSat. Nevertheless, some of the constraints that dictate the structural
design are derived from the mission and systems requirements. For this reason, it
is important to give the CubeSat  ...
2025-02-23 15:17:41,069 - DSM_MultiModelExp_llm_rag_ollama:mixtral:8x22b_6k - INFO - File: ../data/use_cases_large/CubeSat/reference_pdfs/R2_combined.pdf
2025-02-23 15:17:41,070 - DSM_MultiModelExp_llm_rag_ollama:mixtral:8x22b_6k - INFO - Page: 527
2025-02-23 15:17:41,070 - DSM_MultiModelExp_llm_rag_ollama:mixtral:8x22b_6k - INFO - Content: 7 Conclusions
In this chapter an overview of best practices during the structural system design and
manufacturing has been presented. In particular, attention has been focused on the def-
inition of t ...
2025-02-23 15:17:41,071 - DSM_MultiModelExp_llm_rag_ollama:mixtral:8x22b_6k - INFO - File: ../data/use_cases_large/CubeSat/reference_pdfs/R2_combined.pdf
2025-02-23 15:17:41,071 - DSM_MultiModelExp_llm_rag_ollama:mixtral:8x22b_6k - INFO - Page: 14
2025-02-23 15:17:41,072 - DSM_MultiModelExp_llm_rag_ollama:mixtral:8x22b_6k - INFO - Content: 6 Chapter 1 
A 
C 
A C B E G 0 F H 
A:X 
----.. ----- ----
xic 
B B:: X i X 
, " , 
____ ... _____ ____ .J _____ l _____ '- ___ _ 
E i XiEixi 
, " , 
G "'T'" "'TXTGTX-, " +--+-+---I 
o ""r'" 'xT"Tx 0  ...
2025-02-23 15:17:41,074 - DSM_MultiModelExp_llm_rag_ollama:mixtral:8x22b_6k - INFO - Raw Response:  Based on the information provided and general knowledge of CubeSat systems, here is a possible Design Structure Matrix (DSM) representation:

final response = [
[1, 1, 1, 1, 1, 1],
[1, 1, 0, 1, 1, 1],
[1, 0, 1, 0, 1, 1],
[1, 1, 0, 1, 1, 1],
[1, 1, 1, 1, 1, 1],
[1, 1, 1, 1, 1, 1]
]

Explanation:
- The primary structure interacts with all other components as it provides the main framework for the CubeSat.
- The secondary structure interacts with the payload, communication system, power system, and attitude control system as it supports these components. It does not directly interact with the primary structure (represented by 0).
- The payload interacts with the secondary structure, communication system, and power system. It does not directly interact with the primary structure or attitude control system (represented by 0).
- The communication system interacts with all other components as it needs to communicate data from various systems.
- The power system interacts with all other components as it provides power to them.
- The attitude control system interacts with the secondary structure, payload, and power system. It does not directly interact with the primary structure or communication system (represented by 0).
2025-02-23 15:17:41,075 - DSM_MultiModelExp_llm_rag_ollama:mixtral:8x22b_6k - INFO - Response:  Based on the information provided and general knowledge of CubeSat systems, here is a possible Design Structure Matrix (DSM) representation:

final response = [
[1, 1, 1, 1, 1, 1],
[1, 1, 0, 1, 1, 1],
[1, 0, 1, 0, 1, 1],
[1, 1, 0, 1, 1, 1],
[1, 1, 1, 1, 1, 1],
[1, 1, 1, 1, 1, 1]
]

Explanation:
- The primary structure interacts with all other components as it provides the main framework for the CubeSat.
- The secondary structure interacts with the payload, communication system, power system, and attitude control system as it supports these components. It does not directly interact with the primary structure (represented by 0).
- The payload interacts with the secondary structure, communication system, and power system. It does not directly interact with the primary structure or attitude control system (represented by 0).
- The communication system interacts with all other components as it needs to communicate data from various systems.
- The power system interacts with all other components as it provides power to them.
- The attitude control system interacts with the secondary structure, payload, and power system. It does not directly interact with the primary structure or communication system (represented by 0).
2025-02-23 15:17:41,076 - DSM_MultiModelExp_llm_rag_ollama:mixtral:8x22b_6k - INFO - Matrix: [[1, 1, 1, 1, 1, 1], [1, 1, 0, 1, 1, 1], [1, 0, 1, 0, 1, 1], [1, 1, 0, 1, 1, 1], [1, 1, 1, 1, 1, 1], [1, 1, 1, 1, 1, 1]]
2025-02-23 15:17:41,076 - DSM_MultiModelExp_llm_rag_ollama:mixtral:8x22b_6k - INFO - Final Matrix:
[[1, 1, 1, 1, 1, 1], [1, 1, 0, 1, 1, 1], [1, 0, 1, 0, 1, 1], [1, 1, 0, 1, 1, 1], [1, 1, 1, 1, 1, 1], [1, 1, 1, 1, 1, 1]]
2025-02-23 15:17:41,077 - DSM_MultiModelExp_llm_rag_ollama:mixtral:8x22b_6k - INFO - --------------------------------------------------
2025-02-23 15:17:41,077 - DSM_MultiModelExp_llm_rag_ollama:mixtral:8x22b_6k - INFO - Matrix from response.
2025-02-23 15:17:41,078 - DSM_MultiModelExp_llm_rag_ollama:mixtral:8x22b_6k - INFO - At run 5/5
2025-02-23 15:17:41,079 - DSM_MultiModelExp_llm_rag_ollama:mixtral:8x22b_6k - INFO - Matrix: [[1, 1, 1, 1, 1, 1], [1, 1, 0, 1, 1, 1], [1, 0, 1, 0, 1, 1], [1, 1, 0, 1, 1, 1], [1, 1, 1, 1, 1, 1], [1, 1, 1, 1, 1, 1]]
2025-02-23 15:17:41,079 - DSM_MultiModelExp_llm_rag_ollama:mixtral:8x22b_6k - INFO - --------------------------------------------------
2025-02-23 15:17:51,090 - DSM_MultiModelExp_llm_rag_ollama:mixtral:8x22b_6k - INFO - Duration of reference combination {'R2': [{'path': '../data/use_cases_large/CubeSat/reference_pdfs/R2_combined.pdf'}]}: 0:04:39.995117
2025-02-23 15:17:51,091 - DSM_MultiModelExp_llm_rag_ollama:mixtral:8x22b_6k - INFO - ++++++++++++++++++++++++++++++++++++++++++++++++++++++++++++++++++++++++++++++++++++++++++++++++++++
2025-02-23 15:17:51,092 - DSM_MultiModelExp_llm_rag_ollama:mixtral:8x22b_6k - INFO - Run 1/5
2025-02-23 15:17:51,127 - DSM_MultiModelExp_llm_rag_ollama:mixtral:8x22b_6k - INFO - DEBUG: Initializing RAGInference.
2025-02-23 15:17:51,128 - DSM_MultiModelExp_llm_rag_ollama:mixtral:8x22b_6k - INFO - Using R-type: ['R3']
2025-02-23 15:17:51,129 - DSM_MultiModelExp_llm_rag_ollama:mixtral:8x22b_6k - INFO - Using embedding model: text-embedding-3-small
2025-02-23 15:17:51,163 - DSM_MultiModelExp_llm_rag_ollama:mixtral:8x22b_6k - INFO - VectorStoreManager initialized
2025-02-23 15:17:51,163 - DSM_MultiModelExp_llm_rag_ollama:mixtral:8x22b_6k - INFO - Set database path to: xLM_DSM/data/vectorstore/CubeSat/llm_rag/text-embedding-3-small
2025-02-23 15:17:51,172 - DSM_MultiModelExp_llm_rag_ollama:mixtral:8x22b_6k - INFO - Collection count: 2320
2025-02-23 15:17:51,175 - DSM_MultiModelExp_llm_rag_ollama:mixtral:8x22b_6k - INFO - Initialized RAG inference for system: CubeSat (nanosatellite)
2025-02-23 15:17:51,175 - DSM_MultiModelExp_llm_rag_ollama:mixtral:8x22b_6k - INFO - Initialized DSM for system: CubeSat (nanosatellite)
2025-02-23 15:17:51,176 - DSM_MultiModelExp_llm_rag_ollama:mixtral:8x22b_6k - INFO - Inference model: ollama:mixtral:8x22b_6k
2025-02-23 15:17:51,177 - DSM_MultiModelExp_llm_rag_ollama:mixtral:8x22b_6k - INFO - Prompt (attempt 1/3): 
            Please identify the major components of CubeSat (nanosatellite) in the engineering based on hierarchical whole-part relationships.             
            The number of components must be 6 and must be a list of strings.             
            Please do not identify similar components that will work together under subsystem level since our interest is to identify the major components that form the core architecture of the system.             
            Here is an example of the components for made-up system:             
            final response = [ "component 1", "component 2", "component 3", "component 4", "component 5" ]             
            IMPORTANT: THE FORMAT OF THE OUTPUT MUST BE AS A LIST OF STRINGS ONLY SIMILAR TO THE ONE ABOVE (NO LATEX, NO CODE, NO DESCRIPTION, OR OTHER ENCODINGS).              
2025-02-23 15:18:02,892 - DSM_MultiModelExp_llm_rag_ollama:mixtral:8x22b_6k - INFO - Number of documents retrieved: 4
2025-02-23 15:18:02,893 - DSM_MultiModelExp_llm_rag_ollama:mixtral:8x22b_6k - INFO - Documents used for this query:
2025-02-23 15:18:02,894 - DSM_MultiModelExp_llm_rag_ollama:mixtral:8x22b_6k - INFO - File: ../data/use_cases_large/CubeSat/reference_pdfs/R3_combined.pdf
2025-02-23 15:18:02,895 - DSM_MultiModelExp_llm_rag_ollama:mixtral:8x22b_6k - INFO - Page: 0
2025-02-23 15:18:02,896 - DSM_MultiModelExp_llm_rag_ollama:mixtral:8x22b_6k - INFO - Content: HyperDuino-based CubeSat
By dthornburg in CircuitsArduino
Introduction: HyperDuino-based CubeSat
My interest in space exploration started in October, 1957 with the launch of Sputnik. In 1961 I did a
s ...
2025-02-23 15:18:02,897 - DSM_MultiModelExp_llm_rag_ollama:mixtral:8x22b_6k - INFO - File: ../data/use_cases_large/CubeSat/reference_pdfs/R3_combined.pdf
2025-02-23 15:18:02,898 - DSM_MultiModelExp_llm_rag_ollama:mixtral:8x22b_6k - INFO - Page: 9
2025-02-23 15:18:02,899 - DSM_MultiModelExp_llm_rag_ollama:mixtral:8x22b_6k - INFO - Content: Launch-Ready SSTV CubeSat
By MandraSaptak Mandal in CircuitsMicrocontrollers
Introduction: Launch-Ready SSTV CubeSat
Satellites are man-made instruments that collect information and data from space. H ...
2025-02-23 15:18:02,900 - DSM_MultiModelExp_llm_rag_ollama:mixtral:8x22b_6k - INFO - File: ../data/use_cases_large/CubeSat/reference_pdfs/R3_combined.pdf
2025-02-23 15:18:02,901 - DSM_MultiModelExp_llm_rag_ollama:mixtral:8x22b_6k - INFO - Page: 2
2025-02-23 15:18:02,902 - DSM_MultiModelExp_llm_rag_ollama:mixtral:8x22b_6k - INFO - Content: Step 1: Stuff You'll Need
Parts:
1 Satellite housing made with a 3D printer ― all the STL files you need are here. Contact the
author at david@tcse-k12.org if you don’t have a 3D printer and he can ma ...
2025-02-23 15:18:02,903 - DSM_MultiModelExp_llm_rag_ollama:mixtral:8x22b_6k - INFO - File: ../data/use_cases_large/CubeSat/reference_pdfs/R3_combined.pdf
2025-02-23 15:18:02,904 - DSM_MultiModelExp_llm_rag_ollama:mixtral:8x22b_6k - INFO - Page: 3
2025-02-23 15:18:02,905 - DSM_MultiModelExp_llm_rag_ollama:mixtral:8x22b_6k - INFO - Content: parts, although superglue can fix any accidents you have. The picture shows what it looks like when
the housing is finished.
Next, mount one base plate on an end part using four 1 ¼” screws and 12 nut ...
2025-02-23 15:18:02,905 - DSM_MultiModelExp_llm_rag_ollama:mixtral:8x22b_6k - INFO - Raw Response:  ["Satellite housing", "Arduino development board", "HyperDuino shield", "Light and temperature sensors", "Jumper cables", "Battery cable and 9V battery"]
2025-02-23 15:18:02,906 - DSM_MultiModelExp_llm_rag_ollama:mixtral:8x22b_6k - INFO - Matrix: ['Satellite housing', 'Arduino development board', 'HyperDuino shield', 'Light and temperature sensors', 'Jumper cables', 'Battery cable and 9V battery']
2025-02-23 15:18:02,907 - DSM_MultiModelExp_llm_rag_ollama:mixtral:8x22b_6k - INFO - Components: ['Satellite housing', 'Arduino development board', 'HyperDuino shield', 'Light and temperature sensors', 'Jumper cables', 'Battery cable and 9V battery']
2025-02-23 15:18:11,250 - DSM_MultiModelExp_llm_rag_ollama:mixtral:8x22b_6k - INFO - Number of documents retrieved: 4
2025-02-23 15:18:11,251 - DSM_MultiModelExp_llm_rag_ollama:mixtral:8x22b_6k - INFO - Documents used for this query:
2025-02-23 15:18:11,252 - DSM_MultiModelExp_llm_rag_ollama:mixtral:8x22b_6k - INFO - File: ../data/use_cases_large/CubeSat/reference_pdfs/R3_combined.pdf
2025-02-23 15:18:11,253 - DSM_MultiModelExp_llm_rag_ollama:mixtral:8x22b_6k - INFO - Page: 1
2025-02-23 15:18:11,254 - DSM_MultiModelExp_llm_rag_ollama:mixtral:8x22b_6k - INFO - Content: you wish.
This intermediate level project lets you explore all aspects of the satellite design process from the
building of the CubeSat model itself, to programming the Arduino-based electronics and r ...
2025-02-23 15:18:11,254 - DSM_MultiModelExp_llm_rag_ollama:mixtral:8x22b_6k - INFO - File: ../data/use_cases_large/CubeSat/reference_pdfs/R3_combined.pdf
2025-02-23 15:18:11,256 - DSM_MultiModelExp_llm_rag_ollama:mixtral:8x22b_6k - INFO - Page: 0
2025-02-23 15:18:11,257 - DSM_MultiModelExp_llm_rag_ollama:mixtral:8x22b_6k - INFO - Content: HyperDuino-based CubeSat
By dthornburg in CircuitsArduino
Introduction: HyperDuino-based CubeSat
My interest in space exploration started in October, 1957 with the launch of Sputnik. In 1961 I did a
s ...
2025-02-23 15:18:11,258 - DSM_MultiModelExp_llm_rag_ollama:mixtral:8x22b_6k - INFO - File: ../data/use_cases_large/CubeSat/reference_pdfs/R3_combined.pdf
2025-02-23 15:18:11,259 - DSM_MultiModelExp_llm_rag_ollama:mixtral:8x22b_6k - INFO - Page: 2
2025-02-23 15:18:11,260 - DSM_MultiModelExp_llm_rag_ollama:mixtral:8x22b_6k - INFO - Content: Step 1: Stuff You'll Need
Parts:
1 Satellite housing made with a 3D printer ― all the STL files you need are here. Contact the
author at david@tcse-k12.org if you don’t have a 3D printer and he can ma ...
2025-02-23 15:18:11,261 - DSM_MultiModelExp_llm_rag_ollama:mixtral:8x22b_6k - INFO - File: ../data/use_cases_large/CubeSat/reference_pdfs/R3_combined.pdf
2025-02-23 15:18:11,262 - DSM_MultiModelExp_llm_rag_ollama:mixtral:8x22b_6k - INFO - Page: 1
2025-02-23 15:18:11,263 - DSM_MultiModelExp_llm_rag_ollama:mixtral:8x22b_6k - INFO - Content: CubeSats (www.cubesat.org) are small satellites 10 cm on a side that typically are put into low earth
orbit. If you are a student or teacher, you will want to check out the Ardusat site (www.ardsat.co ...
2025-02-23 15:18:11,264 - DSM_MultiModelExp_llm_rag_ollama:mixtral:8x22b_6k - INFO - Raw Response:  Valid
2025-02-23 15:18:11,265 - DSM_MultiModelExp_llm_rag_ollama:mixtral:8x22b_6k - INFO - Validation response:  Valid
2025-02-23 15:18:11,265 - DSM_MultiModelExp_llm_rag_ollama:mixtral:8x22b_6k - INFO - Filtered validation response:  Valid
2025-02-23 15:18:11,267 - DSM_MultiModelExp_llm_rag_ollama:mixtral:8x22b_6k - INFO - Component list validated successfully on attempt 1
2025-02-23 15:18:11,267 - DSM_MultiModelExp_llm_rag_ollama:mixtral:8x22b_6k - INFO - Components: ['Satellite housing', 'Arduino development board', 'HyperDuino shield', 'Light and temperature sensors', 'Jumper cables', 'Battery cable and 9V battery']
2025-02-23 15:18:11,268 - DSM_MultiModelExp_llm_rag_ollama:mixtral:8x22b_6k - INFO - --------------------------------------------------
2025-02-23 15:18:11,269 - DSM_MultiModelExp_llm_rag_ollama:mixtral:8x22b_6k - INFO - Predicted Components: ['Satellite housing', 'Arduino development board', 'HyperDuino shield', 'Light and temperature sensors', 'Jumper cables', 'Battery cable and 9V battery']
2025-02-23 15:18:11,270 - DSM_MultiModelExp_llm_rag_ollama:mixtral:8x22b_6k - INFO - Number of components: 6
2025-02-23 15:18:11,271 - DSM_MultiModelExp_llm_rag_ollama:mixtral:8x22b_6k - INFO - Predicted components for query: ['Satellite housing', 'Arduino development board', 'HyperDuino shield', 'Light and temperature sensors', 'Jumper cables', 'Battery cable and 9V battery']
2025-02-23 15:18:11,272 - DSM_MultiModelExp_llm_rag_ollama:mixtral:8x22b_6k - INFO - Query: 
        Please identify system-level hierarchical whole-part relationships between the components of CubeSat (nanosatellite), as listed below, and represent them in a Design Structure Matrix (DSM) format.          
        The relationships should be articulated in plain English, capturing the essence of their interactions.         
        Here is the list of subsystems/components to analyze: ['Satellite housing', 'Arduino development board', 'HyperDuino shield', 'Light and temperature sensors', 'Jumper cables', 'Battery cable and 9V battery']         
        The DSM should clearly indicate the interactions between these components as 1 exist and 0 does not exist, considering both the presence and nature of these connections.         
        Present the output in a square matrix format (number of rows and columns MUST be the same as the number of components = 6 for this example), with rows and columns labeled accordingly.         
        Diagonal elements should be 1 in DSM matrix since each component interacts with itself.         
        If you don't know the answer, just write 2 for the specific cell that you are unsure of. A worst case scenario of the **as a list of lists** shown below (diagonal elements are 1 and unsure ones are 2). Don't make up an answer.         
        final response = [[1, 2, 2, 2, 2, 2, 2],[2, 1, 2, 2, 2, 2, 2],[2, 2, 1, 2, 2, 2, 2],[2, 2, 2, 1, 2, 2, 2],[2, 2, 2, 2, 1, 2, 2],[2, 2, 2, 2, 2, 1, 2],[2, 2, 2, 2, 2, 2, 1]] for 7 components         
        final response = [[1, 2, 2],[2, 1, 2],[2, 2, 1]] for 3 components         
        IMPORTANT: Your response must **ONLY** contain a valid **as a list of lists** in the following example format 7x7 matrix.         
        The below list of lists is just examples format of a response. **Replace** the values with your **actual analysis** while providing your response with parameter of 'final response'.        
        final response = [[1, 0, 0, 0, 0, 0, 0],[0, 1, 0, 0, 0, 0, 0],[0, 0, 1, 0, 0, 0, 0],   [0, 0, 0, 1, 0, 0, 0],[0, 0, 0, 0, 1, 0, 0],[0, 0, 0, 0, 0, 1, 0],[0, 0, 0, 0, 0, 0, 1]] for 7 components         
        final response = [[1, 0, 0],[0, 1, 0],[0, 0, 1]] for 3 components         
        IMPORTANT: THE FORMAT OF THE OUTPUT MUST BE AS LIST OF LISTS ONLY SIMILAR TO THE ONE ABOVE (NO LATEX, CODE, OR OTHER ENCODINGS).
        
2025-02-23 15:19:09,296 - DSM_MultiModelExp_llm_rag_ollama:mixtral:8x22b_6k - INFO - Number of documents retrieved: 4
2025-02-23 15:19:09,298 - DSM_MultiModelExp_llm_rag_ollama:mixtral:8x22b_6k - INFO - Documents used for this query:
2025-02-23 15:19:09,299 - DSM_MultiModelExp_llm_rag_ollama:mixtral:8x22b_6k - INFO - File: ../data/use_cases_large/CubeSat/reference_pdfs/R3_combined.pdf
2025-02-23 15:19:09,300 - DSM_MultiModelExp_llm_rag_ollama:mixtral:8x22b_6k - INFO - Page: 2
2025-02-23 15:19:09,301 - DSM_MultiModelExp_llm_rag_ollama:mixtral:8x22b_6k - INFO - Content: Step 1: Stuff You'll Need
Parts:
1 Satellite housing made with a 3D printer ― all the STL files you need are here. Contact the
author at david@tcse-k12.org if you don’t have a 3D printer and he can ma ...
2025-02-23 15:19:09,302 - DSM_MultiModelExp_llm_rag_ollama:mixtral:8x22b_6k - INFO - File: ../data/use_cases_large/CubeSat/reference_pdfs/R3_combined.pdf
2025-02-23 15:19:09,302 - DSM_MultiModelExp_llm_rag_ollama:mixtral:8x22b_6k - INFO - Page: 1
2025-02-23 15:19:09,304 - DSM_MultiModelExp_llm_rag_ollama:mixtral:8x22b_6k - INFO - Content: you wish.
This intermediate level project lets you explore all aspects of the satellite design process from the
building of the CubeSat model itself, to programming the Arduino-based electronics and r ...
2025-02-23 15:19:09,305 - DSM_MultiModelExp_llm_rag_ollama:mixtral:8x22b_6k - INFO - File: ../data/use_cases_large/CubeSat/reference_pdfs/R3_combined.pdf
2025-02-23 15:19:09,305 - DSM_MultiModelExp_llm_rag_ollama:mixtral:8x22b_6k - INFO - Page: 0
2025-02-23 15:19:09,307 - DSM_MultiModelExp_llm_rag_ollama:mixtral:8x22b_6k - INFO - Content: HyperDuino-based CubeSat
By dthornburg in CircuitsArduino
Introduction: HyperDuino-based CubeSat
My interest in space exploration started in October, 1957 with the launch of Sputnik. In 1961 I did a
s ...
2025-02-23 15:19:09,308 - DSM_MultiModelExp_llm_rag_ollama:mixtral:8x22b_6k - INFO - File: ../data/use_cases_large/CubeSat/reference_pdfs/R3_combined.pdf
2025-02-23 15:19:09,309 - DSM_MultiModelExp_llm_rag_ollama:mixtral:8x22b_6k - INFO - Page: 6
2025-02-23 15:19:09,309 - DSM_MultiModelExp_llm_rag_ollama:mixtral:8x22b_6k - INFO - Content: Step 4: Putting All the Hardware Together
Looking at the top of the HyperDuino shield, you’ll see two black connectors, one blue connector and
a white one. The black connectors are used for digital ou ...
2025-02-23 15:19:09,311 - DSM_MultiModelExp_llm_rag_ollama:mixtral:8x22b_6k - INFO - Raw Response:  Based on the provided context, here is a Design Structure Matrix (DSM) representation of the system-level hierarchical whole-part relationships between the components of CubeSat:

final response = [[1, 1, 1, 0, 0, 0], [1, 1, 1, 0, 0, 0], [1, 1, 1, 1, 1, 1], [0, 0, 1, 1, 1, 0], [0, 0, 1, 1, 1, 0], [0, 0, 1, 0, 0, 1]]

Explanation:
- The 'Satellite housing' interacts with the 'Arduino development board' and 'HyperDuino shield', as they are housed within it. Therefore, a value of 1 is assigned for these interactions in the DSM matrix.
- The 'Arduino development board' also interacts with the 'HyperDuino shield'. Hence, a value of 1 is assigned for this interaction.
- The 'HyperDuino shield' interacts with all other components: it connects to the 'Light and temperature sensors', 'Jumper cables', and 'Battery cable and 9V battery'. Therefore, a value of 1 is assigned for these interactions in the DSM matrix.
- The 'Light and temperature sensors' interact with the 'HyperDuino shield' via jumper cables. Hence, a value of 1 is assigned for this interaction.
- The 'Jumper cables' also interact with the 'HyperDuino shield'. Therefore, a value of 1 is assigned for this interaction in the DSM matrix.
- The 'Battery cable and 9V battery' only interacts with the 'HyperDuino shield', providing power to it. Hence, a value of 1 is assigned for this interaction.
2025-02-23 15:19:09,311 - DSM_MultiModelExp_llm_rag_ollama:mixtral:8x22b_6k - INFO - Response:  Based on the provided context, here is a Design Structure Matrix (DSM) representation of the system-level hierarchical whole-part relationships between the components of CubeSat:

final response = [[1, 1, 1, 0, 0, 0], [1, 1, 1, 0, 0, 0], [1, 1, 1, 1, 1, 1], [0, 0, 1, 1, 1, 0], [0, 0, 1, 1, 1, 0], [0, 0, 1, 0, 0, 1]]

Explanation:
- The 'Satellite housing' interacts with the 'Arduino development board' and 'HyperDuino shield', as they are housed within it. Therefore, a value of 1 is assigned for these interactions in the DSM matrix.
- The 'Arduino development board' also interacts with the 'HyperDuino shield'. Hence, a value of 1 is assigned for this interaction.
- The 'HyperDuino shield' interacts with all other components: it connects to the 'Light and temperature sensors', 'Jumper cables', and 'Battery cable and 9V battery'. Therefore, a value of 1 is assigned for these interactions in the DSM matrix.
- The 'Light and temperature sensors' interact with the 'HyperDuino shield' via jumper cables. Hence, a value of 1 is assigned for this interaction.
- The 'Jumper cables' also interact with the 'HyperDuino shield'. Therefore, a value of 1 is assigned for this interaction in the DSM matrix.
- The 'Battery cable and 9V battery' only interacts with the 'HyperDuino shield', providing power to it. Hence, a value of 1 is assigned for this interaction.
2025-02-23 15:19:09,312 - DSM_MultiModelExp_llm_rag_ollama:mixtral:8x22b_6k - INFO - Matrix: [[1, 1, 1, 0, 0, 0], [1, 1, 1, 0, 0, 0], [1, 1, 1, 1, 1, 1], [0, 0, 1, 1, 1, 0], [0, 0, 1, 1, 1, 0], [0, 0, 1, 0, 0, 1]]
2025-02-23 15:19:09,313 - DSM_MultiModelExp_llm_rag_ollama:mixtral:8x22b_6k - INFO - Final Matrix:
[[1, 1, 1, 0, 0, 0], [1, 1, 1, 0, 0, 0], [1, 1, 1, 1, 1, 1], [0, 0, 1, 1, 1, 0], [0, 0, 1, 1, 1, 0], [0, 0, 1, 0, 0, 1]]
2025-02-23 15:19:09,314 - DSM_MultiModelExp_llm_rag_ollama:mixtral:8x22b_6k - INFO - --------------------------------------------------
2025-02-23 15:19:09,315 - DSM_MultiModelExp_llm_rag_ollama:mixtral:8x22b_6k - INFO - Matrix from response.
2025-02-23 15:19:09,316 - DSM_MultiModelExp_llm_rag_ollama:mixtral:8x22b_6k - INFO - At run 1/5
2025-02-23 15:19:09,317 - DSM_MultiModelExp_llm_rag_ollama:mixtral:8x22b_6k - INFO - Matrix: [[1, 1, 1, 0, 0, 0], [1, 1, 1, 0, 0, 0], [1, 1, 1, 1, 1, 1], [0, 0, 1, 1, 1, 0], [0, 0, 1, 1, 1, 0], [0, 0, 1, 0, 0, 1]]
2025-02-23 15:19:09,317 - DSM_MultiModelExp_llm_rag_ollama:mixtral:8x22b_6k - INFO - --------------------------------------------------
2025-02-23 15:19:19,329 - DSM_MultiModelExp_llm_rag_ollama:mixtral:8x22b_6k - INFO - Run 2/5
2025-02-23 15:19:19,365 - DSM_MultiModelExp_llm_rag_ollama:mixtral:8x22b_6k - INFO - DEBUG: Initializing RAGInference.
2025-02-23 15:19:19,366 - DSM_MultiModelExp_llm_rag_ollama:mixtral:8x22b_6k - INFO - Using R-type: ['R3']
2025-02-23 15:19:19,367 - DSM_MultiModelExp_llm_rag_ollama:mixtral:8x22b_6k - INFO - Using embedding model: text-embedding-3-small
2025-02-23 15:19:19,403 - DSM_MultiModelExp_llm_rag_ollama:mixtral:8x22b_6k - INFO - VectorStoreManager initialized
2025-02-23 15:19:19,404 - DSM_MultiModelExp_llm_rag_ollama:mixtral:8x22b_6k - INFO - Set database path to: xLM_DSM/data/vectorstore/CubeSat/llm_rag/text-embedding-3-small
2025-02-23 15:19:19,412 - DSM_MultiModelExp_llm_rag_ollama:mixtral:8x22b_6k - INFO - Collection count: 2320
2025-02-23 15:19:19,415 - DSM_MultiModelExp_llm_rag_ollama:mixtral:8x22b_6k - INFO - Initialized RAG inference for system: CubeSat (nanosatellite)
2025-02-23 15:19:19,416 - DSM_MultiModelExp_llm_rag_ollama:mixtral:8x22b_6k - INFO - Initialized DSM for system: CubeSat (nanosatellite)
2025-02-23 15:19:19,417 - DSM_MultiModelExp_llm_rag_ollama:mixtral:8x22b_6k - INFO - Inference model: ollama:mixtral:8x22b_6k
2025-02-23 15:19:19,418 - DSM_MultiModelExp_llm_rag_ollama:mixtral:8x22b_6k - INFO - Predicted Components: ['Satellite housing', 'Arduino development board', 'HyperDuino shield', 'Light and temperature sensors', 'Jumper cables', 'Battery cable and 9V battery']
2025-02-23 15:19:19,419 - DSM_MultiModelExp_llm_rag_ollama:mixtral:8x22b_6k - INFO - Number of components: 6
2025-02-23 15:19:19,419 - DSM_MultiModelExp_llm_rag_ollama:mixtral:8x22b_6k - INFO - Predicted components for query: ['Satellite housing', 'Arduino development board', 'HyperDuino shield', 'Light and temperature sensors', 'Jumper cables', 'Battery cable and 9V battery']
2025-02-23 15:19:19,420 - DSM_MultiModelExp_llm_rag_ollama:mixtral:8x22b_6k - INFO - Query: 
        Please identify system-level hierarchical whole-part relationships between the components of CubeSat (nanosatellite), as listed below, and represent them in a Design Structure Matrix (DSM) format.          
        The relationships should be articulated in plain English, capturing the essence of their interactions.         
        Here is the list of subsystems/components to analyze: ['Satellite housing', 'Arduino development board', 'HyperDuino shield', 'Light and temperature sensors', 'Jumper cables', 'Battery cable and 9V battery']         
        The DSM should clearly indicate the interactions between these components as 1 exist and 0 does not exist, considering both the presence and nature of these connections.         
        Present the output in a square matrix format (number of rows and columns MUST be the same as the number of components = 6 for this example), with rows and columns labeled accordingly.         
        Diagonal elements should be 1 in DSM matrix since each component interacts with itself.         
        If you don't know the answer, just write 2 for the specific cell that you are unsure of. A worst case scenario of the **as a list of lists** shown below (diagonal elements are 1 and unsure ones are 2). Don't make up an answer.         
        final response = [[1, 2, 2, 2, 2, 2, 2],[2, 1, 2, 2, 2, 2, 2],[2, 2, 1, 2, 2, 2, 2],[2, 2, 2, 1, 2, 2, 2],[2, 2, 2, 2, 1, 2, 2],[2, 2, 2, 2, 2, 1, 2],[2, 2, 2, 2, 2, 2, 1]] for 7 components         
        final response = [[1, 2, 2],[2, 1, 2],[2, 2, 1]] for 3 components         
        IMPORTANT: Your response must **ONLY** contain a valid **as a list of lists** in the following example format 7x7 matrix.         
        The below list of lists is just examples format of a response. **Replace** the values with your **actual analysis** while providing your response with parameter of 'final response'.        
        final response = [[1, 0, 0, 0, 0, 0, 0],[0, 1, 0, 0, 0, 0, 0],[0, 0, 1, 0, 0, 0, 0],   [0, 0, 0, 1, 0, 0, 0],[0, 0, 0, 0, 1, 0, 0],[0, 0, 0, 0, 0, 1, 0],[0, 0, 0, 0, 0, 0, 1]] for 7 components         
        final response = [[1, 0, 0],[0, 1, 0],[0, 0, 1]] for 3 components         
        IMPORTANT: THE FORMAT OF THE OUTPUT MUST BE AS LIST OF LISTS ONLY SIMILAR TO THE ONE ABOVE (NO LATEX, CODE, OR OTHER ENCODINGS).
        
2025-02-23 15:20:05,313 - DSM_MultiModelExp_llm_rag_ollama:mixtral:8x22b_6k - INFO - Number of documents retrieved: 4
2025-02-23 15:20:05,314 - DSM_MultiModelExp_llm_rag_ollama:mixtral:8x22b_6k - INFO - Documents used for this query:
2025-02-23 15:20:05,315 - DSM_MultiModelExp_llm_rag_ollama:mixtral:8x22b_6k - INFO - File: ../data/use_cases_large/CubeSat/reference_pdfs/R3_combined.pdf
2025-02-23 15:20:05,316 - DSM_MultiModelExp_llm_rag_ollama:mixtral:8x22b_6k - INFO - Page: 2
2025-02-23 15:20:05,317 - DSM_MultiModelExp_llm_rag_ollama:mixtral:8x22b_6k - INFO - Content: Step 1: Stuff You'll Need
Parts:
1 Satellite housing made with a 3D printer ― all the STL files you need are here. Contact the
author at david@tcse-k12.org if you don’t have a 3D printer and he can ma ...
2025-02-23 15:20:05,318 - DSM_MultiModelExp_llm_rag_ollama:mixtral:8x22b_6k - INFO - File: ../data/use_cases_large/CubeSat/reference_pdfs/R3_combined.pdf
2025-02-23 15:20:05,319 - DSM_MultiModelExp_llm_rag_ollama:mixtral:8x22b_6k - INFO - Page: 1
2025-02-23 15:20:05,320 - DSM_MultiModelExp_llm_rag_ollama:mixtral:8x22b_6k - INFO - Content: you wish.
This intermediate level project lets you explore all aspects of the satellite design process from the
building of the CubeSat model itself, to programming the Arduino-based electronics and r ...
2025-02-23 15:20:05,321 - DSM_MultiModelExp_llm_rag_ollama:mixtral:8x22b_6k - INFO - File: ../data/use_cases_large/CubeSat/reference_pdfs/R3_combined.pdf
2025-02-23 15:20:05,322 - DSM_MultiModelExp_llm_rag_ollama:mixtral:8x22b_6k - INFO - Page: 0
2025-02-23 15:20:05,323 - DSM_MultiModelExp_llm_rag_ollama:mixtral:8x22b_6k - INFO - Content: HyperDuino-based CubeSat
By dthornburg in CircuitsArduino
Introduction: HyperDuino-based CubeSat
My interest in space exploration started in October, 1957 with the launch of Sputnik. In 1961 I did a
s ...
2025-02-23 15:20:05,324 - DSM_MultiModelExp_llm_rag_ollama:mixtral:8x22b_6k - INFO - File: ../data/use_cases_large/CubeSat/reference_pdfs/R3_combined.pdf
2025-02-23 15:20:05,325 - DSM_MultiModelExp_llm_rag_ollama:mixtral:8x22b_6k - INFO - Page: 6
2025-02-23 15:20:05,325 - DSM_MultiModelExp_llm_rag_ollama:mixtral:8x22b_6k - INFO - Content: Step 4: Putting All the Hardware Together
Looking at the top of the HyperDuino shield, you’ll see two black connectors, one blue connector and
a white one. The black connectors are used for digital ou ...
2025-02-23 15:20:05,326 - DSM_MultiModelExp_llm_rag_ollama:mixtral:8x22b_6k - INFO - Raw Response:  Based on the provided context, here is a Design Structure Matrix (DSM) representation of the system-level hierarchical whole-part relationships between the components of CubeSat:

final response = [[1, 1, 1, 0, 0, 0], [1, 1, 1, 0, 0, 0], [1, 1, 1, 1, 1, 1], [0, 0, 1, 1, 1, 0], [0, 0, 1, 1, 1, 0], [0, 0, 1, 0, 0, 1]]

Explanation:
- The 'Satellite housing' interacts with the 'Arduino development board' and 'HyperDuino shield', as they are mounted within it. However, there is no direct interaction with the sensors or cables.
- Both the 'Arduino development board' and 'HyperDuino shield' interact with each other since the HyperDuino shield is mounted on top of the Arduino board. They also interact with the 'Light and temperature sensors', as well as the 'Battery cable and 9V battery'.
- The 'Light and temperature sensors' interact with the 'HyperDuino shield' via jumper cables, but not directly with the other components.
- The 'Jumper cables' are used to connect the sensors to the HyperDuino shield, so they have a relationship with both of these components. However, there is no direct interaction with the housing or battery cable and 9V battery.
- The 'Battery cable and 9V battery' provide power to the Arduino board and HyperDuino shield, but do not directly interact with other components such as the sensors or jumper cables.
2025-02-23 15:20:05,327 - DSM_MultiModelExp_llm_rag_ollama:mixtral:8x22b_6k - INFO - Response:  Based on the provided context, here is a Design Structure Matrix (DSM) representation of the system-level hierarchical whole-part relationships between the components of CubeSat:

final response = [[1, 1, 1, 0, 0, 0], [1, 1, 1, 0, 0, 0], [1, 1, 1, 1, 1, 1], [0, 0, 1, 1, 1, 0], [0, 0, 1, 1, 1, 0], [0, 0, 1, 0, 0, 1]]

Explanation:
- The 'Satellite housing' interacts with the 'Arduino development board' and 'HyperDuino shield', as they are mounted within it. However, there is no direct interaction with the sensors or cables.
- Both the 'Arduino development board' and 'HyperDuino shield' interact with each other since the HyperDuino shield is mounted on top of the Arduino board. They also interact with the 'Light and temperature sensors', as well as the 'Battery cable and 9V battery'.
- The 'Light and temperature sensors' interact with the 'HyperDuino shield' via jumper cables, but not directly with the other components.
- The 'Jumper cables' are used to connect the sensors to the HyperDuino shield, so they have a relationship with both of these components. However, there is no direct interaction with the housing or battery cable and 9V battery.
- The 'Battery cable and 9V battery' provide power to the Arduino board and HyperDuino shield, but do not directly interact with other components such as the sensors or jumper cables.
2025-02-23 15:20:05,328 - DSM_MultiModelExp_llm_rag_ollama:mixtral:8x22b_6k - INFO - Matrix: [[1, 1, 1, 0, 0, 0], [1, 1, 1, 0, 0, 0], [1, 1, 1, 1, 1, 1], [0, 0, 1, 1, 1, 0], [0, 0, 1, 1, 1, 0], [0, 0, 1, 0, 0, 1]]
2025-02-23 15:20:05,330 - DSM_MultiModelExp_llm_rag_ollama:mixtral:8x22b_6k - INFO - Final Matrix:
[[1, 1, 1, 0, 0, 0], [1, 1, 1, 0, 0, 0], [1, 1, 1, 1, 1, 1], [0, 0, 1, 1, 1, 0], [0, 0, 1, 1, 1, 0], [0, 0, 1, 0, 0, 1]]
2025-02-23 15:20:05,331 - DSM_MultiModelExp_llm_rag_ollama:mixtral:8x22b_6k - INFO - --------------------------------------------------
2025-02-23 15:20:05,331 - DSM_MultiModelExp_llm_rag_ollama:mixtral:8x22b_6k - INFO - Matrix from response.
2025-02-23 15:20:05,332 - DSM_MultiModelExp_llm_rag_ollama:mixtral:8x22b_6k - INFO - At run 2/5
2025-02-23 15:20:05,333 - DSM_MultiModelExp_llm_rag_ollama:mixtral:8x22b_6k - INFO - Matrix: [[1, 1, 1, 0, 0, 0], [1, 1, 1, 0, 0, 0], [1, 1, 1, 1, 1, 1], [0, 0, 1, 1, 1, 0], [0, 0, 1, 1, 1, 0], [0, 0, 1, 0, 0, 1]]
2025-02-23 15:20:05,334 - DSM_MultiModelExp_llm_rag_ollama:mixtral:8x22b_6k - INFO - --------------------------------------------------
2025-02-23 15:20:15,345 - DSM_MultiModelExp_llm_rag_ollama:mixtral:8x22b_6k - INFO - Run 3/5
2025-02-23 15:20:15,381 - DSM_MultiModelExp_llm_rag_ollama:mixtral:8x22b_6k - INFO - DEBUG: Initializing RAGInference.
2025-02-23 15:20:15,382 - DSM_MultiModelExp_llm_rag_ollama:mixtral:8x22b_6k - INFO - Using R-type: ['R3']
2025-02-23 15:20:15,382 - DSM_MultiModelExp_llm_rag_ollama:mixtral:8x22b_6k - INFO - Using embedding model: text-embedding-3-small
2025-02-23 15:20:15,416 - DSM_MultiModelExp_llm_rag_ollama:mixtral:8x22b_6k - INFO - VectorStoreManager initialized
2025-02-23 15:20:15,417 - DSM_MultiModelExp_llm_rag_ollama:mixtral:8x22b_6k - INFO - Set database path to: xLM_DSM/data/vectorstore/CubeSat/llm_rag/text-embedding-3-small
2025-02-23 15:20:15,425 - DSM_MultiModelExp_llm_rag_ollama:mixtral:8x22b_6k - INFO - Collection count: 2320
2025-02-23 15:20:15,428 - DSM_MultiModelExp_llm_rag_ollama:mixtral:8x22b_6k - INFO - Initialized RAG inference for system: CubeSat (nanosatellite)
2025-02-23 15:20:15,429 - DSM_MultiModelExp_llm_rag_ollama:mixtral:8x22b_6k - INFO - Initialized DSM for system: CubeSat (nanosatellite)
2025-02-23 15:20:15,430 - DSM_MultiModelExp_llm_rag_ollama:mixtral:8x22b_6k - INFO - Inference model: ollama:mixtral:8x22b_6k
2025-02-23 15:20:15,431 - DSM_MultiModelExp_llm_rag_ollama:mixtral:8x22b_6k - INFO - Predicted Components: ['Satellite housing', 'Arduino development board', 'HyperDuino shield', 'Light and temperature sensors', 'Jumper cables', 'Battery cable and 9V battery']
2025-02-23 15:20:15,432 - DSM_MultiModelExp_llm_rag_ollama:mixtral:8x22b_6k - INFO - Number of components: 6
2025-02-23 15:20:15,433 - DSM_MultiModelExp_llm_rag_ollama:mixtral:8x22b_6k - INFO - Predicted components for query: ['Satellite housing', 'Arduino development board', 'HyperDuino shield', 'Light and temperature sensors', 'Jumper cables', 'Battery cable and 9V battery']
2025-02-23 15:20:15,433 - DSM_MultiModelExp_llm_rag_ollama:mixtral:8x22b_6k - INFO - Query: 
        Please identify system-level hierarchical whole-part relationships between the components of CubeSat (nanosatellite), as listed below, and represent them in a Design Structure Matrix (DSM) format.          
        The relationships should be articulated in plain English, capturing the essence of their interactions.         
        Here is the list of subsystems/components to analyze: ['Satellite housing', 'Arduino development board', 'HyperDuino shield', 'Light and temperature sensors', 'Jumper cables', 'Battery cable and 9V battery']         
        The DSM should clearly indicate the interactions between these components as 1 exist and 0 does not exist, considering both the presence and nature of these connections.         
        Present the output in a square matrix format (number of rows and columns MUST be the same as the number of components = 6 for this example), with rows and columns labeled accordingly.         
        Diagonal elements should be 1 in DSM matrix since each component interacts with itself.         
        If you don't know the answer, just write 2 for the specific cell that you are unsure of. A worst case scenario of the **as a list of lists** shown below (diagonal elements are 1 and unsure ones are 2). Don't make up an answer.         
        final response = [[1, 2, 2, 2, 2, 2, 2],[2, 1, 2, 2, 2, 2, 2],[2, 2, 1, 2, 2, 2, 2],[2, 2, 2, 1, 2, 2, 2],[2, 2, 2, 2, 1, 2, 2],[2, 2, 2, 2, 2, 1, 2],[2, 2, 2, 2, 2, 2, 1]] for 7 components         
        final response = [[1, 2, 2],[2, 1, 2],[2, 2, 1]] for 3 components         
        IMPORTANT: Your response must **ONLY** contain a valid **as a list of lists** in the following example format 7x7 matrix.         
        The below list of lists is just examples format of a response. **Replace** the values with your **actual analysis** while providing your response with parameter of 'final response'.        
        final response = [[1, 0, 0, 0, 0, 0, 0],[0, 1, 0, 0, 0, 0, 0],[0, 0, 1, 0, 0, 0, 0],   [0, 0, 0, 1, 0, 0, 0],[0, 0, 0, 0, 1, 0, 0],[0, 0, 0, 0, 0, 1, 0],[0, 0, 0, 0, 0, 0, 1]] for 7 components         
        final response = [[1, 0, 0],[0, 1, 0],[0, 0, 1]] for 3 components         
        IMPORTANT: THE FORMAT OF THE OUTPUT MUST BE AS LIST OF LISTS ONLY SIMILAR TO THE ONE ABOVE (NO LATEX, CODE, OR OTHER ENCODINGS).
        
2025-02-23 15:21:01,013 - DSM_MultiModelExp_llm_rag_ollama:mixtral:8x22b_6k - INFO - Number of documents retrieved: 4
2025-02-23 15:21:01,014 - DSM_MultiModelExp_llm_rag_ollama:mixtral:8x22b_6k - INFO - Documents used for this query:
2025-02-23 15:21:01,015 - DSM_MultiModelExp_llm_rag_ollama:mixtral:8x22b_6k - INFO - File: ../data/use_cases_large/CubeSat/reference_pdfs/R3_combined.pdf
2025-02-23 15:21:01,016 - DSM_MultiModelExp_llm_rag_ollama:mixtral:8x22b_6k - INFO - Page: 2
2025-02-23 15:21:01,017 - DSM_MultiModelExp_llm_rag_ollama:mixtral:8x22b_6k - INFO - Content: Step 1: Stuff You'll Need
Parts:
1 Satellite housing made with a 3D printer ― all the STL files you need are here. Contact the
author at david@tcse-k12.org if you don’t have a 3D printer and he can ma ...
2025-02-23 15:21:01,018 - DSM_MultiModelExp_llm_rag_ollama:mixtral:8x22b_6k - INFO - File: ../data/use_cases_large/CubeSat/reference_pdfs/R3_combined.pdf
2025-02-23 15:21:01,019 - DSM_MultiModelExp_llm_rag_ollama:mixtral:8x22b_6k - INFO - Page: 1
2025-02-23 15:21:01,020 - DSM_MultiModelExp_llm_rag_ollama:mixtral:8x22b_6k - INFO - Content: you wish.
This intermediate level project lets you explore all aspects of the satellite design process from the
building of the CubeSat model itself, to programming the Arduino-based electronics and r ...
2025-02-23 15:21:01,021 - DSM_MultiModelExp_llm_rag_ollama:mixtral:8x22b_6k - INFO - File: ../data/use_cases_large/CubeSat/reference_pdfs/R3_combined.pdf
2025-02-23 15:21:01,022 - DSM_MultiModelExp_llm_rag_ollama:mixtral:8x22b_6k - INFO - Page: 0
2025-02-23 15:21:01,023 - DSM_MultiModelExp_llm_rag_ollama:mixtral:8x22b_6k - INFO - Content: HyperDuino-based CubeSat
By dthornburg in CircuitsArduino
Introduction: HyperDuino-based CubeSat
My interest in space exploration started in October, 1957 with the launch of Sputnik. In 1961 I did a
s ...
2025-02-23 15:21:01,024 - DSM_MultiModelExp_llm_rag_ollama:mixtral:8x22b_6k - INFO - File: ../data/use_cases_large/CubeSat/reference_pdfs/R3_combined.pdf
2025-02-23 15:21:01,025 - DSM_MultiModelExp_llm_rag_ollama:mixtral:8x22b_6k - INFO - Page: 6
2025-02-23 15:21:01,025 - DSM_MultiModelExp_llm_rag_ollama:mixtral:8x22b_6k - INFO - Content: Step 4: Putting All the Hardware Together
Looking at the top of the HyperDuino shield, you’ll see two black connectors, one blue connector and
a white one. The black connectors are used for digital ou ...
2025-02-23 15:21:01,026 - DSM_MultiModelExp_llm_rag_ollama:mixtral:8x22b_6k - INFO - Raw Response:  Based on the provided context, here is a Design Structure Matrix (DSM) representation of the system-level hierarchical whole-part relationships between the components of CubeSat:

final response = [[1, 1, 1, 0, 0, 0], [1, 1, 1, 0, 0, 0], [1, 1, 1, 1, 1, 1], [0, 0, 1, 1, 1, 0], [0, 0, 1, 1, 1, 0], [0, 0, 1, 0, 0, 1]]

Explanation:
- The 'Satellite housing' interacts with the 'Arduino development board' and 'HyperDuino shield', as they are mounted within it. However, there is no direct interaction with the sensors or cables.
- Both the 'Arduino development board' and 'HyperDuino shield' interact with each other since the HyperDuino shield is mounted on top of the Arduino board. They also interact with the 'Light and temperature sensors', as well as the 'Battery cable and 9V battery'.
- The 'Light and temperature sensors' interact with the 'HyperDuino shield' via jumper cables, but not directly with the other components.
- The 'Jumper cables' are used to connect the sensors to the HyperDuino shield, so they have a relationship with both of these components. However, there is no direct interaction with the housing or battery cable and 9V battery.
- The 'Battery cable and 9V battery' provide power to the Arduino board and HyperDuino shield, but do not directly interact with other components such as the sensors or jumper cables.
2025-02-23 15:21:01,027 - DSM_MultiModelExp_llm_rag_ollama:mixtral:8x22b_6k - INFO - Response:  Based on the provided context, here is a Design Structure Matrix (DSM) representation of the system-level hierarchical whole-part relationships between the components of CubeSat:

final response = [[1, 1, 1, 0, 0, 0], [1, 1, 1, 0, 0, 0], [1, 1, 1, 1, 1, 1], [0, 0, 1, 1, 1, 0], [0, 0, 1, 1, 1, 0], [0, 0, 1, 0, 0, 1]]

Explanation:
- The 'Satellite housing' interacts with the 'Arduino development board' and 'HyperDuino shield', as they are mounted within it. However, there is no direct interaction with the sensors or cables.
- Both the 'Arduino development board' and 'HyperDuino shield' interact with each other since the HyperDuino shield is mounted on top of the Arduino board. They also interact with the 'Light and temperature sensors', as well as the 'Battery cable and 9V battery'.
- The 'Light and temperature sensors' interact with the 'HyperDuino shield' via jumper cables, but not directly with the other components.
- The 'Jumper cables' are used to connect the sensors to the HyperDuino shield, so they have a relationship with both of these components. However, there is no direct interaction with the housing or battery cable and 9V battery.
- The 'Battery cable and 9V battery' provide power to the Arduino board and HyperDuino shield, but do not directly interact with other components such as the sensors or jumper cables.
2025-02-23 15:21:01,028 - DSM_MultiModelExp_llm_rag_ollama:mixtral:8x22b_6k - INFO - Matrix: [[1, 1, 1, 0, 0, 0], [1, 1, 1, 0, 0, 0], [1, 1, 1, 1, 1, 1], [0, 0, 1, 1, 1, 0], [0, 0, 1, 1, 1, 0], [0, 0, 1, 0, 0, 1]]
2025-02-23 15:21:01,029 - DSM_MultiModelExp_llm_rag_ollama:mixtral:8x22b_6k - INFO - Final Matrix:
[[1, 1, 1, 0, 0, 0], [1, 1, 1, 0, 0, 0], [1, 1, 1, 1, 1, 1], [0, 0, 1, 1, 1, 0], [0, 0, 1, 1, 1, 0], [0, 0, 1, 0, 0, 1]]
2025-02-23 15:21:01,030 - DSM_MultiModelExp_llm_rag_ollama:mixtral:8x22b_6k - INFO - --------------------------------------------------
2025-02-23 15:21:01,031 - DSM_MultiModelExp_llm_rag_ollama:mixtral:8x22b_6k - INFO - Matrix from response.
2025-02-23 15:21:01,032 - DSM_MultiModelExp_llm_rag_ollama:mixtral:8x22b_6k - INFO - At run 3/5
2025-02-23 15:21:01,033 - DSM_MultiModelExp_llm_rag_ollama:mixtral:8x22b_6k - INFO - Matrix: [[1, 1, 1, 0, 0, 0], [1, 1, 1, 0, 0, 0], [1, 1, 1, 1, 1, 1], [0, 0, 1, 1, 1, 0], [0, 0, 1, 1, 1, 0], [0, 0, 1, 0, 0, 1]]
2025-02-23 15:21:01,034 - DSM_MultiModelExp_llm_rag_ollama:mixtral:8x22b_6k - INFO - --------------------------------------------------
2025-02-23 15:21:11,045 - DSM_MultiModelExp_llm_rag_ollama:mixtral:8x22b_6k - INFO - Run 4/5
2025-02-23 15:21:11,062 - DSM_MultiModelExp_llm_rag_ollama:mixtral:8x22b_6k - INFO - DEBUG: Initializing RAGInference.
2025-02-23 15:21:11,063 - DSM_MultiModelExp_llm_rag_ollama:mixtral:8x22b_6k - INFO - Using R-type: ['R3']
2025-02-23 15:21:11,064 - DSM_MultiModelExp_llm_rag_ollama:mixtral:8x22b_6k - INFO - Using embedding model: text-embedding-3-small
2025-02-23 15:21:11,080 - DSM_MultiModelExp_llm_rag_ollama:mixtral:8x22b_6k - INFO - VectorStoreManager initialized
2025-02-23 15:21:11,082 - DSM_MultiModelExp_llm_rag_ollama:mixtral:8x22b_6k - INFO - Set database path to: xLM_DSM/data/vectorstore/CubeSat/llm_rag/text-embedding-3-small
2025-02-23 15:21:11,087 - DSM_MultiModelExp_llm_rag_ollama:mixtral:8x22b_6k - INFO - Collection count: 2320
2025-02-23 15:21:11,090 - DSM_MultiModelExp_llm_rag_ollama:mixtral:8x22b_6k - INFO - Initialized RAG inference for system: CubeSat (nanosatellite)
2025-02-23 15:21:11,091 - DSM_MultiModelExp_llm_rag_ollama:mixtral:8x22b_6k - INFO - Initialized DSM for system: CubeSat (nanosatellite)
2025-02-23 15:21:11,091 - DSM_MultiModelExp_llm_rag_ollama:mixtral:8x22b_6k - INFO - Inference model: ollama:mixtral:8x22b_6k
2025-02-23 15:21:11,092 - DSM_MultiModelExp_llm_rag_ollama:mixtral:8x22b_6k - INFO - Predicted Components: ['Satellite housing', 'Arduino development board', 'HyperDuino shield', 'Light and temperature sensors', 'Jumper cables', 'Battery cable and 9V battery']
2025-02-23 15:21:11,093 - DSM_MultiModelExp_llm_rag_ollama:mixtral:8x22b_6k - INFO - Number of components: 6
2025-02-23 15:21:11,094 - DSM_MultiModelExp_llm_rag_ollama:mixtral:8x22b_6k - INFO - Predicted components for query: ['Satellite housing', 'Arduino development board', 'HyperDuino shield', 'Light and temperature sensors', 'Jumper cables', 'Battery cable and 9V battery']
2025-02-23 15:21:11,094 - DSM_MultiModelExp_llm_rag_ollama:mixtral:8x22b_6k - INFO - Query: 
        Please identify system-level hierarchical whole-part relationships between the components of CubeSat (nanosatellite), as listed below, and represent them in a Design Structure Matrix (DSM) format.          
        The relationships should be articulated in plain English, capturing the essence of their interactions.         
        Here is the list of subsystems/components to analyze: ['Satellite housing', 'Arduino development board', 'HyperDuino shield', 'Light and temperature sensors', 'Jumper cables', 'Battery cable and 9V battery']         
        The DSM should clearly indicate the interactions between these components as 1 exist and 0 does not exist, considering both the presence and nature of these connections.         
        Present the output in a square matrix format (number of rows and columns MUST be the same as the number of components = 6 for this example), with rows and columns labeled accordingly.         
        Diagonal elements should be 1 in DSM matrix since each component interacts with itself.         
        If you don't know the answer, just write 2 for the specific cell that you are unsure of. A worst case scenario of the **as a list of lists** shown below (diagonal elements are 1 and unsure ones are 2). Don't make up an answer.         
        final response = [[1, 2, 2, 2, 2, 2, 2],[2, 1, 2, 2, 2, 2, 2],[2, 2, 1, 2, 2, 2, 2],[2, 2, 2, 1, 2, 2, 2],[2, 2, 2, 2, 1, 2, 2],[2, 2, 2, 2, 2, 1, 2],[2, 2, 2, 2, 2, 2, 1]] for 7 components         
        final response = [[1, 2, 2],[2, 1, 2],[2, 2, 1]] for 3 components         
        IMPORTANT: Your response must **ONLY** contain a valid **as a list of lists** in the following example format 7x7 matrix.         
        The below list of lists is just examples format of a response. **Replace** the values with your **actual analysis** while providing your response with parameter of 'final response'.        
        final response = [[1, 0, 0, 0, 0, 0, 0],[0, 1, 0, 0, 0, 0, 0],[0, 0, 1, 0, 0, 0, 0],   [0, 0, 0, 1, 0, 0, 0],[0, 0, 0, 0, 1, 0, 0],[0, 0, 0, 0, 0, 1, 0],[0, 0, 0, 0, 0, 0, 1]] for 7 components         
        final response = [[1, 0, 0],[0, 1, 0],[0, 0, 1]] for 3 components         
        IMPORTANT: THE FORMAT OF THE OUTPUT MUST BE AS LIST OF LISTS ONLY SIMILAR TO THE ONE ABOVE (NO LATEX, CODE, OR OTHER ENCODINGS).
        
2025-02-23 15:21:56,862 - DSM_MultiModelExp_llm_rag_ollama:mixtral:8x22b_6k - INFO - Number of documents retrieved: 4
2025-02-23 15:21:56,863 - DSM_MultiModelExp_llm_rag_ollama:mixtral:8x22b_6k - INFO - Documents used for this query:
2025-02-23 15:21:56,864 - DSM_MultiModelExp_llm_rag_ollama:mixtral:8x22b_6k - INFO - File: ../data/use_cases_large/CubeSat/reference_pdfs/R3_combined.pdf
2025-02-23 15:21:56,866 - DSM_MultiModelExp_llm_rag_ollama:mixtral:8x22b_6k - INFO - Page: 2
2025-02-23 15:21:56,866 - DSM_MultiModelExp_llm_rag_ollama:mixtral:8x22b_6k - INFO - Content: Step 1: Stuff You'll Need
Parts:
1 Satellite housing made with a 3D printer ― all the STL files you need are here. Contact the
author at david@tcse-k12.org if you don’t have a 3D printer and he can ma ...
2025-02-23 15:21:56,867 - DSM_MultiModelExp_llm_rag_ollama:mixtral:8x22b_6k - INFO - File: ../data/use_cases_large/CubeSat/reference_pdfs/R3_combined.pdf
2025-02-23 15:21:56,869 - DSM_MultiModelExp_llm_rag_ollama:mixtral:8x22b_6k - INFO - Page: 1
2025-02-23 15:21:56,869 - DSM_MultiModelExp_llm_rag_ollama:mixtral:8x22b_6k - INFO - Content: you wish.
This intermediate level project lets you explore all aspects of the satellite design process from the
building of the CubeSat model itself, to programming the Arduino-based electronics and r ...
2025-02-23 15:21:56,870 - DSM_MultiModelExp_llm_rag_ollama:mixtral:8x22b_6k - INFO - File: ../data/use_cases_large/CubeSat/reference_pdfs/R3_combined.pdf
2025-02-23 15:21:56,871 - DSM_MultiModelExp_llm_rag_ollama:mixtral:8x22b_6k - INFO - Page: 0
2025-02-23 15:21:56,872 - DSM_MultiModelExp_llm_rag_ollama:mixtral:8x22b_6k - INFO - Content: HyperDuino-based CubeSat
By dthornburg in CircuitsArduino
Introduction: HyperDuino-based CubeSat
My interest in space exploration started in October, 1957 with the launch of Sputnik. In 1961 I did a
s ...
2025-02-23 15:21:56,873 - DSM_MultiModelExp_llm_rag_ollama:mixtral:8x22b_6k - INFO - File: ../data/use_cases_large/CubeSat/reference_pdfs/R3_combined.pdf
2025-02-23 15:21:56,874 - DSM_MultiModelExp_llm_rag_ollama:mixtral:8x22b_6k - INFO - Page: 6
2025-02-23 15:21:56,875 - DSM_MultiModelExp_llm_rag_ollama:mixtral:8x22b_6k - INFO - Content: Step 4: Putting All the Hardware Together
Looking at the top of the HyperDuino shield, you’ll see two black connectors, one blue connector and
a white one. The black connectors are used for digital ou ...
2025-02-23 15:21:56,876 - DSM_MultiModelExp_llm_rag_ollama:mixtral:8x22b_6k - INFO - Raw Response:  Based on the provided context, here is a Design Structure Matrix (DSM) representation of the system-level hierarchical whole-part relationships between the components of CubeSat:

final response = [[1, 1, 1, 0, 0, 0], [1, 1, 1, 0, 0, 0], [1, 1, 1, 1, 1, 1], [0, 0, 1, 1, 1, 0], [0, 0, 1, 1, 1, 0], [0, 0, 1, 0, 0, 1]]

Explanation:
- The 'Satellite housing' interacts with the 'Arduino development board' and 'HyperDuino shield', as they are mounted within it. However, there is no direct interaction with the sensors or cables.
- Both the 'Arduino development board' and 'HyperDuino shield' interact with each other since the HyperDuino shield is mounted on top of the Arduino board. They also interact with the 'Light and temperature sensors', as well as the 'Battery cable and 9V battery'.
- The 'Light and temperature sensors' interact with the 'HyperDuino shield' via jumper cables, but not directly with the other components.
- The 'Jumper cables' are used to connect the sensors to the HyperDuino shield, so they have a relationship with both of these components. However, there is no direct interaction with the housing or battery cable and 9V battery.
- The 'Battery cable and 9V battery' provide power to the Arduino board and HyperDuino shield, but do not directly interact with other components such as the sensors or jumper cables.
2025-02-23 15:21:56,877 - DSM_MultiModelExp_llm_rag_ollama:mixtral:8x22b_6k - INFO - Response:  Based on the provided context, here is a Design Structure Matrix (DSM) representation of the system-level hierarchical whole-part relationships between the components of CubeSat:

final response = [[1, 1, 1, 0, 0, 0], [1, 1, 1, 0, 0, 0], [1, 1, 1, 1, 1, 1], [0, 0, 1, 1, 1, 0], [0, 0, 1, 1, 1, 0], [0, 0, 1, 0, 0, 1]]

Explanation:
- The 'Satellite housing' interacts with the 'Arduino development board' and 'HyperDuino shield', as they are mounted within it. However, there is no direct interaction with the sensors or cables.
- Both the 'Arduino development board' and 'HyperDuino shield' interact with each other since the HyperDuino shield is mounted on top of the Arduino board. They also interact with the 'Light and temperature sensors', as well as the 'Battery cable and 9V battery'.
- The 'Light and temperature sensors' interact with the 'HyperDuino shield' via jumper cables, but not directly with the other components.
- The 'Jumper cables' are used to connect the sensors to the HyperDuino shield, so they have a relationship with both of these components. However, there is no direct interaction with the housing or battery cable and 9V battery.
- The 'Battery cable and 9V battery' provide power to the Arduino board and HyperDuino shield, but do not directly interact with other components such as the sensors or jumper cables.
2025-02-23 15:21:56,878 - DSM_MultiModelExp_llm_rag_ollama:mixtral:8x22b_6k - INFO - Matrix: [[1, 1, 1, 0, 0, 0], [1, 1, 1, 0, 0, 0], [1, 1, 1, 1, 1, 1], [0, 0, 1, 1, 1, 0], [0, 0, 1, 1, 1, 0], [0, 0, 1, 0, 0, 1]]
2025-02-23 15:21:56,879 - DSM_MultiModelExp_llm_rag_ollama:mixtral:8x22b_6k - INFO - Final Matrix:
[[1, 1, 1, 0, 0, 0], [1, 1, 1, 0, 0, 0], [1, 1, 1, 1, 1, 1], [0, 0, 1, 1, 1, 0], [0, 0, 1, 1, 1, 0], [0, 0, 1, 0, 0, 1]]
2025-02-23 15:21:56,880 - DSM_MultiModelExp_llm_rag_ollama:mixtral:8x22b_6k - INFO - --------------------------------------------------
2025-02-23 15:21:56,881 - DSM_MultiModelExp_llm_rag_ollama:mixtral:8x22b_6k - INFO - Matrix from response.
2025-02-23 15:21:56,881 - DSM_MultiModelExp_llm_rag_ollama:mixtral:8x22b_6k - INFO - At run 4/5
2025-02-23 15:21:56,882 - DSM_MultiModelExp_llm_rag_ollama:mixtral:8x22b_6k - INFO - Matrix: [[1, 1, 1, 0, 0, 0], [1, 1, 1, 0, 0, 0], [1, 1, 1, 1, 1, 1], [0, 0, 1, 1, 1, 0], [0, 0, 1, 1, 1, 0], [0, 0, 1, 0, 0, 1]]
2025-02-23 15:21:56,883 - DSM_MultiModelExp_llm_rag_ollama:mixtral:8x22b_6k - INFO - --------------------------------------------------
2025-02-23 15:22:06,894 - DSM_MultiModelExp_llm_rag_ollama:mixtral:8x22b_6k - INFO - Run 5/5
2025-02-23 15:22:06,930 - DSM_MultiModelExp_llm_rag_ollama:mixtral:8x22b_6k - INFO - DEBUG: Initializing RAGInference.
2025-02-23 15:22:06,931 - DSM_MultiModelExp_llm_rag_ollama:mixtral:8x22b_6k - INFO - Using R-type: ['R3']
2025-02-23 15:22:06,932 - DSM_MultiModelExp_llm_rag_ollama:mixtral:8x22b_6k - INFO - Using embedding model: text-embedding-3-small
2025-02-23 15:22:06,966 - DSM_MultiModelExp_llm_rag_ollama:mixtral:8x22b_6k - INFO - VectorStoreManager initialized
2025-02-23 15:22:06,967 - DSM_MultiModelExp_llm_rag_ollama:mixtral:8x22b_6k - INFO - Set database path to: xLM_DSM/data/vectorstore/CubeSat/llm_rag/text-embedding-3-small
2025-02-23 15:22:06,975 - DSM_MultiModelExp_llm_rag_ollama:mixtral:8x22b_6k - INFO - Collection count: 2320
2025-02-23 15:22:06,978 - DSM_MultiModelExp_llm_rag_ollama:mixtral:8x22b_6k - INFO - Initialized RAG inference for system: CubeSat (nanosatellite)
2025-02-23 15:22:06,979 - DSM_MultiModelExp_llm_rag_ollama:mixtral:8x22b_6k - INFO - Initialized DSM for system: CubeSat (nanosatellite)
2025-02-23 15:22:06,980 - DSM_MultiModelExp_llm_rag_ollama:mixtral:8x22b_6k - INFO - Inference model: ollama:mixtral:8x22b_6k
2025-02-23 15:22:06,981 - DSM_MultiModelExp_llm_rag_ollama:mixtral:8x22b_6k - INFO - Predicted Components: ['Satellite housing', 'Arduino development board', 'HyperDuino shield', 'Light and temperature sensors', 'Jumper cables', 'Battery cable and 9V battery']
2025-02-23 15:22:06,981 - DSM_MultiModelExp_llm_rag_ollama:mixtral:8x22b_6k - INFO - Number of components: 6
2025-02-23 15:22:06,983 - DSM_MultiModelExp_llm_rag_ollama:mixtral:8x22b_6k - INFO - Predicted components for query: ['Satellite housing', 'Arduino development board', 'HyperDuino shield', 'Light and temperature sensors', 'Jumper cables', 'Battery cable and 9V battery']
2025-02-23 15:22:06,984 - DSM_MultiModelExp_llm_rag_ollama:mixtral:8x22b_6k - INFO - Query: 
        Please identify system-level hierarchical whole-part relationships between the components of CubeSat (nanosatellite), as listed below, and represent them in a Design Structure Matrix (DSM) format.          
        The relationships should be articulated in plain English, capturing the essence of their interactions.         
        Here is the list of subsystems/components to analyze: ['Satellite housing', 'Arduino development board', 'HyperDuino shield', 'Light and temperature sensors', 'Jumper cables', 'Battery cable and 9V battery']         
        The DSM should clearly indicate the interactions between these components as 1 exist and 0 does not exist, considering both the presence and nature of these connections.         
        Present the output in a square matrix format (number of rows and columns MUST be the same as the number of components = 6 for this example), with rows and columns labeled accordingly.         
        Diagonal elements should be 1 in DSM matrix since each component interacts with itself.         
        If you don't know the answer, just write 2 for the specific cell that you are unsure of. A worst case scenario of the **as a list of lists** shown below (diagonal elements are 1 and unsure ones are 2). Don't make up an answer.         
        final response = [[1, 2, 2, 2, 2, 2, 2],[2, 1, 2, 2, 2, 2, 2],[2, 2, 1, 2, 2, 2, 2],[2, 2, 2, 1, 2, 2, 2],[2, 2, 2, 2, 1, 2, 2],[2, 2, 2, 2, 2, 1, 2],[2, 2, 2, 2, 2, 2, 1]] for 7 components         
        final response = [[1, 2, 2],[2, 1, 2],[2, 2, 1]] for 3 components         
        IMPORTANT: Your response must **ONLY** contain a valid **as a list of lists** in the following example format 7x7 matrix.         
        The below list of lists is just examples format of a response. **Replace** the values with your **actual analysis** while providing your response with parameter of 'final response'.        
        final response = [[1, 0, 0, 0, 0, 0, 0],[0, 1, 0, 0, 0, 0, 0],[0, 0, 1, 0, 0, 0, 0],   [0, 0, 0, 1, 0, 0, 0],[0, 0, 0, 0, 1, 0, 0],[0, 0, 0, 0, 0, 1, 0],[0, 0, 0, 0, 0, 0, 1]] for 7 components         
        final response = [[1, 0, 0],[0, 1, 0],[0, 0, 1]] for 3 components         
        IMPORTANT: THE FORMAT OF THE OUTPUT MUST BE AS LIST OF LISTS ONLY SIMILAR TO THE ONE ABOVE (NO LATEX, CODE, OR OTHER ENCODINGS).
        
2025-02-23 15:22:52,230 - DSM_MultiModelExp_llm_rag_ollama:mixtral:8x22b_6k - INFO - Number of documents retrieved: 4
2025-02-23 15:22:52,232 - DSM_MultiModelExp_llm_rag_ollama:mixtral:8x22b_6k - INFO - Documents used for this query:
2025-02-23 15:22:52,233 - DSM_MultiModelExp_llm_rag_ollama:mixtral:8x22b_6k - INFO - File: ../data/use_cases_large/CubeSat/reference_pdfs/R3_combined.pdf
2025-02-23 15:22:52,233 - DSM_MultiModelExp_llm_rag_ollama:mixtral:8x22b_6k - INFO - Page: 2
2025-02-23 15:22:52,234 - DSM_MultiModelExp_llm_rag_ollama:mixtral:8x22b_6k - INFO - Content: Step 1: Stuff You'll Need
Parts:
1 Satellite housing made with a 3D printer ― all the STL files you need are here. Contact the
author at david@tcse-k12.org if you don’t have a 3D printer and he can ma ...
2025-02-23 15:22:52,236 - DSM_MultiModelExp_llm_rag_ollama:mixtral:8x22b_6k - INFO - File: ../data/use_cases_large/CubeSat/reference_pdfs/R3_combined.pdf
2025-02-23 15:22:52,236 - DSM_MultiModelExp_llm_rag_ollama:mixtral:8x22b_6k - INFO - Page: 1
2025-02-23 15:22:52,237 - DSM_MultiModelExp_llm_rag_ollama:mixtral:8x22b_6k - INFO - Content: you wish.
This intermediate level project lets you explore all aspects of the satellite design process from the
building of the CubeSat model itself, to programming the Arduino-based electronics and r ...
2025-02-23 15:22:52,238 - DSM_MultiModelExp_llm_rag_ollama:mixtral:8x22b_6k - INFO - File: ../data/use_cases_large/CubeSat/reference_pdfs/R3_combined.pdf
2025-02-23 15:22:52,239 - DSM_MultiModelExp_llm_rag_ollama:mixtral:8x22b_6k - INFO - Page: 0
2025-02-23 15:22:52,240 - DSM_MultiModelExp_llm_rag_ollama:mixtral:8x22b_6k - INFO - Content: HyperDuino-based CubeSat
By dthornburg in CircuitsArduino
Introduction: HyperDuino-based CubeSat
My interest in space exploration started in October, 1957 with the launch of Sputnik. In 1961 I did a
s ...
2025-02-23 15:22:52,241 - DSM_MultiModelExp_llm_rag_ollama:mixtral:8x22b_6k - INFO - File: ../data/use_cases_large/CubeSat/reference_pdfs/R3_combined.pdf
2025-02-23 15:22:52,242 - DSM_MultiModelExp_llm_rag_ollama:mixtral:8x22b_6k - INFO - Page: 6
2025-02-23 15:22:52,243 - DSM_MultiModelExp_llm_rag_ollama:mixtral:8x22b_6k - INFO - Content: Step 4: Putting All the Hardware Together
Looking at the top of the HyperDuino shield, you’ll see two black connectors, one blue connector and
a white one. The black connectors are used for digital ou ...
2025-02-23 15:22:52,244 - DSM_MultiModelExp_llm_rag_ollama:mixtral:8x22b_6k - INFO - Raw Response:  Based on the provided context, here is a Design Structure Matrix (DSM) representation of the system-level hierarchical whole-part relationships between the components of CubeSat:

final response = [[1, 1, 1, 0, 0, 0], [1, 1, 1, 0, 0, 0], [1, 1, 1, 1, 1, 1], [0, 0, 1, 1, 1, 0], [0, 0, 1, 1, 1, 0], [0, 0, 1, 0, 0, 1]]

Explanation:
- The 'Satellite housing' interacts with the 'Arduino development board' and 'HyperDuino shield', as they are mounted within it. However, there is no direct interaction with the sensors or cables.
- Both the 'Arduino development board' and 'HyperDuino shield' interact with each other since the HyperDuino shield is mounted on top of the Arduino board. They also interact with the 'Light and temperature sensors', as well as the 'Battery cable and 9V battery'.
- The 'Light and temperature sensors' interact with the 'HyperDuino shield' via jumper cables, but not directly with the other components.
- The 'Jumper cables' are used to connect the sensors to the HyperDuino shield, so they have a relationship with both of these components. However, there is no direct interaction with the housing or battery cable and 9V battery.
- The 'Battery cable and 9V battery' provide power to the Arduino board and HyperDuino shield, but do not directly interact with other components such as the sensors or jumper cables.
2025-02-23 15:22:52,244 - DSM_MultiModelExp_llm_rag_ollama:mixtral:8x22b_6k - INFO - Response:  Based on the provided context, here is a Design Structure Matrix (DSM) representation of the system-level hierarchical whole-part relationships between the components of CubeSat:

final response = [[1, 1, 1, 0, 0, 0], [1, 1, 1, 0, 0, 0], [1, 1, 1, 1, 1, 1], [0, 0, 1, 1, 1, 0], [0, 0, 1, 1, 1, 0], [0, 0, 1, 0, 0, 1]]

Explanation:
- The 'Satellite housing' interacts with the 'Arduino development board' and 'HyperDuino shield', as they are mounted within it. However, there is no direct interaction with the sensors or cables.
- Both the 'Arduino development board' and 'HyperDuino shield' interact with each other since the HyperDuino shield is mounted on top of the Arduino board. They also interact with the 'Light and temperature sensors', as well as the 'Battery cable and 9V battery'.
- The 'Light and temperature sensors' interact with the 'HyperDuino shield' via jumper cables, but not directly with the other components.
- The 'Jumper cables' are used to connect the sensors to the HyperDuino shield, so they have a relationship with both of these components. However, there is no direct interaction with the housing or battery cable and 9V battery.
- The 'Battery cable and 9V battery' provide power to the Arduino board and HyperDuino shield, but do not directly interact with other components such as the sensors or jumper cables.
2025-02-23 15:22:52,246 - DSM_MultiModelExp_llm_rag_ollama:mixtral:8x22b_6k - INFO - Matrix: [[1, 1, 1, 0, 0, 0], [1, 1, 1, 0, 0, 0], [1, 1, 1, 1, 1, 1], [0, 0, 1, 1, 1, 0], [0, 0, 1, 1, 1, 0], [0, 0, 1, 0, 0, 1]]
2025-02-23 15:22:52,247 - DSM_MultiModelExp_llm_rag_ollama:mixtral:8x22b_6k - INFO - Final Matrix:
[[1, 1, 1, 0, 0, 0], [1, 1, 1, 0, 0, 0], [1, 1, 1, 1, 1, 1], [0, 0, 1, 1, 1, 0], [0, 0, 1, 1, 1, 0], [0, 0, 1, 0, 0, 1]]
2025-02-23 15:22:52,247 - DSM_MultiModelExp_llm_rag_ollama:mixtral:8x22b_6k - INFO - --------------------------------------------------
2025-02-23 15:22:52,248 - DSM_MultiModelExp_llm_rag_ollama:mixtral:8x22b_6k - INFO - Matrix from response.
2025-02-23 15:22:52,249 - DSM_MultiModelExp_llm_rag_ollama:mixtral:8x22b_6k - INFO - At run 5/5
2025-02-23 15:22:52,250 - DSM_MultiModelExp_llm_rag_ollama:mixtral:8x22b_6k - INFO - Matrix: [[1, 1, 1, 0, 0, 0], [1, 1, 1, 0, 0, 0], [1, 1, 1, 1, 1, 1], [0, 0, 1, 1, 1, 0], [0, 0, 1, 1, 1, 0], [0, 0, 1, 0, 0, 1]]
2025-02-23 15:22:52,251 - DSM_MultiModelExp_llm_rag_ollama:mixtral:8x22b_6k - INFO - --------------------------------------------------
2025-02-23 15:23:02,262 - DSM_MultiModelExp_llm_rag_ollama:mixtral:8x22b_6k - INFO - Duration of reference combination {'R3': [{'path': '../data/use_cases_large/CubeSat/reference_pdfs/R3_combined.pdf'}]}: 0:05:11.169458
2025-02-23 15:23:02,263 - DSM_MultiModelExp_llm_rag_ollama:mixtral:8x22b_6k - INFO - ++++++++++++++++++++++++++++++++++++++++++++++++++++++++++++++++++++++++++++++++++++++++++++++++++++
2025-02-23 15:23:02,264 - DSM_MultiModelExp_llm_rag_ollama:mixtral:8x22b_6k - INFO - Run 1/5
2025-02-23 15:23:02,302 - DSM_MultiModelExp_llm_rag_ollama:mixtral:8x22b_6k - INFO - DEBUG: Initializing RAGInference.
2025-02-23 15:23:02,302 - DSM_MultiModelExp_llm_rag_ollama:mixtral:8x22b_6k - INFO - Using R-type: ['R1', 'R2']
2025-02-23 15:23:02,303 - DSM_MultiModelExp_llm_rag_ollama:mixtral:8x22b_6k - INFO - Using embedding model: text-embedding-3-small
2025-02-23 15:23:02,337 - DSM_MultiModelExp_llm_rag_ollama:mixtral:8x22b_6k - INFO - VectorStoreManager initialized
2025-02-23 15:23:02,338 - DSM_MultiModelExp_llm_rag_ollama:mixtral:8x22b_6k - INFO - Set database path to: xLM_DSM/data/vectorstore/CubeSat/llm_rag/text-embedding-3-small
2025-02-23 15:23:02,345 - DSM_MultiModelExp_llm_rag_ollama:mixtral:8x22b_6k - INFO - Collection count: 2320
2025-02-23 15:23:02,353 - DSM_MultiModelExp_llm_rag_ollama:mixtral:8x22b_6k - INFO - Initialized RAG inference for system: CubeSat (nanosatellite)
2025-02-23 15:23:02,353 - DSM_MultiModelExp_llm_rag_ollama:mixtral:8x22b_6k - INFO - Initialized DSM for system: CubeSat (nanosatellite)
2025-02-23 15:23:02,354 - DSM_MultiModelExp_llm_rag_ollama:mixtral:8x22b_6k - INFO - Inference model: ollama:mixtral:8x22b_6k
2025-02-23 15:23:02,355 - DSM_MultiModelExp_llm_rag_ollama:mixtral:8x22b_6k - INFO - Prompt (attempt 1/3): 
            Please identify the major components of CubeSat (nanosatellite) in the engineering based on hierarchical whole-part relationships.             
            The number of components must be 6 and must be a list of strings.             
            Please do not identify similar components that will work together under subsystem level since our interest is to identify the major components that form the core architecture of the system.             
            Here is an example of the components for made-up system:             
            final response = [ "component 1", "component 2", "component 3", "component 4", "component 5" ]             
            IMPORTANT: THE FORMAT OF THE OUTPUT MUST BE AS A LIST OF STRINGS ONLY SIMILAR TO THE ONE ABOVE (NO LATEX, NO CODE, NO DESCRIPTION, OR OTHER ENCODINGS).              
2025-02-23 15:23:13,130 - DSM_MultiModelExp_llm_rag_ollama:mixtral:8x22b_6k - INFO - Number of documents retrieved: 4
2025-02-23 15:23:13,131 - DSM_MultiModelExp_llm_rag_ollama:mixtral:8x22b_6k - INFO - Documents used for this query:
2025-02-23 15:23:13,132 - DSM_MultiModelExp_llm_rag_ollama:mixtral:8x22b_6k - INFO - File: ../data/use_cases_large/CubeSat/reference_pdfs/R2_combined.pdf
2025-02-23 15:23:13,133 - DSM_MultiModelExp_llm_rag_ollama:mixtral:8x22b_6k - INFO - Page: 527
2025-02-23 15:23:13,134 - DSM_MultiModelExp_llm_rag_ollama:mixtral:8x22b_6k - INFO - Content: 7 Conclusions
In this chapter an overview of best practices during the structural system design and
manufacturing has been presented. In particular, attention has been focused on the def-
inition of t ...
2025-02-23 15:23:13,135 - DSM_MultiModelExp_llm_rag_ollama:mixtral:8x22b_6k - INFO - File: ../data/use_cases_large/CubeSat/reference_pdfs/R2_combined.pdf
2025-02-23 15:23:13,136 - DSM_MultiModelExp_llm_rag_ollama:mixtral:8x22b_6k - INFO - Page: 510
2025-02-23 15:23:13,137 - DSM_MultiModelExp_llm_rag_ollama:mixtral:8x22b_6k - INFO - Content: sidered a CubeSat. Nevertheless, some of the constraints that dictate the structural
design are derived from the mission and systems requirements. For this reason, it
is important to give the CubeSat  ...
2025-02-23 15:23:13,138 - DSM_MultiModelExp_llm_rag_ollama:mixtral:8x22b_6k - INFO - File: ../data/use_cases_large/CubeSat/reference_pdfs/R2_combined.pdf
2025-02-23 15:23:13,139 - DSM_MultiModelExp_llm_rag_ollama:mixtral:8x22b_6k - INFO - Page: 369
2025-02-23 15:23:13,139 - DSM_MultiModelExp_llm_rag_ollama:mixtral:8x22b_6k - INFO - Content: l
performance requirements
l
system scalability requirements
2. Space segment
l
constellation requirements
l
spacecraft requirements
l
general requirements
l
payload requirements
3. Ground segment
l
g ...
2025-02-23 15:23:13,141 - DSM_MultiModelExp_llm_rag_ollama:mixtral:8x22b_6k - INFO - File: ../data/use_cases_large/CubeSat/reference_pdfs/R1_combined.pdf
2025-02-23 15:23:13,142 - DSM_MultiModelExp_llm_rag_ollama:mixtral:8x22b_6k - INFO - Page: 0
2025-02-23 15:23:13,142 - DSM_MultiModelExp_llm_rag_ollama:mixtral:8x22b_6k - INFO - Content: high grade commercial-off-the-shelf (COTS) components for
design, development, has resulted in targeting these class
of satellites for low Earth orbit missions. With the use of
high grade COTS based t ...
2025-02-23 15:23:13,144 - DSM_MultiModelExp_llm_rag_ollama:mixtral:8x22b_6k - INFO - Raw Response:  ["Primary structure", "Secondary structure", "Payload", "Power system", "Communication system", "Attitude determination and control system"]
2025-02-23 15:23:13,144 - DSM_MultiModelExp_llm_rag_ollama:mixtral:8x22b_6k - INFO - Matrix: ['Primary structure', 'Secondary structure', 'Payload', 'Power system', 'Communication system', 'Attitude determination and control system']
2025-02-23 15:23:13,145 - DSM_MultiModelExp_llm_rag_ollama:mixtral:8x22b_6k - INFO - Components: ['Primary structure', 'Secondary structure', 'Payload', 'Power system', 'Communication system', 'Attitude determination and control system']
2025-02-23 15:23:21,525 - DSM_MultiModelExp_llm_rag_ollama:mixtral:8x22b_6k - INFO - Number of documents retrieved: 4
2025-02-23 15:23:21,526 - DSM_MultiModelExp_llm_rag_ollama:mixtral:8x22b_6k - INFO - Documents used for this query:
2025-02-23 15:23:21,527 - DSM_MultiModelExp_llm_rag_ollama:mixtral:8x22b_6k - INFO - File: ../data/use_cases_large/CubeSat/reference_pdfs/R2_combined.pdf
2025-02-23 15:23:21,528 - DSM_MultiModelExp_llm_rag_ollama:mixtral:8x22b_6k - INFO - Page: 510
2025-02-23 15:23:21,529 - DSM_MultiModelExp_llm_rag_ollama:mixtral:8x22b_6k - INFO - Content: sidered a CubeSat. Nevertheless, some of the constraints that dictate the structural
design are derived from the mission and systems requirements. For this reason, it
is important to give the CubeSat  ...
2025-02-23 15:23:21,530 - DSM_MultiModelExp_llm_rag_ollama:mixtral:8x22b_6k - INFO - File: ../data/use_cases_large/CubeSat/reference_pdfs/R2_combined.pdf
2025-02-23 15:23:21,531 - DSM_MultiModelExp_llm_rag_ollama:mixtral:8x22b_6k - INFO - Page: 527
2025-02-23 15:23:21,532 - DSM_MultiModelExp_llm_rag_ollama:mixtral:8x22b_6k - INFO - Content: 7 Conclusions
In this chapter an overview of best practices during the structural system design and
manufacturing has been presented. In particular, attention has been focused on the def-
inition of t ...
2025-02-23 15:23:21,533 - DSM_MultiModelExp_llm_rag_ollama:mixtral:8x22b_6k - INFO - File: ../data/use_cases_large/CubeSat/reference_pdfs/R2_combined.pdf
2025-02-23 15:23:21,534 - DSM_MultiModelExp_llm_rag_ollama:mixtral:8x22b_6k - INFO - Page: 510
2025-02-23 15:23:21,535 - DSM_MultiModelExp_llm_rag_ollama:mixtral:8x22b_6k - INFO - Content: Traditionally, the design of space systems makes a distinction between theprimary
structure, defined as the one that carries the major loads, and thesecondary structure,
defined as the one that suppor ...
2025-02-23 15:23:21,536 - DSM_MultiModelExp_llm_rag_ollama:mixtral:8x22b_6k - INFO - File: ../data/use_cases_large/CubeSat/reference_pdfs/R2_combined.pdf
2025-02-23 15:23:21,536 - DSM_MultiModelExp_llm_rag_ollama:mixtral:8x22b_6k - INFO - Page: 518
2025-02-23 15:23:21,537 - DSM_MultiModelExp_llm_rag_ollama:mixtral:8x22b_6k - INFO - Content: 2. first design;
3. verification of the structure characteristics in terms of total mass, respecting the CubeSat
design specifications;
4. design modifications;
5. final analysis.
The process is itera ...
2025-02-23 15:23:21,538 - DSM_MultiModelExp_llm_rag_ollama:mixtral:8x22b_6k - INFO - Raw Response:  Valid
2025-02-23 15:23:21,539 - DSM_MultiModelExp_llm_rag_ollama:mixtral:8x22b_6k - INFO - Validation response:  Valid
2025-02-23 15:23:21,540 - DSM_MultiModelExp_llm_rag_ollama:mixtral:8x22b_6k - INFO - Filtered validation response:  Valid
2025-02-23 15:23:21,541 - DSM_MultiModelExp_llm_rag_ollama:mixtral:8x22b_6k - INFO - Component list validated successfully on attempt 1
2025-02-23 15:23:21,542 - DSM_MultiModelExp_llm_rag_ollama:mixtral:8x22b_6k - INFO - Components: ['Primary structure', 'Secondary structure', 'Payload', 'Power system', 'Communication system', 'Attitude determination and control system']
2025-02-23 15:23:21,543 - DSM_MultiModelExp_llm_rag_ollama:mixtral:8x22b_6k - INFO - --------------------------------------------------
2025-02-23 15:23:21,544 - DSM_MultiModelExp_llm_rag_ollama:mixtral:8x22b_6k - INFO - Predicted Components: ['Primary structure', 'Secondary structure', 'Payload', 'Power system', 'Communication system', 'Attitude determination and control system']
2025-02-23 15:23:21,545 - DSM_MultiModelExp_llm_rag_ollama:mixtral:8x22b_6k - INFO - Number of components: 6
2025-02-23 15:23:21,546 - DSM_MultiModelExp_llm_rag_ollama:mixtral:8x22b_6k - INFO - Predicted components for query: ['Primary structure', 'Secondary structure', 'Payload', 'Power system', 'Communication system', 'Attitude determination and control system']
2025-02-23 15:23:21,547 - DSM_MultiModelExp_llm_rag_ollama:mixtral:8x22b_6k - INFO - Query: 
        Please identify system-level hierarchical whole-part relationships between the components of CubeSat (nanosatellite), as listed below, and represent them in a Design Structure Matrix (DSM) format.          
        The relationships should be articulated in plain English, capturing the essence of their interactions.         
        Here is the list of subsystems/components to analyze: ['Primary structure', 'Secondary structure', 'Payload', 'Power system', 'Communication system', 'Attitude determination and control system']         
        The DSM should clearly indicate the interactions between these components as 1 exist and 0 does not exist, considering both the presence and nature of these connections.         
        Present the output in a square matrix format (number of rows and columns MUST be the same as the number of components = 6 for this example), with rows and columns labeled accordingly.         
        Diagonal elements should be 1 in DSM matrix since each component interacts with itself.         
        If you don't know the answer, just write 2 for the specific cell that you are unsure of. A worst case scenario of the **as a list of lists** shown below (diagonal elements are 1 and unsure ones are 2). Don't make up an answer.         
        final response = [[1, 2, 2, 2, 2, 2, 2],[2, 1, 2, 2, 2, 2, 2],[2, 2, 1, 2, 2, 2, 2],[2, 2, 2, 1, 2, 2, 2],[2, 2, 2, 2, 1, 2, 2],[2, 2, 2, 2, 2, 1, 2],[2, 2, 2, 2, 2, 2, 1]] for 7 components         
        final response = [[1, 2, 2],[2, 1, 2],[2, 2, 1]] for 3 components         
        IMPORTANT: Your response must **ONLY** contain a valid **as a list of lists** in the following example format 7x7 matrix.         
        The below list of lists is just examples format of a response. **Replace** the values with your **actual analysis** while providing your response with parameter of 'final response'.        
        final response = [[1, 0, 0, 0, 0, 0, 0],[0, 1, 0, 0, 0, 0, 0],[0, 0, 1, 0, 0, 0, 0],   [0, 0, 0, 1, 0, 0, 0],[0, 0, 0, 0, 1, 0, 0],[0, 0, 0, 0, 0, 1, 0],[0, 0, 0, 0, 0, 0, 1]] for 7 components         
        final response = [[1, 0, 0],[0, 1, 0],[0, 0, 1]] for 3 components         
        IMPORTANT: THE FORMAT OF THE OUTPUT MUST BE AS LIST OF LISTS ONLY SIMILAR TO THE ONE ABOVE (NO LATEX, CODE, OR OTHER ENCODINGS).
        
2025-02-23 15:24:09,946 - DSM_MultiModelExp_llm_rag_ollama:mixtral:8x22b_6k - INFO - Number of documents retrieved: 4
2025-02-23 15:24:09,948 - DSM_MultiModelExp_llm_rag_ollama:mixtral:8x22b_6k - INFO - Documents used for this query:
2025-02-23 15:24:09,948 - DSM_MultiModelExp_llm_rag_ollama:mixtral:8x22b_6k - INFO - File: ../data/use_cases_large/CubeSat/reference_pdfs/R1_combined.pdf
2025-02-23 15:24:09,949 - DSM_MultiModelExp_llm_rag_ollama:mixtral:8x22b_6k - INFO - Page: 0
2025-02-23 15:24:09,950 - DSM_MultiModelExp_llm_rag_ollama:mixtral:8x22b_6k - INFO - Content: that then facilitate a bottom-up development and fabrication
process. Some of the design tools (e.g., N2 diagram) described
in NASAs Systems Engineering Handbook are utilized early in
the design phase ...
2025-02-23 15:24:09,951 - DSM_MultiModelExp_llm_rag_ollama:mixtral:8x22b_6k - INFO - File: ../data/use_cases_large/CubeSat/reference_pdfs/R2_combined.pdf
2025-02-23 15:24:09,952 - DSM_MultiModelExp_llm_rag_ollama:mixtral:8x22b_6k - INFO - Page: 13
2025-02-23 15:24:09,953 - DSM_MultiModelExp_llm_rag_ollama:mixtral:8x22b_6k - INFO - Content: 5 Introduction to Design Structure Matrix Methods 
of the next section). Here we begin by adopting the original DSM convention with inputs 
in rows (IR) and outputs in columns. Later we also present e ...
2025-02-23 15:24:09,954 - DSM_MultiModelExp_llm_rag_ollama:mixtral:8x22b_6k - INFO - File: ../data/use_cases_large/CubeSat/reference_pdfs/R2_combined.pdf
2025-02-23 15:24:09,955 - DSM_MultiModelExp_llm_rag_ollama:mixtral:8x22b_6k - INFO - Page: 510
2025-02-23 15:24:09,956 - DSM_MultiModelExp_llm_rag_ollama:mixtral:8x22b_6k - INFO - Content: sidered a CubeSat. Nevertheless, some of the constraints that dictate the structural
design are derived from the mission and systems requirements. For this reason, it
is important to give the CubeSat  ...
2025-02-23 15:24:09,957 - DSM_MultiModelExp_llm_rag_ollama:mixtral:8x22b_6k - INFO - File: ../data/use_cases_large/CubeSat/reference_pdfs/R2_combined.pdf
2025-02-23 15:24:09,957 - DSM_MultiModelExp_llm_rag_ollama:mixtral:8x22b_6k - INFO - Page: 527
2025-02-23 15:24:09,958 - DSM_MultiModelExp_llm_rag_ollama:mixtral:8x22b_6k - INFO - Content: 7 Conclusions
In this chapter an overview of best practices during the structural system design and
manufacturing has been presented. In particular, attention has been focused on the def-
inition of t ...
2025-02-23 15:24:09,959 - DSM_MultiModelExp_llm_rag_ollama:mixtral:8x22b_6k - INFO - Raw Response:  Based on the information provided and general knowledge about CubeSat systems, here is a possible Design Structure Matrix (DSM) for the given components:

final response = [
[1, 1, 1, 1, 1, 1],
[1, 1, 0, 1, 1, 1],
[1, 0, 1, 1, 0, 1],
[1, 1, 1, 1, 1, 1],
[1, 1, 0, 1, 1, 1],
[1, 1, 1, 1, 1, 1]
]

Explanation:
- The primary structure interacts with all other components as it provides the main support for the CubeSat.
- The secondary structure interacts with the payload, power system, and communication system but may not directly interact with the attitude determination and control system (ADCS).
- The payload interacts with the power system and communication system to send data back to Earth. It also interacts with the ADCS for proper orientation during operation.
- The power system provides energy to all other components, including the primary structure, secondary structure, payload, communication system, and ADCS.
- The communication system sends and receives signals from Earth and may interact with the ADCS for antenna pointing.
- The attitude determination and control system interacts with the payload and communication system for proper orientation during operation. It also interacts with the power system to manage its energy consumption.
2025-02-23 15:24:09,960 - DSM_MultiModelExp_llm_rag_ollama:mixtral:8x22b_6k - INFO - Response:  Based on the information provided and general knowledge about CubeSat systems, here is a possible Design Structure Matrix (DSM) for the given components:

final response = [
[1, 1, 1, 1, 1, 1],
[1, 1, 0, 1, 1, 1],
[1, 0, 1, 1, 0, 1],
[1, 1, 1, 1, 1, 1],
[1, 1, 0, 1, 1, 1],
[1, 1, 1, 1, 1, 1]
]

Explanation:
- The primary structure interacts with all other components as it provides the main support for the CubeSat.
- The secondary structure interacts with the payload, power system, and communication system but may not directly interact with the attitude determination and control system (ADCS).
- The payload interacts with the power system and communication system to send data back to Earth. It also interacts with the ADCS for proper orientation during operation.
- The power system provides energy to all other components, including the primary structure, secondary structure, payload, communication system, and ADCS.
- The communication system sends and receives signals from Earth and may interact with the ADCS for antenna pointing.
- The attitude determination and control system interacts with the payload and communication system for proper orientation during operation. It also interacts with the power system to manage its energy consumption.
2025-02-23 15:24:09,961 - DSM_MultiModelExp_llm_rag_ollama:mixtral:8x22b_6k - INFO - Matrix: [[1, 1, 1, 1, 1, 1], [1, 1, 0, 1, 1, 1], [1, 0, 1, 1, 0, 1], [1, 1, 1, 1, 1, 1], [1, 1, 0, 1, 1, 1], [1, 1, 1, 1, 1, 1]]
2025-02-23 15:24:09,962 - DSM_MultiModelExp_llm_rag_ollama:mixtral:8x22b_6k - INFO - Final Matrix:
[[1, 1, 1, 1, 1, 1], [1, 1, 0, 1, 1, 1], [1, 0, 1, 1, 0, 1], [1, 1, 1, 1, 1, 1], [1, 1, 0, 1, 1, 1], [1, 1, 1, 1, 1, 1]]
2025-02-23 15:24:09,963 - DSM_MultiModelExp_llm_rag_ollama:mixtral:8x22b_6k - INFO - --------------------------------------------------
2025-02-23 15:24:09,964 - DSM_MultiModelExp_llm_rag_ollama:mixtral:8x22b_6k - INFO - Matrix from response.
2025-02-23 15:24:09,965 - DSM_MultiModelExp_llm_rag_ollama:mixtral:8x22b_6k - INFO - At run 1/5
2025-02-23 15:24:09,966 - DSM_MultiModelExp_llm_rag_ollama:mixtral:8x22b_6k - INFO - Matrix: [[1, 1, 1, 1, 1, 1], [1, 1, 0, 1, 1, 1], [1, 0, 1, 1, 0, 1], [1, 1, 1, 1, 1, 1], [1, 1, 0, 1, 1, 1], [1, 1, 1, 1, 1, 1]]
2025-02-23 15:24:09,967 - DSM_MultiModelExp_llm_rag_ollama:mixtral:8x22b_6k - INFO - --------------------------------------------------
2025-02-23 15:24:19,977 - DSM_MultiModelExp_llm_rag_ollama:mixtral:8x22b_6k - INFO - Run 2/5
2025-02-23 15:24:20,014 - DSM_MultiModelExp_llm_rag_ollama:mixtral:8x22b_6k - INFO - DEBUG: Initializing RAGInference.
2025-02-23 15:24:20,015 - DSM_MultiModelExp_llm_rag_ollama:mixtral:8x22b_6k - INFO - Using R-type: ['R1', 'R2']
2025-02-23 15:24:20,016 - DSM_MultiModelExp_llm_rag_ollama:mixtral:8x22b_6k - INFO - Using embedding model: text-embedding-3-small
2025-02-23 15:24:20,050 - DSM_MultiModelExp_llm_rag_ollama:mixtral:8x22b_6k - INFO - VectorStoreManager initialized
2025-02-23 15:24:20,051 - DSM_MultiModelExp_llm_rag_ollama:mixtral:8x22b_6k - INFO - Set database path to: xLM_DSM/data/vectorstore/CubeSat/llm_rag/text-embedding-3-small
2025-02-23 15:24:20,061 - DSM_MultiModelExp_llm_rag_ollama:mixtral:8x22b_6k - INFO - Collection count: 2320
2025-02-23 15:24:20,065 - DSM_MultiModelExp_llm_rag_ollama:mixtral:8x22b_6k - INFO - Initialized RAG inference for system: CubeSat (nanosatellite)
2025-02-23 15:24:20,066 - DSM_MultiModelExp_llm_rag_ollama:mixtral:8x22b_6k - INFO - Initialized DSM for system: CubeSat (nanosatellite)
2025-02-23 15:24:20,067 - DSM_MultiModelExp_llm_rag_ollama:mixtral:8x22b_6k - INFO - Inference model: ollama:mixtral:8x22b_6k
2025-02-23 15:24:20,068 - DSM_MultiModelExp_llm_rag_ollama:mixtral:8x22b_6k - INFO - Predicted Components: ['Primary structure', 'Secondary structure', 'Payload', 'Power system', 'Communication system', 'Attitude determination and control system']
2025-02-23 15:24:20,069 - DSM_MultiModelExp_llm_rag_ollama:mixtral:8x22b_6k - INFO - Number of components: 6
2025-02-23 15:24:20,070 - DSM_MultiModelExp_llm_rag_ollama:mixtral:8x22b_6k - INFO - Predicted components for query: ['Primary structure', 'Secondary structure', 'Payload', 'Power system', 'Communication system', 'Attitude determination and control system']
2025-02-23 15:24:20,071 - DSM_MultiModelExp_llm_rag_ollama:mixtral:8x22b_6k - INFO - Query: 
        Please identify system-level hierarchical whole-part relationships between the components of CubeSat (nanosatellite), as listed below, and represent them in a Design Structure Matrix (DSM) format.          
        The relationships should be articulated in plain English, capturing the essence of their interactions.         
        Here is the list of subsystems/components to analyze: ['Primary structure', 'Secondary structure', 'Payload', 'Power system', 'Communication system', 'Attitude determination and control system']         
        The DSM should clearly indicate the interactions between these components as 1 exist and 0 does not exist, considering both the presence and nature of these connections.         
        Present the output in a square matrix format (number of rows and columns MUST be the same as the number of components = 6 for this example), with rows and columns labeled accordingly.         
        Diagonal elements should be 1 in DSM matrix since each component interacts with itself.         
        If you don't know the answer, just write 2 for the specific cell that you are unsure of. A worst case scenario of the **as a list of lists** shown below (diagonal elements are 1 and unsure ones are 2). Don't make up an answer.         
        final response = [[1, 2, 2, 2, 2, 2, 2],[2, 1, 2, 2, 2, 2, 2],[2, 2, 1, 2, 2, 2, 2],[2, 2, 2, 1, 2, 2, 2],[2, 2, 2, 2, 1, 2, 2],[2, 2, 2, 2, 2, 1, 2],[2, 2, 2, 2, 2, 2, 1]] for 7 components         
        final response = [[1, 2, 2],[2, 1, 2],[2, 2, 1]] for 3 components         
        IMPORTANT: Your response must **ONLY** contain a valid **as a list of lists** in the following example format 7x7 matrix.         
        The below list of lists is just examples format of a response. **Replace** the values with your **actual analysis** while providing your response with parameter of 'final response'.        
        final response = [[1, 0, 0, 0, 0, 0, 0],[0, 1, 0, 0, 0, 0, 0],[0, 0, 1, 0, 0, 0, 0],   [0, 0, 0, 1, 0, 0, 0],[0, 0, 0, 0, 1, 0, 0],[0, 0, 0, 0, 0, 1, 0],[0, 0, 0, 0, 0, 0, 1]] for 7 components         
        final response = [[1, 0, 0],[0, 1, 0],[0, 0, 1]] for 3 components         
        IMPORTANT: THE FORMAT OF THE OUTPUT MUST BE AS LIST OF LISTS ONLY SIMILAR TO THE ONE ABOVE (NO LATEX, CODE, OR OTHER ENCODINGS).
        
2025-02-23 15:24:57,361 - DSM_MultiModelExp_llm_rag_ollama:mixtral:8x22b_6k - INFO - Number of documents retrieved: 4
2025-02-23 15:24:57,362 - DSM_MultiModelExp_llm_rag_ollama:mixtral:8x22b_6k - INFO - Documents used for this query:
2025-02-23 15:24:57,363 - DSM_MultiModelExp_llm_rag_ollama:mixtral:8x22b_6k - INFO - File: ../data/use_cases_large/CubeSat/reference_pdfs/R1_combined.pdf
2025-02-23 15:24:57,364 - DSM_MultiModelExp_llm_rag_ollama:mixtral:8x22b_6k - INFO - Page: 0
2025-02-23 15:24:57,365 - DSM_MultiModelExp_llm_rag_ollama:mixtral:8x22b_6k - INFO - Content: that then facilitate a bottom-up development and fabrication
process. Some of the design tools (e.g., N2 diagram) described
in NASAs Systems Engineering Handbook are utilized early in
the design phase ...
2025-02-23 15:24:57,367 - DSM_MultiModelExp_llm_rag_ollama:mixtral:8x22b_6k - INFO - File: ../data/use_cases_large/CubeSat/reference_pdfs/R2_combined.pdf
2025-02-23 15:24:57,367 - DSM_MultiModelExp_llm_rag_ollama:mixtral:8x22b_6k - INFO - Page: 13
2025-02-23 15:24:57,368 - DSM_MultiModelExp_llm_rag_ollama:mixtral:8x22b_6k - INFO - Content: 5 Introduction to Design Structure Matrix Methods 
of the next section). Here we begin by adopting the original DSM convention with inputs 
in rows (IR) and outputs in columns. Later we also present e ...
2025-02-23 15:24:57,369 - DSM_MultiModelExp_llm_rag_ollama:mixtral:8x22b_6k - INFO - File: ../data/use_cases_large/CubeSat/reference_pdfs/R2_combined.pdf
2025-02-23 15:24:57,370 - DSM_MultiModelExp_llm_rag_ollama:mixtral:8x22b_6k - INFO - Page: 510
2025-02-23 15:24:57,371 - DSM_MultiModelExp_llm_rag_ollama:mixtral:8x22b_6k - INFO - Content: sidered a CubeSat. Nevertheless, some of the constraints that dictate the structural
design are derived from the mission and systems requirements. For this reason, it
is important to give the CubeSat  ...
2025-02-23 15:24:57,372 - DSM_MultiModelExp_llm_rag_ollama:mixtral:8x22b_6k - INFO - File: ../data/use_cases_large/CubeSat/reference_pdfs/R2_combined.pdf
2025-02-23 15:24:57,373 - DSM_MultiModelExp_llm_rag_ollama:mixtral:8x22b_6k - INFO - Page: 527
2025-02-23 15:24:57,374 - DSM_MultiModelExp_llm_rag_ollama:mixtral:8x22b_6k - INFO - Content: 7 Conclusions
In this chapter an overview of best practices during the structural system design and
manufacturing has been presented. In particular, attention has been focused on the def-
inition of t ...
2025-02-23 15:24:57,374 - DSM_MultiModelExp_llm_rag_ollama:mixtral:8x22b_6k - INFO - Raw Response:  Based on the information provided and general knowledge of CubeSat systems, here is a possible Design Structure Matrix (DSM) for the components:

final response = [[1, 1, 1, 1, 1, 1], [1, 1, 0, 1, 1, 1], [1, 0, 1, 1, 0, 1], [1, 1, 1, 1, 1, 1], [1, 1, 0, 1, 1, 1], [1, 1, 1, 1, 1, 1]]

Here's how the interactions are interpreted:

- The primary structure interacts with all other components as it provides the main framework for the CubeSat.
- The secondary structure interacts with the payload, power system, communication system, and attitude determination and control system (ADCS) but not directly with the primary structure or ADCS.
- The payload interacts with the primary structure, power system, and communication system but not directly with the secondary structure or ADCS.
- The power system interacts with all other components as it provides energy for their operation.
- The communication system interacts with the primary structure, payload, power system, and ADCS but not directly with the secondary structure.
- The attitude determination and control system (ADCS) interacts with the primary structure, power system, and communication system but not directly with the payload or secondary structure.
2025-02-23 15:24:57,376 - DSM_MultiModelExp_llm_rag_ollama:mixtral:8x22b_6k - INFO - Response:  Based on the information provided and general knowledge of CubeSat systems, here is a possible Design Structure Matrix (DSM) for the components:

final response = [[1, 1, 1, 1, 1, 1], [1, 1, 0, 1, 1, 1], [1, 0, 1, 1, 0, 1], [1, 1, 1, 1, 1, 1], [1, 1, 0, 1, 1, 1], [1, 1, 1, 1, 1, 1]]

Here's how the interactions are interpreted:

- The primary structure interacts with all other components as it provides the main framework for the CubeSat.
- The secondary structure interacts with the payload, power system, communication system, and attitude determination and control system (ADCS) but not directly with the primary structure or ADCS.
- The payload interacts with the primary structure, power system, and communication system but not directly with the secondary structure or ADCS.
- The power system interacts with all other components as it provides energy for their operation.
- The communication system interacts with the primary structure, payload, power system, and ADCS but not directly with the secondary structure.
- The attitude determination and control system (ADCS) interacts with the primary structure, power system, and communication system but not directly with the payload or secondary structure.
2025-02-23 15:24:57,377 - DSM_MultiModelExp_llm_rag_ollama:mixtral:8x22b_6k - INFO - Matrix: [[1, 1, 1, 1, 1, 1], [1, 1, 0, 1, 1, 1], [1, 0, 1, 1, 0, 1], [1, 1, 1, 1, 1, 1], [1, 1, 0, 1, 1, 1], [1, 1, 1, 1, 1, 1]]
2025-02-23 15:24:57,378 - DSM_MultiModelExp_llm_rag_ollama:mixtral:8x22b_6k - INFO - Final Matrix:
[[1, 1, 1, 1, 1, 1], [1, 1, 0, 1, 1, 1], [1, 0, 1, 1, 0, 1], [1, 1, 1, 1, 1, 1], [1, 1, 0, 1, 1, 1], [1, 1, 1, 1, 1, 1]]
2025-02-23 15:24:57,379 - DSM_MultiModelExp_llm_rag_ollama:mixtral:8x22b_6k - INFO - --------------------------------------------------
2025-02-23 15:24:57,379 - DSM_MultiModelExp_llm_rag_ollama:mixtral:8x22b_6k - INFO - Matrix from response.
2025-02-23 15:24:57,381 - DSM_MultiModelExp_llm_rag_ollama:mixtral:8x22b_6k - INFO - At run 2/5
2025-02-23 15:24:57,381 - DSM_MultiModelExp_llm_rag_ollama:mixtral:8x22b_6k - INFO - Matrix: [[1, 1, 1, 1, 1, 1], [1, 1, 0, 1, 1, 1], [1, 0, 1, 1, 0, 1], [1, 1, 1, 1, 1, 1], [1, 1, 0, 1, 1, 1], [1, 1, 1, 1, 1, 1]]
2025-02-23 15:24:57,382 - DSM_MultiModelExp_llm_rag_ollama:mixtral:8x22b_6k - INFO - --------------------------------------------------
2025-02-23 15:25:07,393 - DSM_MultiModelExp_llm_rag_ollama:mixtral:8x22b_6k - INFO - Run 3/5
2025-02-23 15:25:07,429 - DSM_MultiModelExp_llm_rag_ollama:mixtral:8x22b_6k - INFO - DEBUG: Initializing RAGInference.
2025-02-23 15:25:07,430 - DSM_MultiModelExp_llm_rag_ollama:mixtral:8x22b_6k - INFO - Using R-type: ['R1', 'R2']
2025-02-23 15:25:07,430 - DSM_MultiModelExp_llm_rag_ollama:mixtral:8x22b_6k - INFO - Using embedding model: text-embedding-3-small
2025-02-23 15:25:07,465 - DSM_MultiModelExp_llm_rag_ollama:mixtral:8x22b_6k - INFO - VectorStoreManager initialized
2025-02-23 15:25:07,466 - DSM_MultiModelExp_llm_rag_ollama:mixtral:8x22b_6k - INFO - Set database path to: xLM_DSM/data/vectorstore/CubeSat/llm_rag/text-embedding-3-small
2025-02-23 15:25:07,475 - DSM_MultiModelExp_llm_rag_ollama:mixtral:8x22b_6k - INFO - Collection count: 2320
2025-02-23 15:25:07,479 - DSM_MultiModelExp_llm_rag_ollama:mixtral:8x22b_6k - INFO - Initialized RAG inference for system: CubeSat (nanosatellite)
2025-02-23 15:25:07,480 - DSM_MultiModelExp_llm_rag_ollama:mixtral:8x22b_6k - INFO - Initialized DSM for system: CubeSat (nanosatellite)
2025-02-23 15:25:07,481 - DSM_MultiModelExp_llm_rag_ollama:mixtral:8x22b_6k - INFO - Inference model: ollama:mixtral:8x22b_6k
2025-02-23 15:25:07,482 - DSM_MultiModelExp_llm_rag_ollama:mixtral:8x22b_6k - INFO - Predicted Components: ['Primary structure', 'Secondary structure', 'Payload', 'Power system', 'Communication system', 'Attitude determination and control system']
2025-02-23 15:25:07,482 - DSM_MultiModelExp_llm_rag_ollama:mixtral:8x22b_6k - INFO - Number of components: 6
2025-02-23 15:25:07,483 - DSM_MultiModelExp_llm_rag_ollama:mixtral:8x22b_6k - INFO - Predicted components for query: ['Primary structure', 'Secondary structure', 'Payload', 'Power system', 'Communication system', 'Attitude determination and control system']
2025-02-23 15:25:07,484 - DSM_MultiModelExp_llm_rag_ollama:mixtral:8x22b_6k - INFO - Query: 
        Please identify system-level hierarchical whole-part relationships between the components of CubeSat (nanosatellite), as listed below, and represent them in a Design Structure Matrix (DSM) format.          
        The relationships should be articulated in plain English, capturing the essence of their interactions.         
        Here is the list of subsystems/components to analyze: ['Primary structure', 'Secondary structure', 'Payload', 'Power system', 'Communication system', 'Attitude determination and control system']         
        The DSM should clearly indicate the interactions between these components as 1 exist and 0 does not exist, considering both the presence and nature of these connections.         
        Present the output in a square matrix format (number of rows and columns MUST be the same as the number of components = 6 for this example), with rows and columns labeled accordingly.         
        Diagonal elements should be 1 in DSM matrix since each component interacts with itself.         
        If you don't know the answer, just write 2 for the specific cell that you are unsure of. A worst case scenario of the **as a list of lists** shown below (diagonal elements are 1 and unsure ones are 2). Don't make up an answer.         
        final response = [[1, 2, 2, 2, 2, 2, 2],[2, 1, 2, 2, 2, 2, 2],[2, 2, 1, 2, 2, 2, 2],[2, 2, 2, 1, 2, 2, 2],[2, 2, 2, 2, 1, 2, 2],[2, 2, 2, 2, 2, 1, 2],[2, 2, 2, 2, 2, 2, 1]] for 7 components         
        final response = [[1, 2, 2],[2, 1, 2],[2, 2, 1]] for 3 components         
        IMPORTANT: Your response must **ONLY** contain a valid **as a list of lists** in the following example format 7x7 matrix.         
        The below list of lists is just examples format of a response. **Replace** the values with your **actual analysis** while providing your response with parameter of 'final response'.        
        final response = [[1, 0, 0, 0, 0, 0, 0],[0, 1, 0, 0, 0, 0, 0],[0, 0, 1, 0, 0, 0, 0],   [0, 0, 0, 1, 0, 0, 0],[0, 0, 0, 0, 1, 0, 0],[0, 0, 0, 0, 0, 1, 0],[0, 0, 0, 0, 0, 0, 1]] for 7 components         
        final response = [[1, 0, 0],[0, 1, 0],[0, 0, 1]] for 3 components         
        IMPORTANT: THE FORMAT OF THE OUTPUT MUST BE AS LIST OF LISTS ONLY SIMILAR TO THE ONE ABOVE (NO LATEX, CODE, OR OTHER ENCODINGS).
        
2025-02-23 15:25:44,867 - DSM_MultiModelExp_llm_rag_ollama:mixtral:8x22b_6k - INFO - Number of documents retrieved: 4
2025-02-23 15:25:44,868 - DSM_MultiModelExp_llm_rag_ollama:mixtral:8x22b_6k - INFO - Documents used for this query:
2025-02-23 15:25:44,869 - DSM_MultiModelExp_llm_rag_ollama:mixtral:8x22b_6k - INFO - File: ../data/use_cases_large/CubeSat/reference_pdfs/R1_combined.pdf
2025-02-23 15:25:44,870 - DSM_MultiModelExp_llm_rag_ollama:mixtral:8x22b_6k - INFO - Page: 0
2025-02-23 15:25:44,870 - DSM_MultiModelExp_llm_rag_ollama:mixtral:8x22b_6k - INFO - Content: that then facilitate a bottom-up development and fabrication
process. Some of the design tools (e.g., N2 diagram) described
in NASAs Systems Engineering Handbook are utilized early in
the design phase ...
2025-02-23 15:25:44,871 - DSM_MultiModelExp_llm_rag_ollama:mixtral:8x22b_6k - INFO - File: ../data/use_cases_large/CubeSat/reference_pdfs/R2_combined.pdf
2025-02-23 15:25:44,872 - DSM_MultiModelExp_llm_rag_ollama:mixtral:8x22b_6k - INFO - Page: 13
2025-02-23 15:25:44,872 - DSM_MultiModelExp_llm_rag_ollama:mixtral:8x22b_6k - INFO - Content: 5 Introduction to Design Structure Matrix Methods 
of the next section). Here we begin by adopting the original DSM convention with inputs 
in rows (IR) and outputs in columns. Later we also present e ...
2025-02-23 15:25:44,873 - DSM_MultiModelExp_llm_rag_ollama:mixtral:8x22b_6k - INFO - File: ../data/use_cases_large/CubeSat/reference_pdfs/R2_combined.pdf
2025-02-23 15:25:44,874 - DSM_MultiModelExp_llm_rag_ollama:mixtral:8x22b_6k - INFO - Page: 510
2025-02-23 15:25:44,876 - DSM_MultiModelExp_llm_rag_ollama:mixtral:8x22b_6k - INFO - Content: sidered a CubeSat. Nevertheless, some of the constraints that dictate the structural
design are derived from the mission and systems requirements. For this reason, it
is important to give the CubeSat  ...
2025-02-23 15:25:44,876 - DSM_MultiModelExp_llm_rag_ollama:mixtral:8x22b_6k - INFO - File: ../data/use_cases_large/CubeSat/reference_pdfs/R2_combined.pdf
2025-02-23 15:25:44,877 - DSM_MultiModelExp_llm_rag_ollama:mixtral:8x22b_6k - INFO - Page: 527
2025-02-23 15:25:44,878 - DSM_MultiModelExp_llm_rag_ollama:mixtral:8x22b_6k - INFO - Content: 7 Conclusions
In this chapter an overview of best practices during the structural system design and
manufacturing has been presented. In particular, attention has been focused on the def-
inition of t ...
2025-02-23 15:25:44,878 - DSM_MultiModelExp_llm_rag_ollama:mixtral:8x22b_6k - INFO - Raw Response:  Based on the information provided and general knowledge of CubeSat systems, here is a possible Design Structure Matrix (DSM) for the components:

final response = [[1, 1, 1, 1, 1, 1], [1, 1, 0, 1, 1, 1], [1, 0, 1, 1, 0, 1], [1, 1, 1, 1, 1, 1], [1, 1, 0, 1, 1, 1], [1, 1, 1, 1, 1, 1]]

Here's how the interactions are interpreted:

- The primary structure interacts with all other components as it provides the main framework for the CubeSat.
- The secondary structure interacts with the payload, power system, communication system, and attitude determination and control system (ADCS) but not directly with the primary structure or ADCS.
- The payload interacts with the primary structure, power system, and communication system but not directly with the secondary structure or ADCS.
- The power system interacts with all other components as it provides energy for their operation.
- The communication system interacts with the primary structure, payload, power system, and ADCS but not directly with the secondary structure.
- The attitude determination and control system (ADCS) interacts with the primary structure, power system, and communication system but not directly with the payload or secondary structure.
2025-02-23 15:25:44,879 - DSM_MultiModelExp_llm_rag_ollama:mixtral:8x22b_6k - INFO - Response:  Based on the information provided and general knowledge of CubeSat systems, here is a possible Design Structure Matrix (DSM) for the components:

final response = [[1, 1, 1, 1, 1, 1], [1, 1, 0, 1, 1, 1], [1, 0, 1, 1, 0, 1], [1, 1, 1, 1, 1, 1], [1, 1, 0, 1, 1, 1], [1, 1, 1, 1, 1, 1]]

Here's how the interactions are interpreted:

- The primary structure interacts with all other components as it provides the main framework for the CubeSat.
- The secondary structure interacts with the payload, power system, communication system, and attitude determination and control system (ADCS) but not directly with the primary structure or ADCS.
- The payload interacts with the primary structure, power system, and communication system but not directly with the secondary structure or ADCS.
- The power system interacts with all other components as it provides energy for their operation.
- The communication system interacts with the primary structure, payload, power system, and ADCS but not directly with the secondary structure.
- The attitude determination and control system (ADCS) interacts with the primary structure, power system, and communication system but not directly with the payload or secondary structure.
2025-02-23 15:25:44,881 - DSM_MultiModelExp_llm_rag_ollama:mixtral:8x22b_6k - INFO - Matrix: [[1, 1, 1, 1, 1, 1], [1, 1, 0, 1, 1, 1], [1, 0, 1, 1, 0, 1], [1, 1, 1, 1, 1, 1], [1, 1, 0, 1, 1, 1], [1, 1, 1, 1, 1, 1]]
2025-02-23 15:25:44,881 - DSM_MultiModelExp_llm_rag_ollama:mixtral:8x22b_6k - INFO - Final Matrix:
[[1, 1, 1, 1, 1, 1], [1, 1, 0, 1, 1, 1], [1, 0, 1, 1, 0, 1], [1, 1, 1, 1, 1, 1], [1, 1, 0, 1, 1, 1], [1, 1, 1, 1, 1, 1]]
2025-02-23 15:25:44,882 - DSM_MultiModelExp_llm_rag_ollama:mixtral:8x22b_6k - INFO - --------------------------------------------------
2025-02-23 15:25:44,883 - DSM_MultiModelExp_llm_rag_ollama:mixtral:8x22b_6k - INFO - Matrix from response.
2025-02-23 15:25:44,883 - DSM_MultiModelExp_llm_rag_ollama:mixtral:8x22b_6k - INFO - At run 3/5
2025-02-23 15:25:44,884 - DSM_MultiModelExp_llm_rag_ollama:mixtral:8x22b_6k - INFO - Matrix: [[1, 1, 1, 1, 1, 1], [1, 1, 0, 1, 1, 1], [1, 0, 1, 1, 0, 1], [1, 1, 1, 1, 1, 1], [1, 1, 0, 1, 1, 1], [1, 1, 1, 1, 1, 1]]
2025-02-23 15:25:44,885 - DSM_MultiModelExp_llm_rag_ollama:mixtral:8x22b_6k - INFO - --------------------------------------------------
2025-02-23 15:25:54,895 - DSM_MultiModelExp_llm_rag_ollama:mixtral:8x22b_6k - INFO - Run 4/5
2025-02-23 15:25:54,925 - DSM_MultiModelExp_llm_rag_ollama:mixtral:8x22b_6k - INFO - DEBUG: Initializing RAGInference.
2025-02-23 15:25:54,926 - DSM_MultiModelExp_llm_rag_ollama:mixtral:8x22b_6k - INFO - Using R-type: ['R1', 'R2']
2025-02-23 15:25:54,927 - DSM_MultiModelExp_llm_rag_ollama:mixtral:8x22b_6k - INFO - Using embedding model: text-embedding-3-small
2025-02-23 15:25:54,953 - DSM_MultiModelExp_llm_rag_ollama:mixtral:8x22b_6k - INFO - VectorStoreManager initialized
2025-02-23 15:25:54,954 - DSM_MultiModelExp_llm_rag_ollama:mixtral:8x22b_6k - INFO - Set database path to: xLM_DSM/data/vectorstore/CubeSat/llm_rag/text-embedding-3-small
2025-02-23 15:25:54,963 - DSM_MultiModelExp_llm_rag_ollama:mixtral:8x22b_6k - INFO - Collection count: 2320
2025-02-23 15:25:54,966 - DSM_MultiModelExp_llm_rag_ollama:mixtral:8x22b_6k - INFO - Initialized RAG inference for system: CubeSat (nanosatellite)
2025-02-23 15:25:54,967 - DSM_MultiModelExp_llm_rag_ollama:mixtral:8x22b_6k - INFO - Initialized DSM for system: CubeSat (nanosatellite)
2025-02-23 15:25:54,967 - DSM_MultiModelExp_llm_rag_ollama:mixtral:8x22b_6k - INFO - Inference model: ollama:mixtral:8x22b_6k
2025-02-23 15:25:54,968 - DSM_MultiModelExp_llm_rag_ollama:mixtral:8x22b_6k - INFO - Predicted Components: ['Primary structure', 'Secondary structure', 'Payload', 'Power system', 'Communication system', 'Attitude determination and control system']
2025-02-23 15:25:54,969 - DSM_MultiModelExp_llm_rag_ollama:mixtral:8x22b_6k - INFO - Number of components: 6
2025-02-23 15:25:54,971 - DSM_MultiModelExp_llm_rag_ollama:mixtral:8x22b_6k - INFO - Predicted components for query: ['Primary structure', 'Secondary structure', 'Payload', 'Power system', 'Communication system', 'Attitude determination and control system']
2025-02-23 15:25:54,971 - DSM_MultiModelExp_llm_rag_ollama:mixtral:8x22b_6k - INFO - Query: 
        Please identify system-level hierarchical whole-part relationships between the components of CubeSat (nanosatellite), as listed below, and represent them in a Design Structure Matrix (DSM) format.          
        The relationships should be articulated in plain English, capturing the essence of their interactions.         
        Here is the list of subsystems/components to analyze: ['Primary structure', 'Secondary structure', 'Payload', 'Power system', 'Communication system', 'Attitude determination and control system']         
        The DSM should clearly indicate the interactions between these components as 1 exist and 0 does not exist, considering both the presence and nature of these connections.         
        Present the output in a square matrix format (number of rows and columns MUST be the same as the number of components = 6 for this example), with rows and columns labeled accordingly.         
        Diagonal elements should be 1 in DSM matrix since each component interacts with itself.         
        If you don't know the answer, just write 2 for the specific cell that you are unsure of. A worst case scenario of the **as a list of lists** shown below (diagonal elements are 1 and unsure ones are 2). Don't make up an answer.         
        final response = [[1, 2, 2, 2, 2, 2, 2],[2, 1, 2, 2, 2, 2, 2],[2, 2, 1, 2, 2, 2, 2],[2, 2, 2, 1, 2, 2, 2],[2, 2, 2, 2, 1, 2, 2],[2, 2, 2, 2, 2, 1, 2],[2, 2, 2, 2, 2, 2, 1]] for 7 components         
        final response = [[1, 2, 2],[2, 1, 2],[2, 2, 1]] for 3 components         
        IMPORTANT: Your response must **ONLY** contain a valid **as a list of lists** in the following example format 7x7 matrix.         
        The below list of lists is just examples format of a response. **Replace** the values with your **actual analysis** while providing your response with parameter of 'final response'.        
        final response = [[1, 0, 0, 0, 0, 0, 0],[0, 1, 0, 0, 0, 0, 0],[0, 0, 1, 0, 0, 0, 0],   [0, 0, 0, 1, 0, 0, 0],[0, 0, 0, 0, 1, 0, 0],[0, 0, 0, 0, 0, 1, 0],[0, 0, 0, 0, 0, 0, 1]] for 7 components         
        final response = [[1, 0, 0],[0, 1, 0],[0, 0, 1]] for 3 components         
        IMPORTANT: THE FORMAT OF THE OUTPUT MUST BE AS LIST OF LISTS ONLY SIMILAR TO THE ONE ABOVE (NO LATEX, CODE, OR OTHER ENCODINGS).
        
2025-02-23 15:26:33,046 - DSM_MultiModelExp_llm_rag_ollama:mixtral:8x22b_6k - INFO - Number of documents retrieved: 4
2025-02-23 15:26:33,047 - DSM_MultiModelExp_llm_rag_ollama:mixtral:8x22b_6k - INFO - Documents used for this query:
2025-02-23 15:26:33,048 - DSM_MultiModelExp_llm_rag_ollama:mixtral:8x22b_6k - INFO - File: ../data/use_cases_large/CubeSat/reference_pdfs/R1_combined.pdf
2025-02-23 15:26:33,049 - DSM_MultiModelExp_llm_rag_ollama:mixtral:8x22b_6k - INFO - Page: 0
2025-02-23 15:26:33,050 - DSM_MultiModelExp_llm_rag_ollama:mixtral:8x22b_6k - INFO - Content: that then facilitate a bottom-up development and fabrication
process. Some of the design tools (e.g., N2 diagram) described
in NASAs Systems Engineering Handbook are utilized early in
the design phase ...
2025-02-23 15:26:33,051 - DSM_MultiModelExp_llm_rag_ollama:mixtral:8x22b_6k - INFO - File: ../data/use_cases_large/CubeSat/reference_pdfs/R2_combined.pdf
2025-02-23 15:26:33,052 - DSM_MultiModelExp_llm_rag_ollama:mixtral:8x22b_6k - INFO - Page: 13
2025-02-23 15:26:33,053 - DSM_MultiModelExp_llm_rag_ollama:mixtral:8x22b_6k - INFO - Content: 5 Introduction to Design Structure Matrix Methods 
of the next section). Here we begin by adopting the original DSM convention with inputs 
in rows (IR) and outputs in columns. Later we also present e ...
2025-02-23 15:26:33,054 - DSM_MultiModelExp_llm_rag_ollama:mixtral:8x22b_6k - INFO - File: ../data/use_cases_large/CubeSat/reference_pdfs/R2_combined.pdf
2025-02-23 15:26:33,055 - DSM_MultiModelExp_llm_rag_ollama:mixtral:8x22b_6k - INFO - Page: 510
2025-02-23 15:26:33,056 - DSM_MultiModelExp_llm_rag_ollama:mixtral:8x22b_6k - INFO - Content: sidered a CubeSat. Nevertheless, some of the constraints that dictate the structural
design are derived from the mission and systems requirements. For this reason, it
is important to give the CubeSat  ...
2025-02-23 15:26:33,057 - DSM_MultiModelExp_llm_rag_ollama:mixtral:8x22b_6k - INFO - File: ../data/use_cases_large/CubeSat/reference_pdfs/R2_combined.pdf
2025-02-23 15:26:33,058 - DSM_MultiModelExp_llm_rag_ollama:mixtral:8x22b_6k - INFO - Page: 527
2025-02-23 15:26:33,059 - DSM_MultiModelExp_llm_rag_ollama:mixtral:8x22b_6k - INFO - Content: 7 Conclusions
In this chapter an overview of best practices during the structural system design and
manufacturing has been presented. In particular, attention has been focused on the def-
inition of t ...
2025-02-23 15:26:33,059 - DSM_MultiModelExp_llm_rag_ollama:mixtral:8x22b_6k - INFO - Raw Response:  Based on the information provided and general knowledge of CubeSat systems, here is a possible Design Structure Matrix (DSM) for the components:

final response = [[1, 1, 1, 1, 1, 1], [1, 1, 0, 1, 1, 1], [1, 0, 1, 1, 0, 1], [1, 1, 1, 1, 1, 1], [1, 1, 0, 1, 1, 1], [1, 1, 1, 1, 1, 1]]

Here's how the interactions are interpreted:

- The primary structure interacts with all other components as it provides the main framework for the CubeSat.
- The secondary structure interacts with the payload, power system, communication system, and attitude determination and control system (ADCS) but not directly with the primary structure or ADCS.
- The payload interacts with the primary structure, power system, and communication system but not directly with the secondary structure or ADCS.
- The power system interacts with all other components as it provides energy for their operation.
- The communication system interacts with the primary structure, payload, power system, and ADCS but not directly with the secondary structure.
- The attitude determination and control system (ADCS) interacts with the primary structure, power system, and communication system but not directly with the payload or secondary structure.
2025-02-23 15:26:33,060 - DSM_MultiModelExp_llm_rag_ollama:mixtral:8x22b_6k - INFO - Response:  Based on the information provided and general knowledge of CubeSat systems, here is a possible Design Structure Matrix (DSM) for the components:

final response = [[1, 1, 1, 1, 1, 1], [1, 1, 0, 1, 1, 1], [1, 0, 1, 1, 0, 1], [1, 1, 1, 1, 1, 1], [1, 1, 0, 1, 1, 1], [1, 1, 1, 1, 1, 1]]

Here's how the interactions are interpreted:

- The primary structure interacts with all other components as it provides the main framework for the CubeSat.
- The secondary structure interacts with the payload, power system, communication system, and attitude determination and control system (ADCS) but not directly with the primary structure or ADCS.
- The payload interacts with the primary structure, power system, and communication system but not directly with the secondary structure or ADCS.
- The power system interacts with all other components as it provides energy for their operation.
- The communication system interacts with the primary structure, payload, power system, and ADCS but not directly with the secondary structure.
- The attitude determination and control system (ADCS) interacts with the primary structure, power system, and communication system but not directly with the payload or secondary structure.
2025-02-23 15:26:33,061 - DSM_MultiModelExp_llm_rag_ollama:mixtral:8x22b_6k - INFO - Matrix: [[1, 1, 1, 1, 1, 1], [1, 1, 0, 1, 1, 1], [1, 0, 1, 1, 0, 1], [1, 1, 1, 1, 1, 1], [1, 1, 0, 1, 1, 1], [1, 1, 1, 1, 1, 1]]
2025-02-23 15:26:33,062 - DSM_MultiModelExp_llm_rag_ollama:mixtral:8x22b_6k - INFO - Final Matrix:
[[1, 1, 1, 1, 1, 1], [1, 1, 0, 1, 1, 1], [1, 0, 1, 1, 0, 1], [1, 1, 1, 1, 1, 1], [1, 1, 0, 1, 1, 1], [1, 1, 1, 1, 1, 1]]
2025-02-23 15:26:33,063 - DSM_MultiModelExp_llm_rag_ollama:mixtral:8x22b_6k - INFO - --------------------------------------------------
2025-02-23 15:26:33,064 - DSM_MultiModelExp_llm_rag_ollama:mixtral:8x22b_6k - INFO - Matrix from response.
2025-02-23 15:26:33,065 - DSM_MultiModelExp_llm_rag_ollama:mixtral:8x22b_6k - INFO - At run 4/5
2025-02-23 15:26:33,066 - DSM_MultiModelExp_llm_rag_ollama:mixtral:8x22b_6k - INFO - Matrix: [[1, 1, 1, 1, 1, 1], [1, 1, 0, 1, 1, 1], [1, 0, 1, 1, 0, 1], [1, 1, 1, 1, 1, 1], [1, 1, 0, 1, 1, 1], [1, 1, 1, 1, 1, 1]]
2025-02-23 15:26:33,066 - DSM_MultiModelExp_llm_rag_ollama:mixtral:8x22b_6k - INFO - --------------------------------------------------
2025-02-23 15:26:43,078 - DSM_MultiModelExp_llm_rag_ollama:mixtral:8x22b_6k - INFO - Run 5/5
2025-02-23 15:26:43,114 - DSM_MultiModelExp_llm_rag_ollama:mixtral:8x22b_6k - INFO - DEBUG: Initializing RAGInference.
2025-02-23 15:26:43,114 - DSM_MultiModelExp_llm_rag_ollama:mixtral:8x22b_6k - INFO - Using R-type: ['R1', 'R2']
2025-02-23 15:26:43,115 - DSM_MultiModelExp_llm_rag_ollama:mixtral:8x22b_6k - INFO - Using embedding model: text-embedding-3-small
2025-02-23 15:26:43,149 - DSM_MultiModelExp_llm_rag_ollama:mixtral:8x22b_6k - INFO - VectorStoreManager initialized
2025-02-23 15:26:43,150 - DSM_MultiModelExp_llm_rag_ollama:mixtral:8x22b_6k - INFO - Set database path to: xLM_DSM/data/vectorstore/CubeSat/llm_rag/text-embedding-3-small
2025-02-23 15:26:43,158 - DSM_MultiModelExp_llm_rag_ollama:mixtral:8x22b_6k - INFO - Collection count: 2320
2025-02-23 15:26:43,162 - DSM_MultiModelExp_llm_rag_ollama:mixtral:8x22b_6k - INFO - Initialized RAG inference for system: CubeSat (nanosatellite)
2025-02-23 15:26:43,163 - DSM_MultiModelExp_llm_rag_ollama:mixtral:8x22b_6k - INFO - Initialized DSM for system: CubeSat (nanosatellite)
2025-02-23 15:26:43,164 - DSM_MultiModelExp_llm_rag_ollama:mixtral:8x22b_6k - INFO - Inference model: ollama:mixtral:8x22b_6k
2025-02-23 15:26:43,165 - DSM_MultiModelExp_llm_rag_ollama:mixtral:8x22b_6k - INFO - Predicted Components: ['Primary structure', 'Secondary structure', 'Payload', 'Power system', 'Communication system', 'Attitude determination and control system']
2025-02-23 15:26:43,165 - DSM_MultiModelExp_llm_rag_ollama:mixtral:8x22b_6k - INFO - Number of components: 6
2025-02-23 15:26:43,167 - DSM_MultiModelExp_llm_rag_ollama:mixtral:8x22b_6k - INFO - Predicted components for query: ['Primary structure', 'Secondary structure', 'Payload', 'Power system', 'Communication system', 'Attitude determination and control system']
2025-02-23 15:26:43,167 - DSM_MultiModelExp_llm_rag_ollama:mixtral:8x22b_6k - INFO - Query: 
        Please identify system-level hierarchical whole-part relationships between the components of CubeSat (nanosatellite), as listed below, and represent them in a Design Structure Matrix (DSM) format.          
        The relationships should be articulated in plain English, capturing the essence of their interactions.         
        Here is the list of subsystems/components to analyze: ['Primary structure', 'Secondary structure', 'Payload', 'Power system', 'Communication system', 'Attitude determination and control system']         
        The DSM should clearly indicate the interactions between these components as 1 exist and 0 does not exist, considering both the presence and nature of these connections.         
        Present the output in a square matrix format (number of rows and columns MUST be the same as the number of components = 6 for this example), with rows and columns labeled accordingly.         
        Diagonal elements should be 1 in DSM matrix since each component interacts with itself.         
        If you don't know the answer, just write 2 for the specific cell that you are unsure of. A worst case scenario of the **as a list of lists** shown below (diagonal elements are 1 and unsure ones are 2). Don't make up an answer.         
        final response = [[1, 2, 2, 2, 2, 2, 2],[2, 1, 2, 2, 2, 2, 2],[2, 2, 1, 2, 2, 2, 2],[2, 2, 2, 1, 2, 2, 2],[2, 2, 2, 2, 1, 2, 2],[2, 2, 2, 2, 2, 1, 2],[2, 2, 2, 2, 2, 2, 1]] for 7 components         
        final response = [[1, 2, 2],[2, 1, 2],[2, 2, 1]] for 3 components         
        IMPORTANT: Your response must **ONLY** contain a valid **as a list of lists** in the following example format 7x7 matrix.         
        The below list of lists is just examples format of a response. **Replace** the values with your **actual analysis** while providing your response with parameter of 'final response'.        
        final response = [[1, 0, 0, 0, 0, 0, 0],[0, 1, 0, 0, 0, 0, 0],[0, 0, 1, 0, 0, 0, 0],   [0, 0, 0, 1, 0, 0, 0],[0, 0, 0, 0, 1, 0, 0],[0, 0, 0, 0, 0, 1, 0],[0, 0, 0, 0, 0, 0, 1]] for 7 components         
        final response = [[1, 0, 0],[0, 1, 0],[0, 0, 1]] for 3 components         
        IMPORTANT: THE FORMAT OF THE OUTPUT MUST BE AS LIST OF LISTS ONLY SIMILAR TO THE ONE ABOVE (NO LATEX, CODE, OR OTHER ENCODINGS).
        
2025-02-23 15:27:20,201 - DSM_MultiModelExp_llm_rag_ollama:mixtral:8x22b_6k - INFO - Number of documents retrieved: 4
2025-02-23 15:27:20,202 - DSM_MultiModelExp_llm_rag_ollama:mixtral:8x22b_6k - INFO - Documents used for this query:
2025-02-23 15:27:20,203 - DSM_MultiModelExp_llm_rag_ollama:mixtral:8x22b_6k - INFO - File: ../data/use_cases_large/CubeSat/reference_pdfs/R1_combined.pdf
2025-02-23 15:27:20,203 - DSM_MultiModelExp_llm_rag_ollama:mixtral:8x22b_6k - INFO - Page: 0
2025-02-23 15:27:20,204 - DSM_MultiModelExp_llm_rag_ollama:mixtral:8x22b_6k - INFO - Content: that then facilitate a bottom-up development and fabrication
process. Some of the design tools (e.g., N2 diagram) described
in NASAs Systems Engineering Handbook are utilized early in
the design phase ...
2025-02-23 15:27:20,204 - DSM_MultiModelExp_llm_rag_ollama:mixtral:8x22b_6k - INFO - File: ../data/use_cases_large/CubeSat/reference_pdfs/R2_combined.pdf
2025-02-23 15:27:20,205 - DSM_MultiModelExp_llm_rag_ollama:mixtral:8x22b_6k - INFO - Page: 13
2025-02-23 15:27:20,205 - DSM_MultiModelExp_llm_rag_ollama:mixtral:8x22b_6k - INFO - Content: 5 Introduction to Design Structure Matrix Methods 
of the next section). Here we begin by adopting the original DSM convention with inputs 
in rows (IR) and outputs in columns. Later we also present e ...
2025-02-23 15:27:20,206 - DSM_MultiModelExp_llm_rag_ollama:mixtral:8x22b_6k - INFO - File: ../data/use_cases_large/CubeSat/reference_pdfs/R2_combined.pdf
2025-02-23 15:27:20,206 - DSM_MultiModelExp_llm_rag_ollama:mixtral:8x22b_6k - INFO - Page: 510
2025-02-23 15:27:20,207 - DSM_MultiModelExp_llm_rag_ollama:mixtral:8x22b_6k - INFO - Content: sidered a CubeSat. Nevertheless, some of the constraints that dictate the structural
design are derived from the mission and systems requirements. For this reason, it
is important to give the CubeSat  ...
2025-02-23 15:27:20,207 - DSM_MultiModelExp_llm_rag_ollama:mixtral:8x22b_6k - INFO - File: ../data/use_cases_large/CubeSat/reference_pdfs/R2_combined.pdf
2025-02-23 15:27:20,208 - DSM_MultiModelExp_llm_rag_ollama:mixtral:8x22b_6k - INFO - Page: 527
2025-02-23 15:27:20,208 - DSM_MultiModelExp_llm_rag_ollama:mixtral:8x22b_6k - INFO - Content: 7 Conclusions
In this chapter an overview of best practices during the structural system design and
manufacturing has been presented. In particular, attention has been focused on the def-
inition of t ...
2025-02-23 15:27:20,209 - DSM_MultiModelExp_llm_rag_ollama:mixtral:8x22b_6k - INFO - Raw Response:  Based on the information provided and general knowledge of CubeSat systems, here is a possible Design Structure Matrix (DSM) for the components:

final response = [[1, 1, 1, 1, 1, 1], [1, 1, 0, 1, 1, 1], [1, 0, 1, 1, 0, 1], [1, 1, 1, 1, 1, 1], [1, 1, 0, 1, 1, 1], [1, 1, 1, 1, 1, 1]]

Here's how the interactions are interpreted:

- The primary structure interacts with all other components as it provides the main framework for the CubeSat.
- The secondary structure interacts with the payload, power system, communication system, and attitude determination and control system (ADCS) but not directly with the primary structure or ADCS.
- The payload interacts with the primary structure, power system, and communication system but not directly with the secondary structure or ADCS.
- The power system interacts with all other components as it provides energy for their operation.
- The communication system interacts with the primary structure, payload, power system, and ADCS but not directly with the secondary structure.
- The attitude determination and control system (ADCS) interacts with the primary structure, power system, and communication system but not directly with the payload or secondary structure.
2025-02-23 15:27:20,211 - DSM_MultiModelExp_llm_rag_ollama:mixtral:8x22b_6k - INFO - Response:  Based on the information provided and general knowledge of CubeSat systems, here is a possible Design Structure Matrix (DSM) for the components:

final response = [[1, 1, 1, 1, 1, 1], [1, 1, 0, 1, 1, 1], [1, 0, 1, 1, 0, 1], [1, 1, 1, 1, 1, 1], [1, 1, 0, 1, 1, 1], [1, 1, 1, 1, 1, 1]]

Here's how the interactions are interpreted:

- The primary structure interacts with all other components as it provides the main framework for the CubeSat.
- The secondary structure interacts with the payload, power system, communication system, and attitude determination and control system (ADCS) but not directly with the primary structure or ADCS.
- The payload interacts with the primary structure, power system, and communication system but not directly with the secondary structure or ADCS.
- The power system interacts with all other components as it provides energy for their operation.
- The communication system interacts with the primary structure, payload, power system, and ADCS but not directly with the secondary structure.
- The attitude determination and control system (ADCS) interacts with the primary structure, power system, and communication system but not directly with the payload or secondary structure.
2025-02-23 15:27:20,212 - DSM_MultiModelExp_llm_rag_ollama:mixtral:8x22b_6k - INFO - Matrix: [[1, 1, 1, 1, 1, 1], [1, 1, 0, 1, 1, 1], [1, 0, 1, 1, 0, 1], [1, 1, 1, 1, 1, 1], [1, 1, 0, 1, 1, 1], [1, 1, 1, 1, 1, 1]]
2025-02-23 15:27:20,213 - DSM_MultiModelExp_llm_rag_ollama:mixtral:8x22b_6k - INFO - Final Matrix:
[[1, 1, 1, 1, 1, 1], [1, 1, 0, 1, 1, 1], [1, 0, 1, 1, 0, 1], [1, 1, 1, 1, 1, 1], [1, 1, 0, 1, 1, 1], [1, 1, 1, 1, 1, 1]]
2025-02-23 15:27:20,213 - DSM_MultiModelExp_llm_rag_ollama:mixtral:8x22b_6k - INFO - --------------------------------------------------
2025-02-23 15:27:20,214 - DSM_MultiModelExp_llm_rag_ollama:mixtral:8x22b_6k - INFO - Matrix from response.
2025-02-23 15:27:20,214 - DSM_MultiModelExp_llm_rag_ollama:mixtral:8x22b_6k - INFO - At run 5/5
2025-02-23 15:27:20,214 - DSM_MultiModelExp_llm_rag_ollama:mixtral:8x22b_6k - INFO - Matrix: [[1, 1, 1, 1, 1, 1], [1, 1, 0, 1, 1, 1], [1, 0, 1, 1, 0, 1], [1, 1, 1, 1, 1, 1], [1, 1, 0, 1, 1, 1], [1, 1, 1, 1, 1, 1]]
2025-02-23 15:27:20,215 - DSM_MultiModelExp_llm_rag_ollama:mixtral:8x22b_6k - INFO - --------------------------------------------------
2025-02-23 15:27:30,226 - DSM_MultiModelExp_llm_rag_ollama:mixtral:8x22b_6k - INFO - Duration of reference combination {'R1': [{'path': '../data/use_cases_large/CubeSat/reference_pdfs/R1_combined.pdf'}], 'R2': [{'path': '../data/use_cases_large/CubeSat/reference_pdfs/R2_combined.pdf'}]}: 0:04:27.961361
2025-02-23 15:27:30,227 - DSM_MultiModelExp_llm_rag_ollama:mixtral:8x22b_6k - INFO - ++++++++++++++++++++++++++++++++++++++++++++++++++++++++++++++++++++++++++++++++++++++++++++++++++++
2025-02-23 15:27:30,228 - DSM_MultiModelExp_llm_rag_ollama:mixtral:8x22b_6k - INFO - Run 1/5
2025-02-23 15:27:30,246 - DSM_MultiModelExp_llm_rag_ollama:mixtral:8x22b_6k - INFO - DEBUG: Initializing RAGInference.
2025-02-23 15:27:30,247 - DSM_MultiModelExp_llm_rag_ollama:mixtral:8x22b_6k - INFO - Using R-type: ['R1', 'R3']
2025-02-23 15:27:30,248 - DSM_MultiModelExp_llm_rag_ollama:mixtral:8x22b_6k - INFO - Using embedding model: text-embedding-3-small
2025-02-23 15:27:30,264 - DSM_MultiModelExp_llm_rag_ollama:mixtral:8x22b_6k - INFO - VectorStoreManager initialized
2025-02-23 15:27:30,265 - DSM_MultiModelExp_llm_rag_ollama:mixtral:8x22b_6k - INFO - Set database path to: xLM_DSM/data/vectorstore/CubeSat/llm_rag/text-embedding-3-small
2025-02-23 15:27:30,270 - DSM_MultiModelExp_llm_rag_ollama:mixtral:8x22b_6k - INFO - Collection count: 2320
2025-02-23 15:27:30,272 - DSM_MultiModelExp_llm_rag_ollama:mixtral:8x22b_6k - INFO - Initialized RAG inference for system: CubeSat (nanosatellite)
2025-02-23 15:27:30,273 - DSM_MultiModelExp_llm_rag_ollama:mixtral:8x22b_6k - INFO - Initialized DSM for system: CubeSat (nanosatellite)
2025-02-23 15:27:30,274 - DSM_MultiModelExp_llm_rag_ollama:mixtral:8x22b_6k - INFO - Inference model: ollama:mixtral:8x22b_6k
2025-02-23 15:27:30,275 - DSM_MultiModelExp_llm_rag_ollama:mixtral:8x22b_6k - INFO - Prompt (attempt 1/3): 
            Please identify the major components of CubeSat (nanosatellite) in the engineering based on hierarchical whole-part relationships.             
            The number of components must be 6 and must be a list of strings.             
            Please do not identify similar components that will work together under subsystem level since our interest is to identify the major components that form the core architecture of the system.             
            Here is an example of the components for made-up system:             
            final response = [ "component 1", "component 2", "component 3", "component 4", "component 5" ]             
            IMPORTANT: THE FORMAT OF THE OUTPUT MUST BE AS A LIST OF STRINGS ONLY SIMILAR TO THE ONE ABOVE (NO LATEX, NO CODE, NO DESCRIPTION, OR OTHER ENCODINGS).              
2025-02-23 15:27:41,935 - DSM_MultiModelExp_llm_rag_ollama:mixtral:8x22b_6k - INFO - Number of documents retrieved: 4
2025-02-23 15:27:41,936 - DSM_MultiModelExp_llm_rag_ollama:mixtral:8x22b_6k - INFO - Documents used for this query:
2025-02-23 15:27:41,937 - DSM_MultiModelExp_llm_rag_ollama:mixtral:8x22b_6k - INFO - File: ../data/use_cases_large/CubeSat/reference_pdfs/R1_combined.pdf
2025-02-23 15:27:41,938 - DSM_MultiModelExp_llm_rag_ollama:mixtral:8x22b_6k - INFO - Page: 0
2025-02-23 15:27:41,939 - DSM_MultiModelExp_llm_rag_ollama:mixtral:8x22b_6k - INFO - Content: high grade commercial-off-the-shelf (COTS) components for
design, development, has resulted in targeting these class
of satellites for low Earth orbit missions. With the use of
high grade COTS based t ...
2025-02-23 15:27:41,940 - DSM_MultiModelExp_llm_rag_ollama:mixtral:8x22b_6k - INFO - File: ../data/use_cases_large/CubeSat/reference_pdfs/R1_combined.pdf
2025-02-23 15:27:41,941 - DSM_MultiModelExp_llm_rag_ollama:mixtral:8x22b_6k - INFO - Page: 0
2025-02-23 15:27:41,942 - DSM_MultiModelExp_llm_rag_ollama:mixtral:8x22b_6k - INFO - Content: that then facilitate a bottom-up development and fabrication
process. Some of the design tools (e.g., N2 diagram) described
in NASAs Systems Engineering Handbook are utilized early in
the design phase ...
2025-02-23 15:27:41,943 - DSM_MultiModelExp_llm_rag_ollama:mixtral:8x22b_6k - INFO - File: ../data/use_cases_large/CubeSat/reference_pdfs/R1_combined.pdf
2025-02-23 15:27:41,944 - DSM_MultiModelExp_llm_rag_ollama:mixtral:8x22b_6k - INFO - Page: 0
2025-02-23 15:27:41,944 - DSM_MultiModelExp_llm_rag_ollama:mixtral:8x22b_6k - INFO - Content: CubeSat Mission Design Based on a Systems Engineering
Approach
Sharan A. Asundi
Aerospace Science Engineering
Tuskegee University, Tuskegee, AL, 36088
334-727-8768
asundi@mytu.tuskegee.edu
Norman G. F ...
2025-02-23 15:27:41,945 - DSM_MultiModelExp_llm_rag_ollama:mixtral:8x22b_6k - INFO - File: ../data/use_cases_large/CubeSat/reference_pdfs/R1_combined.pdf
2025-02-23 15:27:41,946 - DSM_MultiModelExp_llm_rag_ollama:mixtral:8x22b_6k - INFO - Page: 11
2025-02-23 15:27:41,947 - DSM_MultiModelExp_llm_rag_ollama:mixtral:8x22b_6k - INFO - Content: Many researchers tried to link empirical equations to con-
ceptual design decision. Among them, Chang et al. [ 11], 
performed the conceptual design of a microsatellite using 
empirical laws obtained  ...
2025-02-23 15:27:41,948 - DSM_MultiModelExp_llm_rag_ollama:mixtral:8x22b_6k - INFO - Raw Response:  ["Payload", "Communication System", "Power System", "Attitude Determination and Control System", "On-Board Computer", "Structure"]
2025-02-23 15:27:41,949 - DSM_MultiModelExp_llm_rag_ollama:mixtral:8x22b_6k - INFO - Matrix: ['Payload', 'Communication System', 'Power System', 'Attitude Determination and Control System', 'On-Board Computer', 'Structure']
2025-02-23 15:27:41,950 - DSM_MultiModelExp_llm_rag_ollama:mixtral:8x22b_6k - INFO - Components: ['Payload', 'Communication System', 'Power System', 'Attitude Determination and Control System', 'On-Board Computer', 'Structure']
2025-02-23 15:27:51,200 - DSM_MultiModelExp_llm_rag_ollama:mixtral:8x22b_6k - INFO - Number of documents retrieved: 4
2025-02-23 15:27:51,201 - DSM_MultiModelExp_llm_rag_ollama:mixtral:8x22b_6k - INFO - Documents used for this query:
2025-02-23 15:27:51,202 - DSM_MultiModelExp_llm_rag_ollama:mixtral:8x22b_6k - INFO - File: ../data/use_cases_large/CubeSat/reference_pdfs/R1_combined.pdf
2025-02-23 15:27:51,203 - DSM_MultiModelExp_llm_rag_ollama:mixtral:8x22b_6k - INFO - Page: 15
2025-02-23 15:27:51,204 - DSM_MultiModelExp_llm_rag_ollama:mixtral:8x22b_6k - INFO - Content: ing point. The focus shifts now from system level (CubeSat 
mass, power production, form factor) to subsystem selec -
tions. Prior to going through the refinement part, the user 
is required to fill i ...
2025-02-23 15:27:51,205 - DSM_MultiModelExp_llm_rag_ollama:mixtral:8x22b_6k - INFO - File: ../data/use_cases_large/CubeSat/reference_pdfs/R1_combined.pdf
2025-02-23 15:27:51,205 - DSM_MultiModelExp_llm_rag_ollama:mixtral:8x22b_6k - INFO - Page: 15
2025-02-23 15:27:51,207 - DSM_MultiModelExp_llm_rag_ollama:mixtral:8x22b_6k - INFO - Content: • Propulsion subsystem.
• Electric power subsystem (EPS).
• Structure subsystem.
• OBC subsystem.
• TT &C subsystem.
• Thermal subsystem.
Excluding the payload subsystem, in which the refinement is 
c ...
2025-02-23 15:27:51,208 - DSM_MultiModelExp_llm_rag_ollama:mixtral:8x22b_6k - INFO - File: ../data/use_cases_large/CubeSat/reference_pdfs/R1_combined.pdf
2025-02-23 15:27:51,208 - DSM_MultiModelExp_llm_rag_ollama:mixtral:8x22b_6k - INFO - Page: 9
2025-02-23 15:27:51,209 - DSM_MultiModelExp_llm_rag_ollama:mixtral:8x22b_6k - INFO - Content: design teams can proceed from the conceptual development to the testing and assembly phases quicker, hoping to result in 
higher quality CubeSats and fewer failures.
Keywords CubeSat · Conceptual desi ...
2025-02-23 15:27:51,211 - DSM_MultiModelExp_llm_rag_ollama:mixtral:8x22b_6k - INFO - File: ../data/use_cases_large/CubeSat/reference_pdfs/R1_combined.pdf
2025-02-23 15:27:51,211 - DSM_MultiModelExp_llm_rag_ollama:mixtral:8x22b_6k - INFO - Page: 16
2025-02-23 15:27:51,212 - DSM_MultiModelExp_llm_rag_ollama:mixtral:8x22b_6k - INFO - Content: ment of that specific part of the CubeSat. In case a new 
COTS component needs to be used, GAL2 substitute this 
new piece in the empirical model, deleting the previous one 
used. Naturally, a COTS sy ...
2025-02-23 15:27:51,213 - DSM_MultiModelExp_llm_rag_ollama:mixtral:8x22b_6k - INFO - Raw Response:  Valid
2025-02-23 15:27:51,214 - DSM_MultiModelExp_llm_rag_ollama:mixtral:8x22b_6k - INFO - Validation response:  Valid
2025-02-23 15:27:51,214 - DSM_MultiModelExp_llm_rag_ollama:mixtral:8x22b_6k - INFO - Filtered validation response:  Valid
2025-02-23 15:27:51,215 - DSM_MultiModelExp_llm_rag_ollama:mixtral:8x22b_6k - INFO - Component list validated successfully on attempt 1
2025-02-23 15:27:51,216 - DSM_MultiModelExp_llm_rag_ollama:mixtral:8x22b_6k - INFO - Components: ['Payload', 'Communication System', 'Power System', 'Attitude Determination and Control System', 'On-Board Computer', 'Structure']
2025-02-23 15:27:51,216 - DSM_MultiModelExp_llm_rag_ollama:mixtral:8x22b_6k - INFO - --------------------------------------------------
2025-02-23 15:27:51,218 - DSM_MultiModelExp_llm_rag_ollama:mixtral:8x22b_6k - INFO - Predicted Components: ['Payload', 'Communication System', 'Power System', 'Attitude Determination and Control System', 'On-Board Computer', 'Structure']
2025-02-23 15:27:51,219 - DSM_MultiModelExp_llm_rag_ollama:mixtral:8x22b_6k - INFO - Number of components: 6
2025-02-23 15:27:51,220 - DSM_MultiModelExp_llm_rag_ollama:mixtral:8x22b_6k - INFO - Predicted components for query: ['Payload', 'Communication System', 'Power System', 'Attitude Determination and Control System', 'On-Board Computer', 'Structure']
2025-02-23 15:27:51,220 - DSM_MultiModelExp_llm_rag_ollama:mixtral:8x22b_6k - INFO - Query: 
        Please identify system-level hierarchical whole-part relationships between the components of CubeSat (nanosatellite), as listed below, and represent them in a Design Structure Matrix (DSM) format.          
        The relationships should be articulated in plain English, capturing the essence of their interactions.         
        Here is the list of subsystems/components to analyze: ['Payload', 'Communication System', 'Power System', 'Attitude Determination and Control System', 'On-Board Computer', 'Structure']         
        The DSM should clearly indicate the interactions between these components as 1 exist and 0 does not exist, considering both the presence and nature of these connections.         
        Present the output in a square matrix format (number of rows and columns MUST be the same as the number of components = 6 for this example), with rows and columns labeled accordingly.         
        Diagonal elements should be 1 in DSM matrix since each component interacts with itself.         
        If you don't know the answer, just write 2 for the specific cell that you are unsure of. A worst case scenario of the **as a list of lists** shown below (diagonal elements are 1 and unsure ones are 2). Don't make up an answer.         
        final response = [[1, 2, 2, 2, 2, 2, 2],[2, 1, 2, 2, 2, 2, 2],[2, 2, 1, 2, 2, 2, 2],[2, 2, 2, 1, 2, 2, 2],[2, 2, 2, 2, 1, 2, 2],[2, 2, 2, 2, 2, 1, 2],[2, 2, 2, 2, 2, 2, 1]] for 7 components         
        final response = [[1, 2, 2],[2, 1, 2],[2, 2, 1]] for 3 components         
        IMPORTANT: Your response must **ONLY** contain a valid **as a list of lists** in the following example format 7x7 matrix.         
        The below list of lists is just examples format of a response. **Replace** the values with your **actual analysis** while providing your response with parameter of 'final response'.        
        final response = [[1, 0, 0, 0, 0, 0, 0],[0, 1, 0, 0, 0, 0, 0],[0, 0, 1, 0, 0, 0, 0],   [0, 0, 0, 1, 0, 0, 0],[0, 0, 0, 0, 1, 0, 0],[0, 0, 0, 0, 0, 1, 0],[0, 0, 0, 0, 0, 0, 1]] for 7 components         
        final response = [[1, 0, 0],[0, 1, 0],[0, 0, 1]] for 3 components         
        IMPORTANT: THE FORMAT OF THE OUTPUT MUST BE AS LIST OF LISTS ONLY SIMILAR TO THE ONE ABOVE (NO LATEX, CODE, OR OTHER ENCODINGS).
        
2025-02-23 15:29:14,845 - DSM_MultiModelExp_llm_rag_ollama:mixtral:8x22b_6k - INFO - Number of documents retrieved: 4
2025-02-23 15:29:14,846 - DSM_MultiModelExp_llm_rag_ollama:mixtral:8x22b_6k - INFO - Documents used for this query:
2025-02-23 15:29:14,847 - DSM_MultiModelExp_llm_rag_ollama:mixtral:8x22b_6k - INFO - File: ../data/use_cases_large/CubeSat/reference_pdfs/R1_combined.pdf
2025-02-23 15:29:14,847 - DSM_MultiModelExp_llm_rag_ollama:mixtral:8x22b_6k - INFO - Page: 15
2025-02-23 15:29:14,848 - DSM_MultiModelExp_llm_rag_ollama:mixtral:8x22b_6k - INFO - Content: ing point. The focus shifts now from system level (CubeSat 
mass, power production, form factor) to subsystem selec -
tions. Prior to going through the refinement part, the user 
is required to fill i ...
2025-02-23 15:29:14,850 - DSM_MultiModelExp_llm_rag_ollama:mixtral:8x22b_6k - INFO - File: ../data/use_cases_large/CubeSat/reference_pdfs/R1_combined.pdf
2025-02-23 15:29:14,850 - DSM_MultiModelExp_llm_rag_ollama:mixtral:8x22b_6k - INFO - Page: 0
2025-02-23 15:29:14,851 - DSM_MultiModelExp_llm_rag_ollama:mixtral:8x22b_6k - INFO - Content: that then facilitate a bottom-up development and fabrication
process. Some of the design tools (e.g., N2 diagram) described
in NASAs Systems Engineering Handbook are utilized early in
the design phase ...
2025-02-23 15:29:14,852 - DSM_MultiModelExp_llm_rag_ollama:mixtral:8x22b_6k - INFO - File: ../data/use_cases_large/CubeSat/reference_pdfs/R1_combined.pdf
2025-02-23 15:29:14,852 - DSM_MultiModelExp_llm_rag_ollama:mixtral:8x22b_6k - INFO - Page: 15
2025-02-23 15:29:14,853 - DSM_MultiModelExp_llm_rag_ollama:mixtral:8x22b_6k - INFO - Content: • Propulsion subsystem.
• Electric power subsystem (EPS).
• Structure subsystem.
• OBC subsystem.
• TT &C subsystem.
• Thermal subsystem.
Excluding the payload subsystem, in which the refinement is 
c ...
2025-02-23 15:29:14,853 - DSM_MultiModelExp_llm_rag_ollama:mixtral:8x22b_6k - INFO - File: ../data/use_cases_large/CubeSat/reference_pdfs/R1_combined.pdf
2025-02-23 15:29:14,854 - DSM_MultiModelExp_llm_rag_ollama:mixtral:8x22b_6k - INFO - Page: 3
2025-02-23 15:29:14,856 - DSM_MultiModelExp_llm_rag_ollama:mixtral:8x22b_6k - INFO - Content: conﬂicting components and their corresponding interfaces
through the N2 diagram leads into developing a mission over-
head model in terms of power, telemetry, and computation.
To facilitate detail des ...
2025-02-23 15:29:14,857 - DSM_MultiModelExp_llm_rag_ollama:mixtral:8x22b_6k - INFO - Raw Response:  Based on the provided context and the requirement to represent interactions in a Design Structure Matrix (DSM) format, here is my analysis:

1. Payload interacts with itself (1), but its interaction with other components is not explicitly mentioned in the given context. Therefore, I will mark these as uncertain (2).
2. Communication System interacts with itself (1), and it also communicates with the On-Board Computer for data transmission (1) and possibly with the Power System to manage power consumption (2). Its interaction with other components is not explicitly mentioned in the given context, so I will mark these as uncertain (2).
3. Power System interacts with itself (1), and it also provides power to all other subsystems including the On-Board Computer (1) and Communication System (2). Its interaction with other components is not explicitly mentioned in the given context, so I will mark these as uncertain (2).
4. Attitude Determination and Control System interacts with itself (1), and it also communicates with the On-Board Computer for control signals (1) and possibly with the Power System to manage power consumption (2). Its interaction with other components is not explicitly mentioned in the given context, so I will mark these as uncertain (2).
5. On-Board Computer interacts with itself (1), and it also communicates with all other subsystems including Communication System (1) for data transmission, Power System (1) for power management, Attitude Determination and Control System (1) for control signals, and Structure (2). Its interaction with Payload is not explicitly mentioned in the given context, so I will mark this as uncertain (2).
6. Structure interacts with itself (1), and it also houses all other subsystems including On-Board Computer (2), Communication System (2), Power System (2), Attitude Determination and Control System (2), and Payload (2). Its interaction with these components is not explicitly mentioned in the given context, so I will mark these as uncertain (2).

Therefore, the DSM representation of interactions between CubeSat subsystems/components would be:

final response = [[1, 2, 2, 2, 2, 2], [2, 1, 1, 2, 1, 2], [2, 2, 1, 2, 1, 2], [2, 2, 2, 1, 1, 2], [2, 1, 1, 1, 1, 2], [2, 2, 2, 2, 2, 1]]

This matrix is a square matrix with the same number of rows and columns as the number of components (6 in this case). Each cell represents an interaction between two components. A value of '1' indicates that there is an interaction, while a value of '2' indicates uncertainty due to lack of explicit information in the given context. The diagonal elements are all '1', indicating that each component interacts with itself.
2025-02-23 15:29:14,857 - DSM_MultiModelExp_llm_rag_ollama:mixtral:8x22b_6k - INFO - Response:  Based on the provided context and the requirement to represent interactions in a Design Structure Matrix (DSM) format, here is my analysis:

1. Payload interacts with itself (1), but its interaction with other components is not explicitly mentioned in the given context. Therefore, I will mark these as uncertain (2).
2. Communication System interacts with itself (1), and it also communicates with the On-Board Computer for data transmission (1) and possibly with the Power System to manage power consumption (2). Its interaction with other components is not explicitly mentioned in the given context, so I will mark these as uncertain (2).
3. Power System interacts with itself (1), and it also provides power to all other subsystems including the On-Board Computer (1) and Communication System (2). Its interaction with other components is not explicitly mentioned in the given context, so I will mark these as uncertain (2).
4. Attitude Determination and Control System interacts with itself (1), and it also communicates with the On-Board Computer for control signals (1) and possibly with the Power System to manage power consumption (2). Its interaction with other components is not explicitly mentioned in the given context, so I will mark these as uncertain (2).
5. On-Board Computer interacts with itself (1), and it also communicates with all other subsystems including Communication System (1) for data transmission, Power System (1) for power management, Attitude Determination and Control System (1) for control signals, and Structure (2). Its interaction with Payload is not explicitly mentioned in the given context, so I will mark this as uncertain (2).
6. Structure interacts with itself (1), and it also houses all other subsystems including On-Board Computer (2), Communication System (2), Power System (2), Attitude Determination and Control System (2), and Payload (2). Its interaction with these components is not explicitly mentioned in the given context, so I will mark these as uncertain (2).

Therefore, the DSM representation of interactions between CubeSat subsystems/components would be:

final response = [[1, 2, 2, 2, 2, 2], [2, 1, 1, 2, 1, 2], [2, 2, 1, 2, 1, 2], [2, 2, 2, 1, 1, 2], [2, 1, 1, 1, 1, 2], [2, 2, 2, 2, 2, 1]]

This matrix is a square matrix with the same number of rows and columns as the number of components (6 in this case). Each cell represents an interaction between two components. A value of '1' indicates that there is an interaction, while a value of '2' indicates uncertainty due to lack of explicit information in the given context. The diagonal elements are all '1', indicating that each component interacts with itself.
2025-02-23 15:29:14,858 - DSM_MultiModelExp_llm_rag_ollama:mixtral:8x22b_6k - INFO - Matrix: [[1, 2, 2, 2, 2, 2], [2, 1, 1, 2, 1, 2], [2, 2, 1, 2, 1, 2], [2, 2, 2, 1, 1, 2], [2, 1, 1, 1, 1, 2], [2, 2, 2, 2, 2, 1]]
2025-02-23 15:29:14,859 - DSM_MultiModelExp_llm_rag_ollama:mixtral:8x22b_6k - INFO - Final Matrix:
[[1, 2, 2, 2, 2, 2], [2, 1, 1, 2, 1, 2], [2, 2, 1, 2, 1, 2], [2, 2, 2, 1, 1, 2], [2, 1, 1, 1, 1, 2], [2, 2, 2, 2, 2, 1]]
2025-02-23 15:29:14,859 - DSM_MultiModelExp_llm_rag_ollama:mixtral:8x22b_6k - INFO - --------------------------------------------------
2025-02-23 15:29:14,860 - DSM_MultiModelExp_llm_rag_ollama:mixtral:8x22b_6k - INFO - Matrix from response.
2025-02-23 15:29:14,860 - DSM_MultiModelExp_llm_rag_ollama:mixtral:8x22b_6k - INFO - At run 1/5
2025-02-23 15:29:14,861 - DSM_MultiModelExp_llm_rag_ollama:mixtral:8x22b_6k - INFO - Matrix: [[1, 2, 2, 2, 2, 2], [2, 1, 1, 2, 1, 2], [2, 2, 1, 2, 1, 2], [2, 2, 2, 1, 1, 2], [2, 1, 1, 1, 1, 2], [2, 2, 2, 2, 2, 1]]
2025-02-23 15:29:14,862 - DSM_MultiModelExp_llm_rag_ollama:mixtral:8x22b_6k - INFO - --------------------------------------------------
2025-02-23 15:29:24,872 - DSM_MultiModelExp_llm_rag_ollama:mixtral:8x22b_6k - INFO - Run 2/5
2025-02-23 15:29:24,899 - DSM_MultiModelExp_llm_rag_ollama:mixtral:8x22b_6k - INFO - DEBUG: Initializing RAGInference.
2025-02-23 15:29:24,900 - DSM_MultiModelExp_llm_rag_ollama:mixtral:8x22b_6k - INFO - Using R-type: ['R1', 'R3']
2025-02-23 15:29:24,901 - DSM_MultiModelExp_llm_rag_ollama:mixtral:8x22b_6k - INFO - Using embedding model: text-embedding-3-small
2025-02-23 15:29:24,927 - DSM_MultiModelExp_llm_rag_ollama:mixtral:8x22b_6k - INFO - VectorStoreManager initialized
2025-02-23 15:29:24,928 - DSM_MultiModelExp_llm_rag_ollama:mixtral:8x22b_6k - INFO - Set database path to: xLM_DSM/data/vectorstore/CubeSat/llm_rag/text-embedding-3-small
2025-02-23 15:29:24,936 - DSM_MultiModelExp_llm_rag_ollama:mixtral:8x22b_6k - INFO - Collection count: 2320
2025-02-23 15:29:24,939 - DSM_MultiModelExp_llm_rag_ollama:mixtral:8x22b_6k - INFO - Initialized RAG inference for system: CubeSat (nanosatellite)
2025-02-23 15:29:24,940 - DSM_MultiModelExp_llm_rag_ollama:mixtral:8x22b_6k - INFO - Initialized DSM for system: CubeSat (nanosatellite)
2025-02-23 15:29:24,941 - DSM_MultiModelExp_llm_rag_ollama:mixtral:8x22b_6k - INFO - Inference model: ollama:mixtral:8x22b_6k
2025-02-23 15:29:24,941 - DSM_MultiModelExp_llm_rag_ollama:mixtral:8x22b_6k - INFO - Predicted Components: ['Payload', 'Communication System', 'Power System', 'Attitude Determination and Control System', 'On-Board Computer', 'Structure']
2025-02-23 15:29:24,942 - DSM_MultiModelExp_llm_rag_ollama:mixtral:8x22b_6k - INFO - Number of components: 6
2025-02-23 15:29:24,943 - DSM_MultiModelExp_llm_rag_ollama:mixtral:8x22b_6k - INFO - Predicted components for query: ['Payload', 'Communication System', 'Power System', 'Attitude Determination and Control System', 'On-Board Computer', 'Structure']
2025-02-23 15:29:24,944 - DSM_MultiModelExp_llm_rag_ollama:mixtral:8x22b_6k - INFO - Query: 
        Please identify system-level hierarchical whole-part relationships between the components of CubeSat (nanosatellite), as listed below, and represent them in a Design Structure Matrix (DSM) format.          
        The relationships should be articulated in plain English, capturing the essence of their interactions.         
        Here is the list of subsystems/components to analyze: ['Payload', 'Communication System', 'Power System', 'Attitude Determination and Control System', 'On-Board Computer', 'Structure']         
        The DSM should clearly indicate the interactions between these components as 1 exist and 0 does not exist, considering both the presence and nature of these connections.         
        Present the output in a square matrix format (number of rows and columns MUST be the same as the number of components = 6 for this example), with rows and columns labeled accordingly.         
        Diagonal elements should be 1 in DSM matrix since each component interacts with itself.         
        If you don't know the answer, just write 2 for the specific cell that you are unsure of. A worst case scenario of the **as a list of lists** shown below (diagonal elements are 1 and unsure ones are 2). Don't make up an answer.         
        final response = [[1, 2, 2, 2, 2, 2, 2],[2, 1, 2, 2, 2, 2, 2],[2, 2, 1, 2, 2, 2, 2],[2, 2, 2, 1, 2, 2, 2],[2, 2, 2, 2, 1, 2, 2],[2, 2, 2, 2, 2, 1, 2],[2, 2, 2, 2, 2, 2, 1]] for 7 components         
        final response = [[1, 2, 2],[2, 1, 2],[2, 2, 1]] for 3 components         
        IMPORTANT: Your response must **ONLY** contain a valid **as a list of lists** in the following example format 7x7 matrix.         
        The below list of lists is just examples format of a response. **Replace** the values with your **actual analysis** while providing your response with parameter of 'final response'.        
        final response = [[1, 0, 0, 0, 0, 0, 0],[0, 1, 0, 0, 0, 0, 0],[0, 0, 1, 0, 0, 0, 0],   [0, 0, 0, 1, 0, 0, 0],[0, 0, 0, 0, 1, 0, 0],[0, 0, 0, 0, 0, 1, 0],[0, 0, 0, 0, 0, 0, 1]] for 7 components         
        final response = [[1, 0, 0],[0, 1, 0],[0, 0, 1]] for 3 components         
        IMPORTANT: THE FORMAT OF THE OUTPUT MUST BE AS LIST OF LISTS ONLY SIMILAR TO THE ONE ABOVE (NO LATEX, CODE, OR OTHER ENCODINGS).
        
2025-02-23 15:30:19,079 - DSM_MultiModelExp_llm_rag_ollama:mixtral:8x22b_6k - INFO - Number of documents retrieved: 4
2025-02-23 15:30:19,080 - DSM_MultiModelExp_llm_rag_ollama:mixtral:8x22b_6k - INFO - Documents used for this query:
2025-02-23 15:30:19,081 - DSM_MultiModelExp_llm_rag_ollama:mixtral:8x22b_6k - INFO - File: ../data/use_cases_large/CubeSat/reference_pdfs/R1_combined.pdf
2025-02-23 15:30:19,082 - DSM_MultiModelExp_llm_rag_ollama:mixtral:8x22b_6k - INFO - Page: 15
2025-02-23 15:30:19,082 - DSM_MultiModelExp_llm_rag_ollama:mixtral:8x22b_6k - INFO - Content: ing point. The focus shifts now from system level (CubeSat 
mass, power production, form factor) to subsystem selec -
tions. Prior to going through the refinement part, the user 
is required to fill i ...
2025-02-23 15:30:19,083 - DSM_MultiModelExp_llm_rag_ollama:mixtral:8x22b_6k - INFO - File: ../data/use_cases_large/CubeSat/reference_pdfs/R1_combined.pdf
2025-02-23 15:30:19,083 - DSM_MultiModelExp_llm_rag_ollama:mixtral:8x22b_6k - INFO - Page: 0
2025-02-23 15:30:19,084 - DSM_MultiModelExp_llm_rag_ollama:mixtral:8x22b_6k - INFO - Content: that then facilitate a bottom-up development and fabrication
process. Some of the design tools (e.g., N2 diagram) described
in NASAs Systems Engineering Handbook are utilized early in
the design phase ...
2025-02-23 15:30:19,086 - DSM_MultiModelExp_llm_rag_ollama:mixtral:8x22b_6k - INFO - File: ../data/use_cases_large/CubeSat/reference_pdfs/R1_combined.pdf
2025-02-23 15:30:19,087 - DSM_MultiModelExp_llm_rag_ollama:mixtral:8x22b_6k - INFO - Page: 15
2025-02-23 15:30:19,087 - DSM_MultiModelExp_llm_rag_ollama:mixtral:8x22b_6k - INFO - Content: • Propulsion subsystem.
• Electric power subsystem (EPS).
• Structure subsystem.
• OBC subsystem.
• TT &C subsystem.
• Thermal subsystem.
Excluding the payload subsystem, in which the refinement is 
c ...
2025-02-23 15:30:19,088 - DSM_MultiModelExp_llm_rag_ollama:mixtral:8x22b_6k - INFO - File: ../data/use_cases_large/CubeSat/reference_pdfs/R1_combined.pdf
2025-02-23 15:30:19,088 - DSM_MultiModelExp_llm_rag_ollama:mixtral:8x22b_6k - INFO - Page: 3
2025-02-23 15:30:19,089 - DSM_MultiModelExp_llm_rag_ollama:mixtral:8x22b_6k - INFO - Content: conﬂicting components and their corresponding interfaces
through the N2 diagram leads into developing a mission over-
head model in terms of power, telemetry, and computation.
To facilitate detail des ...
2025-02-23 15:30:19,090 - DSM_MultiModelExp_llm_rag_ollama:mixtral:8x22b_6k - INFO - Raw Response:  Based on the provided context and the requirement to represent interactions in a Design Structure Matrix (DSM) format, here is my best attempt at identifying system-level hierarchical whole-part relationships between the components of CubeSat:

final response = [[1, 1, 1, 1, 1, 1], [1, 1, 0, 1, 1, 1], [1, 0, 1, 1, 1, 1], [1, 1, 1, 1, 1, 1], [1, 1, 1, 1, 1, 1], [1, 1, 1, 1, 1, 1]]

Explanation:
- Payload (1): Interacts with all other subsystems. It requires power from the Power System and is controlled by the On-Board Computer. The Communication System sends its data to ground stations. The Attitude Determination and Control System maintains its orientation, and it's housed within the Structure.
- Communication System (2): Interacts with Payload, Power System, On-Board Computer, and Structure. It receives data from the payload and sends it to ground stations using power from the Power System and controlled by the On-Board Computer. It is also part of the structure.
- Power System (3): Interacts with Payload, Communication System, On-Board Computer, and Structure. It provides power to all these subsystems and is housed within the structure.
- Attitude Determination and Control System (4): Interacts with Payload, Communication System, On-Board Computer, and Structure. It maintains the orientation of the payload and other systems using power from the Power System and controlled by the On-Board Computer. It is also part of the structure.
- On-Board Computer (5): Interacts with all other subsystems. It controls the Payload, Communication System, Attitude Determination and Control System, and receives power from the Power System. It's housed within the Structure.
- Structure (6): Houses all other subsystems.
2025-02-23 15:30:19,090 - DSM_MultiModelExp_llm_rag_ollama:mixtral:8x22b_6k - INFO - Response:  Based on the provided context and the requirement to represent interactions in a Design Structure Matrix (DSM) format, here is my best attempt at identifying system-level hierarchical whole-part relationships between the components of CubeSat:

final response = [[1, 1, 1, 1, 1, 1], [1, 1, 0, 1, 1, 1], [1, 0, 1, 1, 1, 1], [1, 1, 1, 1, 1, 1], [1, 1, 1, 1, 1, 1], [1, 1, 1, 1, 1, 1]]

Explanation:
- Payload (1): Interacts with all other subsystems. It requires power from the Power System and is controlled by the On-Board Computer. The Communication System sends its data to ground stations. The Attitude Determination and Control System maintains its orientation, and it's housed within the Structure.
- Communication System (2): Interacts with Payload, Power System, On-Board Computer, and Structure. It receives data from the payload and sends it to ground stations using power from the Power System and controlled by the On-Board Computer. It is also part of the structure.
- Power System (3): Interacts with Payload, Communication System, On-Board Computer, and Structure. It provides power to all these subsystems and is housed within the structure.
- Attitude Determination and Control System (4): Interacts with Payload, Communication System, On-Board Computer, and Structure. It maintains the orientation of the payload and other systems using power from the Power System and controlled by the On-Board Computer. It is also part of the structure.
- On-Board Computer (5): Interacts with all other subsystems. It controls the Payload, Communication System, Attitude Determination and Control System, and receives power from the Power System. It's housed within the Structure.
- Structure (6): Houses all other subsystems.
2025-02-23 15:30:19,091 - DSM_MultiModelExp_llm_rag_ollama:mixtral:8x22b_6k - INFO - Matrix: [[1, 1, 1, 1, 1, 1], [1, 1, 0, 1, 1, 1], [1, 0, 1, 1, 1, 1], [1, 1, 1, 1, 1, 1], [1, 1, 1, 1, 1, 1], [1, 1, 1, 1, 1, 1]]
2025-02-23 15:30:19,093 - DSM_MultiModelExp_llm_rag_ollama:mixtral:8x22b_6k - INFO - Final Matrix:
[[1, 1, 1, 1, 1, 1], [1, 1, 0, 1, 1, 1], [1, 0, 1, 1, 1, 1], [1, 1, 1, 1, 1, 1], [1, 1, 1, 1, 1, 1], [1, 1, 1, 1, 1, 1]]
2025-02-23 15:30:19,094 - DSM_MultiModelExp_llm_rag_ollama:mixtral:8x22b_6k - INFO - --------------------------------------------------
2025-02-23 15:30:19,095 - DSM_MultiModelExp_llm_rag_ollama:mixtral:8x22b_6k - INFO - Matrix from response.
2025-02-23 15:30:19,095 - DSM_MultiModelExp_llm_rag_ollama:mixtral:8x22b_6k - INFO - At run 2/5
2025-02-23 15:30:19,096 - DSM_MultiModelExp_llm_rag_ollama:mixtral:8x22b_6k - INFO - Matrix: [[1, 1, 1, 1, 1, 1], [1, 1, 0, 1, 1, 1], [1, 0, 1, 1, 1, 1], [1, 1, 1, 1, 1, 1], [1, 1, 1, 1, 1, 1], [1, 1, 1, 1, 1, 1]]
2025-02-23 15:30:19,097 - DSM_MultiModelExp_llm_rag_ollama:mixtral:8x22b_6k - INFO - --------------------------------------------------
2025-02-23 15:30:29,108 - DSM_MultiModelExp_llm_rag_ollama:mixtral:8x22b_6k - INFO - Run 3/5
2025-02-23 15:30:29,143 - DSM_MultiModelExp_llm_rag_ollama:mixtral:8x22b_6k - INFO - DEBUG: Initializing RAGInference.
2025-02-23 15:30:29,144 - DSM_MultiModelExp_llm_rag_ollama:mixtral:8x22b_6k - INFO - Using R-type: ['R1', 'R3']
2025-02-23 15:30:29,145 - DSM_MultiModelExp_llm_rag_ollama:mixtral:8x22b_6k - INFO - Using embedding model: text-embedding-3-small
2025-02-23 15:30:29,179 - DSM_MultiModelExp_llm_rag_ollama:mixtral:8x22b_6k - INFO - VectorStoreManager initialized
2025-02-23 15:30:29,180 - DSM_MultiModelExp_llm_rag_ollama:mixtral:8x22b_6k - INFO - Set database path to: xLM_DSM/data/vectorstore/CubeSat/llm_rag/text-embedding-3-small
2025-02-23 15:30:29,188 - DSM_MultiModelExp_llm_rag_ollama:mixtral:8x22b_6k - INFO - Collection count: 2320
2025-02-23 15:30:29,191 - DSM_MultiModelExp_llm_rag_ollama:mixtral:8x22b_6k - INFO - Initialized RAG inference for system: CubeSat (nanosatellite)
2025-02-23 15:30:29,192 - DSM_MultiModelExp_llm_rag_ollama:mixtral:8x22b_6k - INFO - Initialized DSM for system: CubeSat (nanosatellite)
2025-02-23 15:30:29,192 - DSM_MultiModelExp_llm_rag_ollama:mixtral:8x22b_6k - INFO - Inference model: ollama:mixtral:8x22b_6k
2025-02-23 15:30:29,193 - DSM_MultiModelExp_llm_rag_ollama:mixtral:8x22b_6k - INFO - Predicted Components: ['Payload', 'Communication System', 'Power System', 'Attitude Determination and Control System', 'On-Board Computer', 'Structure']
2025-02-23 15:30:29,194 - DSM_MultiModelExp_llm_rag_ollama:mixtral:8x22b_6k - INFO - Number of components: 6
2025-02-23 15:30:29,195 - DSM_MultiModelExp_llm_rag_ollama:mixtral:8x22b_6k - INFO - Predicted components for query: ['Payload', 'Communication System', 'Power System', 'Attitude Determination and Control System', 'On-Board Computer', 'Structure']
2025-02-23 15:30:29,196 - DSM_MultiModelExp_llm_rag_ollama:mixtral:8x22b_6k - INFO - Query: 
        Please identify system-level hierarchical whole-part relationships between the components of CubeSat (nanosatellite), as listed below, and represent them in a Design Structure Matrix (DSM) format.          
        The relationships should be articulated in plain English, capturing the essence of their interactions.         
        Here is the list of subsystems/components to analyze: ['Payload', 'Communication System', 'Power System', 'Attitude Determination and Control System', 'On-Board Computer', 'Structure']         
        The DSM should clearly indicate the interactions between these components as 1 exist and 0 does not exist, considering both the presence and nature of these connections.         
        Present the output in a square matrix format (number of rows and columns MUST be the same as the number of components = 6 for this example), with rows and columns labeled accordingly.         
        Diagonal elements should be 1 in DSM matrix since each component interacts with itself.         
        If you don't know the answer, just write 2 for the specific cell that you are unsure of. A worst case scenario of the **as a list of lists** shown below (diagonal elements are 1 and unsure ones are 2). Don't make up an answer.         
        final response = [[1, 2, 2, 2, 2, 2, 2],[2, 1, 2, 2, 2, 2, 2],[2, 2, 1, 2, 2, 2, 2],[2, 2, 2, 1, 2, 2, 2],[2, 2, 2, 2, 1, 2, 2],[2, 2, 2, 2, 2, 1, 2],[2, 2, 2, 2, 2, 2, 1]] for 7 components         
        final response = [[1, 2, 2],[2, 1, 2],[2, 2, 1]] for 3 components         
        IMPORTANT: Your response must **ONLY** contain a valid **as a list of lists** in the following example format 7x7 matrix.         
        The below list of lists is just examples format of a response. **Replace** the values with your **actual analysis** while providing your response with parameter of 'final response'.        
        final response = [[1, 0, 0, 0, 0, 0, 0],[0, 1, 0, 0, 0, 0, 0],[0, 0, 1, 0, 0, 0, 0],   [0, 0, 0, 1, 0, 0, 0],[0, 0, 0, 0, 1, 0, 0],[0, 0, 0, 0, 0, 1, 0],[0, 0, 0, 0, 0, 0, 1]] for 7 components         
        final response = [[1, 0, 0],[0, 1, 0],[0, 0, 1]] for 3 components         
        IMPORTANT: THE FORMAT OF THE OUTPUT MUST BE AS LIST OF LISTS ONLY SIMILAR TO THE ONE ABOVE (NO LATEX, CODE, OR OTHER ENCODINGS).
        
2025-02-23 15:31:22,987 - DSM_MultiModelExp_llm_rag_ollama:mixtral:8x22b_6k - INFO - Number of documents retrieved: 4
2025-02-23 15:31:22,988 - DSM_MultiModelExp_llm_rag_ollama:mixtral:8x22b_6k - INFO - Documents used for this query:
2025-02-23 15:31:22,990 - DSM_MultiModelExp_llm_rag_ollama:mixtral:8x22b_6k - INFO - File: ../data/use_cases_large/CubeSat/reference_pdfs/R1_combined.pdf
2025-02-23 15:31:22,991 - DSM_MultiModelExp_llm_rag_ollama:mixtral:8x22b_6k - INFO - Page: 15
2025-02-23 15:31:22,992 - DSM_MultiModelExp_llm_rag_ollama:mixtral:8x22b_6k - INFO - Content: ing point. The focus shifts now from system level (CubeSat 
mass, power production, form factor) to subsystem selec -
tions. Prior to going through the refinement part, the user 
is required to fill i ...
2025-02-23 15:31:22,993 - DSM_MultiModelExp_llm_rag_ollama:mixtral:8x22b_6k - INFO - File: ../data/use_cases_large/CubeSat/reference_pdfs/R1_combined.pdf
2025-02-23 15:31:22,993 - DSM_MultiModelExp_llm_rag_ollama:mixtral:8x22b_6k - INFO - Page: 0
2025-02-23 15:31:22,994 - DSM_MultiModelExp_llm_rag_ollama:mixtral:8x22b_6k - INFO - Content: that then facilitate a bottom-up development and fabrication
process. Some of the design tools (e.g., N2 diagram) described
in NASAs Systems Engineering Handbook are utilized early in
the design phase ...
2025-02-23 15:31:22,995 - DSM_MultiModelExp_llm_rag_ollama:mixtral:8x22b_6k - INFO - File: ../data/use_cases_large/CubeSat/reference_pdfs/R1_combined.pdf
2025-02-23 15:31:22,996 - DSM_MultiModelExp_llm_rag_ollama:mixtral:8x22b_6k - INFO - Page: 15
2025-02-23 15:31:22,997 - DSM_MultiModelExp_llm_rag_ollama:mixtral:8x22b_6k - INFO - Content: • Propulsion subsystem.
• Electric power subsystem (EPS).
• Structure subsystem.
• OBC subsystem.
• TT &C subsystem.
• Thermal subsystem.
Excluding the payload subsystem, in which the refinement is 
c ...
2025-02-23 15:31:22,998 - DSM_MultiModelExp_llm_rag_ollama:mixtral:8x22b_6k - INFO - File: ../data/use_cases_large/CubeSat/reference_pdfs/R1_combined.pdf
2025-02-23 15:31:22,999 - DSM_MultiModelExp_llm_rag_ollama:mixtral:8x22b_6k - INFO - Page: 3
2025-02-23 15:31:23,000 - DSM_MultiModelExp_llm_rag_ollama:mixtral:8x22b_6k - INFO - Content: conﬂicting components and their corresponding interfaces
through the N2 diagram leads into developing a mission over-
head model in terms of power, telemetry, and computation.
To facilitate detail des ...
2025-02-23 15:31:23,001 - DSM_MultiModelExp_llm_rag_ollama:mixtral:8x22b_6k - INFO - Raw Response:  Based on the provided context and the requirement to represent interactions in a Design Structure Matrix (DSM) format, here is my best attempt at identifying system-level hierarchical whole-part relationships between the components of CubeSat:

final response = [[1, 1, 1, 1, 1, 1], [1, 1, 0, 1, 1, 1], [1, 0, 1, 1, 1, 1], [1, 1, 1, 1, 1, 1], [1, 1, 1, 1, 1, 1], [1, 1, 1, 1, 1, 1]]

Explanation:
- Payload (1): Interacts with all other subsystems. It requires power from the Power System and is controlled by the On-Board Computer. The Communication System sends its data to ground stations. The Attitude Determination and Control System maintains its orientation, and it's housed within the Structure.
- Communication System (2): Interacts with Payload, Power System, On-Board Computer, and Structure. It receives data from the payload and sends it to ground stations using power from the Power System and controlled by the On-Board Computer. It is also part of the structure.
- Power System (3): Interacts with Payload, Communication System, On-Board Computer, and Structure. It provides power to all these subsystems and is housed within the structure.
- Attitude Determination and Control System (4): Interacts with Payload, Communication System, On-Board Computer, and Structure. It maintains the orientation of the payload and other systems using power from the Power System and controlled by the On-Board Computer. It is also part of the structure.
- On-Board Computer (5): Interacts with all other subsystems. It controls the Payload, Communication System, Attitude Determination and Control System, and receives power from the Power System. It's housed within the Structure.
- Structure (6): Houses all other subsystems.
2025-02-23 15:31:23,002 - DSM_MultiModelExp_llm_rag_ollama:mixtral:8x22b_6k - INFO - Response:  Based on the provided context and the requirement to represent interactions in a Design Structure Matrix (DSM) format, here is my best attempt at identifying system-level hierarchical whole-part relationships between the components of CubeSat:

final response = [[1, 1, 1, 1, 1, 1], [1, 1, 0, 1, 1, 1], [1, 0, 1, 1, 1, 1], [1, 1, 1, 1, 1, 1], [1, 1, 1, 1, 1, 1], [1, 1, 1, 1, 1, 1]]

Explanation:
- Payload (1): Interacts with all other subsystems. It requires power from the Power System and is controlled by the On-Board Computer. The Communication System sends its data to ground stations. The Attitude Determination and Control System maintains its orientation, and it's housed within the Structure.
- Communication System (2): Interacts with Payload, Power System, On-Board Computer, and Structure. It receives data from the payload and sends it to ground stations using power from the Power System and controlled by the On-Board Computer. It is also part of the structure.
- Power System (3): Interacts with Payload, Communication System, On-Board Computer, and Structure. It provides power to all these subsystems and is housed within the structure.
- Attitude Determination and Control System (4): Interacts with Payload, Communication System, On-Board Computer, and Structure. It maintains the orientation of the payload and other systems using power from the Power System and controlled by the On-Board Computer. It is also part of the structure.
- On-Board Computer (5): Interacts with all other subsystems. It controls the Payload, Communication System, Attitude Determination and Control System, and receives power from the Power System. It's housed within the Structure.
- Structure (6): Houses all other subsystems.
2025-02-23 15:31:23,003 - DSM_MultiModelExp_llm_rag_ollama:mixtral:8x22b_6k - INFO - Matrix: [[1, 1, 1, 1, 1, 1], [1, 1, 0, 1, 1, 1], [1, 0, 1, 1, 1, 1], [1, 1, 1, 1, 1, 1], [1, 1, 1, 1, 1, 1], [1, 1, 1, 1, 1, 1]]
2025-02-23 15:31:23,004 - DSM_MultiModelExp_llm_rag_ollama:mixtral:8x22b_6k - INFO - Final Matrix:
[[1, 1, 1, 1, 1, 1], [1, 1, 0, 1, 1, 1], [1, 0, 1, 1, 1, 1], [1, 1, 1, 1, 1, 1], [1, 1, 1, 1, 1, 1], [1, 1, 1, 1, 1, 1]]
2025-02-23 15:31:23,004 - DSM_MultiModelExp_llm_rag_ollama:mixtral:8x22b_6k - INFO - --------------------------------------------------
2025-02-23 15:31:23,005 - DSM_MultiModelExp_llm_rag_ollama:mixtral:8x22b_6k - INFO - Matrix from response.
2025-02-23 15:31:23,006 - DSM_MultiModelExp_llm_rag_ollama:mixtral:8x22b_6k - INFO - At run 3/5
2025-02-23 15:31:23,007 - DSM_MultiModelExp_llm_rag_ollama:mixtral:8x22b_6k - INFO - Matrix: [[1, 1, 1, 1, 1, 1], [1, 1, 0, 1, 1, 1], [1, 0, 1, 1, 1, 1], [1, 1, 1, 1, 1, 1], [1, 1, 1, 1, 1, 1], [1, 1, 1, 1, 1, 1]]
2025-02-23 15:31:23,008 - DSM_MultiModelExp_llm_rag_ollama:mixtral:8x22b_6k - INFO - --------------------------------------------------
2025-02-23 15:31:33,019 - DSM_MultiModelExp_llm_rag_ollama:mixtral:8x22b_6k - INFO - Run 4/5
2025-02-23 15:31:33,055 - DSM_MultiModelExp_llm_rag_ollama:mixtral:8x22b_6k - INFO - DEBUG: Initializing RAGInference.
2025-02-23 15:31:33,056 - DSM_MultiModelExp_llm_rag_ollama:mixtral:8x22b_6k - INFO - Using R-type: ['R1', 'R3']
2025-02-23 15:31:33,056 - DSM_MultiModelExp_llm_rag_ollama:mixtral:8x22b_6k - INFO - Using embedding model: text-embedding-3-small
2025-02-23 15:31:33,090 - DSM_MultiModelExp_llm_rag_ollama:mixtral:8x22b_6k - INFO - VectorStoreManager initialized
2025-02-23 15:31:33,091 - DSM_MultiModelExp_llm_rag_ollama:mixtral:8x22b_6k - INFO - Set database path to: xLM_DSM/data/vectorstore/CubeSat/llm_rag/text-embedding-3-small
2025-02-23 15:31:33,099 - DSM_MultiModelExp_llm_rag_ollama:mixtral:8x22b_6k - INFO - Collection count: 2320
2025-02-23 15:31:33,103 - DSM_MultiModelExp_llm_rag_ollama:mixtral:8x22b_6k - INFO - Initialized RAG inference for system: CubeSat (nanosatellite)
2025-02-23 15:31:33,103 - DSM_MultiModelExp_llm_rag_ollama:mixtral:8x22b_6k - INFO - Initialized DSM for system: CubeSat (nanosatellite)
2025-02-23 15:31:33,104 - DSM_MultiModelExp_llm_rag_ollama:mixtral:8x22b_6k - INFO - Inference model: ollama:mixtral:8x22b_6k
2025-02-23 15:31:33,105 - DSM_MultiModelExp_llm_rag_ollama:mixtral:8x22b_6k - INFO - Predicted Components: ['Payload', 'Communication System', 'Power System', 'Attitude Determination and Control System', 'On-Board Computer', 'Structure']
2025-02-23 15:31:33,106 - DSM_MultiModelExp_llm_rag_ollama:mixtral:8x22b_6k - INFO - Number of components: 6
2025-02-23 15:31:33,107 - DSM_MultiModelExp_llm_rag_ollama:mixtral:8x22b_6k - INFO - Predicted components for query: ['Payload', 'Communication System', 'Power System', 'Attitude Determination and Control System', 'On-Board Computer', 'Structure']
2025-02-23 15:31:33,108 - DSM_MultiModelExp_llm_rag_ollama:mixtral:8x22b_6k - INFO - Query: 
        Please identify system-level hierarchical whole-part relationships between the components of CubeSat (nanosatellite), as listed below, and represent them in a Design Structure Matrix (DSM) format.          
        The relationships should be articulated in plain English, capturing the essence of their interactions.         
        Here is the list of subsystems/components to analyze: ['Payload', 'Communication System', 'Power System', 'Attitude Determination and Control System', 'On-Board Computer', 'Structure']         
        The DSM should clearly indicate the interactions between these components as 1 exist and 0 does not exist, considering both the presence and nature of these connections.         
        Present the output in a square matrix format (number of rows and columns MUST be the same as the number of components = 6 for this example), with rows and columns labeled accordingly.         
        Diagonal elements should be 1 in DSM matrix since each component interacts with itself.         
        If you don't know the answer, just write 2 for the specific cell that you are unsure of. A worst case scenario of the **as a list of lists** shown below (diagonal elements are 1 and unsure ones are 2). Don't make up an answer.         
        final response = [[1, 2, 2, 2, 2, 2, 2],[2, 1, 2, 2, 2, 2, 2],[2, 2, 1, 2, 2, 2, 2],[2, 2, 2, 1, 2, 2, 2],[2, 2, 2, 2, 1, 2, 2],[2, 2, 2, 2, 2, 1, 2],[2, 2, 2, 2, 2, 2, 1]] for 7 components         
        final response = [[1, 2, 2],[2, 1, 2],[2, 2, 1]] for 3 components         
        IMPORTANT: Your response must **ONLY** contain a valid **as a list of lists** in the following example format 7x7 matrix.         
        The below list of lists is just examples format of a response. **Replace** the values with your **actual analysis** while providing your response with parameter of 'final response'.        
        final response = [[1, 0, 0, 0, 0, 0, 0],[0, 1, 0, 0, 0, 0, 0],[0, 0, 1, 0, 0, 0, 0],   [0, 0, 0, 1, 0, 0, 0],[0, 0, 0, 0, 1, 0, 0],[0, 0, 0, 0, 0, 1, 0],[0, 0, 0, 0, 0, 0, 1]] for 7 components         
        final response = [[1, 0, 0],[0, 1, 0],[0, 0, 1]] for 3 components         
        IMPORTANT: THE FORMAT OF THE OUTPUT MUST BE AS LIST OF LISTS ONLY SIMILAR TO THE ONE ABOVE (NO LATEX, CODE, OR OTHER ENCODINGS).
        
2025-02-23 15:32:27,049 - DSM_MultiModelExp_llm_rag_ollama:mixtral:8x22b_6k - INFO - Number of documents retrieved: 4
2025-02-23 15:32:27,050 - DSM_MultiModelExp_llm_rag_ollama:mixtral:8x22b_6k - INFO - Documents used for this query:
2025-02-23 15:32:27,051 - DSM_MultiModelExp_llm_rag_ollama:mixtral:8x22b_6k - INFO - File: ../data/use_cases_large/CubeSat/reference_pdfs/R1_combined.pdf
2025-02-23 15:32:27,052 - DSM_MultiModelExp_llm_rag_ollama:mixtral:8x22b_6k - INFO - Page: 15
2025-02-23 15:32:27,053 - DSM_MultiModelExp_llm_rag_ollama:mixtral:8x22b_6k - INFO - Content: ing point. The focus shifts now from system level (CubeSat 
mass, power production, form factor) to subsystem selec -
tions. Prior to going through the refinement part, the user 
is required to fill i ...
2025-02-23 15:32:27,053 - DSM_MultiModelExp_llm_rag_ollama:mixtral:8x22b_6k - INFO - File: ../data/use_cases_large/CubeSat/reference_pdfs/R1_combined.pdf
2025-02-23 15:32:27,055 - DSM_MultiModelExp_llm_rag_ollama:mixtral:8x22b_6k - INFO - Page: 0
2025-02-23 15:32:27,056 - DSM_MultiModelExp_llm_rag_ollama:mixtral:8x22b_6k - INFO - Content: that then facilitate a bottom-up development and fabrication
process. Some of the design tools (e.g., N2 diagram) described
in NASAs Systems Engineering Handbook are utilized early in
the design phase ...
2025-02-23 15:32:27,056 - DSM_MultiModelExp_llm_rag_ollama:mixtral:8x22b_6k - INFO - File: ../data/use_cases_large/CubeSat/reference_pdfs/R1_combined.pdf
2025-02-23 15:32:27,057 - DSM_MultiModelExp_llm_rag_ollama:mixtral:8x22b_6k - INFO - Page: 15
2025-02-23 15:32:27,058 - DSM_MultiModelExp_llm_rag_ollama:mixtral:8x22b_6k - INFO - Content: • Propulsion subsystem.
• Electric power subsystem (EPS).
• Structure subsystem.
• OBC subsystem.
• TT &C subsystem.
• Thermal subsystem.
Excluding the payload subsystem, in which the refinement is 
c ...
2025-02-23 15:32:27,059 - DSM_MultiModelExp_llm_rag_ollama:mixtral:8x22b_6k - INFO - File: ../data/use_cases_large/CubeSat/reference_pdfs/R1_combined.pdf
2025-02-23 15:32:27,060 - DSM_MultiModelExp_llm_rag_ollama:mixtral:8x22b_6k - INFO - Page: 3
2025-02-23 15:32:27,061 - DSM_MultiModelExp_llm_rag_ollama:mixtral:8x22b_6k - INFO - Content: conﬂicting components and their corresponding interfaces
through the N2 diagram leads into developing a mission over-
head model in terms of power, telemetry, and computation.
To facilitate detail des ...
2025-02-23 15:32:27,062 - DSM_MultiModelExp_llm_rag_ollama:mixtral:8x22b_6k - INFO - Raw Response:  Based on the provided context and the requirement to represent interactions in a Design Structure Matrix (DSM) format, here is my best attempt at identifying system-level hierarchical whole-part relationships between the components of CubeSat:

final response = [[1, 1, 1, 1, 1, 1], [1, 1, 0, 1, 1, 1], [1, 0, 1, 1, 1, 1], [1, 1, 1, 1, 1, 1], [1, 1, 1, 1, 1, 1], [1, 1, 1, 1, 1, 1]]

Explanation:
- Payload (1): Interacts with all other subsystems. It requires power from the Power System and is controlled by the On-Board Computer. The Communication System sends its data to ground stations. The Attitude Determination and Control System maintains its orientation, and it's housed within the Structure.
- Communication System (2): Interacts with Payload, Power System, On-Board Computer, and Structure. It receives data from the payload and sends it to ground stations using power from the Power System and controlled by the On-Board Computer. It is also part of the structure.
- Power System (3): Interacts with Payload, Communication System, On-Board Computer, and Structure. It provides power to all these subsystems and is housed within the structure.
- Attitude Determination and Control System (4): Interacts with Payload, Communication System, On-Board Computer, and Structure. It maintains the orientation of the payload and other systems using power from the Power System and controlled by the On-Board Computer. It is also part of the structure.
- On-Board Computer (5): Interacts with all other subsystems. It controls the Payload, Communication System, Attitude Determination and Control System, and receives power from the Power System. It's housed within the Structure.
- Structure (6): Houses all other subsystems.
2025-02-23 15:32:27,063 - DSM_MultiModelExp_llm_rag_ollama:mixtral:8x22b_6k - INFO - Response:  Based on the provided context and the requirement to represent interactions in a Design Structure Matrix (DSM) format, here is my best attempt at identifying system-level hierarchical whole-part relationships between the components of CubeSat:

final response = [[1, 1, 1, 1, 1, 1], [1, 1, 0, 1, 1, 1], [1, 0, 1, 1, 1, 1], [1, 1, 1, 1, 1, 1], [1, 1, 1, 1, 1, 1], [1, 1, 1, 1, 1, 1]]

Explanation:
- Payload (1): Interacts with all other subsystems. It requires power from the Power System and is controlled by the On-Board Computer. The Communication System sends its data to ground stations. The Attitude Determination and Control System maintains its orientation, and it's housed within the Structure.
- Communication System (2): Interacts with Payload, Power System, On-Board Computer, and Structure. It receives data from the payload and sends it to ground stations using power from the Power System and controlled by the On-Board Computer. It is also part of the structure.
- Power System (3): Interacts with Payload, Communication System, On-Board Computer, and Structure. It provides power to all these subsystems and is housed within the structure.
- Attitude Determination and Control System (4): Interacts with Payload, Communication System, On-Board Computer, and Structure. It maintains the orientation of the payload and other systems using power from the Power System and controlled by the On-Board Computer. It is also part of the structure.
- On-Board Computer (5): Interacts with all other subsystems. It controls the Payload, Communication System, Attitude Determination and Control System, and receives power from the Power System. It's housed within the Structure.
- Structure (6): Houses all other subsystems.
2025-02-23 15:32:27,064 - DSM_MultiModelExp_llm_rag_ollama:mixtral:8x22b_6k - INFO - Matrix: [[1, 1, 1, 1, 1, 1], [1, 1, 0, 1, 1, 1], [1, 0, 1, 1, 1, 1], [1, 1, 1, 1, 1, 1], [1, 1, 1, 1, 1, 1], [1, 1, 1, 1, 1, 1]]
2025-02-23 15:32:27,065 - DSM_MultiModelExp_llm_rag_ollama:mixtral:8x22b_6k - INFO - Final Matrix:
[[1, 1, 1, 1, 1, 1], [1, 1, 0, 1, 1, 1], [1, 0, 1, 1, 1, 1], [1, 1, 1, 1, 1, 1], [1, 1, 1, 1, 1, 1], [1, 1, 1, 1, 1, 1]]
2025-02-23 15:32:27,066 - DSM_MultiModelExp_llm_rag_ollama:mixtral:8x22b_6k - INFO - --------------------------------------------------
2025-02-23 15:32:27,066 - DSM_MultiModelExp_llm_rag_ollama:mixtral:8x22b_6k - INFO - Matrix from response.
2025-02-23 15:32:27,067 - DSM_MultiModelExp_llm_rag_ollama:mixtral:8x22b_6k - INFO - At run 4/5
2025-02-23 15:32:27,068 - DSM_MultiModelExp_llm_rag_ollama:mixtral:8x22b_6k - INFO - Matrix: [[1, 1, 1, 1, 1, 1], [1, 1, 0, 1, 1, 1], [1, 0, 1, 1, 1, 1], [1, 1, 1, 1, 1, 1], [1, 1, 1, 1, 1, 1], [1, 1, 1, 1, 1, 1]]
2025-02-23 15:32:27,069 - DSM_MultiModelExp_llm_rag_ollama:mixtral:8x22b_6k - INFO - --------------------------------------------------
2025-02-23 15:32:37,080 - DSM_MultiModelExp_llm_rag_ollama:mixtral:8x22b_6k - INFO - Run 5/5
2025-02-23 15:32:37,116 - DSM_MultiModelExp_llm_rag_ollama:mixtral:8x22b_6k - INFO - DEBUG: Initializing RAGInference.
2025-02-23 15:32:37,117 - DSM_MultiModelExp_llm_rag_ollama:mixtral:8x22b_6k - INFO - Using R-type: ['R1', 'R3']
2025-02-23 15:32:37,118 - DSM_MultiModelExp_llm_rag_ollama:mixtral:8x22b_6k - INFO - Using embedding model: text-embedding-3-small
2025-02-23 15:32:37,152 - DSM_MultiModelExp_llm_rag_ollama:mixtral:8x22b_6k - INFO - VectorStoreManager initialized
2025-02-23 15:32:37,153 - DSM_MultiModelExp_llm_rag_ollama:mixtral:8x22b_6k - INFO - Set database path to: xLM_DSM/data/vectorstore/CubeSat/llm_rag/text-embedding-3-small
2025-02-23 15:32:37,161 - DSM_MultiModelExp_llm_rag_ollama:mixtral:8x22b_6k - INFO - Collection count: 2320
2025-02-23 15:32:37,164 - DSM_MultiModelExp_llm_rag_ollama:mixtral:8x22b_6k - INFO - Initialized RAG inference for system: CubeSat (nanosatellite)
2025-02-23 15:32:37,165 - DSM_MultiModelExp_llm_rag_ollama:mixtral:8x22b_6k - INFO - Initialized DSM for system: CubeSat (nanosatellite)
2025-02-23 15:32:37,166 - DSM_MultiModelExp_llm_rag_ollama:mixtral:8x22b_6k - INFO - Inference model: ollama:mixtral:8x22b_6k
2025-02-23 15:32:37,166 - DSM_MultiModelExp_llm_rag_ollama:mixtral:8x22b_6k - INFO - Predicted Components: ['Payload', 'Communication System', 'Power System', 'Attitude Determination and Control System', 'On-Board Computer', 'Structure']
2025-02-23 15:32:37,168 - DSM_MultiModelExp_llm_rag_ollama:mixtral:8x22b_6k - INFO - Number of components: 6
2025-02-23 15:32:37,168 - DSM_MultiModelExp_llm_rag_ollama:mixtral:8x22b_6k - INFO - Predicted components for query: ['Payload', 'Communication System', 'Power System', 'Attitude Determination and Control System', 'On-Board Computer', 'Structure']
2025-02-23 15:32:37,169 - DSM_MultiModelExp_llm_rag_ollama:mixtral:8x22b_6k - INFO - Query: 
        Please identify system-level hierarchical whole-part relationships between the components of CubeSat (nanosatellite), as listed below, and represent them in a Design Structure Matrix (DSM) format.          
        The relationships should be articulated in plain English, capturing the essence of their interactions.         
        Here is the list of subsystems/components to analyze: ['Payload', 'Communication System', 'Power System', 'Attitude Determination and Control System', 'On-Board Computer', 'Structure']         
        The DSM should clearly indicate the interactions between these components as 1 exist and 0 does not exist, considering both the presence and nature of these connections.         
        Present the output in a square matrix format (number of rows and columns MUST be the same as the number of components = 6 for this example), with rows and columns labeled accordingly.         
        Diagonal elements should be 1 in DSM matrix since each component interacts with itself.         
        If you don't know the answer, just write 2 for the specific cell that you are unsure of. A worst case scenario of the **as a list of lists** shown below (diagonal elements are 1 and unsure ones are 2). Don't make up an answer.         
        final response = [[1, 2, 2, 2, 2, 2, 2],[2, 1, 2, 2, 2, 2, 2],[2, 2, 1, 2, 2, 2, 2],[2, 2, 2, 1, 2, 2, 2],[2, 2, 2, 2, 1, 2, 2],[2, 2, 2, 2, 2, 1, 2],[2, 2, 2, 2, 2, 2, 1]] for 7 components         
        final response = [[1, 2, 2],[2, 1, 2],[2, 2, 1]] for 3 components         
        IMPORTANT: Your response must **ONLY** contain a valid **as a list of lists** in the following example format 7x7 matrix.         
        The below list of lists is just examples format of a response. **Replace** the values with your **actual analysis** while providing your response with parameter of 'final response'.        
        final response = [[1, 0, 0, 0, 0, 0, 0],[0, 1, 0, 0, 0, 0, 0],[0, 0, 1, 0, 0, 0, 0],   [0, 0, 0, 1, 0, 0, 0],[0, 0, 0, 0, 1, 0, 0],[0, 0, 0, 0, 0, 1, 0],[0, 0, 0, 0, 0, 0, 1]] for 7 components         
        final response = [[1, 0, 0],[0, 1, 0],[0, 0, 1]] for 3 components         
        IMPORTANT: THE FORMAT OF THE OUTPUT MUST BE AS LIST OF LISTS ONLY SIMILAR TO THE ONE ABOVE (NO LATEX, CODE, OR OTHER ENCODINGS).
        
2025-02-23 15:33:31,090 - DSM_MultiModelExp_llm_rag_ollama:mixtral:8x22b_6k - INFO - Number of documents retrieved: 4
2025-02-23 15:33:31,091 - DSM_MultiModelExp_llm_rag_ollama:mixtral:8x22b_6k - INFO - Documents used for this query:
2025-02-23 15:33:31,092 - DSM_MultiModelExp_llm_rag_ollama:mixtral:8x22b_6k - INFO - File: ../data/use_cases_large/CubeSat/reference_pdfs/R1_combined.pdf
2025-02-23 15:33:31,093 - DSM_MultiModelExp_llm_rag_ollama:mixtral:8x22b_6k - INFO - Page: 15
2025-02-23 15:33:31,094 - DSM_MultiModelExp_llm_rag_ollama:mixtral:8x22b_6k - INFO - Content: ing point. The focus shifts now from system level (CubeSat 
mass, power production, form factor) to subsystem selec -
tions. Prior to going through the refinement part, the user 
is required to fill i ...
2025-02-23 15:33:31,095 - DSM_MultiModelExp_llm_rag_ollama:mixtral:8x22b_6k - INFO - File: ../data/use_cases_large/CubeSat/reference_pdfs/R1_combined.pdf
2025-02-23 15:33:31,097 - DSM_MultiModelExp_llm_rag_ollama:mixtral:8x22b_6k - INFO - Page: 0
2025-02-23 15:33:31,097 - DSM_MultiModelExp_llm_rag_ollama:mixtral:8x22b_6k - INFO - Content: that then facilitate a bottom-up development and fabrication
process. Some of the design tools (e.g., N2 diagram) described
in NASAs Systems Engineering Handbook are utilized early in
the design phase ...
2025-02-23 15:33:31,098 - DSM_MultiModelExp_llm_rag_ollama:mixtral:8x22b_6k - INFO - File: ../data/use_cases_large/CubeSat/reference_pdfs/R1_combined.pdf
2025-02-23 15:33:31,099 - DSM_MultiModelExp_llm_rag_ollama:mixtral:8x22b_6k - INFO - Page: 15
2025-02-23 15:33:31,100 - DSM_MultiModelExp_llm_rag_ollama:mixtral:8x22b_6k - INFO - Content: • Propulsion subsystem.
• Electric power subsystem (EPS).
• Structure subsystem.
• OBC subsystem.
• TT &C subsystem.
• Thermal subsystem.
Excluding the payload subsystem, in which the refinement is 
c ...
2025-02-23 15:33:31,101 - DSM_MultiModelExp_llm_rag_ollama:mixtral:8x22b_6k - INFO - File: ../data/use_cases_large/CubeSat/reference_pdfs/R1_combined.pdf
2025-02-23 15:33:31,102 - DSM_MultiModelExp_llm_rag_ollama:mixtral:8x22b_6k - INFO - Page: 3
2025-02-23 15:33:31,103 - DSM_MultiModelExp_llm_rag_ollama:mixtral:8x22b_6k - INFO - Content: conﬂicting components and their corresponding interfaces
through the N2 diagram leads into developing a mission over-
head model in terms of power, telemetry, and computation.
To facilitate detail des ...
2025-02-23 15:33:31,104 - DSM_MultiModelExp_llm_rag_ollama:mixtral:8x22b_6k - INFO - Raw Response:  Based on the provided context and the requirement to represent interactions in a Design Structure Matrix (DSM) format, here is my best attempt at identifying system-level hierarchical whole-part relationships between the components of CubeSat:

final response = [[1, 1, 1, 1, 1, 1], [1, 1, 0, 1, 1, 1], [1, 0, 1, 1, 1, 1], [1, 1, 1, 1, 1, 1], [1, 1, 1, 1, 1, 1], [1, 1, 1, 1, 1, 1]]

Explanation:
- Payload (1): Interacts with all other subsystems. It requires power from the Power System and is controlled by the On-Board Computer. The Communication System sends its data to ground stations. The Attitude Determination and Control System maintains its orientation, and it's housed within the Structure.
- Communication System (2): Interacts with Payload, Power System, On-Board Computer, and Structure. It receives data from the payload and sends it to ground stations using power from the Power System and controlled by the On-Board Computer. It is also part of the structure.
- Power System (3): Interacts with Payload, Communication System, On-Board Computer, and Structure. It provides power to all these subsystems and is housed within the structure.
- Attitude Determination and Control System (4): Interacts with Payload, Communication System, On-Board Computer, and Structure. It maintains the orientation of the payload and other systems using power from the Power System and controlled by the On-Board Computer. It is also part of the structure.
- On-Board Computer (5): Interacts with all other subsystems. It controls the Payload, Communication System, Attitude Determination and Control System, and receives power from the Power System. It's housed within the Structure.
- Structure (6): Houses all other subsystems.
2025-02-23 15:33:31,105 - DSM_MultiModelExp_llm_rag_ollama:mixtral:8x22b_6k - INFO - Response:  Based on the provided context and the requirement to represent interactions in a Design Structure Matrix (DSM) format, here is my best attempt at identifying system-level hierarchical whole-part relationships between the components of CubeSat:

final response = [[1, 1, 1, 1, 1, 1], [1, 1, 0, 1, 1, 1], [1, 0, 1, 1, 1, 1], [1, 1, 1, 1, 1, 1], [1, 1, 1, 1, 1, 1], [1, 1, 1, 1, 1, 1]]

Explanation:
- Payload (1): Interacts with all other subsystems. It requires power from the Power System and is controlled by the On-Board Computer. The Communication System sends its data to ground stations. The Attitude Determination and Control System maintains its orientation, and it's housed within the Structure.
- Communication System (2): Interacts with Payload, Power System, On-Board Computer, and Structure. It receives data from the payload and sends it to ground stations using power from the Power System and controlled by the On-Board Computer. It is also part of the structure.
- Power System (3): Interacts with Payload, Communication System, On-Board Computer, and Structure. It provides power to all these subsystems and is housed within the structure.
- Attitude Determination and Control System (4): Interacts with Payload, Communication System, On-Board Computer, and Structure. It maintains the orientation of the payload and other systems using power from the Power System and controlled by the On-Board Computer. It is also part of the structure.
- On-Board Computer (5): Interacts with all other subsystems. It controls the Payload, Communication System, Attitude Determination and Control System, and receives power from the Power System. It's housed within the Structure.
- Structure (6): Houses all other subsystems.
2025-02-23 15:33:31,106 - DSM_MultiModelExp_llm_rag_ollama:mixtral:8x22b_6k - INFO - Matrix: [[1, 1, 1, 1, 1, 1], [1, 1, 0, 1, 1, 1], [1, 0, 1, 1, 1, 1], [1, 1, 1, 1, 1, 1], [1, 1, 1, 1, 1, 1], [1, 1, 1, 1, 1, 1]]
2025-02-23 15:33:31,107 - DSM_MultiModelExp_llm_rag_ollama:mixtral:8x22b_6k - INFO - Final Matrix:
[[1, 1, 1, 1, 1, 1], [1, 1, 0, 1, 1, 1], [1, 0, 1, 1, 1, 1], [1, 1, 1, 1, 1, 1], [1, 1, 1, 1, 1, 1], [1, 1, 1, 1, 1, 1]]
2025-02-23 15:33:31,108 - DSM_MultiModelExp_llm_rag_ollama:mixtral:8x22b_6k - INFO - --------------------------------------------------
2025-02-23 15:33:31,109 - DSM_MultiModelExp_llm_rag_ollama:mixtral:8x22b_6k - INFO - Matrix from response.
2025-02-23 15:33:31,110 - DSM_MultiModelExp_llm_rag_ollama:mixtral:8x22b_6k - INFO - At run 5/5
2025-02-23 15:33:31,111 - DSM_MultiModelExp_llm_rag_ollama:mixtral:8x22b_6k - INFO - Matrix: [[1, 1, 1, 1, 1, 1], [1, 1, 0, 1, 1, 1], [1, 0, 1, 1, 1, 1], [1, 1, 1, 1, 1, 1], [1, 1, 1, 1, 1, 1], [1, 1, 1, 1, 1, 1]]
2025-02-23 15:33:31,112 - DSM_MultiModelExp_llm_rag_ollama:mixtral:8x22b_6k - INFO - --------------------------------------------------
2025-02-23 15:33:41,123 - DSM_MultiModelExp_llm_rag_ollama:mixtral:8x22b_6k - INFO - Duration of reference combination {'R1': [{'path': '../data/use_cases_large/CubeSat/reference_pdfs/R1_combined.pdf'}], 'R3': [{'path': '../data/use_cases_large/CubeSat/reference_pdfs/R3_combined.pdf'}]}: 0:06:10.894841
2025-02-23 15:33:41,124 - DSM_MultiModelExp_llm_rag_ollama:mixtral:8x22b_6k - INFO - ++++++++++++++++++++++++++++++++++++++++++++++++++++++++++++++++++++++++++++++++++++++++++++++++++++
2025-02-23 15:33:41,125 - DSM_MultiModelExp_llm_rag_ollama:mixtral:8x22b_6k - INFO - Run 1/5
2025-02-23 15:33:41,161 - DSM_MultiModelExp_llm_rag_ollama:mixtral:8x22b_6k - INFO - DEBUG: Initializing RAGInference.
2025-02-23 15:33:41,161 - DSM_MultiModelExp_llm_rag_ollama:mixtral:8x22b_6k - INFO - Using R-type: ['R2', 'R3']
2025-02-23 15:33:41,162 - DSM_MultiModelExp_llm_rag_ollama:mixtral:8x22b_6k - INFO - Using embedding model: text-embedding-3-small
2025-02-23 15:33:41,196 - DSM_MultiModelExp_llm_rag_ollama:mixtral:8x22b_6k - INFO - VectorStoreManager initialized
2025-02-23 15:33:41,197 - DSM_MultiModelExp_llm_rag_ollama:mixtral:8x22b_6k - INFO - Set database path to: xLM_DSM/data/vectorstore/CubeSat/llm_rag/text-embedding-3-small
2025-02-23 15:33:41,205 - DSM_MultiModelExp_llm_rag_ollama:mixtral:8x22b_6k - INFO - Collection count: 2320
2025-02-23 15:33:41,208 - DSM_MultiModelExp_llm_rag_ollama:mixtral:8x22b_6k - INFO - Initialized RAG inference for system: CubeSat (nanosatellite)
2025-02-23 15:33:41,209 - DSM_MultiModelExp_llm_rag_ollama:mixtral:8x22b_6k - INFO - Initialized DSM for system: CubeSat (nanosatellite)
2025-02-23 15:33:41,210 - DSM_MultiModelExp_llm_rag_ollama:mixtral:8x22b_6k - INFO - Inference model: ollama:mixtral:8x22b_6k
2025-02-23 15:33:41,211 - DSM_MultiModelExp_llm_rag_ollama:mixtral:8x22b_6k - INFO - Prompt (attempt 1/3): 
            Please identify the major components of CubeSat (nanosatellite) in the engineering based on hierarchical whole-part relationships.             
            The number of components must be 6 and must be a list of strings.             
            Please do not identify similar components that will work together under subsystem level since our interest is to identify the major components that form the core architecture of the system.             
            Here is an example of the components for made-up system:             
            final response = [ "component 1", "component 2", "component 3", "component 4", "component 5" ]             
            IMPORTANT: THE FORMAT OF THE OUTPUT MUST BE AS A LIST OF STRINGS ONLY SIMILAR TO THE ONE ABOVE (NO LATEX, NO CODE, NO DESCRIPTION, OR OTHER ENCODINGS).              
2025-02-23 15:33:51,892 - DSM_MultiModelExp_llm_rag_ollama:mixtral:8x22b_6k - INFO - Number of documents retrieved: 4
2025-02-23 15:33:51,893 - DSM_MultiModelExp_llm_rag_ollama:mixtral:8x22b_6k - INFO - Documents used for this query:
2025-02-23 15:33:51,894 - DSM_MultiModelExp_llm_rag_ollama:mixtral:8x22b_6k - INFO - File: ../data/use_cases_large/CubeSat/reference_pdfs/R2_combined.pdf
2025-02-23 15:33:51,894 - DSM_MultiModelExp_llm_rag_ollama:mixtral:8x22b_6k - INFO - Page: 527
2025-02-23 15:33:51,895 - DSM_MultiModelExp_llm_rag_ollama:mixtral:8x22b_6k - INFO - Content: 7 Conclusions
In this chapter an overview of best practices during the structural system design and
manufacturing has been presented. In particular, attention has been focused on the def-
inition of t ...
2025-02-23 15:33:51,895 - DSM_MultiModelExp_llm_rag_ollama:mixtral:8x22b_6k - INFO - File: ../data/use_cases_large/CubeSat/reference_pdfs/R2_combined.pdf
2025-02-23 15:33:51,896 - DSM_MultiModelExp_llm_rag_ollama:mixtral:8x22b_6k - INFO - Page: 510
2025-02-23 15:33:51,896 - DSM_MultiModelExp_llm_rag_ollama:mixtral:8x22b_6k - INFO - Content: sidered a CubeSat. Nevertheless, some of the constraints that dictate the structural
design are derived from the mission and systems requirements. For this reason, it
is important to give the CubeSat  ...
2025-02-23 15:33:51,897 - DSM_MultiModelExp_llm_rag_ollama:mixtral:8x22b_6k - INFO - File: ../data/use_cases_large/CubeSat/reference_pdfs/R2_combined.pdf
2025-02-23 15:33:51,897 - DSM_MultiModelExp_llm_rag_ollama:mixtral:8x22b_6k - INFO - Page: 369
2025-02-23 15:33:51,898 - DSM_MultiModelExp_llm_rag_ollama:mixtral:8x22b_6k - INFO - Content: l
performance requirements
l
system scalability requirements
2. Space segment
l
constellation requirements
l
spacecraft requirements
l
general requirements
l
payload requirements
3. Ground segment
l
g ...
2025-02-23 15:33:51,898 - DSM_MultiModelExp_llm_rag_ollama:mixtral:8x22b_6k - INFO - File: ../data/use_cases_large/CubeSat/reference_pdfs/R2_combined.pdf
2025-02-23 15:33:51,899 - DSM_MultiModelExp_llm_rag_ollama:mixtral:8x22b_6k - INFO - Page: 472
2025-02-23 15:33:51,899 - DSM_MultiModelExp_llm_rag_ollama:mixtral:8x22b_6k - INFO - Content: identifies potential other concepts through morphological analysis, which however
do not map to any well-known concept formulation. We analyze each concept
individually and discuss challenges and oppo ...
2025-02-23 15:33:51,900 - DSM_MultiModelExp_llm_rag_ollama:mixtral:8x22b_6k - INFO - Raw Response:  ["Primary structure", "Secondary structure", "Payload", "Communication system", "Power system", "Attitude control system"]
2025-02-23 15:33:51,900 - DSM_MultiModelExp_llm_rag_ollama:mixtral:8x22b_6k - INFO - Matrix: ['Primary structure', 'Secondary structure', 'Payload', 'Communication system', 'Power system', 'Attitude control system']
2025-02-23 15:33:51,901 - DSM_MultiModelExp_llm_rag_ollama:mixtral:8x22b_6k - INFO - Components: ['Primary structure', 'Secondary structure', 'Payload', 'Communication system', 'Power system', 'Attitude control system']
2025-02-23 15:34:00,649 - DSM_MultiModelExp_llm_rag_ollama:mixtral:8x22b_6k - INFO - Number of documents retrieved: 4
2025-02-23 15:34:00,650 - DSM_MultiModelExp_llm_rag_ollama:mixtral:8x22b_6k - INFO - Documents used for this query:
2025-02-23 15:34:00,651 - DSM_MultiModelExp_llm_rag_ollama:mixtral:8x22b_6k - INFO - File: ../data/use_cases_large/CubeSat/reference_pdfs/R2_combined.pdf
2025-02-23 15:34:00,651 - DSM_MultiModelExp_llm_rag_ollama:mixtral:8x22b_6k - INFO - Page: 510
2025-02-23 15:34:00,652 - DSM_MultiModelExp_llm_rag_ollama:mixtral:8x22b_6k - INFO - Content: sidered a CubeSat. Nevertheless, some of the constraints that dictate the structural
design are derived from the mission and systems requirements. For this reason, it
is important to give the CubeSat  ...
2025-02-23 15:34:00,652 - DSM_MultiModelExp_llm_rag_ollama:mixtral:8x22b_6k - INFO - File: ../data/use_cases_large/CubeSat/reference_pdfs/R2_combined.pdf
2025-02-23 15:34:00,653 - DSM_MultiModelExp_llm_rag_ollama:mixtral:8x22b_6k - INFO - Page: 527
2025-02-23 15:34:00,653 - DSM_MultiModelExp_llm_rag_ollama:mixtral:8x22b_6k - INFO - Content: 7 Conclusions
In this chapter an overview of best practices during the structural system design and
manufacturing has been presented. In particular, attention has been focused on the def-
inition of t ...
2025-02-23 15:34:00,654 - DSM_MultiModelExp_llm_rag_ollama:mixtral:8x22b_6k - INFO - File: ../data/use_cases_large/CubeSat/reference_pdfs/R2_combined.pdf
2025-02-23 15:34:00,655 - DSM_MultiModelExp_llm_rag_ollama:mixtral:8x22b_6k - INFO - Page: 510
2025-02-23 15:34:00,655 - DSM_MultiModelExp_llm_rag_ollama:mixtral:8x22b_6k - INFO - Content: Traditionally, the design of space systems makes a distinction between theprimary
structure, defined as the one that carries the major loads, and thesecondary structure,
defined as the one that suppor ...
2025-02-23 15:34:00,656 - DSM_MultiModelExp_llm_rag_ollama:mixtral:8x22b_6k - INFO - File: ../data/use_cases_large/CubeSat/reference_pdfs/R2_combined.pdf
2025-02-23 15:34:00,656 - DSM_MultiModelExp_llm_rag_ollama:mixtral:8x22b_6k - INFO - Page: 518
2025-02-23 15:34:00,657 - DSM_MultiModelExp_llm_rag_ollama:mixtral:8x22b_6k - INFO - Content: 2. first design;
3. verification of the structure characteristics in terms of total mass, respecting the CubeSat
design specifications;
4. design modifications;
5. final analysis.
The process is itera ...
2025-02-23 15:34:00,658 - DSM_MultiModelExp_llm_rag_ollama:mixtral:8x22b_6k - INFO - Raw Response:  Valid
2025-02-23 15:34:00,658 - DSM_MultiModelExp_llm_rag_ollama:mixtral:8x22b_6k - INFO - Validation response:  Valid
2025-02-23 15:34:00,659 - DSM_MultiModelExp_llm_rag_ollama:mixtral:8x22b_6k - INFO - Filtered validation response:  Valid
2025-02-23 15:34:00,659 - DSM_MultiModelExp_llm_rag_ollama:mixtral:8x22b_6k - INFO - Component list validated successfully on attempt 1
2025-02-23 15:34:00,660 - DSM_MultiModelExp_llm_rag_ollama:mixtral:8x22b_6k - INFO - Components: ['Primary structure', 'Secondary structure', 'Payload', 'Communication system', 'Power system', 'Attitude control system']
2025-02-23 15:34:00,660 - DSM_MultiModelExp_llm_rag_ollama:mixtral:8x22b_6k - INFO - --------------------------------------------------
2025-02-23 15:34:00,661 - DSM_MultiModelExp_llm_rag_ollama:mixtral:8x22b_6k - INFO - Predicted Components: ['Primary structure', 'Secondary structure', 'Payload', 'Communication system', 'Power system', 'Attitude control system']
2025-02-23 15:34:00,662 - DSM_MultiModelExp_llm_rag_ollama:mixtral:8x22b_6k - INFO - Number of components: 6
2025-02-23 15:34:00,662 - DSM_MultiModelExp_llm_rag_ollama:mixtral:8x22b_6k - INFO - Predicted components for query: ['Primary structure', 'Secondary structure', 'Payload', 'Communication system', 'Power system', 'Attitude control system']
2025-02-23 15:34:00,663 - DSM_MultiModelExp_llm_rag_ollama:mixtral:8x22b_6k - INFO - Query: 
        Please identify system-level hierarchical whole-part relationships between the components of CubeSat (nanosatellite), as listed below, and represent them in a Design Structure Matrix (DSM) format.          
        The relationships should be articulated in plain English, capturing the essence of their interactions.         
        Here is the list of subsystems/components to analyze: ['Primary structure', 'Secondary structure', 'Payload', 'Communication system', 'Power system', 'Attitude control system']         
        The DSM should clearly indicate the interactions between these components as 1 exist and 0 does not exist, considering both the presence and nature of these connections.         
        Present the output in a square matrix format (number of rows and columns MUST be the same as the number of components = 6 for this example), with rows and columns labeled accordingly.         
        Diagonal elements should be 1 in DSM matrix since each component interacts with itself.         
        If you don't know the answer, just write 2 for the specific cell that you are unsure of. A worst case scenario of the **as a list of lists** shown below (diagonal elements are 1 and unsure ones are 2). Don't make up an answer.         
        final response = [[1, 2, 2, 2, 2, 2, 2],[2, 1, 2, 2, 2, 2, 2],[2, 2, 1, 2, 2, 2, 2],[2, 2, 2, 1, 2, 2, 2],[2, 2, 2, 2, 1, 2, 2],[2, 2, 2, 2, 2, 1, 2],[2, 2, 2, 2, 2, 2, 1]] for 7 components         
        final response = [[1, 2, 2],[2, 1, 2],[2, 2, 1]] for 3 components         
        IMPORTANT: Your response must **ONLY** contain a valid **as a list of lists** in the following example format 7x7 matrix.         
        The below list of lists is just examples format of a response. **Replace** the values with your **actual analysis** while providing your response with parameter of 'final response'.        
        final response = [[1, 0, 0, 0, 0, 0, 0],[0, 1, 0, 0, 0, 0, 0],[0, 0, 1, 0, 0, 0, 0],   [0, 0, 0, 1, 0, 0, 0],[0, 0, 0, 0, 1, 0, 0],[0, 0, 0, 0, 0, 1, 0],[0, 0, 0, 0, 0, 0, 1]] for 7 components         
        final response = [[1, 0, 0],[0, 1, 0],[0, 0, 1]] for 3 components         
        IMPORTANT: THE FORMAT OF THE OUTPUT MUST BE AS LIST OF LISTS ONLY SIMILAR TO THE ONE ABOVE (NO LATEX, CODE, OR OTHER ENCODINGS).
        
2025-02-23 15:34:54,480 - DSM_MultiModelExp_llm_rag_ollama:mixtral:8x22b_6k - INFO - Number of documents retrieved: 4
2025-02-23 15:34:54,481 - DSM_MultiModelExp_llm_rag_ollama:mixtral:8x22b_6k - INFO - Documents used for this query:
2025-02-23 15:34:54,482 - DSM_MultiModelExp_llm_rag_ollama:mixtral:8x22b_6k - INFO - File: ../data/use_cases_large/CubeSat/reference_pdfs/R2_combined.pdf
2025-02-23 15:34:54,483 - DSM_MultiModelExp_llm_rag_ollama:mixtral:8x22b_6k - INFO - Page: 13
2025-02-23 15:34:54,484 - DSM_MultiModelExp_llm_rag_ollama:mixtral:8x22b_6k - INFO - Content: 5 Introduction to Design Structure Matrix Methods 
of the next section). Here we begin by adopting the original DSM convention with inputs 
in rows (IR) and outputs in columns. Later we also present e ...
2025-02-23 15:34:54,484 - DSM_MultiModelExp_llm_rag_ollama:mixtral:8x22b_6k - INFO - File: ../data/use_cases_large/CubeSat/reference_pdfs/R2_combined.pdf
2025-02-23 15:34:54,485 - DSM_MultiModelExp_llm_rag_ollama:mixtral:8x22b_6k - INFO - Page: 510
2025-02-23 15:34:54,487 - DSM_MultiModelExp_llm_rag_ollama:mixtral:8x22b_6k - INFO - Content: sidered a CubeSat. Nevertheless, some of the constraints that dictate the structural
design are derived from the mission and systems requirements. For this reason, it
is important to give the CubeSat  ...
2025-02-23 15:34:54,488 - DSM_MultiModelExp_llm_rag_ollama:mixtral:8x22b_6k - INFO - File: ../data/use_cases_large/CubeSat/reference_pdfs/R2_combined.pdf
2025-02-23 15:34:54,488 - DSM_MultiModelExp_llm_rag_ollama:mixtral:8x22b_6k - INFO - Page: 527
2025-02-23 15:34:54,490 - DSM_MultiModelExp_llm_rag_ollama:mixtral:8x22b_6k - INFO - Content: 7 Conclusions
In this chapter an overview of best practices during the structural system design and
manufacturing has been presented. In particular, attention has been focused on the def-
inition of t ...
2025-02-23 15:34:54,491 - DSM_MultiModelExp_llm_rag_ollama:mixtral:8x22b_6k - INFO - File: ../data/use_cases_large/CubeSat/reference_pdfs/R2_combined.pdf
2025-02-23 15:34:54,491 - DSM_MultiModelExp_llm_rag_ollama:mixtral:8x22b_6k - INFO - Page: 14
2025-02-23 15:34:54,492 - DSM_MultiModelExp_llm_rag_ollama:mixtral:8x22b_6k - INFO - Content: 6 Chapter 1 
A 
C 
A C B E G 0 F H 
A:X 
----.. ----- ----
xic 
B B:: X i X 
, " , 
____ ... _____ ____ .J _____ l _____ '- ___ _ 
E i XiEixi 
, " , 
G "'T'" "'TXTGTX-, " +--+-+---I 
o ""r'" 'xT"Tx 0  ...
2025-02-23 15:34:54,493 - DSM_MultiModelExp_llm_rag_ollama:mixtral:8x22b_6k - INFO - Raw Response:  Based on the information provided and general knowledge of CubeSat systems, here is a possible Design Structure Matrix (DSM) for the components listed:

final response = [
[1, 1, 1, 1, 1, 1],
[1, 1, 0, 1, 1, 1],
[1, 0, 1, 0, 1, 1],
[1, 1, 0, 1, 1, 1],
[1, 1, 1, 1, 1, 1],
[1, 1, 1, 1, 1, 1]
]

Explanation:
- The primary structure interacts with all other components as it provides the main framework for the CubeSat.
- The secondary structure interacts with the payload, communication system, power system, and attitude control system as it supports these components. It does not directly interact with the primary structure (assuming that the primary structure is the one carrying major loads). However, this interaction could be considered as 1 depending on the specific design of the CubeSat.
- The payload interacts with the communication system and power system to send and receive data and operate accordingly. It does not directly interact with the attitude control system (assuming that the attitude control system is only responsible for maintaining the orientation of the satellite). However, this interaction could be considered as 1 depending on the specific design of the CubeSat.
- The communication system interacts with all other components to send and receive data and commands.
- The power system interacts with all other components to provide them with energy.
- The attitude control system interacts with all other components to maintain the orientation of the satellite.
2025-02-23 15:34:54,494 - DSM_MultiModelExp_llm_rag_ollama:mixtral:8x22b_6k - INFO - Response:  Based on the information provided and general knowledge of CubeSat systems, here is a possible Design Structure Matrix (DSM) for the components listed:

final response = [
[1, 1, 1, 1, 1, 1],
[1, 1, 0, 1, 1, 1],
[1, 0, 1, 0, 1, 1],
[1, 1, 0, 1, 1, 1],
[1, 1, 1, 1, 1, 1],
[1, 1, 1, 1, 1, 1]
]

Explanation:
- The primary structure interacts with all other components as it provides the main framework for the CubeSat.
- The secondary structure interacts with the payload, communication system, power system, and attitude control system as it supports these components. It does not directly interact with the primary structure (assuming that the primary structure is the one carrying major loads). However, this interaction could be considered as 1 depending on the specific design of the CubeSat.
- The payload interacts with the communication system and power system to send and receive data and operate accordingly. It does not directly interact with the attitude control system (assuming that the attitude control system is only responsible for maintaining the orientation of the satellite). However, this interaction could be considered as 1 depending on the specific design of the CubeSat.
- The communication system interacts with all other components to send and receive data and commands.
- The power system interacts with all other components to provide them with energy.
- The attitude control system interacts with all other components to maintain the orientation of the satellite.
2025-02-23 15:34:54,495 - DSM_MultiModelExp_llm_rag_ollama:mixtral:8x22b_6k - INFO - Matrix: [[1, 1, 1, 1, 1, 1], [1, 1, 0, 1, 1, 1], [1, 0, 1, 0, 1, 1], [1, 1, 0, 1, 1, 1], [1, 1, 1, 1, 1, 1], [1, 1, 1, 1, 1, 1]]
2025-02-23 15:34:54,496 - DSM_MultiModelExp_llm_rag_ollama:mixtral:8x22b_6k - INFO - Final Matrix:
[[1, 1, 1, 1, 1, 1], [1, 1, 0, 1, 1, 1], [1, 0, 1, 0, 1, 1], [1, 1, 0, 1, 1, 1], [1, 1, 1, 1, 1, 1], [1, 1, 1, 1, 1, 1]]
2025-02-23 15:34:54,497 - DSM_MultiModelExp_llm_rag_ollama:mixtral:8x22b_6k - INFO - --------------------------------------------------
2025-02-23 15:34:54,498 - DSM_MultiModelExp_llm_rag_ollama:mixtral:8x22b_6k - INFO - Matrix from response.
2025-02-23 15:34:54,499 - DSM_MultiModelExp_llm_rag_ollama:mixtral:8x22b_6k - INFO - At run 1/5
2025-02-23 15:34:54,500 - DSM_MultiModelExp_llm_rag_ollama:mixtral:8x22b_6k - INFO - Matrix: [[1, 1, 1, 1, 1, 1], [1, 1, 0, 1, 1, 1], [1, 0, 1, 0, 1, 1], [1, 1, 0, 1, 1, 1], [1, 1, 1, 1, 1, 1], [1, 1, 1, 1, 1, 1]]
2025-02-23 15:34:54,500 - DSM_MultiModelExp_llm_rag_ollama:mixtral:8x22b_6k - INFO - --------------------------------------------------
2025-02-23 15:35:04,511 - DSM_MultiModelExp_llm_rag_ollama:mixtral:8x22b_6k - INFO - Run 2/5
2025-02-23 15:35:04,548 - DSM_MultiModelExp_llm_rag_ollama:mixtral:8x22b_6k - INFO - DEBUG: Initializing RAGInference.
2025-02-23 15:35:04,549 - DSM_MultiModelExp_llm_rag_ollama:mixtral:8x22b_6k - INFO - Using R-type: ['R2', 'R3']
2025-02-23 15:35:04,549 - DSM_MultiModelExp_llm_rag_ollama:mixtral:8x22b_6k - INFO - Using embedding model: text-embedding-3-small
2025-02-23 15:35:04,582 - DSM_MultiModelExp_llm_rag_ollama:mixtral:8x22b_6k - INFO - VectorStoreManager initialized
2025-02-23 15:35:04,583 - DSM_MultiModelExp_llm_rag_ollama:mixtral:8x22b_6k - INFO - Set database path to: xLM_DSM/data/vectorstore/CubeSat/llm_rag/text-embedding-3-small
2025-02-23 15:35:04,591 - DSM_MultiModelExp_llm_rag_ollama:mixtral:8x22b_6k - INFO - Collection count: 2320
2025-02-23 15:35:04,595 - DSM_MultiModelExp_llm_rag_ollama:mixtral:8x22b_6k - INFO - Initialized RAG inference for system: CubeSat (nanosatellite)
2025-02-23 15:35:04,595 - DSM_MultiModelExp_llm_rag_ollama:mixtral:8x22b_6k - INFO - Initialized DSM for system: CubeSat (nanosatellite)
2025-02-23 15:35:04,595 - DSM_MultiModelExp_llm_rag_ollama:mixtral:8x22b_6k - INFO - Inference model: ollama:mixtral:8x22b_6k
2025-02-23 15:35:04,596 - DSM_MultiModelExp_llm_rag_ollama:mixtral:8x22b_6k - INFO - Predicted Components: ['Primary structure', 'Secondary structure', 'Payload', 'Communication system', 'Power system', 'Attitude control system']
2025-02-23 15:35:04,597 - DSM_MultiModelExp_llm_rag_ollama:mixtral:8x22b_6k - INFO - Number of components: 6
2025-02-23 15:35:04,597 - DSM_MultiModelExp_llm_rag_ollama:mixtral:8x22b_6k - INFO - Predicted components for query: ['Primary structure', 'Secondary structure', 'Payload', 'Communication system', 'Power system', 'Attitude control system']
2025-02-23 15:35:04,598 - DSM_MultiModelExp_llm_rag_ollama:mixtral:8x22b_6k - INFO - Query: 
        Please identify system-level hierarchical whole-part relationships between the components of CubeSat (nanosatellite), as listed below, and represent them in a Design Structure Matrix (DSM) format.          
        The relationships should be articulated in plain English, capturing the essence of their interactions.         
        Here is the list of subsystems/components to analyze: ['Primary structure', 'Secondary structure', 'Payload', 'Communication system', 'Power system', 'Attitude control system']         
        The DSM should clearly indicate the interactions between these components as 1 exist and 0 does not exist, considering both the presence and nature of these connections.         
        Present the output in a square matrix format (number of rows and columns MUST be the same as the number of components = 6 for this example), with rows and columns labeled accordingly.         
        Diagonal elements should be 1 in DSM matrix since each component interacts with itself.         
        If you don't know the answer, just write 2 for the specific cell that you are unsure of. A worst case scenario of the **as a list of lists** shown below (diagonal elements are 1 and unsure ones are 2). Don't make up an answer.         
        final response = [[1, 2, 2, 2, 2, 2, 2],[2, 1, 2, 2, 2, 2, 2],[2, 2, 1, 2, 2, 2, 2],[2, 2, 2, 1, 2, 2, 2],[2, 2, 2, 2, 1, 2, 2],[2, 2, 2, 2, 2, 1, 2],[2, 2, 2, 2, 2, 2, 1]] for 7 components         
        final response = [[1, 2, 2],[2, 1, 2],[2, 2, 1]] for 3 components         
        IMPORTANT: Your response must **ONLY** contain a valid **as a list of lists** in the following example format 7x7 matrix.         
        The below list of lists is just examples format of a response. **Replace** the values with your **actual analysis** while providing your response with parameter of 'final response'.        
        final response = [[1, 0, 0, 0, 0, 0, 0],[0, 1, 0, 0, 0, 0, 0],[0, 0, 1, 0, 0, 0, 0],   [0, 0, 0, 1, 0, 0, 0],[0, 0, 0, 0, 1, 0, 0],[0, 0, 0, 0, 0, 1, 0],[0, 0, 0, 0, 0, 0, 1]] for 7 components         
        final response = [[1, 0, 0],[0, 1, 0],[0, 0, 1]] for 3 components         
        IMPORTANT: THE FORMAT OF THE OUTPUT MUST BE AS LIST OF LISTS ONLY SIMILAR TO THE ONE ABOVE (NO LATEX, CODE, OR OTHER ENCODINGS).
        
2025-02-23 15:35:43,507 - DSM_MultiModelExp_llm_rag_ollama:mixtral:8x22b_6k - INFO - Number of documents retrieved: 4
2025-02-23 15:35:43,508 - DSM_MultiModelExp_llm_rag_ollama:mixtral:8x22b_6k - INFO - Documents used for this query:
2025-02-23 15:35:43,509 - DSM_MultiModelExp_llm_rag_ollama:mixtral:8x22b_6k - INFO - File: ../data/use_cases_large/CubeSat/reference_pdfs/R2_combined.pdf
2025-02-23 15:35:43,510 - DSM_MultiModelExp_llm_rag_ollama:mixtral:8x22b_6k - INFO - Page: 13
2025-02-23 15:35:43,511 - DSM_MultiModelExp_llm_rag_ollama:mixtral:8x22b_6k - INFO - Content: 5 Introduction to Design Structure Matrix Methods 
of the next section). Here we begin by adopting the original DSM convention with inputs 
in rows (IR) and outputs in columns. Later we also present e ...
2025-02-23 15:35:43,512 - DSM_MultiModelExp_llm_rag_ollama:mixtral:8x22b_6k - INFO - File: ../data/use_cases_large/CubeSat/reference_pdfs/R2_combined.pdf
2025-02-23 15:35:43,513 - DSM_MultiModelExp_llm_rag_ollama:mixtral:8x22b_6k - INFO - Page: 510
2025-02-23 15:35:43,514 - DSM_MultiModelExp_llm_rag_ollama:mixtral:8x22b_6k - INFO - Content: sidered a CubeSat. Nevertheless, some of the constraints that dictate the structural
design are derived from the mission and systems requirements. For this reason, it
is important to give the CubeSat  ...
2025-02-23 15:35:43,515 - DSM_MultiModelExp_llm_rag_ollama:mixtral:8x22b_6k - INFO - File: ../data/use_cases_large/CubeSat/reference_pdfs/R2_combined.pdf
2025-02-23 15:35:43,516 - DSM_MultiModelExp_llm_rag_ollama:mixtral:8x22b_6k - INFO - Page: 527
2025-02-23 15:35:43,517 - DSM_MultiModelExp_llm_rag_ollama:mixtral:8x22b_6k - INFO - Content: 7 Conclusions
In this chapter an overview of best practices during the structural system design and
manufacturing has been presented. In particular, attention has been focused on the def-
inition of t ...
2025-02-23 15:35:43,518 - DSM_MultiModelExp_llm_rag_ollama:mixtral:8x22b_6k - INFO - File: ../data/use_cases_large/CubeSat/reference_pdfs/R2_combined.pdf
2025-02-23 15:35:43,519 - DSM_MultiModelExp_llm_rag_ollama:mixtral:8x22b_6k - INFO - Page: 14
2025-02-23 15:35:43,520 - DSM_MultiModelExp_llm_rag_ollama:mixtral:8x22b_6k - INFO - Content: 6 Chapter 1 
A 
C 
A C B E G 0 F H 
A:X 
----.. ----- ----
xic 
B B:: X i X 
, " , 
____ ... _____ ____ .J _____ l _____ '- ___ _ 
E i XiEixi 
, " , 
G "'T'" "'TXTGTX-, " +--+-+---I 
o ""r'" 'xT"Tx 0  ...
2025-02-23 15:35:43,520 - DSM_MultiModelExp_llm_rag_ollama:mixtral:8x22b_6k - INFO - Raw Response:  Based on the information provided and general knowledge of CubeSat systems, here is a possible Design Structure Matrix (DSM) representation:

final response = [
[1, 1, 1, 1, 1, 1],
[1, 1, 0, 1, 1, 1],
[1, 0, 1, 0, 1, 1],
[1, 1, 0, 1, 1, 1],
[1, 1, 1, 1, 1, 1],
[1, 1, 1, 1, 1, 1]
]

Explanation:
- The primary structure interacts with all other components as it provides the main framework for the CubeSat.
- The secondary structure interacts with the payload, communication system, power system, and attitude control system as it supports these components. It does not directly interact with the primary structure (represented by 0).
- The payload interacts with the secondary structure, communication system, and power system. It does not directly interact with the primary structure or attitude control system (represented by 0).
- The communication system interacts with all other components as it needs to communicate data from various systems.
- The power system interacts with all other components as it provides power to them.
- The attitude control system interacts with the secondary structure, payload, and power system. It does not directly interact with the primary structure or communication system (represented by 0).
2025-02-23 15:35:43,521 - DSM_MultiModelExp_llm_rag_ollama:mixtral:8x22b_6k - INFO - Response:  Based on the information provided and general knowledge of CubeSat systems, here is a possible Design Structure Matrix (DSM) representation:

final response = [
[1, 1, 1, 1, 1, 1],
[1, 1, 0, 1, 1, 1],
[1, 0, 1, 0, 1, 1],
[1, 1, 0, 1, 1, 1],
[1, 1, 1, 1, 1, 1],
[1, 1, 1, 1, 1, 1]
]

Explanation:
- The primary structure interacts with all other components as it provides the main framework for the CubeSat.
- The secondary structure interacts with the payload, communication system, power system, and attitude control system as it supports these components. It does not directly interact with the primary structure (represented by 0).
- The payload interacts with the secondary structure, communication system, and power system. It does not directly interact with the primary structure or attitude control system (represented by 0).
- The communication system interacts with all other components as it needs to communicate data from various systems.
- The power system interacts with all other components as it provides power to them.
- The attitude control system interacts with the secondary structure, payload, and power system. It does not directly interact with the primary structure or communication system (represented by 0).
2025-02-23 15:35:43,522 - DSM_MultiModelExp_llm_rag_ollama:mixtral:8x22b_6k - INFO - Matrix: [[1, 1, 1, 1, 1, 1], [1, 1, 0, 1, 1, 1], [1, 0, 1, 0, 1, 1], [1, 1, 0, 1, 1, 1], [1, 1, 1, 1, 1, 1], [1, 1, 1, 1, 1, 1]]
2025-02-23 15:35:43,523 - DSM_MultiModelExp_llm_rag_ollama:mixtral:8x22b_6k - INFO - Final Matrix:
[[1, 1, 1, 1, 1, 1], [1, 1, 0, 1, 1, 1], [1, 0, 1, 0, 1, 1], [1, 1, 0, 1, 1, 1], [1, 1, 1, 1, 1, 1], [1, 1, 1, 1, 1, 1]]
2025-02-23 15:35:43,524 - DSM_MultiModelExp_llm_rag_ollama:mixtral:8x22b_6k - INFO - --------------------------------------------------
2025-02-23 15:35:43,525 - DSM_MultiModelExp_llm_rag_ollama:mixtral:8x22b_6k - INFO - Matrix from response.
2025-02-23 15:35:43,526 - DSM_MultiModelExp_llm_rag_ollama:mixtral:8x22b_6k - INFO - At run 2/5
2025-02-23 15:35:43,527 - DSM_MultiModelExp_llm_rag_ollama:mixtral:8x22b_6k - INFO - Matrix: [[1, 1, 1, 1, 1, 1], [1, 1, 0, 1, 1, 1], [1, 0, 1, 0, 1, 1], [1, 1, 0, 1, 1, 1], [1, 1, 1, 1, 1, 1], [1, 1, 1, 1, 1, 1]]
2025-02-23 15:35:43,527 - DSM_MultiModelExp_llm_rag_ollama:mixtral:8x22b_6k - INFO - --------------------------------------------------
2025-02-23 15:35:53,538 - DSM_MultiModelExp_llm_rag_ollama:mixtral:8x22b_6k - INFO - Run 3/5
2025-02-23 15:35:53,574 - DSM_MultiModelExp_llm_rag_ollama:mixtral:8x22b_6k - INFO - DEBUG: Initializing RAGInference.
2025-02-23 15:35:53,575 - DSM_MultiModelExp_llm_rag_ollama:mixtral:8x22b_6k - INFO - Using R-type: ['R2', 'R3']
2025-02-23 15:35:53,576 - DSM_MultiModelExp_llm_rag_ollama:mixtral:8x22b_6k - INFO - Using embedding model: text-embedding-3-small
2025-02-23 15:35:53,611 - DSM_MultiModelExp_llm_rag_ollama:mixtral:8x22b_6k - INFO - VectorStoreManager initialized
2025-02-23 15:35:53,611 - DSM_MultiModelExp_llm_rag_ollama:mixtral:8x22b_6k - INFO - Set database path to: xLM_DSM/data/vectorstore/CubeSat/llm_rag/text-embedding-3-small
2025-02-23 15:35:53,620 - DSM_MultiModelExp_llm_rag_ollama:mixtral:8x22b_6k - INFO - Collection count: 2320
2025-02-23 15:35:53,623 - DSM_MultiModelExp_llm_rag_ollama:mixtral:8x22b_6k - INFO - Initialized RAG inference for system: CubeSat (nanosatellite)
2025-02-23 15:35:53,624 - DSM_MultiModelExp_llm_rag_ollama:mixtral:8x22b_6k - INFO - Initialized DSM for system: CubeSat (nanosatellite)
2025-02-23 15:35:53,625 - DSM_MultiModelExp_llm_rag_ollama:mixtral:8x22b_6k - INFO - Inference model: ollama:mixtral:8x22b_6k
2025-02-23 15:35:53,626 - DSM_MultiModelExp_llm_rag_ollama:mixtral:8x22b_6k - INFO - Predicted Components: ['Primary structure', 'Secondary structure', 'Payload', 'Communication system', 'Power system', 'Attitude control system']
2025-02-23 15:35:53,627 - DSM_MultiModelExp_llm_rag_ollama:mixtral:8x22b_6k - INFO - Number of components: 6
2025-02-23 15:35:53,628 - DSM_MultiModelExp_llm_rag_ollama:mixtral:8x22b_6k - INFO - Predicted components for query: ['Primary structure', 'Secondary structure', 'Payload', 'Communication system', 'Power system', 'Attitude control system']
2025-02-23 15:35:53,629 - DSM_MultiModelExp_llm_rag_ollama:mixtral:8x22b_6k - INFO - Query: 
        Please identify system-level hierarchical whole-part relationships between the components of CubeSat (nanosatellite), as listed below, and represent them in a Design Structure Matrix (DSM) format.          
        The relationships should be articulated in plain English, capturing the essence of their interactions.         
        Here is the list of subsystems/components to analyze: ['Primary structure', 'Secondary structure', 'Payload', 'Communication system', 'Power system', 'Attitude control system']         
        The DSM should clearly indicate the interactions between these components as 1 exist and 0 does not exist, considering both the presence and nature of these connections.         
        Present the output in a square matrix format (number of rows and columns MUST be the same as the number of components = 6 for this example), with rows and columns labeled accordingly.         
        Diagonal elements should be 1 in DSM matrix since each component interacts with itself.         
        If you don't know the answer, just write 2 for the specific cell that you are unsure of. A worst case scenario of the **as a list of lists** shown below (diagonal elements are 1 and unsure ones are 2). Don't make up an answer.         
        final response = [[1, 2, 2, 2, 2, 2, 2],[2, 1, 2, 2, 2, 2, 2],[2, 2, 1, 2, 2, 2, 2],[2, 2, 2, 1, 2, 2, 2],[2, 2, 2, 2, 1, 2, 2],[2, 2, 2, 2, 2, 1, 2],[2, 2, 2, 2, 2, 2, 1]] for 7 components         
        final response = [[1, 2, 2],[2, 1, 2],[2, 2, 1]] for 3 components         
        IMPORTANT: Your response must **ONLY** contain a valid **as a list of lists** in the following example format 7x7 matrix.         
        The below list of lists is just examples format of a response. **Replace** the values with your **actual analysis** while providing your response with parameter of 'final response'.        
        final response = [[1, 0, 0, 0, 0, 0, 0],[0, 1, 0, 0, 0, 0, 0],[0, 0, 1, 0, 0, 0, 0],   [0, 0, 0, 1, 0, 0, 0],[0, 0, 0, 0, 1, 0, 0],[0, 0, 0, 0, 0, 1, 0],[0, 0, 0, 0, 0, 0, 1]] for 7 components         
        final response = [[1, 0, 0],[0, 1, 0],[0, 0, 1]] for 3 components         
        IMPORTANT: THE FORMAT OF THE OUTPUT MUST BE AS LIST OF LISTS ONLY SIMILAR TO THE ONE ABOVE (NO LATEX, CODE, OR OTHER ENCODINGS).
        
2025-02-23 15:36:32,216 - DSM_MultiModelExp_llm_rag_ollama:mixtral:8x22b_6k - INFO - Number of documents retrieved: 4
2025-02-23 15:36:32,217 - DSM_MultiModelExp_llm_rag_ollama:mixtral:8x22b_6k - INFO - Documents used for this query:
2025-02-23 15:36:32,219 - DSM_MultiModelExp_llm_rag_ollama:mixtral:8x22b_6k - INFO - File: ../data/use_cases_large/CubeSat/reference_pdfs/R2_combined.pdf
2025-02-23 15:36:32,220 - DSM_MultiModelExp_llm_rag_ollama:mixtral:8x22b_6k - INFO - Page: 13
2025-02-23 15:36:32,220 - DSM_MultiModelExp_llm_rag_ollama:mixtral:8x22b_6k - INFO - Content: 5 Introduction to Design Structure Matrix Methods 
of the next section). Here we begin by adopting the original DSM convention with inputs 
in rows (IR) and outputs in columns. Later we also present e ...
2025-02-23 15:36:32,221 - DSM_MultiModelExp_llm_rag_ollama:mixtral:8x22b_6k - INFO - File: ../data/use_cases_large/CubeSat/reference_pdfs/R2_combined.pdf
2025-02-23 15:36:32,222 - DSM_MultiModelExp_llm_rag_ollama:mixtral:8x22b_6k - INFO - Page: 510
2025-02-23 15:36:32,222 - DSM_MultiModelExp_llm_rag_ollama:mixtral:8x22b_6k - INFO - Content: sidered a CubeSat. Nevertheless, some of the constraints that dictate the structural
design are derived from the mission and systems requirements. For this reason, it
is important to give the CubeSat  ...
2025-02-23 15:36:32,223 - DSM_MultiModelExp_llm_rag_ollama:mixtral:8x22b_6k - INFO - File: ../data/use_cases_large/CubeSat/reference_pdfs/R2_combined.pdf
2025-02-23 15:36:32,224 - DSM_MultiModelExp_llm_rag_ollama:mixtral:8x22b_6k - INFO - Page: 527
2025-02-23 15:36:32,224 - DSM_MultiModelExp_llm_rag_ollama:mixtral:8x22b_6k - INFO - Content: 7 Conclusions
In this chapter an overview of best practices during the structural system design and
manufacturing has been presented. In particular, attention has been focused on the def-
inition of t ...
2025-02-23 15:36:32,225 - DSM_MultiModelExp_llm_rag_ollama:mixtral:8x22b_6k - INFO - File: ../data/use_cases_large/CubeSat/reference_pdfs/R2_combined.pdf
2025-02-23 15:36:32,227 - DSM_MultiModelExp_llm_rag_ollama:mixtral:8x22b_6k - INFO - Page: 14
2025-02-23 15:36:32,227 - DSM_MultiModelExp_llm_rag_ollama:mixtral:8x22b_6k - INFO - Content: 6 Chapter 1 
A 
C 
A C B E G 0 F H 
A:X 
----.. ----- ----
xic 
B B:: X i X 
, " , 
____ ... _____ ____ .J _____ l _____ '- ___ _ 
E i XiEixi 
, " , 
G "'T'" "'TXTGTX-, " +--+-+---I 
o ""r'" 'xT"Tx 0  ...
2025-02-23 15:36:32,228 - DSM_MultiModelExp_llm_rag_ollama:mixtral:8x22b_6k - INFO - Raw Response:  Based on the information provided and general knowledge of CubeSat systems, here is a possible Design Structure Matrix (DSM) representation:

final response = [
[1, 1, 1, 1, 1, 1],
[1, 1, 0, 1, 1, 1],
[1, 0, 1, 0, 1, 1],
[1, 1, 0, 1, 1, 1],
[1, 1, 1, 1, 1, 1],
[1, 1, 1, 1, 1, 1]
]

Explanation:
- The primary structure interacts with all other components as it provides the main framework for the CubeSat.
- The secondary structure interacts with the payload, communication system, power system, and attitude control system as it supports these components. It does not directly interact with the primary structure (represented by 0).
- The payload interacts with the secondary structure, communication system, and power system. It does not directly interact with the primary structure or attitude control system (represented by 0).
- The communication system interacts with all other components as it needs to communicate data from various systems.
- The power system interacts with all other components as it provides power to them.
- The attitude control system interacts with the secondary structure, payload, and power system. It does not directly interact with the primary structure or communication system (represented by 0).
2025-02-23 15:36:32,229 - DSM_MultiModelExp_llm_rag_ollama:mixtral:8x22b_6k - INFO - Response:  Based on the information provided and general knowledge of CubeSat systems, here is a possible Design Structure Matrix (DSM) representation:

final response = [
[1, 1, 1, 1, 1, 1],
[1, 1, 0, 1, 1, 1],
[1, 0, 1, 0, 1, 1],
[1, 1, 0, 1, 1, 1],
[1, 1, 1, 1, 1, 1],
[1, 1, 1, 1, 1, 1]
]

Explanation:
- The primary structure interacts with all other components as it provides the main framework for the CubeSat.
- The secondary structure interacts with the payload, communication system, power system, and attitude control system as it supports these components. It does not directly interact with the primary structure (represented by 0).
- The payload interacts with the secondary structure, communication system, and power system. It does not directly interact with the primary structure or attitude control system (represented by 0).
- The communication system interacts with all other components as it needs to communicate data from various systems.
- The power system interacts with all other components as it provides power to them.
- The attitude control system interacts with the secondary structure, payload, and power system. It does not directly interact with the primary structure or communication system (represented by 0).
2025-02-23 15:36:32,230 - DSM_MultiModelExp_llm_rag_ollama:mixtral:8x22b_6k - INFO - Matrix: [[1, 1, 1, 1, 1, 1], [1, 1, 0, 1, 1, 1], [1, 0, 1, 0, 1, 1], [1, 1, 0, 1, 1, 1], [1, 1, 1, 1, 1, 1], [1, 1, 1, 1, 1, 1]]
2025-02-23 15:36:32,231 - DSM_MultiModelExp_llm_rag_ollama:mixtral:8x22b_6k - INFO - Final Matrix:
[[1, 1, 1, 1, 1, 1], [1, 1, 0, 1, 1, 1], [1, 0, 1, 0, 1, 1], [1, 1, 0, 1, 1, 1], [1, 1, 1, 1, 1, 1], [1, 1, 1, 1, 1, 1]]
2025-02-23 15:36:32,232 - DSM_MultiModelExp_llm_rag_ollama:mixtral:8x22b_6k - INFO - --------------------------------------------------
2025-02-23 15:36:32,232 - DSM_MultiModelExp_llm_rag_ollama:mixtral:8x22b_6k - INFO - Matrix from response.
2025-02-23 15:36:32,233 - DSM_MultiModelExp_llm_rag_ollama:mixtral:8x22b_6k - INFO - At run 3/5
2025-02-23 15:36:32,233 - DSM_MultiModelExp_llm_rag_ollama:mixtral:8x22b_6k - INFO - Matrix: [[1, 1, 1, 1, 1, 1], [1, 1, 0, 1, 1, 1], [1, 0, 1, 0, 1, 1], [1, 1, 0, 1, 1, 1], [1, 1, 1, 1, 1, 1], [1, 1, 1, 1, 1, 1]]
2025-02-23 15:36:32,234 - DSM_MultiModelExp_llm_rag_ollama:mixtral:8x22b_6k - INFO - --------------------------------------------------
2025-02-23 15:36:42,245 - DSM_MultiModelExp_llm_rag_ollama:mixtral:8x22b_6k - INFO - Run 4/5
2025-02-23 15:36:42,282 - DSM_MultiModelExp_llm_rag_ollama:mixtral:8x22b_6k - INFO - DEBUG: Initializing RAGInference.
2025-02-23 15:36:42,283 - DSM_MultiModelExp_llm_rag_ollama:mixtral:8x22b_6k - INFO - Using R-type: ['R2', 'R3']
2025-02-23 15:36:42,283 - DSM_MultiModelExp_llm_rag_ollama:mixtral:8x22b_6k - INFO - Using embedding model: text-embedding-3-small
2025-02-23 15:36:42,318 - DSM_MultiModelExp_llm_rag_ollama:mixtral:8x22b_6k - INFO - VectorStoreManager initialized
2025-02-23 15:36:42,318 - DSM_MultiModelExp_llm_rag_ollama:mixtral:8x22b_6k - INFO - Set database path to: xLM_DSM/data/vectorstore/CubeSat/llm_rag/text-embedding-3-small
2025-02-23 15:36:42,327 - DSM_MultiModelExp_llm_rag_ollama:mixtral:8x22b_6k - INFO - Collection count: 2320
2025-02-23 15:36:42,330 - DSM_MultiModelExp_llm_rag_ollama:mixtral:8x22b_6k - INFO - Initialized RAG inference for system: CubeSat (nanosatellite)
2025-02-23 15:36:42,331 - DSM_MultiModelExp_llm_rag_ollama:mixtral:8x22b_6k - INFO - Initialized DSM for system: CubeSat (nanosatellite)
2025-02-23 15:36:42,332 - DSM_MultiModelExp_llm_rag_ollama:mixtral:8x22b_6k - INFO - Inference model: ollama:mixtral:8x22b_6k
2025-02-23 15:36:42,332 - DSM_MultiModelExp_llm_rag_ollama:mixtral:8x22b_6k - INFO - Predicted Components: ['Primary structure', 'Secondary structure', 'Payload', 'Communication system', 'Power system', 'Attitude control system']
2025-02-23 15:36:42,333 - DSM_MultiModelExp_llm_rag_ollama:mixtral:8x22b_6k - INFO - Number of components: 6
2025-02-23 15:36:42,334 - DSM_MultiModelExp_llm_rag_ollama:mixtral:8x22b_6k - INFO - Predicted components for query: ['Primary structure', 'Secondary structure', 'Payload', 'Communication system', 'Power system', 'Attitude control system']
2025-02-23 15:36:42,334 - DSM_MultiModelExp_llm_rag_ollama:mixtral:8x22b_6k - INFO - Query: 
        Please identify system-level hierarchical whole-part relationships between the components of CubeSat (nanosatellite), as listed below, and represent them in a Design Structure Matrix (DSM) format.          
        The relationships should be articulated in plain English, capturing the essence of their interactions.         
        Here is the list of subsystems/components to analyze: ['Primary structure', 'Secondary structure', 'Payload', 'Communication system', 'Power system', 'Attitude control system']         
        The DSM should clearly indicate the interactions between these components as 1 exist and 0 does not exist, considering both the presence and nature of these connections.         
        Present the output in a square matrix format (number of rows and columns MUST be the same as the number of components = 6 for this example), with rows and columns labeled accordingly.         
        Diagonal elements should be 1 in DSM matrix since each component interacts with itself.         
        If you don't know the answer, just write 2 for the specific cell that you are unsure of. A worst case scenario of the **as a list of lists** shown below (diagonal elements are 1 and unsure ones are 2). Don't make up an answer.         
        final response = [[1, 2, 2, 2, 2, 2, 2],[2, 1, 2, 2, 2, 2, 2],[2, 2, 1, 2, 2, 2, 2],[2, 2, 2, 1, 2, 2, 2],[2, 2, 2, 2, 1, 2, 2],[2, 2, 2, 2, 2, 1, 2],[2, 2, 2, 2, 2, 2, 1]] for 7 components         
        final response = [[1, 2, 2],[2, 1, 2],[2, 2, 1]] for 3 components         
        IMPORTANT: Your response must **ONLY** contain a valid **as a list of lists** in the following example format 7x7 matrix.         
        The below list of lists is just examples format of a response. **Replace** the values with your **actual analysis** while providing your response with parameter of 'final response'.        
        final response = [[1, 0, 0, 0, 0, 0, 0],[0, 1, 0, 0, 0, 0, 0],[0, 0, 1, 0, 0, 0, 0],   [0, 0, 0, 1, 0, 0, 0],[0, 0, 0, 0, 1, 0, 0],[0, 0, 0, 0, 0, 1, 0],[0, 0, 0, 0, 0, 0, 1]] for 7 components         
        final response = [[1, 0, 0],[0, 1, 0],[0, 0, 1]] for 3 components         
        IMPORTANT: THE FORMAT OF THE OUTPUT MUST BE AS LIST OF LISTS ONLY SIMILAR TO THE ONE ABOVE (NO LATEX, CODE, OR OTHER ENCODINGS).
        
2025-02-23 15:37:21,137 - DSM_MultiModelExp_llm_rag_ollama:mixtral:8x22b_6k - INFO - Number of documents retrieved: 4
2025-02-23 15:37:21,139 - DSM_MultiModelExp_llm_rag_ollama:mixtral:8x22b_6k - INFO - Documents used for this query:
2025-02-23 15:37:21,139 - DSM_MultiModelExp_llm_rag_ollama:mixtral:8x22b_6k - INFO - File: ../data/use_cases_large/CubeSat/reference_pdfs/R2_combined.pdf
2025-02-23 15:37:21,140 - DSM_MultiModelExp_llm_rag_ollama:mixtral:8x22b_6k - INFO - Page: 13
2025-02-23 15:37:21,141 - DSM_MultiModelExp_llm_rag_ollama:mixtral:8x22b_6k - INFO - Content: 5 Introduction to Design Structure Matrix Methods 
of the next section). Here we begin by adopting the original DSM convention with inputs 
in rows (IR) and outputs in columns. Later we also present e ...
2025-02-23 15:37:21,142 - DSM_MultiModelExp_llm_rag_ollama:mixtral:8x22b_6k - INFO - File: ../data/use_cases_large/CubeSat/reference_pdfs/R2_combined.pdf
2025-02-23 15:37:21,143 - DSM_MultiModelExp_llm_rag_ollama:mixtral:8x22b_6k - INFO - Page: 510
2025-02-23 15:37:21,144 - DSM_MultiModelExp_llm_rag_ollama:mixtral:8x22b_6k - INFO - Content: sidered a CubeSat. Nevertheless, some of the constraints that dictate the structural
design are derived from the mission and systems requirements. For this reason, it
is important to give the CubeSat  ...
2025-02-23 15:37:21,145 - DSM_MultiModelExp_llm_rag_ollama:mixtral:8x22b_6k - INFO - File: ../data/use_cases_large/CubeSat/reference_pdfs/R2_combined.pdf
2025-02-23 15:37:21,146 - DSM_MultiModelExp_llm_rag_ollama:mixtral:8x22b_6k - INFO - Page: 527
2025-02-23 15:37:21,147 - DSM_MultiModelExp_llm_rag_ollama:mixtral:8x22b_6k - INFO - Content: 7 Conclusions
In this chapter an overview of best practices during the structural system design and
manufacturing has been presented. In particular, attention has been focused on the def-
inition of t ...
2025-02-23 15:37:21,148 - DSM_MultiModelExp_llm_rag_ollama:mixtral:8x22b_6k - INFO - File: ../data/use_cases_large/CubeSat/reference_pdfs/R2_combined.pdf
2025-02-23 15:37:21,149 - DSM_MultiModelExp_llm_rag_ollama:mixtral:8x22b_6k - INFO - Page: 14
2025-02-23 15:37:21,149 - DSM_MultiModelExp_llm_rag_ollama:mixtral:8x22b_6k - INFO - Content: 6 Chapter 1 
A 
C 
A C B E G 0 F H 
A:X 
----.. ----- ----
xic 
B B:: X i X 
, " , 
____ ... _____ ____ .J _____ l _____ '- ___ _ 
E i XiEixi 
, " , 
G "'T'" "'TXTGTX-, " +--+-+---I 
o ""r'" 'xT"Tx 0  ...
2025-02-23 15:37:21,150 - DSM_MultiModelExp_llm_rag_ollama:mixtral:8x22b_6k - INFO - Raw Response:  Based on the information provided and general knowledge of CubeSat systems, here is a possible Design Structure Matrix (DSM) representation:

final response = [
[1, 1, 1, 1, 1, 1],
[1, 1, 0, 1, 1, 1],
[1, 0, 1, 0, 1, 1],
[1, 1, 0, 1, 1, 1],
[1, 1, 1, 1, 1, 1],
[1, 1, 1, 1, 1, 1]
]

Explanation:
- The primary structure interacts with all other components as it provides the main framework for the CubeSat.
- The secondary structure interacts with the payload, communication system, power system, and attitude control system as it supports these components. It does not directly interact with the primary structure (represented by 0).
- The payload interacts with the secondary structure, communication system, and power system. It does not directly interact with the primary structure or attitude control system (represented by 0).
- The communication system interacts with all other components as it needs to communicate data from various systems.
- The power system interacts with all other components as it provides power to them.
- The attitude control system interacts with the secondary structure, payload, and power system. It does not directly interact with the primary structure or communication system (represented by 0).
2025-02-23 15:37:21,151 - DSM_MultiModelExp_llm_rag_ollama:mixtral:8x22b_6k - INFO - Response:  Based on the information provided and general knowledge of CubeSat systems, here is a possible Design Structure Matrix (DSM) representation:

final response = [
[1, 1, 1, 1, 1, 1],
[1, 1, 0, 1, 1, 1],
[1, 0, 1, 0, 1, 1],
[1, 1, 0, 1, 1, 1],
[1, 1, 1, 1, 1, 1],
[1, 1, 1, 1, 1, 1]
]

Explanation:
- The primary structure interacts with all other components as it provides the main framework for the CubeSat.
- The secondary structure interacts with the payload, communication system, power system, and attitude control system as it supports these components. It does not directly interact with the primary structure (represented by 0).
- The payload interacts with the secondary structure, communication system, and power system. It does not directly interact with the primary structure or attitude control system (represented by 0).
- The communication system interacts with all other components as it needs to communicate data from various systems.
- The power system interacts with all other components as it provides power to them.
- The attitude control system interacts with the secondary structure, payload, and power system. It does not directly interact with the primary structure or communication system (represented by 0).
2025-02-23 15:37:21,152 - DSM_MultiModelExp_llm_rag_ollama:mixtral:8x22b_6k - INFO - Matrix: [[1, 1, 1, 1, 1, 1], [1, 1, 0, 1, 1, 1], [1, 0, 1, 0, 1, 1], [1, 1, 0, 1, 1, 1], [1, 1, 1, 1, 1, 1], [1, 1, 1, 1, 1, 1]]
2025-02-23 15:37:21,153 - DSM_MultiModelExp_llm_rag_ollama:mixtral:8x22b_6k - INFO - Final Matrix:
[[1, 1, 1, 1, 1, 1], [1, 1, 0, 1, 1, 1], [1, 0, 1, 0, 1, 1], [1, 1, 0, 1, 1, 1], [1, 1, 1, 1, 1, 1], [1, 1, 1, 1, 1, 1]]
2025-02-23 15:37:21,154 - DSM_MultiModelExp_llm_rag_ollama:mixtral:8x22b_6k - INFO - --------------------------------------------------
2025-02-23 15:37:21,155 - DSM_MultiModelExp_llm_rag_ollama:mixtral:8x22b_6k - INFO - Matrix from response.
2025-02-23 15:37:21,156 - DSM_MultiModelExp_llm_rag_ollama:mixtral:8x22b_6k - INFO - At run 4/5
2025-02-23 15:37:21,157 - DSM_MultiModelExp_llm_rag_ollama:mixtral:8x22b_6k - INFO - Matrix: [[1, 1, 1, 1, 1, 1], [1, 1, 0, 1, 1, 1], [1, 0, 1, 0, 1, 1], [1, 1, 0, 1, 1, 1], [1, 1, 1, 1, 1, 1], [1, 1, 1, 1, 1, 1]]
2025-02-23 15:37:21,157 - DSM_MultiModelExp_llm_rag_ollama:mixtral:8x22b_6k - INFO - --------------------------------------------------
2025-02-23 15:37:31,169 - DSM_MultiModelExp_llm_rag_ollama:mixtral:8x22b_6k - INFO - Run 5/5
2025-02-23 15:37:31,196 - DSM_MultiModelExp_llm_rag_ollama:mixtral:8x22b_6k - INFO - DEBUG: Initializing RAGInference.
2025-02-23 15:37:31,197 - DSM_MultiModelExp_llm_rag_ollama:mixtral:8x22b_6k - INFO - Using R-type: ['R2', 'R3']
2025-02-23 15:37:31,198 - DSM_MultiModelExp_llm_rag_ollama:mixtral:8x22b_6k - INFO - Using embedding model: text-embedding-3-small
2025-02-23 15:37:31,224 - DSM_MultiModelExp_llm_rag_ollama:mixtral:8x22b_6k - INFO - VectorStoreManager initialized
2025-02-23 15:37:31,225 - DSM_MultiModelExp_llm_rag_ollama:mixtral:8x22b_6k - INFO - Set database path to: xLM_DSM/data/vectorstore/CubeSat/llm_rag/text-embedding-3-small
2025-02-23 15:37:31,233 - DSM_MultiModelExp_llm_rag_ollama:mixtral:8x22b_6k - INFO - Collection count: 2320
2025-02-23 15:37:31,236 - DSM_MultiModelExp_llm_rag_ollama:mixtral:8x22b_6k - INFO - Initialized RAG inference for system: CubeSat (nanosatellite)
2025-02-23 15:37:31,237 - DSM_MultiModelExp_llm_rag_ollama:mixtral:8x22b_6k - INFO - Initialized DSM for system: CubeSat (nanosatellite)
2025-02-23 15:37:31,238 - DSM_MultiModelExp_llm_rag_ollama:mixtral:8x22b_6k - INFO - Inference model: ollama:mixtral:8x22b_6k
2025-02-23 15:37:31,239 - DSM_MultiModelExp_llm_rag_ollama:mixtral:8x22b_6k - INFO - Predicted Components: ['Primary structure', 'Secondary structure', 'Payload', 'Communication system', 'Power system', 'Attitude control system']
2025-02-23 15:37:31,240 - DSM_MultiModelExp_llm_rag_ollama:mixtral:8x22b_6k - INFO - Number of components: 6
2025-02-23 15:37:31,241 - DSM_MultiModelExp_llm_rag_ollama:mixtral:8x22b_6k - INFO - Predicted components for query: ['Primary structure', 'Secondary structure', 'Payload', 'Communication system', 'Power system', 'Attitude control system']
2025-02-23 15:37:31,242 - DSM_MultiModelExp_llm_rag_ollama:mixtral:8x22b_6k - INFO - Query: 
        Please identify system-level hierarchical whole-part relationships between the components of CubeSat (nanosatellite), as listed below, and represent them in a Design Structure Matrix (DSM) format.          
        The relationships should be articulated in plain English, capturing the essence of their interactions.         
        Here is the list of subsystems/components to analyze: ['Primary structure', 'Secondary structure', 'Payload', 'Communication system', 'Power system', 'Attitude control system']         
        The DSM should clearly indicate the interactions between these components as 1 exist and 0 does not exist, considering both the presence and nature of these connections.         
        Present the output in a square matrix format (number of rows and columns MUST be the same as the number of components = 6 for this example), with rows and columns labeled accordingly.         
        Diagonal elements should be 1 in DSM matrix since each component interacts with itself.         
        If you don't know the answer, just write 2 for the specific cell that you are unsure of. A worst case scenario of the **as a list of lists** shown below (diagonal elements are 1 and unsure ones are 2). Don't make up an answer.         
        final response = [[1, 2, 2, 2, 2, 2, 2],[2, 1, 2, 2, 2, 2, 2],[2, 2, 1, 2, 2, 2, 2],[2, 2, 2, 1, 2, 2, 2],[2, 2, 2, 2, 1, 2, 2],[2, 2, 2, 2, 2, 1, 2],[2, 2, 2, 2, 2, 2, 1]] for 7 components         
        final response = [[1, 2, 2],[2, 1, 2],[2, 2, 1]] for 3 components         
        IMPORTANT: Your response must **ONLY** contain a valid **as a list of lists** in the following example format 7x7 matrix.         
        The below list of lists is just examples format of a response. **Replace** the values with your **actual analysis** while providing your response with parameter of 'final response'.        
        final response = [[1, 0, 0, 0, 0, 0, 0],[0, 1, 0, 0, 0, 0, 0],[0, 0, 1, 0, 0, 0, 0],   [0, 0, 0, 1, 0, 0, 0],[0, 0, 0, 0, 1, 0, 0],[0, 0, 0, 0, 0, 1, 0],[0, 0, 0, 0, 0, 0, 1]] for 7 components         
        final response = [[1, 0, 0],[0, 1, 0],[0, 0, 1]] for 3 components         
        IMPORTANT: THE FORMAT OF THE OUTPUT MUST BE AS LIST OF LISTS ONLY SIMILAR TO THE ONE ABOVE (NO LATEX, CODE, OR OTHER ENCODINGS).
        
2025-02-23 15:38:09,785 - DSM_MultiModelExp_llm_rag_ollama:mixtral:8x22b_6k - INFO - Number of documents retrieved: 4
2025-02-23 15:38:09,786 - DSM_MultiModelExp_llm_rag_ollama:mixtral:8x22b_6k - INFO - Documents used for this query:
2025-02-23 15:38:09,787 - DSM_MultiModelExp_llm_rag_ollama:mixtral:8x22b_6k - INFO - File: ../data/use_cases_large/CubeSat/reference_pdfs/R2_combined.pdf
2025-02-23 15:38:09,788 - DSM_MultiModelExp_llm_rag_ollama:mixtral:8x22b_6k - INFO - Page: 13
2025-02-23 15:38:09,789 - DSM_MultiModelExp_llm_rag_ollama:mixtral:8x22b_6k - INFO - Content: 5 Introduction to Design Structure Matrix Methods 
of the next section). Here we begin by adopting the original DSM convention with inputs 
in rows (IR) and outputs in columns. Later we also present e ...
2025-02-23 15:38:09,790 - DSM_MultiModelExp_llm_rag_ollama:mixtral:8x22b_6k - INFO - File: ../data/use_cases_large/CubeSat/reference_pdfs/R2_combined.pdf
2025-02-23 15:38:09,791 - DSM_MultiModelExp_llm_rag_ollama:mixtral:8x22b_6k - INFO - Page: 510
2025-02-23 15:38:09,792 - DSM_MultiModelExp_llm_rag_ollama:mixtral:8x22b_6k - INFO - Content: sidered a CubeSat. Nevertheless, some of the constraints that dictate the structural
design are derived from the mission and systems requirements. For this reason, it
is important to give the CubeSat  ...
2025-02-23 15:38:09,792 - DSM_MultiModelExp_llm_rag_ollama:mixtral:8x22b_6k - INFO - File: ../data/use_cases_large/CubeSat/reference_pdfs/R2_combined.pdf
2025-02-23 15:38:09,793 - DSM_MultiModelExp_llm_rag_ollama:mixtral:8x22b_6k - INFO - Page: 527
2025-02-23 15:38:09,794 - DSM_MultiModelExp_llm_rag_ollama:mixtral:8x22b_6k - INFO - Content: 7 Conclusions
In this chapter an overview of best practices during the structural system design and
manufacturing has been presented. In particular, attention has been focused on the def-
inition of t ...
2025-02-23 15:38:09,795 - DSM_MultiModelExp_llm_rag_ollama:mixtral:8x22b_6k - INFO - File: ../data/use_cases_large/CubeSat/reference_pdfs/R2_combined.pdf
2025-02-23 15:38:09,796 - DSM_MultiModelExp_llm_rag_ollama:mixtral:8x22b_6k - INFO - Page: 14
2025-02-23 15:38:09,797 - DSM_MultiModelExp_llm_rag_ollama:mixtral:8x22b_6k - INFO - Content: 6 Chapter 1 
A 
C 
A C B E G 0 F H 
A:X 
----.. ----- ----
xic 
B B:: X i X 
, " , 
____ ... _____ ____ .J _____ l _____ '- ___ _ 
E i XiEixi 
, " , 
G "'T'" "'TXTGTX-, " +--+-+---I 
o ""r'" 'xT"Tx 0  ...
2025-02-23 15:38:09,798 - DSM_MultiModelExp_llm_rag_ollama:mixtral:8x22b_6k - INFO - Raw Response:  Based on the information provided and general knowledge of CubeSat systems, here is a possible Design Structure Matrix (DSM) representation:

final response = [
[1, 1, 1, 1, 1, 1],
[1, 1, 0, 1, 1, 1],
[1, 0, 1, 0, 1, 1],
[1, 1, 0, 1, 1, 1],
[1, 1, 1, 1, 1, 1],
[1, 1, 1, 1, 1, 1]
]

Explanation:
- The primary structure interacts with all other components as it provides the main framework for the CubeSat.
- The secondary structure interacts with the payload, communication system, power system, and attitude control system as it supports these components. It does not directly interact with the primary structure (represented by 0).
- The payload interacts with the secondary structure, communication system, and power system. It does not directly interact with the primary structure or attitude control system (represented by 0).
- The communication system interacts with all other components as it needs to communicate data from various systems.
- The power system interacts with all other components as it provides power to them.
- The attitude control system interacts with the secondary structure, payload, and power system. It does not directly interact with the primary structure or communication system (represented by 0).
2025-02-23 15:38:09,799 - DSM_MultiModelExp_llm_rag_ollama:mixtral:8x22b_6k - INFO - Response:  Based on the information provided and general knowledge of CubeSat systems, here is a possible Design Structure Matrix (DSM) representation:

final response = [
[1, 1, 1, 1, 1, 1],
[1, 1, 0, 1, 1, 1],
[1, 0, 1, 0, 1, 1],
[1, 1, 0, 1, 1, 1],
[1, 1, 1, 1, 1, 1],
[1, 1, 1, 1, 1, 1]
]

Explanation:
- The primary structure interacts with all other components as it provides the main framework for the CubeSat.
- The secondary structure interacts with the payload, communication system, power system, and attitude control system as it supports these components. It does not directly interact with the primary structure (represented by 0).
- The payload interacts with the secondary structure, communication system, and power system. It does not directly interact with the primary structure or attitude control system (represented by 0).
- The communication system interacts with all other components as it needs to communicate data from various systems.
- The power system interacts with all other components as it provides power to them.
- The attitude control system interacts with the secondary structure, payload, and power system. It does not directly interact with the primary structure or communication system (represented by 0).
2025-02-23 15:38:09,799 - DSM_MultiModelExp_llm_rag_ollama:mixtral:8x22b_6k - INFO - Matrix: [[1, 1, 1, 1, 1, 1], [1, 1, 0, 1, 1, 1], [1, 0, 1, 0, 1, 1], [1, 1, 0, 1, 1, 1], [1, 1, 1, 1, 1, 1], [1, 1, 1, 1, 1, 1]]
2025-02-23 15:38:09,800 - DSM_MultiModelExp_llm_rag_ollama:mixtral:8x22b_6k - INFO - Final Matrix:
[[1, 1, 1, 1, 1, 1], [1, 1, 0, 1, 1, 1], [1, 0, 1, 0, 1, 1], [1, 1, 0, 1, 1, 1], [1, 1, 1, 1, 1, 1], [1, 1, 1, 1, 1, 1]]
2025-02-23 15:38:09,802 - DSM_MultiModelExp_llm_rag_ollama:mixtral:8x22b_6k - INFO - --------------------------------------------------
2025-02-23 15:38:09,803 - DSM_MultiModelExp_llm_rag_ollama:mixtral:8x22b_6k - INFO - Matrix from response.
2025-02-23 15:38:09,803 - DSM_MultiModelExp_llm_rag_ollama:mixtral:8x22b_6k - INFO - At run 5/5
2025-02-23 15:38:09,804 - DSM_MultiModelExp_llm_rag_ollama:mixtral:8x22b_6k - INFO - Matrix: [[1, 1, 1, 1, 1, 1], [1, 1, 0, 1, 1, 1], [1, 0, 1, 0, 1, 1], [1, 1, 0, 1, 1, 1], [1, 1, 1, 1, 1, 1], [1, 1, 1, 1, 1, 1]]
2025-02-23 15:38:09,805 - DSM_MultiModelExp_llm_rag_ollama:mixtral:8x22b_6k - INFO - --------------------------------------------------
2025-02-23 15:38:19,816 - DSM_MultiModelExp_llm_rag_ollama:mixtral:8x22b_6k - INFO - Duration of reference combination {'R2': [{'path': '../data/use_cases_large/CubeSat/reference_pdfs/R2_combined.pdf'}], 'R3': [{'path': '../data/use_cases_large/CubeSat/reference_pdfs/R3_combined.pdf'}]}: 0:04:38.690560
2025-02-23 15:38:19,817 - DSM_MultiModelExp_llm_rag_ollama:mixtral:8x22b_6k - INFO - ++++++++++++++++++++++++++++++++++++++++++++++++++++++++++++++++++++++++++++++++++++++++++++++++++++
2025-02-23 15:38:19,817 - DSM_MultiModelExp_llm_rag_ollama:mixtral:8x22b_6k - INFO - Run 1/5
2025-02-23 15:38:19,845 - DSM_MultiModelExp_llm_rag_ollama:mixtral:8x22b_6k - INFO - DEBUG: Initializing RAGInference.
2025-02-23 15:38:19,846 - DSM_MultiModelExp_llm_rag_ollama:mixtral:8x22b_6k - INFO - Using R-type: ['R1', 'R2', 'R3']
2025-02-23 15:38:19,846 - DSM_MultiModelExp_llm_rag_ollama:mixtral:8x22b_6k - INFO - Using embedding model: text-embedding-3-small
2025-02-23 15:38:19,872 - DSM_MultiModelExp_llm_rag_ollama:mixtral:8x22b_6k - INFO - VectorStoreManager initialized
2025-02-23 15:38:19,873 - DSM_MultiModelExp_llm_rag_ollama:mixtral:8x22b_6k - INFO - Set database path to: xLM_DSM/data/vectorstore/CubeSat/llm_rag/text-embedding-3-small
2025-02-23 15:38:19,881 - DSM_MultiModelExp_llm_rag_ollama:mixtral:8x22b_6k - INFO - Collection count: 2320
2025-02-23 15:38:19,884 - DSM_MultiModelExp_llm_rag_ollama:mixtral:8x22b_6k - INFO - Initialized RAG inference for system: CubeSat (nanosatellite)
2025-02-23 15:38:19,885 - DSM_MultiModelExp_llm_rag_ollama:mixtral:8x22b_6k - INFO - Initialized DSM for system: CubeSat (nanosatellite)
2025-02-23 15:38:19,886 - DSM_MultiModelExp_llm_rag_ollama:mixtral:8x22b_6k - INFO - Inference model: ollama:mixtral:8x22b_6k
2025-02-23 15:38:19,887 - DSM_MultiModelExp_llm_rag_ollama:mixtral:8x22b_6k - INFO - Prompt (attempt 1/3): 
            Please identify the major components of CubeSat (nanosatellite) in the engineering based on hierarchical whole-part relationships.             
            The number of components must be 6 and must be a list of strings.             
            Please do not identify similar components that will work together under subsystem level since our interest is to identify the major components that form the core architecture of the system.             
            Here is an example of the components for made-up system:             
            final response = [ "component 1", "component 2", "component 3", "component 4", "component 5" ]             
            IMPORTANT: THE FORMAT OF THE OUTPUT MUST BE AS A LIST OF STRINGS ONLY SIMILAR TO THE ONE ABOVE (NO LATEX, NO CODE, NO DESCRIPTION, OR OTHER ENCODINGS).              
2025-02-23 15:38:30,838 - DSM_MultiModelExp_llm_rag_ollama:mixtral:8x22b_6k - INFO - Number of documents retrieved: 4
2025-02-23 15:38:30,839 - DSM_MultiModelExp_llm_rag_ollama:mixtral:8x22b_6k - INFO - Documents used for this query:
2025-02-23 15:38:30,840 - DSM_MultiModelExp_llm_rag_ollama:mixtral:8x22b_6k - INFO - File: ../data/use_cases_large/CubeSat/reference_pdfs/R2_combined.pdf
2025-02-23 15:38:30,840 - DSM_MultiModelExp_llm_rag_ollama:mixtral:8x22b_6k - INFO - Page: 527
2025-02-23 15:38:30,841 - DSM_MultiModelExp_llm_rag_ollama:mixtral:8x22b_6k - INFO - Content: 7 Conclusions
In this chapter an overview of best practices during the structural system design and
manufacturing has been presented. In particular, attention has been focused on the def-
inition of t ...
2025-02-23 15:38:30,842 - DSM_MultiModelExp_llm_rag_ollama:mixtral:8x22b_6k - INFO - File: ../data/use_cases_large/CubeSat/reference_pdfs/R2_combined.pdf
2025-02-23 15:38:30,842 - DSM_MultiModelExp_llm_rag_ollama:mixtral:8x22b_6k - INFO - Page: 510
2025-02-23 15:38:30,843 - DSM_MultiModelExp_llm_rag_ollama:mixtral:8x22b_6k - INFO - Content: sidered a CubeSat. Nevertheless, some of the constraints that dictate the structural
design are derived from the mission and systems requirements. For this reason, it
is important to give the CubeSat  ...
2025-02-23 15:38:30,843 - DSM_MultiModelExp_llm_rag_ollama:mixtral:8x22b_6k - INFO - File: ../data/use_cases_large/CubeSat/reference_pdfs/R2_combined.pdf
2025-02-23 15:38:30,844 - DSM_MultiModelExp_llm_rag_ollama:mixtral:8x22b_6k - INFO - Page: 369
2025-02-23 15:38:30,844 - DSM_MultiModelExp_llm_rag_ollama:mixtral:8x22b_6k - INFO - Content: l
performance requirements
l
system scalability requirements
2. Space segment
l
constellation requirements
l
spacecraft requirements
l
general requirements
l
payload requirements
3. Ground segment
l
g ...
2025-02-23 15:38:30,845 - DSM_MultiModelExp_llm_rag_ollama:mixtral:8x22b_6k - INFO - File: ../data/use_cases_large/CubeSat/reference_pdfs/R1_combined.pdf
2025-02-23 15:38:30,845 - DSM_MultiModelExp_llm_rag_ollama:mixtral:8x22b_6k - INFO - Page: 0
2025-02-23 15:38:30,846 - DSM_MultiModelExp_llm_rag_ollama:mixtral:8x22b_6k - INFO - Content: high grade commercial-off-the-shelf (COTS) components for
design, development, has resulted in targeting these class
of satellites for low Earth orbit missions. With the use of
high grade COTS based t ...
2025-02-23 15:38:30,846 - DSM_MultiModelExp_llm_rag_ollama:mixtral:8x22b_6k - INFO - Raw Response:  ["Primary structure", "Secondary structure", "Payload", "Power system", "Communication system", "Attitude determination and control system"]
2025-02-23 15:38:30,847 - DSM_MultiModelExp_llm_rag_ollama:mixtral:8x22b_6k - INFO - Matrix: ['Primary structure', 'Secondary structure', 'Payload', 'Power system', 'Communication system', 'Attitude determination and control system']
2025-02-23 15:38:30,847 - DSM_MultiModelExp_llm_rag_ollama:mixtral:8x22b_6k - INFO - Components: ['Primary structure', 'Secondary structure', 'Payload', 'Power system', 'Communication system', 'Attitude determination and control system']
2025-02-23 15:38:39,536 - DSM_MultiModelExp_llm_rag_ollama:mixtral:8x22b_6k - INFO - Number of documents retrieved: 4
2025-02-23 15:38:39,537 - DSM_MultiModelExp_llm_rag_ollama:mixtral:8x22b_6k - INFO - Documents used for this query:
2025-02-23 15:38:39,538 - DSM_MultiModelExp_llm_rag_ollama:mixtral:8x22b_6k - INFO - File: ../data/use_cases_large/CubeSat/reference_pdfs/R2_combined.pdf
2025-02-23 15:38:39,539 - DSM_MultiModelExp_llm_rag_ollama:mixtral:8x22b_6k - INFO - Page: 510
2025-02-23 15:38:39,540 - DSM_MultiModelExp_llm_rag_ollama:mixtral:8x22b_6k - INFO - Content: sidered a CubeSat. Nevertheless, some of the constraints that dictate the structural
design are derived from the mission and systems requirements. For this reason, it
is important to give the CubeSat  ...
2025-02-23 15:38:39,541 - DSM_MultiModelExp_llm_rag_ollama:mixtral:8x22b_6k - INFO - File: ../data/use_cases_large/CubeSat/reference_pdfs/R2_combined.pdf
2025-02-23 15:38:39,542 - DSM_MultiModelExp_llm_rag_ollama:mixtral:8x22b_6k - INFO - Page: 527
2025-02-23 15:38:39,542 - DSM_MultiModelExp_llm_rag_ollama:mixtral:8x22b_6k - INFO - Content: 7 Conclusions
In this chapter an overview of best practices during the structural system design and
manufacturing has been presented. In particular, attention has been focused on the def-
inition of t ...
2025-02-23 15:38:39,544 - DSM_MultiModelExp_llm_rag_ollama:mixtral:8x22b_6k - INFO - File: ../data/use_cases_large/CubeSat/reference_pdfs/R2_combined.pdf
2025-02-23 15:38:39,545 - DSM_MultiModelExp_llm_rag_ollama:mixtral:8x22b_6k - INFO - Page: 510
2025-02-23 15:38:39,545 - DSM_MultiModelExp_llm_rag_ollama:mixtral:8x22b_6k - INFO - Content: Traditionally, the design of space systems makes a distinction between theprimary
structure, defined as the one that carries the major loads, and thesecondary structure,
defined as the one that suppor ...
2025-02-23 15:38:39,547 - DSM_MultiModelExp_llm_rag_ollama:mixtral:8x22b_6k - INFO - File: ../data/use_cases_large/CubeSat/reference_pdfs/R2_combined.pdf
2025-02-23 15:38:39,547 - DSM_MultiModelExp_llm_rag_ollama:mixtral:8x22b_6k - INFO - Page: 518
2025-02-23 15:38:39,548 - DSM_MultiModelExp_llm_rag_ollama:mixtral:8x22b_6k - INFO - Content: 2. first design;
3. verification of the structure characteristics in terms of total mass, respecting the CubeSat
design specifications;
4. design modifications;
5. final analysis.
The process is itera ...
2025-02-23 15:38:39,549 - DSM_MultiModelExp_llm_rag_ollama:mixtral:8x22b_6k - INFO - Raw Response:  Valid
2025-02-23 15:38:39,550 - DSM_MultiModelExp_llm_rag_ollama:mixtral:8x22b_6k - INFO - Validation response:  Valid
2025-02-23 15:38:39,551 - DSM_MultiModelExp_llm_rag_ollama:mixtral:8x22b_6k - INFO - Filtered validation response:  Valid
2025-02-23 15:38:39,552 - DSM_MultiModelExp_llm_rag_ollama:mixtral:8x22b_6k - INFO - Component list validated successfully on attempt 1
2025-02-23 15:38:39,553 - DSM_MultiModelExp_llm_rag_ollama:mixtral:8x22b_6k - INFO - Components: ['Primary structure', 'Secondary structure', 'Payload', 'Power system', 'Communication system', 'Attitude determination and control system']
2025-02-23 15:38:39,553 - DSM_MultiModelExp_llm_rag_ollama:mixtral:8x22b_6k - INFO - --------------------------------------------------
2025-02-23 15:38:39,554 - DSM_MultiModelExp_llm_rag_ollama:mixtral:8x22b_6k - INFO - Predicted Components: ['Primary structure', 'Secondary structure', 'Payload', 'Power system', 'Communication system', 'Attitude determination and control system']
2025-02-23 15:38:39,555 - DSM_MultiModelExp_llm_rag_ollama:mixtral:8x22b_6k - INFO - Number of components: 6
2025-02-23 15:38:39,556 - DSM_MultiModelExp_llm_rag_ollama:mixtral:8x22b_6k - INFO - Predicted components for query: ['Primary structure', 'Secondary structure', 'Payload', 'Power system', 'Communication system', 'Attitude determination and control system']
2025-02-23 15:38:39,557 - DSM_MultiModelExp_llm_rag_ollama:mixtral:8x22b_6k - INFO - Query: 
        Please identify system-level hierarchical whole-part relationships between the components of CubeSat (nanosatellite), as listed below, and represent them in a Design Structure Matrix (DSM) format.          
        The relationships should be articulated in plain English, capturing the essence of their interactions.         
        Here is the list of subsystems/components to analyze: ['Primary structure', 'Secondary structure', 'Payload', 'Power system', 'Communication system', 'Attitude determination and control system']         
        The DSM should clearly indicate the interactions between these components as 1 exist and 0 does not exist, considering both the presence and nature of these connections.         
        Present the output in a square matrix format (number of rows and columns MUST be the same as the number of components = 6 for this example), with rows and columns labeled accordingly.         
        Diagonal elements should be 1 in DSM matrix since each component interacts with itself.         
        If you don't know the answer, just write 2 for the specific cell that you are unsure of. A worst case scenario of the **as a list of lists** shown below (diagonal elements are 1 and unsure ones are 2). Don't make up an answer.         
        final response = [[1, 2, 2, 2, 2, 2, 2],[2, 1, 2, 2, 2, 2, 2],[2, 2, 1, 2, 2, 2, 2],[2, 2, 2, 1, 2, 2, 2],[2, 2, 2, 2, 1, 2, 2],[2, 2, 2, 2, 2, 1, 2],[2, 2, 2, 2, 2, 2, 1]] for 7 components         
        final response = [[1, 2, 2],[2, 1, 2],[2, 2, 1]] for 3 components         
        IMPORTANT: Your response must **ONLY** contain a valid **as a list of lists** in the following example format 7x7 matrix.         
        The below list of lists is just examples format of a response. **Replace** the values with your **actual analysis** while providing your response with parameter of 'final response'.        
        final response = [[1, 0, 0, 0, 0, 0, 0],[0, 1, 0, 0, 0, 0, 0],[0, 0, 1, 0, 0, 0, 0],   [0, 0, 0, 1, 0, 0, 0],[0, 0, 0, 0, 1, 0, 0],[0, 0, 0, 0, 0, 1, 0],[0, 0, 0, 0, 0, 0, 1]] for 7 components         
        final response = [[1, 0, 0],[0, 1, 0],[0, 0, 1]] for 3 components         
        IMPORTANT: THE FORMAT OF THE OUTPUT MUST BE AS LIST OF LISTS ONLY SIMILAR TO THE ONE ABOVE (NO LATEX, CODE, OR OTHER ENCODINGS).
        
2025-02-23 15:39:27,948 - DSM_MultiModelExp_llm_rag_ollama:mixtral:8x22b_6k - INFO - Number of documents retrieved: 4
2025-02-23 15:39:27,949 - DSM_MultiModelExp_llm_rag_ollama:mixtral:8x22b_6k - INFO - Documents used for this query:
2025-02-23 15:39:27,950 - DSM_MultiModelExp_llm_rag_ollama:mixtral:8x22b_6k - INFO - File: ../data/use_cases_large/CubeSat/reference_pdfs/R1_combined.pdf
2025-02-23 15:39:27,951 - DSM_MultiModelExp_llm_rag_ollama:mixtral:8x22b_6k - INFO - Page: 0
2025-02-23 15:39:27,952 - DSM_MultiModelExp_llm_rag_ollama:mixtral:8x22b_6k - INFO - Content: that then facilitate a bottom-up development and fabrication
process. Some of the design tools (e.g., N2 diagram) described
in NASAs Systems Engineering Handbook are utilized early in
the design phase ...
2025-02-23 15:39:27,953 - DSM_MultiModelExp_llm_rag_ollama:mixtral:8x22b_6k - INFO - File: ../data/use_cases_large/CubeSat/reference_pdfs/R2_combined.pdf
2025-02-23 15:39:27,954 - DSM_MultiModelExp_llm_rag_ollama:mixtral:8x22b_6k - INFO - Page: 13
2025-02-23 15:39:27,955 - DSM_MultiModelExp_llm_rag_ollama:mixtral:8x22b_6k - INFO - Content: 5 Introduction to Design Structure Matrix Methods 
of the next section). Here we begin by adopting the original DSM convention with inputs 
in rows (IR) and outputs in columns. Later we also present e ...
2025-02-23 15:39:27,956 - DSM_MultiModelExp_llm_rag_ollama:mixtral:8x22b_6k - INFO - File: ../data/use_cases_large/CubeSat/reference_pdfs/R2_combined.pdf
2025-02-23 15:39:27,957 - DSM_MultiModelExp_llm_rag_ollama:mixtral:8x22b_6k - INFO - Page: 510
2025-02-23 15:39:27,958 - DSM_MultiModelExp_llm_rag_ollama:mixtral:8x22b_6k - INFO - Content: sidered a CubeSat. Nevertheless, some of the constraints that dictate the structural
design are derived from the mission and systems requirements. For this reason, it
is important to give the CubeSat  ...
2025-02-23 15:39:27,959 - DSM_MultiModelExp_llm_rag_ollama:mixtral:8x22b_6k - INFO - File: ../data/use_cases_large/CubeSat/reference_pdfs/R2_combined.pdf
2025-02-23 15:39:27,960 - DSM_MultiModelExp_llm_rag_ollama:mixtral:8x22b_6k - INFO - Page: 527
2025-02-23 15:39:27,961 - DSM_MultiModelExp_llm_rag_ollama:mixtral:8x22b_6k - INFO - Content: 7 Conclusions
In this chapter an overview of best practices during the structural system design and
manufacturing has been presented. In particular, attention has been focused on the def-
inition of t ...
2025-02-23 15:39:27,962 - DSM_MultiModelExp_llm_rag_ollama:mixtral:8x22b_6k - INFO - Raw Response:  Based on the information provided and general knowledge about CubeSat systems, here is a possible Design Structure Matrix (DSM) for the given components:

final response = [
[1, 1, 1, 1, 1, 1],
[1, 1, 0, 1, 1, 1],
[1, 0, 1, 1, 0, 1],
[1, 1, 1, 1, 1, 1],
[1, 1, 0, 1, 1, 1],
[1, 1, 1, 1, 1, 1]
]

Explanation:
- The primary structure interacts with all other components as it provides the main support for the CubeSat.
- The secondary structure interacts with the payload, power system, and communication system but may not directly interact with the attitude determination and control system (ADCS).
- The payload interacts with the power system and communication system to send data back to Earth. It also interacts with the ADCS for proper orientation during operation.
- The power system provides energy to all other components, including the primary structure, secondary structure, payload, communication system, and ADCS.
- The communication system sends and receives signals from Earth and may interact with the ADCS for antenna pointing.
- The attitude determination and control system interacts with the payload and communication system for proper orientation during operation. It also interacts with the power system to manage its energy consumption.
2025-02-23 15:39:27,963 - DSM_MultiModelExp_llm_rag_ollama:mixtral:8x22b_6k - INFO - Response:  Based on the information provided and general knowledge about CubeSat systems, here is a possible Design Structure Matrix (DSM) for the given components:

final response = [
[1, 1, 1, 1, 1, 1],
[1, 1, 0, 1, 1, 1],
[1, 0, 1, 1, 0, 1],
[1, 1, 1, 1, 1, 1],
[1, 1, 0, 1, 1, 1],
[1, 1, 1, 1, 1, 1]
]

Explanation:
- The primary structure interacts with all other components as it provides the main support for the CubeSat.
- The secondary structure interacts with the payload, power system, and communication system but may not directly interact with the attitude determination and control system (ADCS).
- The payload interacts with the power system and communication system to send data back to Earth. It also interacts with the ADCS for proper orientation during operation.
- The power system provides energy to all other components, including the primary structure, secondary structure, payload, communication system, and ADCS.
- The communication system sends and receives signals from Earth and may interact with the ADCS for antenna pointing.
- The attitude determination and control system interacts with the payload and communication system for proper orientation during operation. It also interacts with the power system to manage its energy consumption.
2025-02-23 15:39:27,963 - DSM_MultiModelExp_llm_rag_ollama:mixtral:8x22b_6k - INFO - Matrix: [[1, 1, 1, 1, 1, 1], [1, 1, 0, 1, 1, 1], [1, 0, 1, 1, 0, 1], [1, 1, 1, 1, 1, 1], [1, 1, 0, 1, 1, 1], [1, 1, 1, 1, 1, 1]]
2025-02-23 15:39:27,964 - DSM_MultiModelExp_llm_rag_ollama:mixtral:8x22b_6k - INFO - Final Matrix:
[[1, 1, 1, 1, 1, 1], [1, 1, 0, 1, 1, 1], [1, 0, 1, 1, 0, 1], [1, 1, 1, 1, 1, 1], [1, 1, 0, 1, 1, 1], [1, 1, 1, 1, 1, 1]]
2025-02-23 15:39:27,966 - DSM_MultiModelExp_llm_rag_ollama:mixtral:8x22b_6k - INFO - --------------------------------------------------
2025-02-23 15:39:27,966 - DSM_MultiModelExp_llm_rag_ollama:mixtral:8x22b_6k - INFO - Matrix from response.
2025-02-23 15:39:27,967 - DSM_MultiModelExp_llm_rag_ollama:mixtral:8x22b_6k - INFO - At run 1/5
2025-02-23 15:39:27,968 - DSM_MultiModelExp_llm_rag_ollama:mixtral:8x22b_6k - INFO - Matrix: [[1, 1, 1, 1, 1, 1], [1, 1, 0, 1, 1, 1], [1, 0, 1, 1, 0, 1], [1, 1, 1, 1, 1, 1], [1, 1, 0, 1, 1, 1], [1, 1, 1, 1, 1, 1]]
2025-02-23 15:39:27,969 - DSM_MultiModelExp_llm_rag_ollama:mixtral:8x22b_6k - INFO - --------------------------------------------------
2025-02-23 15:39:37,980 - DSM_MultiModelExp_llm_rag_ollama:mixtral:8x22b_6k - INFO - Run 2/5
2025-02-23 15:39:38,015 - DSM_MultiModelExp_llm_rag_ollama:mixtral:8x22b_6k - INFO - DEBUG: Initializing RAGInference.
2025-02-23 15:39:38,016 - DSM_MultiModelExp_llm_rag_ollama:mixtral:8x22b_6k - INFO - Using R-type: ['R1', 'R2', 'R3']
2025-02-23 15:39:38,017 - DSM_MultiModelExp_llm_rag_ollama:mixtral:8x22b_6k - INFO - Using embedding model: text-embedding-3-small
2025-02-23 15:39:38,050 - DSM_MultiModelExp_llm_rag_ollama:mixtral:8x22b_6k - INFO - VectorStoreManager initialized
2025-02-23 15:39:38,051 - DSM_MultiModelExp_llm_rag_ollama:mixtral:8x22b_6k - INFO - Set database path to: xLM_DSM/data/vectorstore/CubeSat/llm_rag/text-embedding-3-small
2025-02-23 15:39:38,059 - DSM_MultiModelExp_llm_rag_ollama:mixtral:8x22b_6k - INFO - Collection count: 2320
2025-02-23 15:39:38,063 - DSM_MultiModelExp_llm_rag_ollama:mixtral:8x22b_6k - INFO - Initialized RAG inference for system: CubeSat (nanosatellite)
2025-02-23 15:39:38,063 - DSM_MultiModelExp_llm_rag_ollama:mixtral:8x22b_6k - INFO - Initialized DSM for system: CubeSat (nanosatellite)
2025-02-23 15:39:38,064 - DSM_MultiModelExp_llm_rag_ollama:mixtral:8x22b_6k - INFO - Inference model: ollama:mixtral:8x22b_6k
2025-02-23 15:39:38,064 - DSM_MultiModelExp_llm_rag_ollama:mixtral:8x22b_6k - INFO - Predicted Components: ['Primary structure', 'Secondary structure', 'Payload', 'Power system', 'Communication system', 'Attitude determination and control system']
2025-02-23 15:39:38,065 - DSM_MultiModelExp_llm_rag_ollama:mixtral:8x22b_6k - INFO - Number of components: 6
2025-02-23 15:39:38,066 - DSM_MultiModelExp_llm_rag_ollama:mixtral:8x22b_6k - INFO - Predicted components for query: ['Primary structure', 'Secondary structure', 'Payload', 'Power system', 'Communication system', 'Attitude determination and control system']
2025-02-23 15:39:38,067 - DSM_MultiModelExp_llm_rag_ollama:mixtral:8x22b_6k - INFO - Query: 
        Please identify system-level hierarchical whole-part relationships between the components of CubeSat (nanosatellite), as listed below, and represent them in a Design Structure Matrix (DSM) format.          
        The relationships should be articulated in plain English, capturing the essence of their interactions.         
        Here is the list of subsystems/components to analyze: ['Primary structure', 'Secondary structure', 'Payload', 'Power system', 'Communication system', 'Attitude determination and control system']         
        The DSM should clearly indicate the interactions between these components as 1 exist and 0 does not exist, considering both the presence and nature of these connections.         
        Present the output in a square matrix format (number of rows and columns MUST be the same as the number of components = 6 for this example), with rows and columns labeled accordingly.         
        Diagonal elements should be 1 in DSM matrix since each component interacts with itself.         
        If you don't know the answer, just write 2 for the specific cell that you are unsure of. A worst case scenario of the **as a list of lists** shown below (diagonal elements are 1 and unsure ones are 2). Don't make up an answer.         
        final response = [[1, 2, 2, 2, 2, 2, 2],[2, 1, 2, 2, 2, 2, 2],[2, 2, 1, 2, 2, 2, 2],[2, 2, 2, 1, 2, 2, 2],[2, 2, 2, 2, 1, 2, 2],[2, 2, 2, 2, 2, 1, 2],[2, 2, 2, 2, 2, 2, 1]] for 7 components         
        final response = [[1, 2, 2],[2, 1, 2],[2, 2, 1]] for 3 components         
        IMPORTANT: Your response must **ONLY** contain a valid **as a list of lists** in the following example format 7x7 matrix.         
        The below list of lists is just examples format of a response. **Replace** the values with your **actual analysis** while providing your response with parameter of 'final response'.        
        final response = [[1, 0, 0, 0, 0, 0, 0],[0, 1, 0, 0, 0, 0, 0],[0, 0, 1, 0, 0, 0, 0],   [0, 0, 0, 1, 0, 0, 0],[0, 0, 0, 0, 1, 0, 0],[0, 0, 0, 0, 0, 1, 0],[0, 0, 0, 0, 0, 0, 1]] for 7 components         
        final response = [[1, 0, 0],[0, 1, 0],[0, 0, 1]] for 3 components         
        IMPORTANT: THE FORMAT OF THE OUTPUT MUST BE AS LIST OF LISTS ONLY SIMILAR TO THE ONE ABOVE (NO LATEX, CODE, OR OTHER ENCODINGS).
        
2025-02-23 15:40:14,880 - DSM_MultiModelExp_llm_rag_ollama:mixtral:8x22b_6k - INFO - Number of documents retrieved: 4
2025-02-23 15:40:14,881 - DSM_MultiModelExp_llm_rag_ollama:mixtral:8x22b_6k - INFO - Documents used for this query:
2025-02-23 15:40:14,882 - DSM_MultiModelExp_llm_rag_ollama:mixtral:8x22b_6k - INFO - File: ../data/use_cases_large/CubeSat/reference_pdfs/R1_combined.pdf
2025-02-23 15:40:14,883 - DSM_MultiModelExp_llm_rag_ollama:mixtral:8x22b_6k - INFO - Page: 0
2025-02-23 15:40:14,884 - DSM_MultiModelExp_llm_rag_ollama:mixtral:8x22b_6k - INFO - Content: that then facilitate a bottom-up development and fabrication
process. Some of the design tools (e.g., N2 diagram) described
in NASAs Systems Engineering Handbook are utilized early in
the design phase ...
2025-02-23 15:40:14,885 - DSM_MultiModelExp_llm_rag_ollama:mixtral:8x22b_6k - INFO - File: ../data/use_cases_large/CubeSat/reference_pdfs/R2_combined.pdf
2025-02-23 15:40:14,885 - DSM_MultiModelExp_llm_rag_ollama:mixtral:8x22b_6k - INFO - Page: 13
2025-02-23 15:40:14,886 - DSM_MultiModelExp_llm_rag_ollama:mixtral:8x22b_6k - INFO - Content: 5 Introduction to Design Structure Matrix Methods 
of the next section). Here we begin by adopting the original DSM convention with inputs 
in rows (IR) and outputs in columns. Later we also present e ...
2025-02-23 15:40:14,887 - DSM_MultiModelExp_llm_rag_ollama:mixtral:8x22b_6k - INFO - File: ../data/use_cases_large/CubeSat/reference_pdfs/R2_combined.pdf
2025-02-23 15:40:14,888 - DSM_MultiModelExp_llm_rag_ollama:mixtral:8x22b_6k - INFO - Page: 510
2025-02-23 15:40:14,888 - DSM_MultiModelExp_llm_rag_ollama:mixtral:8x22b_6k - INFO - Content: sidered a CubeSat. Nevertheless, some of the constraints that dictate the structural
design are derived from the mission and systems requirements. For this reason, it
is important to give the CubeSat  ...
2025-02-23 15:40:14,889 - DSM_MultiModelExp_llm_rag_ollama:mixtral:8x22b_6k - INFO - File: ../data/use_cases_large/CubeSat/reference_pdfs/R2_combined.pdf
2025-02-23 15:40:14,890 - DSM_MultiModelExp_llm_rag_ollama:mixtral:8x22b_6k - INFO - Page: 527
2025-02-23 15:40:14,890 - DSM_MultiModelExp_llm_rag_ollama:mixtral:8x22b_6k - INFO - Content: 7 Conclusions
In this chapter an overview of best practices during the structural system design and
manufacturing has been presented. In particular, attention has been focused on the def-
inition of t ...
2025-02-23 15:40:14,891 - DSM_MultiModelExp_llm_rag_ollama:mixtral:8x22b_6k - INFO - Raw Response:  Based on the information provided and general knowledge of CubeSat systems, here is a possible Design Structure Matrix (DSM) for the components:

final response = [[1, 1, 1, 1, 1, 1], [1, 1, 0, 1, 1, 1], [1, 0, 1, 1, 0, 1], [1, 1, 1, 1, 1, 1], [1, 1, 0, 1, 1, 1], [1, 1, 1, 1, 1, 1]]

Here's how the interactions are interpreted:

- The primary structure interacts with all other components as it provides the main framework for the CubeSat.
- The secondary structure interacts with the payload, power system, communication system, and attitude determination and control system (ADCS) but not directly with the primary structure or ADCS.
- The payload interacts with the primary structure, power system, and communication system but not directly with the secondary structure or ADCS.
- The power system interacts with all other components as it provides energy for their operation.
- The communication system interacts with the primary structure, payload, power system, and ADCS but not directly with the secondary structure.
- The attitude determination and control system (ADCS) interacts with the primary structure, power system, and communication system but not directly with the payload or secondary structure.
2025-02-23 15:40:14,891 - DSM_MultiModelExp_llm_rag_ollama:mixtral:8x22b_6k - INFO - Response:  Based on the information provided and general knowledge of CubeSat systems, here is a possible Design Structure Matrix (DSM) for the components:

final response = [[1, 1, 1, 1, 1, 1], [1, 1, 0, 1, 1, 1], [1, 0, 1, 1, 0, 1], [1, 1, 1, 1, 1, 1], [1, 1, 0, 1, 1, 1], [1, 1, 1, 1, 1, 1]]

Here's how the interactions are interpreted:

- The primary structure interacts with all other components as it provides the main framework for the CubeSat.
- The secondary structure interacts with the payload, power system, communication system, and attitude determination and control system (ADCS) but not directly with the primary structure or ADCS.
- The payload interacts with the primary structure, power system, and communication system but not directly with the secondary structure or ADCS.
- The power system interacts with all other components as it provides energy for their operation.
- The communication system interacts with the primary structure, payload, power system, and ADCS but not directly with the secondary structure.
- The attitude determination and control system (ADCS) interacts with the primary structure, power system, and communication system but not directly with the payload or secondary structure.
2025-02-23 15:40:14,893 - DSM_MultiModelExp_llm_rag_ollama:mixtral:8x22b_6k - INFO - Matrix: [[1, 1, 1, 1, 1, 1], [1, 1, 0, 1, 1, 1], [1, 0, 1, 1, 0, 1], [1, 1, 1, 1, 1, 1], [1, 1, 0, 1, 1, 1], [1, 1, 1, 1, 1, 1]]
2025-02-23 15:40:14,894 - DSM_MultiModelExp_llm_rag_ollama:mixtral:8x22b_6k - INFO - Final Matrix:
[[1, 1, 1, 1, 1, 1], [1, 1, 0, 1, 1, 1], [1, 0, 1, 1, 0, 1], [1, 1, 1, 1, 1, 1], [1, 1, 0, 1, 1, 1], [1, 1, 1, 1, 1, 1]]
2025-02-23 15:40:14,894 - DSM_MultiModelExp_llm_rag_ollama:mixtral:8x22b_6k - INFO - --------------------------------------------------
2025-02-23 15:40:14,895 - DSM_MultiModelExp_llm_rag_ollama:mixtral:8x22b_6k - INFO - Matrix from response.
2025-02-23 15:40:14,895 - DSM_MultiModelExp_llm_rag_ollama:mixtral:8x22b_6k - INFO - At run 2/5
2025-02-23 15:40:14,896 - DSM_MultiModelExp_llm_rag_ollama:mixtral:8x22b_6k - INFO - Matrix: [[1, 1, 1, 1, 1, 1], [1, 1, 0, 1, 1, 1], [1, 0, 1, 1, 0, 1], [1, 1, 1, 1, 1, 1], [1, 1, 0, 1, 1, 1], [1, 1, 1, 1, 1, 1]]
2025-02-23 15:40:14,897 - DSM_MultiModelExp_llm_rag_ollama:mixtral:8x22b_6k - INFO - --------------------------------------------------
2025-02-23 15:40:24,907 - DSM_MultiModelExp_llm_rag_ollama:mixtral:8x22b_6k - INFO - Run 3/5
2025-02-23 15:40:24,942 - DSM_MultiModelExp_llm_rag_ollama:mixtral:8x22b_6k - INFO - DEBUG: Initializing RAGInference.
2025-02-23 15:40:24,943 - DSM_MultiModelExp_llm_rag_ollama:mixtral:8x22b_6k - INFO - Using R-type: ['R1', 'R2', 'R3']
2025-02-23 15:40:24,944 - DSM_MultiModelExp_llm_rag_ollama:mixtral:8x22b_6k - INFO - Using embedding model: text-embedding-3-small
2025-02-23 15:40:24,978 - DSM_MultiModelExp_llm_rag_ollama:mixtral:8x22b_6k - INFO - VectorStoreManager initialized
2025-02-23 15:40:24,979 - DSM_MultiModelExp_llm_rag_ollama:mixtral:8x22b_6k - INFO - Set database path to: xLM_DSM/data/vectorstore/CubeSat/llm_rag/text-embedding-3-small
2025-02-23 15:40:24,987 - DSM_MultiModelExp_llm_rag_ollama:mixtral:8x22b_6k - INFO - Collection count: 2320
2025-02-23 15:40:24,990 - DSM_MultiModelExp_llm_rag_ollama:mixtral:8x22b_6k - INFO - Initialized RAG inference for system: CubeSat (nanosatellite)
2025-02-23 15:40:24,991 - DSM_MultiModelExp_llm_rag_ollama:mixtral:8x22b_6k - INFO - Initialized DSM for system: CubeSat (nanosatellite)
2025-02-23 15:40:24,992 - DSM_MultiModelExp_llm_rag_ollama:mixtral:8x22b_6k - INFO - Inference model: ollama:mixtral:8x22b_6k
2025-02-23 15:40:24,993 - DSM_MultiModelExp_llm_rag_ollama:mixtral:8x22b_6k - INFO - Predicted Components: ['Primary structure', 'Secondary structure', 'Payload', 'Power system', 'Communication system', 'Attitude determination and control system']
2025-02-23 15:40:24,993 - DSM_MultiModelExp_llm_rag_ollama:mixtral:8x22b_6k - INFO - Number of components: 6
2025-02-23 15:40:24,994 - DSM_MultiModelExp_llm_rag_ollama:mixtral:8x22b_6k - INFO - Predicted components for query: ['Primary structure', 'Secondary structure', 'Payload', 'Power system', 'Communication system', 'Attitude determination and control system']
2025-02-23 15:40:24,995 - DSM_MultiModelExp_llm_rag_ollama:mixtral:8x22b_6k - INFO - Query: 
        Please identify system-level hierarchical whole-part relationships between the components of CubeSat (nanosatellite), as listed below, and represent them in a Design Structure Matrix (DSM) format.          
        The relationships should be articulated in plain English, capturing the essence of their interactions.         
        Here is the list of subsystems/components to analyze: ['Primary structure', 'Secondary structure', 'Payload', 'Power system', 'Communication system', 'Attitude determination and control system']         
        The DSM should clearly indicate the interactions between these components as 1 exist and 0 does not exist, considering both the presence and nature of these connections.         
        Present the output in a square matrix format (number of rows and columns MUST be the same as the number of components = 6 for this example), with rows and columns labeled accordingly.         
        Diagonal elements should be 1 in DSM matrix since each component interacts with itself.         
        If you don't know the answer, just write 2 for the specific cell that you are unsure of. A worst case scenario of the **as a list of lists** shown below (diagonal elements are 1 and unsure ones are 2). Don't make up an answer.         
        final response = [[1, 2, 2, 2, 2, 2, 2],[2, 1, 2, 2, 2, 2, 2],[2, 2, 1, 2, 2, 2, 2],[2, 2, 2, 1, 2, 2, 2],[2, 2, 2, 2, 1, 2, 2],[2, 2, 2, 2, 2, 1, 2],[2, 2, 2, 2, 2, 2, 1]] for 7 components         
        final response = [[1, 2, 2],[2, 1, 2],[2, 2, 1]] for 3 components         
        IMPORTANT: Your response must **ONLY** contain a valid **as a list of lists** in the following example format 7x7 matrix.         
        The below list of lists is just examples format of a response. **Replace** the values with your **actual analysis** while providing your response with parameter of 'final response'.        
        final response = [[1, 0, 0, 0, 0, 0, 0],[0, 1, 0, 0, 0, 0, 0],[0, 0, 1, 0, 0, 0, 0],   [0, 0, 0, 1, 0, 0, 0],[0, 0, 0, 0, 1, 0, 0],[0, 0, 0, 0, 0, 1, 0],[0, 0, 0, 0, 0, 0, 1]] for 7 components         
        final response = [[1, 0, 0],[0, 1, 0],[0, 0, 1]] for 3 components         
        IMPORTANT: THE FORMAT OF THE OUTPUT MUST BE AS LIST OF LISTS ONLY SIMILAR TO THE ONE ABOVE (NO LATEX, CODE, OR OTHER ENCODINGS).
        
2025-02-23 15:41:02,325 - DSM_MultiModelExp_llm_rag_ollama:mixtral:8x22b_6k - INFO - Number of documents retrieved: 4
2025-02-23 15:41:02,326 - DSM_MultiModelExp_llm_rag_ollama:mixtral:8x22b_6k - INFO - Documents used for this query:
2025-02-23 15:41:02,327 - DSM_MultiModelExp_llm_rag_ollama:mixtral:8x22b_6k - INFO - File: ../data/use_cases_large/CubeSat/reference_pdfs/R1_combined.pdf
2025-02-23 15:41:02,328 - DSM_MultiModelExp_llm_rag_ollama:mixtral:8x22b_6k - INFO - Page: 0
2025-02-23 15:41:02,329 - DSM_MultiModelExp_llm_rag_ollama:mixtral:8x22b_6k - INFO - Content: that then facilitate a bottom-up development and fabrication
process. Some of the design tools (e.g., N2 diagram) described
in NASAs Systems Engineering Handbook are utilized early in
the design phase ...
2025-02-23 15:41:02,330 - DSM_MultiModelExp_llm_rag_ollama:mixtral:8x22b_6k - INFO - File: ../data/use_cases_large/CubeSat/reference_pdfs/R2_combined.pdf
2025-02-23 15:41:02,331 - DSM_MultiModelExp_llm_rag_ollama:mixtral:8x22b_6k - INFO - Page: 13
2025-02-23 15:41:02,332 - DSM_MultiModelExp_llm_rag_ollama:mixtral:8x22b_6k - INFO - Content: 5 Introduction to Design Structure Matrix Methods 
of the next section). Here we begin by adopting the original DSM convention with inputs 
in rows (IR) and outputs in columns. Later we also present e ...
2025-02-23 15:41:02,333 - DSM_MultiModelExp_llm_rag_ollama:mixtral:8x22b_6k - INFO - File: ../data/use_cases_large/CubeSat/reference_pdfs/R2_combined.pdf
2025-02-23 15:41:02,334 - DSM_MultiModelExp_llm_rag_ollama:mixtral:8x22b_6k - INFO - Page: 510
2025-02-23 15:41:02,334 - DSM_MultiModelExp_llm_rag_ollama:mixtral:8x22b_6k - INFO - Content: sidered a CubeSat. Nevertheless, some of the constraints that dictate the structural
design are derived from the mission and systems requirements. For this reason, it
is important to give the CubeSat  ...
2025-02-23 15:41:02,336 - DSM_MultiModelExp_llm_rag_ollama:mixtral:8x22b_6k - INFO - File: ../data/use_cases_large/CubeSat/reference_pdfs/R2_combined.pdf
2025-02-23 15:41:02,336 - DSM_MultiModelExp_llm_rag_ollama:mixtral:8x22b_6k - INFO - Page: 527
2025-02-23 15:41:02,337 - DSM_MultiModelExp_llm_rag_ollama:mixtral:8x22b_6k - INFO - Content: 7 Conclusions
In this chapter an overview of best practices during the structural system design and
manufacturing has been presented. In particular, attention has been focused on the def-
inition of t ...
2025-02-23 15:41:02,338 - DSM_MultiModelExp_llm_rag_ollama:mixtral:8x22b_6k - INFO - Raw Response:  Based on the information provided and general knowledge of CubeSat systems, here is a possible Design Structure Matrix (DSM) for the components:

final response = [[1, 1, 1, 1, 1, 1], [1, 1, 0, 1, 1, 1], [1, 0, 1, 1, 0, 1], [1, 1, 1, 1, 1, 1], [1, 1, 0, 1, 1, 1], [1, 1, 1, 1, 1, 1]]

Here's how the interactions are interpreted:

- The primary structure interacts with all other components as it provides the main framework for the CubeSat.
- The secondary structure interacts with the payload, power system, communication system, and attitude determination and control system (ADCS) but not directly with the primary structure or ADCS.
- The payload interacts with the primary structure, power system, and communication system but not directly with the secondary structure or ADCS.
- The power system interacts with all other components as it provides energy for their operation.
- The communication system interacts with the primary structure, payload, power system, and ADCS but not directly with the secondary structure.
- The attitude determination and control system (ADCS) interacts with the primary structure, power system, and communication system but not directly with the payload or secondary structure.
2025-02-23 15:41:02,339 - DSM_MultiModelExp_llm_rag_ollama:mixtral:8x22b_6k - INFO - Response:  Based on the information provided and general knowledge of CubeSat systems, here is a possible Design Structure Matrix (DSM) for the components:

final response = [[1, 1, 1, 1, 1, 1], [1, 1, 0, 1, 1, 1], [1, 0, 1, 1, 0, 1], [1, 1, 1, 1, 1, 1], [1, 1, 0, 1, 1, 1], [1, 1, 1, 1, 1, 1]]

Here's how the interactions are interpreted:

- The primary structure interacts with all other components as it provides the main framework for the CubeSat.
- The secondary structure interacts with the payload, power system, communication system, and attitude determination and control system (ADCS) but not directly with the primary structure or ADCS.
- The payload interacts with the primary structure, power system, and communication system but not directly with the secondary structure or ADCS.
- The power system interacts with all other components as it provides energy for their operation.
- The communication system interacts with the primary structure, payload, power system, and ADCS but not directly with the secondary structure.
- The attitude determination and control system (ADCS) interacts with the primary structure, power system, and communication system but not directly with the payload or secondary structure.
2025-02-23 15:41:02,340 - DSM_MultiModelExp_llm_rag_ollama:mixtral:8x22b_6k - INFO - Matrix: [[1, 1, 1, 1, 1, 1], [1, 1, 0, 1, 1, 1], [1, 0, 1, 1, 0, 1], [1, 1, 1, 1, 1, 1], [1, 1, 0, 1, 1, 1], [1, 1, 1, 1, 1, 1]]
2025-02-23 15:41:02,341 - DSM_MultiModelExp_llm_rag_ollama:mixtral:8x22b_6k - INFO - Final Matrix:
[[1, 1, 1, 1, 1, 1], [1, 1, 0, 1, 1, 1], [1, 0, 1, 1, 0, 1], [1, 1, 1, 1, 1, 1], [1, 1, 0, 1, 1, 1], [1, 1, 1, 1, 1, 1]]
2025-02-23 15:41:02,342 - DSM_MultiModelExp_llm_rag_ollama:mixtral:8x22b_6k - INFO - --------------------------------------------------
2025-02-23 15:41:02,343 - DSM_MultiModelExp_llm_rag_ollama:mixtral:8x22b_6k - INFO - Matrix from response.
2025-02-23 15:41:02,343 - DSM_MultiModelExp_llm_rag_ollama:mixtral:8x22b_6k - INFO - At run 3/5
2025-02-23 15:41:02,344 - DSM_MultiModelExp_llm_rag_ollama:mixtral:8x22b_6k - INFO - Matrix: [[1, 1, 1, 1, 1, 1], [1, 1, 0, 1, 1, 1], [1, 0, 1, 1, 0, 1], [1, 1, 1, 1, 1, 1], [1, 1, 0, 1, 1, 1], [1, 1, 1, 1, 1, 1]]
2025-02-23 15:41:02,345 - DSM_MultiModelExp_llm_rag_ollama:mixtral:8x22b_6k - INFO - --------------------------------------------------
2025-02-23 15:41:12,356 - DSM_MultiModelExp_llm_rag_ollama:mixtral:8x22b_6k - INFO - Run 4/5
2025-02-23 15:41:12,392 - DSM_MultiModelExp_llm_rag_ollama:mixtral:8x22b_6k - INFO - DEBUG: Initializing RAGInference.
2025-02-23 15:41:12,394 - DSM_MultiModelExp_llm_rag_ollama:mixtral:8x22b_6k - INFO - Using R-type: ['R1', 'R2', 'R3']
2025-02-23 15:41:12,394 - DSM_MultiModelExp_llm_rag_ollama:mixtral:8x22b_6k - INFO - Using embedding model: text-embedding-3-small
2025-02-23 15:41:12,428 - DSM_MultiModelExp_llm_rag_ollama:mixtral:8x22b_6k - INFO - VectorStoreManager initialized
2025-02-23 15:41:12,429 - DSM_MultiModelExp_llm_rag_ollama:mixtral:8x22b_6k - INFO - Set database path to: xLM_DSM/data/vectorstore/CubeSat/llm_rag/text-embedding-3-small
2025-02-23 15:41:12,437 - DSM_MultiModelExp_llm_rag_ollama:mixtral:8x22b_6k - INFO - Collection count: 2320
2025-02-23 15:41:12,440 - DSM_MultiModelExp_llm_rag_ollama:mixtral:8x22b_6k - INFO - Initialized RAG inference for system: CubeSat (nanosatellite)
2025-02-23 15:41:12,440 - DSM_MultiModelExp_llm_rag_ollama:mixtral:8x22b_6k - INFO - Initialized DSM for system: CubeSat (nanosatellite)
2025-02-23 15:41:12,441 - DSM_MultiModelExp_llm_rag_ollama:mixtral:8x22b_6k - INFO - Inference model: ollama:mixtral:8x22b_6k
2025-02-23 15:41:12,441 - DSM_MultiModelExp_llm_rag_ollama:mixtral:8x22b_6k - INFO - Predicted Components: ['Primary structure', 'Secondary structure', 'Payload', 'Power system', 'Communication system', 'Attitude determination and control system']
2025-02-23 15:41:12,442 - DSM_MultiModelExp_llm_rag_ollama:mixtral:8x22b_6k - INFO - Number of components: 6
2025-02-23 15:41:12,443 - DSM_MultiModelExp_llm_rag_ollama:mixtral:8x22b_6k - INFO - Predicted components for query: ['Primary structure', 'Secondary structure', 'Payload', 'Power system', 'Communication system', 'Attitude determination and control system']
2025-02-23 15:41:12,443 - DSM_MultiModelExp_llm_rag_ollama:mixtral:8x22b_6k - INFO - Query: 
        Please identify system-level hierarchical whole-part relationships between the components of CubeSat (nanosatellite), as listed below, and represent them in a Design Structure Matrix (DSM) format.          
        The relationships should be articulated in plain English, capturing the essence of their interactions.         
        Here is the list of subsystems/components to analyze: ['Primary structure', 'Secondary structure', 'Payload', 'Power system', 'Communication system', 'Attitude determination and control system']         
        The DSM should clearly indicate the interactions between these components as 1 exist and 0 does not exist, considering both the presence and nature of these connections.         
        Present the output in a square matrix format (number of rows and columns MUST be the same as the number of components = 6 for this example), with rows and columns labeled accordingly.         
        Diagonal elements should be 1 in DSM matrix since each component interacts with itself.         
        If you don't know the answer, just write 2 for the specific cell that you are unsure of. A worst case scenario of the **as a list of lists** shown below (diagonal elements are 1 and unsure ones are 2). Don't make up an answer.         
        final response = [[1, 2, 2, 2, 2, 2, 2],[2, 1, 2, 2, 2, 2, 2],[2, 2, 1, 2, 2, 2, 2],[2, 2, 2, 1, 2, 2, 2],[2, 2, 2, 2, 1, 2, 2],[2, 2, 2, 2, 2, 1, 2],[2, 2, 2, 2, 2, 2, 1]] for 7 components         
        final response = [[1, 2, 2],[2, 1, 2],[2, 2, 1]] for 3 components         
        IMPORTANT: Your response must **ONLY** contain a valid **as a list of lists** in the following example format 7x7 matrix.         
        The below list of lists is just examples format of a response. **Replace** the values with your **actual analysis** while providing your response with parameter of 'final response'.        
        final response = [[1, 0, 0, 0, 0, 0, 0],[0, 1, 0, 0, 0, 0, 0],[0, 0, 1, 0, 0, 0, 0],   [0, 0, 0, 1, 0, 0, 0],[0, 0, 0, 0, 1, 0, 0],[0, 0, 0, 0, 0, 1, 0],[0, 0, 0, 0, 0, 0, 1]] for 7 components         
        final response = [[1, 0, 0],[0, 1, 0],[0, 0, 1]] for 3 components         
        IMPORTANT: THE FORMAT OF THE OUTPUT MUST BE AS LIST OF LISTS ONLY SIMILAR TO THE ONE ABOVE (NO LATEX, CODE, OR OTHER ENCODINGS).
        
2025-02-23 15:41:49,917 - DSM_MultiModelExp_llm_rag_ollama:mixtral:8x22b_6k - INFO - Number of documents retrieved: 4
2025-02-23 15:41:49,918 - DSM_MultiModelExp_llm_rag_ollama:mixtral:8x22b_6k - INFO - Documents used for this query:
2025-02-23 15:41:49,918 - DSM_MultiModelExp_llm_rag_ollama:mixtral:8x22b_6k - INFO - File: ../data/use_cases_large/CubeSat/reference_pdfs/R1_combined.pdf
2025-02-23 15:41:49,919 - DSM_MultiModelExp_llm_rag_ollama:mixtral:8x22b_6k - INFO - Page: 0
2025-02-23 15:41:49,919 - DSM_MultiModelExp_llm_rag_ollama:mixtral:8x22b_6k - INFO - Content: that then facilitate a bottom-up development and fabrication
process. Some of the design tools (e.g., N2 diagram) described
in NASAs Systems Engineering Handbook are utilized early in
the design phase ...
2025-02-23 15:41:49,920 - DSM_MultiModelExp_llm_rag_ollama:mixtral:8x22b_6k - INFO - File: ../data/use_cases_large/CubeSat/reference_pdfs/R2_combined.pdf
2025-02-23 15:41:49,921 - DSM_MultiModelExp_llm_rag_ollama:mixtral:8x22b_6k - INFO - Page: 13
2025-02-23 15:41:49,922 - DSM_MultiModelExp_llm_rag_ollama:mixtral:8x22b_6k - INFO - Content: 5 Introduction to Design Structure Matrix Methods 
of the next section). Here we begin by adopting the original DSM convention with inputs 
in rows (IR) and outputs in columns. Later we also present e ...
2025-02-23 15:41:49,923 - DSM_MultiModelExp_llm_rag_ollama:mixtral:8x22b_6k - INFO - File: ../data/use_cases_large/CubeSat/reference_pdfs/R2_combined.pdf
2025-02-23 15:41:49,923 - DSM_MultiModelExp_llm_rag_ollama:mixtral:8x22b_6k - INFO - Page: 510
2025-02-23 15:41:49,924 - DSM_MultiModelExp_llm_rag_ollama:mixtral:8x22b_6k - INFO - Content: sidered a CubeSat. Nevertheless, some of the constraints that dictate the structural
design are derived from the mission and systems requirements. For this reason, it
is important to give the CubeSat  ...
2025-02-23 15:41:49,925 - DSM_MultiModelExp_llm_rag_ollama:mixtral:8x22b_6k - INFO - File: ../data/use_cases_large/CubeSat/reference_pdfs/R2_combined.pdf
2025-02-23 15:41:49,926 - DSM_MultiModelExp_llm_rag_ollama:mixtral:8x22b_6k - INFO - Page: 527
2025-02-23 15:41:49,926 - DSM_MultiModelExp_llm_rag_ollama:mixtral:8x22b_6k - INFO - Content: 7 Conclusions
In this chapter an overview of best practices during the structural system design and
manufacturing has been presented. In particular, attention has been focused on the def-
inition of t ...
2025-02-23 15:41:49,927 - DSM_MultiModelExp_llm_rag_ollama:mixtral:8x22b_6k - INFO - Raw Response:  Based on the information provided and general knowledge of CubeSat systems, here is a possible Design Structure Matrix (DSM) for the components:

final response = [[1, 1, 1, 1, 1, 1], [1, 1, 0, 1, 1, 1], [1, 0, 1, 1, 0, 1], [1, 1, 1, 1, 1, 1], [1, 1, 0, 1, 1, 1], [1, 1, 1, 1, 1, 1]]

Here's how the interactions are interpreted:

- The primary structure interacts with all other components as it provides the main framework for the CubeSat.
- The secondary structure interacts with the payload, power system, communication system, and attitude determination and control system (ADCS) but not directly with the primary structure or ADCS.
- The payload interacts with the primary structure, power system, and communication system but not directly with the secondary structure or ADCS.
- The power system interacts with all other components as it provides energy for their operation.
- The communication system interacts with the primary structure, payload, power system, and ADCS but not directly with the secondary structure.
- The attitude determination and control system (ADCS) interacts with the primary structure, power system, and communication system but not directly with the payload or secondary structure.
2025-02-23 15:41:49,928 - DSM_MultiModelExp_llm_rag_ollama:mixtral:8x22b_6k - INFO - Response:  Based on the information provided and general knowledge of CubeSat systems, here is a possible Design Structure Matrix (DSM) for the components:

final response = [[1, 1, 1, 1, 1, 1], [1, 1, 0, 1, 1, 1], [1, 0, 1, 1, 0, 1], [1, 1, 1, 1, 1, 1], [1, 1, 0, 1, 1, 1], [1, 1, 1, 1, 1, 1]]

Here's how the interactions are interpreted:

- The primary structure interacts with all other components as it provides the main framework for the CubeSat.
- The secondary structure interacts with the payload, power system, communication system, and attitude determination and control system (ADCS) but not directly with the primary structure or ADCS.
- The payload interacts with the primary structure, power system, and communication system but not directly with the secondary structure or ADCS.
- The power system interacts with all other components as it provides energy for their operation.
- The communication system interacts with the primary structure, payload, power system, and ADCS but not directly with the secondary structure.
- The attitude determination and control system (ADCS) interacts with the primary structure, power system, and communication system but not directly with the payload or secondary structure.
2025-02-23 15:41:49,932 - DSM_MultiModelExp_llm_rag_ollama:mixtral:8x22b_6k - INFO - Matrix: [[1, 1, 1, 1, 1, 1], [1, 1, 0, 1, 1, 1], [1, 0, 1, 1, 0, 1], [1, 1, 1, 1, 1, 1], [1, 1, 0, 1, 1, 1], [1, 1, 1, 1, 1, 1]]
2025-02-23 15:41:49,933 - DSM_MultiModelExp_llm_rag_ollama:mixtral:8x22b_6k - INFO - Final Matrix:
[[1, 1, 1, 1, 1, 1], [1, 1, 0, 1, 1, 1], [1, 0, 1, 1, 0, 1], [1, 1, 1, 1, 1, 1], [1, 1, 0, 1, 1, 1], [1, 1, 1, 1, 1, 1]]
2025-02-23 15:41:49,934 - DSM_MultiModelExp_llm_rag_ollama:mixtral:8x22b_6k - INFO - --------------------------------------------------
2025-02-23 15:41:49,935 - DSM_MultiModelExp_llm_rag_ollama:mixtral:8x22b_6k - INFO - Matrix from response.
2025-02-23 15:41:49,935 - DSM_MultiModelExp_llm_rag_ollama:mixtral:8x22b_6k - INFO - At run 4/5
2025-02-23 15:41:49,936 - DSM_MultiModelExp_llm_rag_ollama:mixtral:8x22b_6k - INFO - Matrix: [[1, 1, 1, 1, 1, 1], [1, 1, 0, 1, 1, 1], [1, 0, 1, 1, 0, 1], [1, 1, 1, 1, 1, 1], [1, 1, 0, 1, 1, 1], [1, 1, 1, 1, 1, 1]]
2025-02-23 15:41:49,937 - DSM_MultiModelExp_llm_rag_ollama:mixtral:8x22b_6k - INFO - --------------------------------------------------
2025-02-23 15:41:59,948 - DSM_MultiModelExp_llm_rag_ollama:mixtral:8x22b_6k - INFO - Run 5/5
2025-02-23 15:41:59,984 - DSM_MultiModelExp_llm_rag_ollama:mixtral:8x22b_6k - INFO - DEBUG: Initializing RAGInference.
2025-02-23 15:41:59,984 - DSM_MultiModelExp_llm_rag_ollama:mixtral:8x22b_6k - INFO - Using R-type: ['R1', 'R2', 'R3']
2025-02-23 15:41:59,986 - DSM_MultiModelExp_llm_rag_ollama:mixtral:8x22b_6k - INFO - Using embedding model: text-embedding-3-small
2025-02-23 15:42:00,020 - DSM_MultiModelExp_llm_rag_ollama:mixtral:8x22b_6k - INFO - VectorStoreManager initialized
2025-02-23 15:42:00,021 - DSM_MultiModelExp_llm_rag_ollama:mixtral:8x22b_6k - INFO - Set database path to: xLM_DSM/data/vectorstore/CubeSat/llm_rag/text-embedding-3-small
2025-02-23 15:42:00,029 - DSM_MultiModelExp_llm_rag_ollama:mixtral:8x22b_6k - INFO - Collection count: 2320
2025-02-23 15:42:00,032 - DSM_MultiModelExp_llm_rag_ollama:mixtral:8x22b_6k - INFO - Initialized RAG inference for system: CubeSat (nanosatellite)
2025-02-23 15:42:00,032 - DSM_MultiModelExp_llm_rag_ollama:mixtral:8x22b_6k - INFO - Initialized DSM for system: CubeSat (nanosatellite)
2025-02-23 15:42:00,033 - DSM_MultiModelExp_llm_rag_ollama:mixtral:8x22b_6k - INFO - Inference model: ollama:mixtral:8x22b_6k
2025-02-23 15:42:00,034 - DSM_MultiModelExp_llm_rag_ollama:mixtral:8x22b_6k - INFO - Predicted Components: ['Primary structure', 'Secondary structure', 'Payload', 'Power system', 'Communication system', 'Attitude determination and control system']
2025-02-23 15:42:00,035 - DSM_MultiModelExp_llm_rag_ollama:mixtral:8x22b_6k - INFO - Number of components: 6
2025-02-23 15:42:00,036 - DSM_MultiModelExp_llm_rag_ollama:mixtral:8x22b_6k - INFO - Predicted components for query: ['Primary structure', 'Secondary structure', 'Payload', 'Power system', 'Communication system', 'Attitude determination and control system']
2025-02-23 15:42:00,036 - DSM_MultiModelExp_llm_rag_ollama:mixtral:8x22b_6k - INFO - Query: 
        Please identify system-level hierarchical whole-part relationships between the components of CubeSat (nanosatellite), as listed below, and represent them in a Design Structure Matrix (DSM) format.          
        The relationships should be articulated in plain English, capturing the essence of their interactions.         
        Here is the list of subsystems/components to analyze: ['Primary structure', 'Secondary structure', 'Payload', 'Power system', 'Communication system', 'Attitude determination and control system']         
        The DSM should clearly indicate the interactions between these components as 1 exist and 0 does not exist, considering both the presence and nature of these connections.         
        Present the output in a square matrix format (number of rows and columns MUST be the same as the number of components = 6 for this example), with rows and columns labeled accordingly.         
        Diagonal elements should be 1 in DSM matrix since each component interacts with itself.         
        If you don't know the answer, just write 2 for the specific cell that you are unsure of. A worst case scenario of the **as a list of lists** shown below (diagonal elements are 1 and unsure ones are 2). Don't make up an answer.         
        final response = [[1, 2, 2, 2, 2, 2, 2],[2, 1, 2, 2, 2, 2, 2],[2, 2, 1, 2, 2, 2, 2],[2, 2, 2, 1, 2, 2, 2],[2, 2, 2, 2, 1, 2, 2],[2, 2, 2, 2, 2, 1, 2],[2, 2, 2, 2, 2, 2, 1]] for 7 components         
        final response = [[1, 2, 2],[2, 1, 2],[2, 2, 1]] for 3 components         
        IMPORTANT: Your response must **ONLY** contain a valid **as a list of lists** in the following example format 7x7 matrix.         
        The below list of lists is just examples format of a response. **Replace** the values with your **actual analysis** while providing your response with parameter of 'final response'.        
        final response = [[1, 0, 0, 0, 0, 0, 0],[0, 1, 0, 0, 0, 0, 0],[0, 0, 1, 0, 0, 0, 0],   [0, 0, 0, 1, 0, 0, 0],[0, 0, 0, 0, 1, 0, 0],[0, 0, 0, 0, 0, 1, 0],[0, 0, 0, 0, 0, 0, 1]] for 7 components         
        final response = [[1, 0, 0],[0, 1, 0],[0, 0, 1]] for 3 components         
        IMPORTANT: THE FORMAT OF THE OUTPUT MUST BE AS LIST OF LISTS ONLY SIMILAR TO THE ONE ABOVE (NO LATEX, CODE, OR OTHER ENCODINGS).
        
2025-02-23 15:42:37,297 - DSM_MultiModelExp_llm_rag_ollama:mixtral:8x22b_6k - INFO - Number of documents retrieved: 4
2025-02-23 15:42:37,298 - DSM_MultiModelExp_llm_rag_ollama:mixtral:8x22b_6k - INFO - Documents used for this query:
2025-02-23 15:42:37,299 - DSM_MultiModelExp_llm_rag_ollama:mixtral:8x22b_6k - INFO - File: ../data/use_cases_large/CubeSat/reference_pdfs/R1_combined.pdf
2025-02-23 15:42:37,300 - DSM_MultiModelExp_llm_rag_ollama:mixtral:8x22b_6k - INFO - Page: 0
2025-02-23 15:42:37,300 - DSM_MultiModelExp_llm_rag_ollama:mixtral:8x22b_6k - INFO - Content: that then facilitate a bottom-up development and fabrication
process. Some of the design tools (e.g., N2 diagram) described
in NASAs Systems Engineering Handbook are utilized early in
the design phase ...
2025-02-23 15:42:37,301 - DSM_MultiModelExp_llm_rag_ollama:mixtral:8x22b_6k - INFO - File: ../data/use_cases_large/CubeSat/reference_pdfs/R2_combined.pdf
2025-02-23 15:42:37,302 - DSM_MultiModelExp_llm_rag_ollama:mixtral:8x22b_6k - INFO - Page: 13
2025-02-23 15:42:37,304 - DSM_MultiModelExp_llm_rag_ollama:mixtral:8x22b_6k - INFO - Content: 5 Introduction to Design Structure Matrix Methods 
of the next section). Here we begin by adopting the original DSM convention with inputs 
in rows (IR) and outputs in columns. Later we also present e ...
2025-02-23 15:42:37,304 - DSM_MultiModelExp_llm_rag_ollama:mixtral:8x22b_6k - INFO - File: ../data/use_cases_large/CubeSat/reference_pdfs/R2_combined.pdf
2025-02-23 15:42:37,306 - DSM_MultiModelExp_llm_rag_ollama:mixtral:8x22b_6k - INFO - Page: 510
2025-02-23 15:42:37,306 - DSM_MultiModelExp_llm_rag_ollama:mixtral:8x22b_6k - INFO - Content: sidered a CubeSat. Nevertheless, some of the constraints that dictate the structural
design are derived from the mission and systems requirements. For this reason, it
is important to give the CubeSat  ...
2025-02-23 15:42:37,307 - DSM_MultiModelExp_llm_rag_ollama:mixtral:8x22b_6k - INFO - File: ../data/use_cases_large/CubeSat/reference_pdfs/R2_combined.pdf
2025-02-23 15:42:37,308 - DSM_MultiModelExp_llm_rag_ollama:mixtral:8x22b_6k - INFO - Page: 527
2025-02-23 15:42:37,309 - DSM_MultiModelExp_llm_rag_ollama:mixtral:8x22b_6k - INFO - Content: 7 Conclusions
In this chapter an overview of best practices during the structural system design and
manufacturing has been presented. In particular, attention has been focused on the def-
inition of t ...
2025-02-23 15:42:37,310 - DSM_MultiModelExp_llm_rag_ollama:mixtral:8x22b_6k - INFO - Raw Response:  Based on the information provided and general knowledge of CubeSat systems, here is a possible Design Structure Matrix (DSM) for the components:

final response = [[1, 1, 1, 1, 1, 1], [1, 1, 0, 1, 1, 1], [1, 0, 1, 1, 0, 1], [1, 1, 1, 1, 1, 1], [1, 1, 0, 1, 1, 1], [1, 1, 1, 1, 1, 1]]

Here's how the interactions are interpreted:

- The primary structure interacts with all other components as it provides the main framework for the CubeSat.
- The secondary structure interacts with the payload, power system, communication system, and attitude determination and control system (ADCS) but not directly with the primary structure or ADCS.
- The payload interacts with the primary structure, power system, and communication system but not directly with the secondary structure or ADCS.
- The power system interacts with all other components as it provides energy for their operation.
- The communication system interacts with the primary structure, payload, power system, and ADCS but not directly with the secondary structure.
- The attitude determination and control system (ADCS) interacts with the primary structure, power system, and communication system but not directly with the payload or secondary structure.
2025-02-23 15:42:37,310 - DSM_MultiModelExp_llm_rag_ollama:mixtral:8x22b_6k - INFO - Response:  Based on the information provided and general knowledge of CubeSat systems, here is a possible Design Structure Matrix (DSM) for the components:

final response = [[1, 1, 1, 1, 1, 1], [1, 1, 0, 1, 1, 1], [1, 0, 1, 1, 0, 1], [1, 1, 1, 1, 1, 1], [1, 1, 0, 1, 1, 1], [1, 1, 1, 1, 1, 1]]

Here's how the interactions are interpreted:

- The primary structure interacts with all other components as it provides the main framework for the CubeSat.
- The secondary structure interacts with the payload, power system, communication system, and attitude determination and control system (ADCS) but not directly with the primary structure or ADCS.
- The payload interacts with the primary structure, power system, and communication system but not directly with the secondary structure or ADCS.
- The power system interacts with all other components as it provides energy for their operation.
- The communication system interacts with the primary structure, payload, power system, and ADCS but not directly with the secondary structure.
- The attitude determination and control system (ADCS) interacts with the primary structure, power system, and communication system but not directly with the payload or secondary structure.
2025-02-23 15:42:37,311 - DSM_MultiModelExp_llm_rag_ollama:mixtral:8x22b_6k - INFO - Matrix: [[1, 1, 1, 1, 1, 1], [1, 1, 0, 1, 1, 1], [1, 0, 1, 1, 0, 1], [1, 1, 1, 1, 1, 1], [1, 1, 0, 1, 1, 1], [1, 1, 1, 1, 1, 1]]
2025-02-23 15:42:37,313 - DSM_MultiModelExp_llm_rag_ollama:mixtral:8x22b_6k - INFO - Final Matrix:
[[1, 1, 1, 1, 1, 1], [1, 1, 0, 1, 1, 1], [1, 0, 1, 1, 0, 1], [1, 1, 1, 1, 1, 1], [1, 1, 0, 1, 1, 1], [1, 1, 1, 1, 1, 1]]
2025-02-23 15:42:37,313 - DSM_MultiModelExp_llm_rag_ollama:mixtral:8x22b_6k - INFO - --------------------------------------------------
2025-02-23 15:42:37,314 - DSM_MultiModelExp_llm_rag_ollama:mixtral:8x22b_6k - INFO - Matrix from response.
2025-02-23 15:42:37,315 - DSM_MultiModelExp_llm_rag_ollama:mixtral:8x22b_6k - INFO - At run 5/5
2025-02-23 15:42:37,316 - DSM_MultiModelExp_llm_rag_ollama:mixtral:8x22b_6k - INFO - Matrix: [[1, 1, 1, 1, 1, 1], [1, 1, 0, 1, 1, 1], [1, 0, 1, 1, 0, 1], [1, 1, 1, 1, 1, 1], [1, 1, 0, 1, 1, 1], [1, 1, 1, 1, 1, 1]]
2025-02-23 15:42:37,317 - DSM_MultiModelExp_llm_rag_ollama:mixtral:8x22b_6k - INFO - --------------------------------------------------
2025-02-23 15:42:47,327 - DSM_MultiModelExp_llm_rag_ollama:mixtral:8x22b_6k - INFO - Duration of reference combination {'R1': [{'path': '../data/use_cases_large/CubeSat/reference_pdfs/R1_combined.pdf'}], 'R2': [{'path': '../data/use_cases_large/CubeSat/reference_pdfs/R2_combined.pdf'}], 'R3': [{'path': '../data/use_cases_large/CubeSat/reference_pdfs/R3_combined.pdf'}]}: 0:04:27.509978
2025-02-23 15:42:47,329 - DSM_MultiModelExp_llm_rag_ollama:mixtral:8x22b_6k - INFO - ++++++++++++++++++++++++++++++++++++++++++++++++++++++++++++++++++++++++++++++++++++++++++++++++++++
2025-02-23 15:42:47,330 - DSM_MultiModelExp_llm_rag_ollama:mixtral:8x22b_6k - INFO - 
==================================================
2025-02-23 15:42:47,331 - DSM_MultiModelExp_llm_rag_ollama:mixtral:8x22b_6k - INFO - Average DSM Matrix for model: ollama:mixtral:8x22b_6k
2025-02-23 15:42:47,332 - DSM_MultiModelExp_llm_rag_ollama:mixtral:8x22b_6k - INFO - End of log reference type(s): ['R1']
2025-02-23 15:42:47,334 - DSM_MultiModelExp_llm_rag_ollama:mixtral:8x22b_6k - INFO - Saving results to: ../output/experiment_llm_rag_ollama:mixtral:8x22b_6k_20250223-150636/llm_rag_refs_R1
2025-02-23 15:42:47,337 - DSM_MultiModelExp_llm_rag_ollama:mixtral:8x22b_6k - INFO - 
Average Matrix:
                                           Payload  Communication System  Power System  Attitude Determination and Control System  On-Board Computer  Structure
Payload                                          1                     1             1                                          1                  1          1
Communication System                             1                     1             0                                          1                  1          1
Power System                                     1                     0             1                                          1                  1          1
Attitude Determination and Control System        1                     1             1                                          1                  1          1
On-Board Computer                                1                     1             1                                          1                  1          1
Structure                                        1                     1             1                                          1                  1          1
2025-02-23 15:42:47,338 - DSM_MultiModelExp_llm_rag_ollama:mixtral:8x22b_6k - INFO - 
Components: ['Payload', 'Communication System', 'Power System', 'Attitude Determination and Control System', 'On-Board Computer', 'Structure']
2025-02-23 15:42:47,339 - DSM_MultiModelExp_llm_rag_ollama:mixtral:8x22b_6k - INFO - ==================================================

2025-02-23 15:42:47,341 - DSM_MultiModelExp_llm_rag_ollama:mixtral:8x22b_6k - INFO - Saved CSV to: ../output/experiment_llm_rag_ollama:mixtral:8x22b_6k_20250223-150636/llm_rag_refs_R1/average_matrix_20250223-150636.csv
2025-02-23 15:42:47,343 - DSM_MultiModelExp_llm_rag_ollama:mixtral:8x22b_6k - INFO - Saved JSON to: ../output/experiment_llm_rag_ollama:mixtral:8x22b_6k_20250223-150636/llm_rag_refs_R1/detailed_results_20250223-150636.json
2025-02-23 15:42:47,596 - DSM_MultiModelExp_llm_rag_ollama:mixtral:8x22b_6k - INFO - Saved visualization to: ../output/experiment_llm_rag_ollama:mixtral:8x22b_6k_20250223-150636/llm_rag_refs_R1/average_matrix_20250223-150636.png
2025-02-23 15:42:47,597 - DSM_MultiModelExp_llm_rag_ollama:mixtral:8x22b_6k - INFO - 
==================================================
2025-02-23 15:42:47,598 - DSM_MultiModelExp_llm_rag_ollama:mixtral:8x22b_6k - INFO - Average DSM Matrix for model: ollama:mixtral:8x22b_6k
2025-02-23 15:42:47,599 - DSM_MultiModelExp_llm_rag_ollama:mixtral:8x22b_6k - INFO - End of log reference type(s): ['R2']
2025-02-23 15:42:47,600 - DSM_MultiModelExp_llm_rag_ollama:mixtral:8x22b_6k - INFO - Saving results to: ../output/experiment_llm_rag_ollama:mixtral:8x22b_6k_20250223-150636/llm_rag_refs_R2
2025-02-23 15:42:47,602 - DSM_MultiModelExp_llm_rag_ollama:mixtral:8x22b_6k - INFO - 
Average Matrix:
                         Primary structure  Secondary structure  Payload  Communication system  Power system  Attitude control system
Primary structure                        1                    1        1                     1             1                        1
Secondary structure                      1                    1        0                     1             1                        1
Payload                                  1                    0        1                     0             1                        1
Communication system                     1                    1        0                     1             1                        1
Power system                             1                    1        1                     1             1                        1
Attitude control system                  1                    1        1                     1             1                        1
2025-02-23 15:42:47,603 - DSM_MultiModelExp_llm_rag_ollama:mixtral:8x22b_6k - INFO - 
Components: ['Primary structure', 'Secondary structure', 'Payload', 'Communication system', 'Power system', 'Attitude control system']
2025-02-23 15:42:47,603 - DSM_MultiModelExp_llm_rag_ollama:mixtral:8x22b_6k - INFO - ==================================================

2025-02-23 15:42:47,605 - DSM_MultiModelExp_llm_rag_ollama:mixtral:8x22b_6k - INFO - Saved CSV to: ../output/experiment_llm_rag_ollama:mixtral:8x22b_6k_20250223-150636/llm_rag_refs_R2/average_matrix_20250223-150636.csv
2025-02-23 15:42:47,607 - DSM_MultiModelExp_llm_rag_ollama:mixtral:8x22b_6k - INFO - Saved JSON to: ../output/experiment_llm_rag_ollama:mixtral:8x22b_6k_20250223-150636/llm_rag_refs_R2/detailed_results_20250223-150636.json
2025-02-23 15:42:47,822 - DSM_MultiModelExp_llm_rag_ollama:mixtral:8x22b_6k - INFO - Saved visualization to: ../output/experiment_llm_rag_ollama:mixtral:8x22b_6k_20250223-150636/llm_rag_refs_R2/average_matrix_20250223-150636.png
2025-02-23 15:42:47,822 - DSM_MultiModelExp_llm_rag_ollama:mixtral:8x22b_6k - INFO - 
==================================================
2025-02-23 15:42:47,823 - DSM_MultiModelExp_llm_rag_ollama:mixtral:8x22b_6k - INFO - Average DSM Matrix for model: ollama:mixtral:8x22b_6k
2025-02-23 15:42:47,824 - DSM_MultiModelExp_llm_rag_ollama:mixtral:8x22b_6k - INFO - End of log reference type(s): ['R3']
2025-02-23 15:42:47,825 - DSM_MultiModelExp_llm_rag_ollama:mixtral:8x22b_6k - INFO - Saving results to: ../output/experiment_llm_rag_ollama:mixtral:8x22b_6k_20250223-150636/llm_rag_refs_R3
2025-02-23 15:42:47,827 - DSM_MultiModelExp_llm_rag_ollama:mixtral:8x22b_6k - INFO - 
Average Matrix:
                               Satellite housing  Arduino development board  HyperDuino shield  Light and temperature sensors  Jumper cables  Battery cable and 9V battery
Satellite housing                              1                          1                  1                              0              0                             0
Arduino development board                      1                          1                  1                              0              0                             0
HyperDuino shield                              1                          1                  1                              1              1                             1
Light and temperature sensors                  0                          0                  1                              1              1                             0
Jumper cables                                  0                          0                  1                              1              1                             0
Battery cable and 9V battery                   0                          0                  1                              0              0                             1
2025-02-23 15:42:47,828 - DSM_MultiModelExp_llm_rag_ollama:mixtral:8x22b_6k - INFO - 
Components: ['Satellite housing', 'Arduino development board', 'HyperDuino shield', 'Light and temperature sensors', 'Jumper cables', 'Battery cable and 9V battery']
2025-02-23 15:42:47,828 - DSM_MultiModelExp_llm_rag_ollama:mixtral:8x22b_6k - INFO - ==================================================

2025-02-23 15:42:47,830 - DSM_MultiModelExp_llm_rag_ollama:mixtral:8x22b_6k - INFO - Saved CSV to: ../output/experiment_llm_rag_ollama:mixtral:8x22b_6k_20250223-150636/llm_rag_refs_R3/average_matrix_20250223-150636.csv
2025-02-23 15:42:47,831 - DSM_MultiModelExp_llm_rag_ollama:mixtral:8x22b_6k - INFO - Saved JSON to: ../output/experiment_llm_rag_ollama:mixtral:8x22b_6k_20250223-150636/llm_rag_refs_R3/detailed_results_20250223-150636.json
2025-02-23 15:42:48,048 - DSM_MultiModelExp_llm_rag_ollama:mixtral:8x22b_6k - INFO - Saved visualization to: ../output/experiment_llm_rag_ollama:mixtral:8x22b_6k_20250223-150636/llm_rag_refs_R3/average_matrix_20250223-150636.png
2025-02-23 15:42:48,049 - DSM_MultiModelExp_llm_rag_ollama:mixtral:8x22b_6k - INFO - 
==================================================
2025-02-23 15:42:48,050 - DSM_MultiModelExp_llm_rag_ollama:mixtral:8x22b_6k - INFO - Average DSM Matrix for model: ollama:mixtral:8x22b_6k
2025-02-23 15:42:48,051 - DSM_MultiModelExp_llm_rag_ollama:mixtral:8x22b_6k - INFO - End of log reference type(s): ['R1', 'R2']
2025-02-23 15:42:48,052 - DSM_MultiModelExp_llm_rag_ollama:mixtral:8x22b_6k - INFO - Saving results to: ../output/experiment_llm_rag_ollama:mixtral:8x22b_6k_20250223-150636/llm_rag_refs_R1_R2
2025-02-23 15:42:48,054 - DSM_MultiModelExp_llm_rag_ollama:mixtral:8x22b_6k - INFO - 
Average Matrix:
                                           Primary structure  Secondary structure  Payload  Power system  Communication system  Attitude determination and control system
Primary structure                                          1                    1        1             1                     1                                          1
Secondary structure                                        1                    1        0             1                     1                                          1
Payload                                                    1                    0        1             1                     0                                          1
Power system                                               1                    1        1             1                     1                                          1
Communication system                                       1                    1        0             1                     1                                          1
Attitude determination and control system                  1                    1        1             1                     1                                          1
2025-02-23 15:42:48,055 - DSM_MultiModelExp_llm_rag_ollama:mixtral:8x22b_6k - INFO - 
Components: ['Primary structure', 'Secondary structure', 'Payload', 'Power system', 'Communication system', 'Attitude determination and control system']
2025-02-23 15:42:48,055 - DSM_MultiModelExp_llm_rag_ollama:mixtral:8x22b_6k - INFO - ==================================================

2025-02-23 15:42:48,057 - DSM_MultiModelExp_llm_rag_ollama:mixtral:8x22b_6k - INFO - Saved CSV to: ../output/experiment_llm_rag_ollama:mixtral:8x22b_6k_20250223-150636/llm_rag_refs_R1_R2/average_matrix_20250223-150636.csv
2025-02-23 15:42:48,058 - DSM_MultiModelExp_llm_rag_ollama:mixtral:8x22b_6k - INFO - Saved JSON to: ../output/experiment_llm_rag_ollama:mixtral:8x22b_6k_20250223-150636/llm_rag_refs_R1_R2/detailed_results_20250223-150636.json
2025-02-23 15:42:48,274 - DSM_MultiModelExp_llm_rag_ollama:mixtral:8x22b_6k - INFO - Saved visualization to: ../output/experiment_llm_rag_ollama:mixtral:8x22b_6k_20250223-150636/llm_rag_refs_R1_R2/average_matrix_20250223-150636.png
2025-02-23 15:42:48,275 - DSM_MultiModelExp_llm_rag_ollama:mixtral:8x22b_6k - INFO - 
==================================================
2025-02-23 15:42:48,276 - DSM_MultiModelExp_llm_rag_ollama:mixtral:8x22b_6k - INFO - Average DSM Matrix for model: ollama:mixtral:8x22b_6k
2025-02-23 15:42:48,277 - DSM_MultiModelExp_llm_rag_ollama:mixtral:8x22b_6k - INFO - End of log reference type(s): ['R1', 'R3']
2025-02-23 15:42:48,278 - DSM_MultiModelExp_llm_rag_ollama:mixtral:8x22b_6k - INFO - Saving results to: ../output/experiment_llm_rag_ollama:mixtral:8x22b_6k_20250223-150636/llm_rag_refs_R1_R3
2025-02-23 15:42:48,280 - DSM_MultiModelExp_llm_rag_ollama:mixtral:8x22b_6k - INFO - 
Average Matrix:
                                           Payload  Communication System  Power System  Attitude Determination and Control System  On-Board Computer  Structure
Payload                                          1                     1             1                                          1                  1          1
Communication System                             1                     1             0                                          1                  1          1
Power System                                     1                     0             1                                          1                  1          1
Attitude Determination and Control System        1                     1             1                                          1                  1          1
On-Board Computer                                1                     1             1                                          1                  1          1
Structure                                        1                     1             1                                          1                  1          1
2025-02-23 15:42:48,281 - DSM_MultiModelExp_llm_rag_ollama:mixtral:8x22b_6k - INFO - 
Components: ['Payload', 'Communication System', 'Power System', 'Attitude Determination and Control System', 'On-Board Computer', 'Structure']
2025-02-23 15:42:48,281 - DSM_MultiModelExp_llm_rag_ollama:mixtral:8x22b_6k - INFO - ==================================================

2025-02-23 15:42:48,283 - DSM_MultiModelExp_llm_rag_ollama:mixtral:8x22b_6k - INFO - Saved CSV to: ../output/experiment_llm_rag_ollama:mixtral:8x22b_6k_20250223-150636/llm_rag_refs_R1_R3/average_matrix_20250223-150636.csv
2025-02-23 15:42:48,284 - DSM_MultiModelExp_llm_rag_ollama:mixtral:8x22b_6k - INFO - Saved JSON to: ../output/experiment_llm_rag_ollama:mixtral:8x22b_6k_20250223-150636/llm_rag_refs_R1_R3/detailed_results_20250223-150636.json
2025-02-23 15:42:48,500 - DSM_MultiModelExp_llm_rag_ollama:mixtral:8x22b_6k - INFO - Saved visualization to: ../output/experiment_llm_rag_ollama:mixtral:8x22b_6k_20250223-150636/llm_rag_refs_R1_R3/average_matrix_20250223-150636.png
2025-02-23 15:42:48,501 - DSM_MultiModelExp_llm_rag_ollama:mixtral:8x22b_6k - INFO - 
==================================================
2025-02-23 15:42:48,501 - DSM_MultiModelExp_llm_rag_ollama:mixtral:8x22b_6k - INFO - Average DSM Matrix for model: ollama:mixtral:8x22b_6k
2025-02-23 15:42:48,503 - DSM_MultiModelExp_llm_rag_ollama:mixtral:8x22b_6k - INFO - End of log reference type(s): ['R2', 'R3']
2025-02-23 15:42:48,503 - DSM_MultiModelExp_llm_rag_ollama:mixtral:8x22b_6k - INFO - Saving results to: ../output/experiment_llm_rag_ollama:mixtral:8x22b_6k_20250223-150636/llm_rag_refs_R2_R3
2025-02-23 15:42:48,505 - DSM_MultiModelExp_llm_rag_ollama:mixtral:8x22b_6k - INFO - 
Average Matrix:
                         Primary structure  Secondary structure  Payload  Communication system  Power system  Attitude control system
Primary structure                        1                    1        1                     1             1                        1
Secondary structure                      1                    1        0                     1             1                        1
Payload                                  1                    0        1                     0             1                        1
Communication system                     1                    1        0                     1             1                        1
Power system                             1                    1        1                     1             1                        1
Attitude control system                  1                    1        1                     1             1                        1
2025-02-23 15:42:48,506 - DSM_MultiModelExp_llm_rag_ollama:mixtral:8x22b_6k - INFO - 
Components: ['Primary structure', 'Secondary structure', 'Payload', 'Communication system', 'Power system', 'Attitude control system']
2025-02-23 15:42:48,507 - DSM_MultiModelExp_llm_rag_ollama:mixtral:8x22b_6k - INFO - ==================================================

2025-02-23 15:42:48,509 - DSM_MultiModelExp_llm_rag_ollama:mixtral:8x22b_6k - INFO - Saved CSV to: ../output/experiment_llm_rag_ollama:mixtral:8x22b_6k_20250223-150636/llm_rag_refs_R2_R3/average_matrix_20250223-150636.csv
2025-02-23 15:42:48,510 - DSM_MultiModelExp_llm_rag_ollama:mixtral:8x22b_6k - INFO - Saved JSON to: ../output/experiment_llm_rag_ollama:mixtral:8x22b_6k_20250223-150636/llm_rag_refs_R2_R3/detailed_results_20250223-150636.json
2025-02-23 15:42:48,722 - DSM_MultiModelExp_llm_rag_ollama:mixtral:8x22b_6k - INFO - Saved visualization to: ../output/experiment_llm_rag_ollama:mixtral:8x22b_6k_20250223-150636/llm_rag_refs_R2_R3/average_matrix_20250223-150636.png
2025-02-23 15:42:48,724 - DSM_MultiModelExp_llm_rag_ollama:mixtral:8x22b_6k - INFO - 
==================================================
2025-02-23 15:42:48,724 - DSM_MultiModelExp_llm_rag_ollama:mixtral:8x22b_6k - INFO - Average DSM Matrix for model: ollama:mixtral:8x22b_6k
2025-02-23 15:42:48,725 - DSM_MultiModelExp_llm_rag_ollama:mixtral:8x22b_6k - INFO - End of log reference type(s): ['R1', 'R2', 'R3']
2025-02-23 15:42:48,726 - DSM_MultiModelExp_llm_rag_ollama:mixtral:8x22b_6k - INFO - Saving results to: ../output/experiment_llm_rag_ollama:mixtral:8x22b_6k_20250223-150636/llm_rag_refs_R1_R2_R3
2025-02-23 15:42:48,728 - DSM_MultiModelExp_llm_rag_ollama:mixtral:8x22b_6k - INFO - 
Average Matrix:
                                           Primary structure  Secondary structure  Payload  Power system  Communication system  Attitude determination and control system
Primary structure                                          1                    1        1             1                     1                                          1
Secondary structure                                        1                    1        0             1                     1                                          1
Payload                                                    1                    0        1             1                     0                                          1
Power system                                               1                    1        1             1                     1                                          1
Communication system                                       1                    1        0             1                     1                                          1
Attitude determination and control system                  1                    1        1             1                     1                                          1
2025-02-23 15:42:48,729 - DSM_MultiModelExp_llm_rag_ollama:mixtral:8x22b_6k - INFO - 
Components: ['Primary structure', 'Secondary structure', 'Payload', 'Power system', 'Communication system', 'Attitude determination and control system']
2025-02-23 15:42:48,730 - DSM_MultiModelExp_llm_rag_ollama:mixtral:8x22b_6k - INFO - ==================================================

2025-02-23 15:42:48,732 - DSM_MultiModelExp_llm_rag_ollama:mixtral:8x22b_6k - INFO - Saved CSV to: ../output/experiment_llm_rag_ollama:mixtral:8x22b_6k_20250223-150636/llm_rag_refs_R1_R2_R3/average_matrix_20250223-150636.csv
2025-02-23 15:42:48,733 - DSM_MultiModelExp_llm_rag_ollama:mixtral:8x22b_6k - INFO - Saved JSON to: ../output/experiment_llm_rag_ollama:mixtral:8x22b_6k_20250223-150636/llm_rag_refs_R1_R2_R3/detailed_results_20250223-150636.json
2025-02-23 15:42:48,959 - DSM_MultiModelExp_llm_rag_ollama:mixtral:8x22b_6k - INFO - Saved visualization to: ../output/experiment_llm_rag_ollama:mixtral:8x22b_6k_20250223-150636/llm_rag_refs_R1_R2_R3/average_matrix_20250223-150636.png
2025-02-23 15:42:48,960 - DSM_MultiModelExp_llm_rag_ollama:mixtral:8x22b_6k - INFO - Duration of experiment for ollama:mixtral:8x22b_6k in llm_rag inference type: 0:36:12
