2025-02-23 04:47:27,864 - DSM_MultiModelExp_llm_rag_ollama:llama3.3:70b-8k - INFO - Run 1/5
2025-02-23 04:47:27,893 - DSM_MultiModelExp_llm_rag_ollama:llama3.3:70b-8k - INFO - DEBUG: Initializing RAGInference.
2025-02-23 04:47:27,894 - DSM_MultiModelExp_llm_rag_ollama:llama3.3:70b-8k - INFO - Using R-type: ['R1']
2025-02-23 04:47:27,895 - DSM_MultiModelExp_llm_rag_ollama:llama3.3:70b-8k - INFO - Using embedding model: text-embedding-3-small
2025-02-23 04:47:27,922 - DSM_MultiModelExp_llm_rag_ollama:llama3.3:70b-8k - INFO - VectorStoreManager initialized
2025-02-23 04:47:27,923 - DSM_MultiModelExp_llm_rag_ollama:llama3.3:70b-8k - INFO - Set database path to: xLM_DSM/data/vectorstore/CubeSat/llm_rag/text-embedding-3-small
2025-02-23 04:47:27,932 - DSM_MultiModelExp_llm_rag_ollama:llama3.3:70b-8k - INFO - Collection count: 2320
2025-02-23 04:47:27,935 - DSM_MultiModelExp_llm_rag_ollama:llama3.3:70b-8k - INFO - Initialized RAG inference for system: CubeSat (nanosatellite)
2025-02-23 04:47:27,936 - DSM_MultiModelExp_llm_rag_ollama:llama3.3:70b-8k - INFO - Initialized DSM for system: CubeSat (nanosatellite)
2025-02-23 04:47:27,937 - DSM_MultiModelExp_llm_rag_ollama:llama3.3:70b-8k - INFO - Inference model: ollama:llama3.3:70b-8k
2025-02-23 04:47:27,938 - DSM_MultiModelExp_llm_rag_ollama:llama3.3:70b-8k - INFO - Prompt (attempt 1/3): 
            Please identify the major components of CubeSat (nanosatellite) in the engineering based on hierarchical whole-part relationships.             
            The number of components must be 6 and must be a list of strings.             
            Please do not identify similar components that will work together under subsystem level since our interest is to identify the major components that form the core architecture of the system.             
            Here is an example of the components for made-up system:             
            final response = [ "component 1", "component 2", "component 3", "component 4", "component 5" ]             
            IMPORTANT: THE FORMAT OF THE OUTPUT MUST BE AS A LIST OF STRINGS ONLY SIMILAR TO THE ONE ABOVE (NO LATEX, NO CODE, NO DESCRIPTION, OR OTHER ENCODINGS).              
2025-02-23 04:48:05,855 - DSM_MultiModelExp_llm_rag_ollama:llama3.3:70b-8k - INFO - Number of documents retrieved: 4
2025-02-23 04:48:05,856 - DSM_MultiModelExp_llm_rag_ollama:llama3.3:70b-8k - INFO - Documents used for this query:
2025-02-23 04:48:05,857 - DSM_MultiModelExp_llm_rag_ollama:llama3.3:70b-8k - INFO - File: ../data/use_cases_large/CubeSat/reference_pdfs/R1_combined.pdf
2025-02-23 04:48:05,858 - DSM_MultiModelExp_llm_rag_ollama:llama3.3:70b-8k - INFO - Page: 0
2025-02-23 04:48:05,859 - DSM_MultiModelExp_llm_rag_ollama:llama3.3:70b-8k - INFO - Content: high grade commercial-off-the-shelf (COTS) components for
design, development, has resulted in targeting these class
of satellites for low Earth orbit missions. With the use of
high grade COTS based t ...
2025-02-23 04:48:05,860 - DSM_MultiModelExp_llm_rag_ollama:llama3.3:70b-8k - INFO - File: ../data/use_cases_large/CubeSat/reference_pdfs/R1_combined.pdf
2025-02-23 04:48:05,862 - DSM_MultiModelExp_llm_rag_ollama:llama3.3:70b-8k - INFO - Page: 0
2025-02-23 04:48:05,863 - DSM_MultiModelExp_llm_rag_ollama:llama3.3:70b-8k - INFO - Content: that then facilitate a bottom-up development and fabrication
process. Some of the design tools (e.g., N2 diagram) described
in NASAs Systems Engineering Handbook are utilized early in
the design phase ...
2025-02-23 04:48:05,864 - DSM_MultiModelExp_llm_rag_ollama:llama3.3:70b-8k - INFO - File: ../data/use_cases_large/CubeSat/reference_pdfs/R1_combined.pdf
2025-02-23 04:48:05,865 - DSM_MultiModelExp_llm_rag_ollama:llama3.3:70b-8k - INFO - Page: 0
2025-02-23 04:48:05,866 - DSM_MultiModelExp_llm_rag_ollama:llama3.3:70b-8k - INFO - Content: CubeSat Mission Design Based on a Systems Engineering
Approach
Sharan A. Asundi
Aerospace Science Engineering
Tuskegee University, Tuskegee, AL, 36088
334-727-8768
asundi@mytu.tuskegee.edu
Norman G. F ...
2025-02-23 04:48:05,867 - DSM_MultiModelExp_llm_rag_ollama:llama3.3:70b-8k - INFO - File: ../data/use_cases_large/CubeSat/reference_pdfs/R1_combined.pdf
2025-02-23 04:48:05,868 - DSM_MultiModelExp_llm_rag_ollama:llama3.3:70b-8k - INFO - Page: 11
2025-02-23 04:48:05,868 - DSM_MultiModelExp_llm_rag_ollama:llama3.3:70b-8k - INFO - Content: Many researchers tried to link empirical equations to con-
ceptual design decision. Among them, Chang et al. [ 11], 
performed the conceptual design of a microsatellite using 
empirical laws obtained  ...
2025-02-23 04:48:05,870 - DSM_MultiModelExp_llm_rag_ollama:llama3.3:70b-8k - INFO - Raw Response: ["Power System", "Communication System", "Navigation System", "Computer System", "Mechanical Structure", "Thermal Control System"]
2025-02-23 04:48:05,871 - DSM_MultiModelExp_llm_rag_ollama:llama3.3:70b-8k - INFO - Matrix: ['Power System', 'Communication System', 'Navigation System', 'Computer System', 'Mechanical Structure', 'Thermal Control System']
2025-02-23 04:48:05,871 - DSM_MultiModelExp_llm_rag_ollama:llama3.3:70b-8k - INFO - Components: ['Power System', 'Communication System', 'Navigation System', 'Computer System', 'Mechanical Structure', 'Thermal Control System']
2025-02-23 04:48:08,521 - DSM_MultiModelExp_llm_rag_ollama:llama3.3:70b-8k - INFO - Number of documents retrieved: 4
2025-02-23 04:48:08,522 - DSM_MultiModelExp_llm_rag_ollama:llama3.3:70b-8k - INFO - Documents used for this query:
2025-02-23 04:48:08,523 - DSM_MultiModelExp_llm_rag_ollama:llama3.3:70b-8k - INFO - File: ../data/use_cases_large/CubeSat/reference_pdfs/R1_combined.pdf
2025-02-23 04:48:08,524 - DSM_MultiModelExp_llm_rag_ollama:llama3.3:70b-8k - INFO - Page: 15
2025-02-23 04:48:08,525 - DSM_MultiModelExp_llm_rag_ollama:llama3.3:70b-8k - INFO - Content: ing point. The focus shifts now from system level (CubeSat 
mass, power production, form factor) to subsystem selec -
tions. Prior to going through the refinement part, the user 
is required to fill i ...
2025-02-23 04:48:08,526 - DSM_MultiModelExp_llm_rag_ollama:llama3.3:70b-8k - INFO - File: ../data/use_cases_large/CubeSat/reference_pdfs/R1_combined.pdf
2025-02-23 04:48:08,527 - DSM_MultiModelExp_llm_rag_ollama:llama3.3:70b-8k - INFO - Page: 15
2025-02-23 04:48:08,528 - DSM_MultiModelExp_llm_rag_ollama:llama3.3:70b-8k - INFO - Content: • Propulsion subsystem.
• Electric power subsystem (EPS).
• Structure subsystem.
• OBC subsystem.
• TT &C subsystem.
• Thermal subsystem.
Excluding the payload subsystem, in which the refinement is 
c ...
2025-02-23 04:48:08,528 - DSM_MultiModelExp_llm_rag_ollama:llama3.3:70b-8k - INFO - File: ../data/use_cases_large/CubeSat/reference_pdfs/R1_combined.pdf
2025-02-23 04:48:08,529 - DSM_MultiModelExp_llm_rag_ollama:llama3.3:70b-8k - INFO - Page: 0
2025-02-23 04:48:08,530 - DSM_MultiModelExp_llm_rag_ollama:llama3.3:70b-8k - INFO - Content: CubeSat Mission Design Based on a Systems Engineering
Approach
Sharan A. Asundi
Aerospace Science Engineering
Tuskegee University, Tuskegee, AL, 36088
334-727-8768
asundi@mytu.tuskegee.edu
Norman G. F ...
2025-02-23 04:48:08,531 - DSM_MultiModelExp_llm_rag_ollama:llama3.3:70b-8k - INFO - File: ../data/use_cases_large/CubeSat/reference_pdfs/R1_combined.pdf
2025-02-23 04:48:08,532 - DSM_MultiModelExp_llm_rag_ollama:llama3.3:70b-8k - INFO - Page: 16
2025-02-23 04:48:08,532 - DSM_MultiModelExp_llm_rag_ollama:llama3.3:70b-8k - INFO - Content: ment of that specific part of the CubeSat. In case a new 
COTS component needs to be used, GAL2 substitute this 
new piece in the empirical model, deleting the previous one 
used. Naturally, a COTS sy ...
2025-02-23 04:48:08,533 - DSM_MultiModelExp_llm_rag_ollama:llama3.3:70b-8k - INFO - Raw Response: Valid
2025-02-23 04:48:08,534 - DSM_MultiModelExp_llm_rag_ollama:llama3.3:70b-8k - INFO - Validation response: Valid
2025-02-23 04:48:08,534 - DSM_MultiModelExp_llm_rag_ollama:llama3.3:70b-8k - INFO - Filtered validation response: Valid
2025-02-23 04:48:08,535 - DSM_MultiModelExp_llm_rag_ollama:llama3.3:70b-8k - INFO - Component list validated successfully on attempt 1
2025-02-23 04:48:08,536 - DSM_MultiModelExp_llm_rag_ollama:llama3.3:70b-8k - INFO - Components: ['Power System', 'Communication System', 'Navigation System', 'Computer System', 'Mechanical Structure', 'Thermal Control System']
2025-02-23 04:48:08,537 - DSM_MultiModelExp_llm_rag_ollama:llama3.3:70b-8k - INFO - --------------------------------------------------
2025-02-23 04:48:08,538 - DSM_MultiModelExp_llm_rag_ollama:llama3.3:70b-8k - INFO - Predicted Components: ['Power System', 'Communication System', 'Navigation System', 'Computer System', 'Mechanical Structure', 'Thermal Control System']
2025-02-23 04:48:08,538 - DSM_MultiModelExp_llm_rag_ollama:llama3.3:70b-8k - INFO - Number of components: 6
2025-02-23 04:48:08,539 - DSM_MultiModelExp_llm_rag_ollama:llama3.3:70b-8k - INFO - Predicted components for query: ['Power System', 'Communication System', 'Navigation System', 'Computer System', 'Mechanical Structure', 'Thermal Control System']
2025-02-23 04:48:08,540 - DSM_MultiModelExp_llm_rag_ollama:llama3.3:70b-8k - INFO - Query: 
        Please identify system-level hierarchical whole-part relationships between the components of CubeSat (nanosatellite), as listed below, and represent them in a Design Structure Matrix (DSM) format.          
        The relationships should be articulated in plain English, capturing the essence of their interactions.         
        Here is the list of subsystems/components to analyze: ['Power System', 'Communication System', 'Navigation System', 'Computer System', 'Mechanical Structure', 'Thermal Control System']         
        The DSM should clearly indicate the interactions between these components as 1 exist and 0 does not exist, considering both the presence and nature of these connections.         
        Present the output in a square matrix format (number of rows and columns MUST be the same as the number of components = 6 for this example), with rows and columns labeled accordingly.         
        Diagonal elements should be 1 in DSM matrix since each component interacts with itself.         
        If you don't know the answer, just write 2 for the specific cell that you are unsure of. A worst case scenario of the **as a list of lists** shown below (diagonal elements are 1 and rest are 2). Don't make up an answer.         
        final response = [[1, 2, 2, 2, 2, 2, 2],[2, 1, 2, 2, 2, 2, 2],[2, 2, 1, 2, 2, 2, 2],[2, 2, 2, 1, 2, 2, 2],[2, 2, 2, 2, 1, 2, 2],[2, 2, 2, 2, 2, 1, 2],[2, 2, 2, 2, 2, 2, 1]] for 7 components         
        final response = [[1, 2, 2],[2, 1, 2],[2, 2, 1]] for 3 components         
        IMPORTANT: Your response must **ONLY** contain a valid **as a list of lists** in the following example format 7x7 matrix.         
        The below list of lists is just an example format of a response. **Replace** the values with your **actual analysis** while providing your response with parameter of 'final response'.        
        final response = [[1, 0, 0, 0, 0, 0, 0],[0, 1, 0, 0, 0, 0, 0],[0, 0, 1, 0, 0, 0, 0],   [0, 0, 0, 1, 0, 0, 0],[0, 0, 0, 0, 1, 0, 0],[0, 0, 0, 0, 0, 1, 0],[0, 0, 0, 0, 0, 0, 1]] for 7 components         
        final response = [[1, 0, 0],[0, 1, 0],[0, 0, 1]] for 3 components         
        IMPORTANT: THE FORMAT OF THE OUTPUT MUST BE AS LIST OF LISTS ONLY SIMILAR TO THE ONE ABOVE (NO LATEX, CODE, OR OTHER ENCODINGS).
        
2025-02-23 04:48:21,115 - DSM_MultiModelExp_llm_rag_ollama:llama3.3:70b-8k - INFO - Number of documents retrieved: 4
2025-02-23 04:48:21,117 - DSM_MultiModelExp_llm_rag_ollama:llama3.3:70b-8k - INFO - Documents used for this query:
2025-02-23 04:48:21,117 - DSM_MultiModelExp_llm_rag_ollama:llama3.3:70b-8k - INFO - File: ../data/use_cases_large/CubeSat/reference_pdfs/R1_combined.pdf
2025-02-23 04:48:21,118 - DSM_MultiModelExp_llm_rag_ollama:llama3.3:70b-8k - INFO - Page: 0
2025-02-23 04:48:21,119 - DSM_MultiModelExp_llm_rag_ollama:llama3.3:70b-8k - INFO - Content: that then facilitate a bottom-up development and fabrication
process. Some of the design tools (e.g., N2 diagram) described
in NASAs Systems Engineering Handbook are utilized early in
the design phase ...
2025-02-23 04:48:21,120 - DSM_MultiModelExp_llm_rag_ollama:llama3.3:70b-8k - INFO - File: ../data/use_cases_large/CubeSat/reference_pdfs/R1_combined.pdf
2025-02-23 04:48:21,121 - DSM_MultiModelExp_llm_rag_ollama:llama3.3:70b-8k - INFO - Page: 15
2025-02-23 04:48:21,123 - DSM_MultiModelExp_llm_rag_ollama:llama3.3:70b-8k - INFO - Content: ing point. The focus shifts now from system level (CubeSat 
mass, power production, form factor) to subsystem selec -
tions. Prior to going through the refinement part, the user 
is required to fill i ...
2025-02-23 04:48:21,123 - DSM_MultiModelExp_llm_rag_ollama:llama3.3:70b-8k - INFO - File: ../data/use_cases_large/CubeSat/reference_pdfs/R1_combined.pdf
2025-02-23 04:48:21,124 - DSM_MultiModelExp_llm_rag_ollama:llama3.3:70b-8k - INFO - Page: 18
2025-02-23 04:48:21,125 - DSM_MultiModelExp_llm_rag_ollama:llama3.3:70b-8k - INFO - Content: 28].
• To perform any study with a simulation software 
(ANSYS, STK etc.), a step file is necessary. Hence, the 
position of the subsystems must be fixed previously to 
generate such a file.
Each of t ...
2025-02-23 04:48:21,126 - DSM_MultiModelExp_llm_rag_ollama:llama3.3:70b-8k - INFO - File: ../data/use_cases_large/CubeSat/reference_pdfs/R1_combined.pdf
2025-02-23 04:48:21,127 - DSM_MultiModelExp_llm_rag_ollama:llama3.3:70b-8k - INFO - Page: 15
2025-02-23 04:48:21,128 - DSM_MultiModelExp_llm_rag_ollama:llama3.3:70b-8k - INFO - Content: • Propulsion subsystem.
• Electric power subsystem (EPS).
• Structure subsystem.
• OBC subsystem.
• TT &C subsystem.
• Thermal subsystem.
Excluding the payload subsystem, in which the refinement is 
c ...
2025-02-23 04:48:21,129 - DSM_MultiModelExp_llm_rag_ollama:llama3.3:70b-8k - INFO - Raw Response: final response = [[1, 1, 0, 1, 1, 0],[1, 1, 0, 1, 1, 0],[0, 0, 1, 0, 0, 0],[1, 1, 0, 1, 1, 0],[1, 1, 0, 1, 1, 0],[0, 0, 0, 0, 0, 1]]
2025-02-23 04:48:21,130 - DSM_MultiModelExp_llm_rag_ollama:llama3.3:70b-8k - INFO - Response: final response = [[1, 1, 0, 1, 1, 0],[1, 1, 0, 1, 1, 0],[0, 0, 1, 0, 0, 0],[1, 1, 0, 1, 1, 0],[1, 1, 0, 1, 1, 0],[0, 0, 0, 0, 0, 1]]
2025-02-23 04:48:21,131 - DSM_MultiModelExp_llm_rag_ollama:llama3.3:70b-8k - INFO - Matrix: [[1, 1, 0, 1, 1, 0], [1, 1, 0, 1, 1, 0], [0, 0, 1, 0, 0, 0], [1, 1, 0, 1, 1, 0], [1, 1, 0, 1, 1, 0], [0, 0, 0, 0, 0, 1]]
2025-02-23 04:48:21,132 - DSM_MultiModelExp_llm_rag_ollama:llama3.3:70b-8k - INFO - Final Matrix:
[[1, 1, 0, 1, 1, 0], [1, 1, 0, 1, 1, 0], [0, 0, 1, 0, 0, 0], [1, 1, 0, 1, 1, 0], [1, 1, 0, 1, 1, 0], [0, 0, 0, 0, 0, 1]]
2025-02-23 04:48:21,132 - DSM_MultiModelExp_llm_rag_ollama:llama3.3:70b-8k - INFO - --------------------------------------------------
2025-02-23 04:48:21,133 - DSM_MultiModelExp_llm_rag_ollama:llama3.3:70b-8k - INFO - Matrix from response.
2025-02-23 04:48:21,134 - DSM_MultiModelExp_llm_rag_ollama:llama3.3:70b-8k - INFO - At run 1/5
2025-02-23 04:48:21,135 - DSM_MultiModelExp_llm_rag_ollama:llama3.3:70b-8k - INFO - Matrix: [[1, 1, 0, 1, 1, 0], [1, 1, 0, 1, 1, 0], [0, 0, 1, 0, 0, 0], [1, 1, 0, 1, 1, 0], [1, 1, 0, 1, 1, 0], [0, 0, 0, 0, 0, 1]]
2025-02-23 04:48:21,136 - DSM_MultiModelExp_llm_rag_ollama:llama3.3:70b-8k - INFO - --------------------------------------------------
2025-02-23 04:48:31,147 - DSM_MultiModelExp_llm_rag_ollama:llama3.3:70b-8k - INFO - Run 2/5
2025-02-23 04:48:31,183 - DSM_MultiModelExp_llm_rag_ollama:llama3.3:70b-8k - INFO - DEBUG: Initializing RAGInference.
2025-02-23 04:48:31,184 - DSM_MultiModelExp_llm_rag_ollama:llama3.3:70b-8k - INFO - Using R-type: ['R1']
2025-02-23 04:48:31,184 - DSM_MultiModelExp_llm_rag_ollama:llama3.3:70b-8k - INFO - Using embedding model: text-embedding-3-small
2025-02-23 04:48:31,218 - DSM_MultiModelExp_llm_rag_ollama:llama3.3:70b-8k - INFO - VectorStoreManager initialized
2025-02-23 04:48:31,219 - DSM_MultiModelExp_llm_rag_ollama:llama3.3:70b-8k - INFO - Set database path to: xLM_DSM/data/vectorstore/CubeSat/llm_rag/text-embedding-3-small
2025-02-23 04:48:31,228 - DSM_MultiModelExp_llm_rag_ollama:llama3.3:70b-8k - INFO - Collection count: 2320
2025-02-23 04:48:31,231 - DSM_MultiModelExp_llm_rag_ollama:llama3.3:70b-8k - INFO - Initialized RAG inference for system: CubeSat (nanosatellite)
2025-02-23 04:48:31,232 - DSM_MultiModelExp_llm_rag_ollama:llama3.3:70b-8k - INFO - Initialized DSM for system: CubeSat (nanosatellite)
2025-02-23 04:48:31,233 - DSM_MultiModelExp_llm_rag_ollama:llama3.3:70b-8k - INFO - Inference model: ollama:llama3.3:70b-8k
2025-02-23 04:48:31,233 - DSM_MultiModelExp_llm_rag_ollama:llama3.3:70b-8k - INFO - Predicted Components: ['Power System', 'Communication System', 'Navigation System', 'Computer System', 'Mechanical Structure', 'Thermal Control System']
2025-02-23 04:48:31,235 - DSM_MultiModelExp_llm_rag_ollama:llama3.3:70b-8k - INFO - Number of components: 6
2025-02-23 04:48:31,235 - DSM_MultiModelExp_llm_rag_ollama:llama3.3:70b-8k - INFO - Predicted components for query: ['Power System', 'Communication System', 'Navigation System', 'Computer System', 'Mechanical Structure', 'Thermal Control System']
2025-02-23 04:48:31,236 - DSM_MultiModelExp_llm_rag_ollama:llama3.3:70b-8k - INFO - Query: 
        Please identify system-level hierarchical whole-part relationships between the components of CubeSat (nanosatellite), as listed below, and represent them in a Design Structure Matrix (DSM) format.          
        The relationships should be articulated in plain English, capturing the essence of their interactions.         
        Here is the list of subsystems/components to analyze: ['Power System', 'Communication System', 'Navigation System', 'Computer System', 'Mechanical Structure', 'Thermal Control System']         
        The DSM should clearly indicate the interactions between these components as 1 exist and 0 does not exist, considering both the presence and nature of these connections.         
        Present the output in a square matrix format (number of rows and columns MUST be the same as the number of components = 6 for this example), with rows and columns labeled accordingly.         
        Diagonal elements should be 1 in DSM matrix since each component interacts with itself.         
        If you don't know the answer, just write 2 for the specific cell that you are unsure of. A worst case scenario of the **as a list of lists** shown below (diagonal elements are 1 and rest are 2). Don't make up an answer.         
        final response = [[1, 2, 2, 2, 2, 2, 2],[2, 1, 2, 2, 2, 2, 2],[2, 2, 1, 2, 2, 2, 2],[2, 2, 2, 1, 2, 2, 2],[2, 2, 2, 2, 1, 2, 2],[2, 2, 2, 2, 2, 1, 2],[2, 2, 2, 2, 2, 2, 1]] for 7 components         
        final response = [[1, 2, 2],[2, 1, 2],[2, 2, 1]] for 3 components         
        IMPORTANT: Your response must **ONLY** contain a valid **as a list of lists** in the following example format 7x7 matrix.         
        The below list of lists is just an example format of a response. **Replace** the values with your **actual analysis** while providing your response with parameter of 'final response'.        
        final response = [[1, 0, 0, 0, 0, 0, 0],[0, 1, 0, 0, 0, 0, 0],[0, 0, 1, 0, 0, 0, 0],   [0, 0, 0, 1, 0, 0, 0],[0, 0, 0, 0, 1, 0, 0],[0, 0, 0, 0, 0, 1, 0],[0, 0, 0, 0, 0, 0, 1]] for 7 components         
        final response = [[1, 0, 0],[0, 1, 0],[0, 0, 1]] for 3 components         
        IMPORTANT: THE FORMAT OF THE OUTPUT MUST BE AS LIST OF LISTS ONLY SIMILAR TO THE ONE ABOVE (NO LATEX, CODE, OR OTHER ENCODINGS).
        
2025-02-23 04:48:41,309 - DSM_MultiModelExp_llm_rag_ollama:llama3.3:70b-8k - INFO - Number of documents retrieved: 4
2025-02-23 04:48:41,310 - DSM_MultiModelExp_llm_rag_ollama:llama3.3:70b-8k - INFO - Documents used for this query:
2025-02-23 04:48:41,311 - DSM_MultiModelExp_llm_rag_ollama:llama3.3:70b-8k - INFO - File: ../data/use_cases_large/CubeSat/reference_pdfs/R1_combined.pdf
2025-02-23 04:48:41,312 - DSM_MultiModelExp_llm_rag_ollama:llama3.3:70b-8k - INFO - Page: 0
2025-02-23 04:48:41,313 - DSM_MultiModelExp_llm_rag_ollama:llama3.3:70b-8k - INFO - Content: that then facilitate a bottom-up development and fabrication
process. Some of the design tools (e.g., N2 diagram) described
in NASAs Systems Engineering Handbook are utilized early in
the design phase ...
2025-02-23 04:48:41,314 - DSM_MultiModelExp_llm_rag_ollama:llama3.3:70b-8k - INFO - File: ../data/use_cases_large/CubeSat/reference_pdfs/R1_combined.pdf
2025-02-23 04:48:41,315 - DSM_MultiModelExp_llm_rag_ollama:llama3.3:70b-8k - INFO - Page: 15
2025-02-23 04:48:41,316 - DSM_MultiModelExp_llm_rag_ollama:llama3.3:70b-8k - INFO - Content: ing point. The focus shifts now from system level (CubeSat 
mass, power production, form factor) to subsystem selec -
tions. Prior to going through the refinement part, the user 
is required to fill i ...
2025-02-23 04:48:41,317 - DSM_MultiModelExp_llm_rag_ollama:llama3.3:70b-8k - INFO - File: ../data/use_cases_large/CubeSat/reference_pdfs/R1_combined.pdf
2025-02-23 04:48:41,318 - DSM_MultiModelExp_llm_rag_ollama:llama3.3:70b-8k - INFO - Page: 18
2025-02-23 04:48:41,319 - DSM_MultiModelExp_llm_rag_ollama:llama3.3:70b-8k - INFO - Content: 28].
• To perform any study with a simulation software 
(ANSYS, STK etc.), a step file is necessary. Hence, the 
position of the subsystems must be fixed previously to 
generate such a file.
Each of t ...
2025-02-23 04:48:41,320 - DSM_MultiModelExp_llm_rag_ollama:llama3.3:70b-8k - INFO - File: ../data/use_cases_large/CubeSat/reference_pdfs/R1_combined.pdf
2025-02-23 04:48:41,321 - DSM_MultiModelExp_llm_rag_ollama:llama3.3:70b-8k - INFO - Page: 15
2025-02-23 04:48:41,322 - DSM_MultiModelExp_llm_rag_ollama:llama3.3:70b-8k - INFO - Content: • Propulsion subsystem.
• Electric power subsystem (EPS).
• Structure subsystem.
• OBC subsystem.
• TT &C subsystem.
• Thermal subsystem.
Excluding the payload subsystem, in which the refinement is 
c ...
2025-02-23 04:48:41,323 - DSM_MultiModelExp_llm_rag_ollama:llama3.3:70b-8k - INFO - Raw Response: final response = [[1, 1, 0, 1, 1, 0],[1, 1, 0, 1, 1, 0],[0, 0, 1, 0, 0, 1],[1, 1, 0, 1, 1, 0],[1, 1, 0, 1, 1, 0],[0, 0, 1, 0, 0, 1]]
2025-02-23 04:48:41,324 - DSM_MultiModelExp_llm_rag_ollama:llama3.3:70b-8k - INFO - Response: final response = [[1, 1, 0, 1, 1, 0],[1, 1, 0, 1, 1, 0],[0, 0, 1, 0, 0, 1],[1, 1, 0, 1, 1, 0],[1, 1, 0, 1, 1, 0],[0, 0, 1, 0, 0, 1]]
2025-02-23 04:48:41,325 - DSM_MultiModelExp_llm_rag_ollama:llama3.3:70b-8k - INFO - Matrix: [[1, 1, 0, 1, 1, 0], [1, 1, 0, 1, 1, 0], [0, 0, 1, 0, 0, 1], [1, 1, 0, 1, 1, 0], [1, 1, 0, 1, 1, 0], [0, 0, 1, 0, 0, 1]]
2025-02-23 04:48:41,326 - DSM_MultiModelExp_llm_rag_ollama:llama3.3:70b-8k - INFO - Final Matrix:
[[1, 1, 0, 1, 1, 0], [1, 1, 0, 1, 1, 0], [0, 0, 1, 0, 0, 1], [1, 1, 0, 1, 1, 0], [1, 1, 0, 1, 1, 0], [0, 0, 1, 0, 0, 1]]
2025-02-23 04:48:41,327 - DSM_MultiModelExp_llm_rag_ollama:llama3.3:70b-8k - INFO - --------------------------------------------------
2025-02-23 04:48:41,328 - DSM_MultiModelExp_llm_rag_ollama:llama3.3:70b-8k - INFO - Matrix from response.
2025-02-23 04:48:41,329 - DSM_MultiModelExp_llm_rag_ollama:llama3.3:70b-8k - INFO - At run 2/5
2025-02-23 04:48:41,330 - DSM_MultiModelExp_llm_rag_ollama:llama3.3:70b-8k - INFO - Matrix: [[1, 1, 0, 1, 1, 0], [1, 1, 0, 1, 1, 0], [0, 0, 1, 0, 0, 1], [1, 1, 0, 1, 1, 0], [1, 1, 0, 1, 1, 0], [0, 0, 1, 0, 0, 1]]
2025-02-23 04:48:41,330 - DSM_MultiModelExp_llm_rag_ollama:llama3.3:70b-8k - INFO - --------------------------------------------------
2025-02-23 04:48:51,341 - DSM_MultiModelExp_llm_rag_ollama:llama3.3:70b-8k - INFO - Run 3/5
2025-02-23 04:48:51,378 - DSM_MultiModelExp_llm_rag_ollama:llama3.3:70b-8k - INFO - DEBUG: Initializing RAGInference.
2025-02-23 04:48:51,379 - DSM_MultiModelExp_llm_rag_ollama:llama3.3:70b-8k - INFO - Using R-type: ['R1']
2025-02-23 04:48:51,380 - DSM_MultiModelExp_llm_rag_ollama:llama3.3:70b-8k - INFO - Using embedding model: text-embedding-3-small
2025-02-23 04:48:51,415 - DSM_MultiModelExp_llm_rag_ollama:llama3.3:70b-8k - INFO - VectorStoreManager initialized
2025-02-23 04:48:51,416 - DSM_MultiModelExp_llm_rag_ollama:llama3.3:70b-8k - INFO - Set database path to: xLM_DSM/data/vectorstore/CubeSat/llm_rag/text-embedding-3-small
2025-02-23 04:48:51,424 - DSM_MultiModelExp_llm_rag_ollama:llama3.3:70b-8k - INFO - Collection count: 2320
2025-02-23 04:48:51,428 - DSM_MultiModelExp_llm_rag_ollama:llama3.3:70b-8k - INFO - Initialized RAG inference for system: CubeSat (nanosatellite)
2025-02-23 04:48:51,428 - DSM_MultiModelExp_llm_rag_ollama:llama3.3:70b-8k - INFO - Initialized DSM for system: CubeSat (nanosatellite)
2025-02-23 04:48:51,429 - DSM_MultiModelExp_llm_rag_ollama:llama3.3:70b-8k - INFO - Inference model: ollama:llama3.3:70b-8k
2025-02-23 04:48:51,430 - DSM_MultiModelExp_llm_rag_ollama:llama3.3:70b-8k - INFO - Predicted Components: ['Power System', 'Communication System', 'Navigation System', 'Computer System', 'Mechanical Structure', 'Thermal Control System']
2025-02-23 04:48:51,432 - DSM_MultiModelExp_llm_rag_ollama:llama3.3:70b-8k - INFO - Number of components: 6
2025-02-23 04:48:51,433 - DSM_MultiModelExp_llm_rag_ollama:llama3.3:70b-8k - INFO - Predicted components for query: ['Power System', 'Communication System', 'Navigation System', 'Computer System', 'Mechanical Structure', 'Thermal Control System']
2025-02-23 04:48:51,433 - DSM_MultiModelExp_llm_rag_ollama:llama3.3:70b-8k - INFO - Query: 
        Please identify system-level hierarchical whole-part relationships between the components of CubeSat (nanosatellite), as listed below, and represent them in a Design Structure Matrix (DSM) format.          
        The relationships should be articulated in plain English, capturing the essence of their interactions.         
        Here is the list of subsystems/components to analyze: ['Power System', 'Communication System', 'Navigation System', 'Computer System', 'Mechanical Structure', 'Thermal Control System']         
        The DSM should clearly indicate the interactions between these components as 1 exist and 0 does not exist, considering both the presence and nature of these connections.         
        Present the output in a square matrix format (number of rows and columns MUST be the same as the number of components = 6 for this example), with rows and columns labeled accordingly.         
        Diagonal elements should be 1 in DSM matrix since each component interacts with itself.         
        If you don't know the answer, just write 2 for the specific cell that you are unsure of. A worst case scenario of the **as a list of lists** shown below (diagonal elements are 1 and rest are 2). Don't make up an answer.         
        final response = [[1, 2, 2, 2, 2, 2, 2],[2, 1, 2, 2, 2, 2, 2],[2, 2, 1, 2, 2, 2, 2],[2, 2, 2, 1, 2, 2, 2],[2, 2, 2, 2, 1, 2, 2],[2, 2, 2, 2, 2, 1, 2],[2, 2, 2, 2, 2, 2, 1]] for 7 components         
        final response = [[1, 2, 2],[2, 1, 2],[2, 2, 1]] for 3 components         
        IMPORTANT: Your response must **ONLY** contain a valid **as a list of lists** in the following example format 7x7 matrix.         
        The below list of lists is just an example format of a response. **Replace** the values with your **actual analysis** while providing your response with parameter of 'final response'.        
        final response = [[1, 0, 0, 0, 0, 0, 0],[0, 1, 0, 0, 0, 0, 0],[0, 0, 1, 0, 0, 0, 0],   [0, 0, 0, 1, 0, 0, 0],[0, 0, 0, 0, 1, 0, 0],[0, 0, 0, 0, 0, 1, 0],[0, 0, 0, 0, 0, 0, 1]] for 7 components         
        final response = [[1, 0, 0],[0, 1, 0],[0, 0, 1]] for 3 components         
        IMPORTANT: THE FORMAT OF THE OUTPUT MUST BE AS LIST OF LISTS ONLY SIMILAR TO THE ONE ABOVE (NO LATEX, CODE, OR OTHER ENCODINGS).
        
2025-02-23 04:49:01,298 - DSM_MultiModelExp_llm_rag_ollama:llama3.3:70b-8k - INFO - Number of documents retrieved: 4
2025-02-23 04:49:01,299 - DSM_MultiModelExp_llm_rag_ollama:llama3.3:70b-8k - INFO - Documents used for this query:
2025-02-23 04:49:01,300 - DSM_MultiModelExp_llm_rag_ollama:llama3.3:70b-8k - INFO - File: ../data/use_cases_large/CubeSat/reference_pdfs/R1_combined.pdf
2025-02-23 04:49:01,300 - DSM_MultiModelExp_llm_rag_ollama:llama3.3:70b-8k - INFO - Page: 0
2025-02-23 04:49:01,302 - DSM_MultiModelExp_llm_rag_ollama:llama3.3:70b-8k - INFO - Content: that then facilitate a bottom-up development and fabrication
process. Some of the design tools (e.g., N2 diagram) described
in NASAs Systems Engineering Handbook are utilized early in
the design phase ...
2025-02-23 04:49:01,302 - DSM_MultiModelExp_llm_rag_ollama:llama3.3:70b-8k - INFO - File: ../data/use_cases_large/CubeSat/reference_pdfs/R1_combined.pdf
2025-02-23 04:49:01,303 - DSM_MultiModelExp_llm_rag_ollama:llama3.3:70b-8k - INFO - Page: 15
2025-02-23 04:49:01,304 - DSM_MultiModelExp_llm_rag_ollama:llama3.3:70b-8k - INFO - Content: ing point. The focus shifts now from system level (CubeSat 
mass, power production, form factor) to subsystem selec -
tions. Prior to going through the refinement part, the user 
is required to fill i ...
2025-02-23 04:49:01,305 - DSM_MultiModelExp_llm_rag_ollama:llama3.3:70b-8k - INFO - File: ../data/use_cases_large/CubeSat/reference_pdfs/R1_combined.pdf
2025-02-23 04:49:01,306 - DSM_MultiModelExp_llm_rag_ollama:llama3.3:70b-8k - INFO - Page: 18
2025-02-23 04:49:01,307 - DSM_MultiModelExp_llm_rag_ollama:llama3.3:70b-8k - INFO - Content: 28].
• To perform any study with a simulation software 
(ANSYS, STK etc.), a step file is necessary. Hence, the 
position of the subsystems must be fixed previously to 
generate such a file.
Each of t ...
2025-02-23 04:49:01,307 - DSM_MultiModelExp_llm_rag_ollama:llama3.3:70b-8k - INFO - File: ../data/use_cases_large/CubeSat/reference_pdfs/R1_combined.pdf
2025-02-23 04:49:01,308 - DSM_MultiModelExp_llm_rag_ollama:llama3.3:70b-8k - INFO - Page: 15
2025-02-23 04:49:01,309 - DSM_MultiModelExp_llm_rag_ollama:llama3.3:70b-8k - INFO - Content: • Propulsion subsystem.
• Electric power subsystem (EPS).
• Structure subsystem.
• OBC subsystem.
• TT &C subsystem.
• Thermal subsystem.
Excluding the payload subsystem, in which the refinement is 
c ...
2025-02-23 04:49:01,310 - DSM_MultiModelExp_llm_rag_ollama:llama3.3:70b-8k - INFO - Raw Response: final response = [[1, 1, 0, 1, 1, 0],[1, 1, 0, 1, 1, 0],[0, 0, 1, 0, 0, 1],[1, 1, 0, 1, 1, 0],[1, 1, 0, 1, 1, 0],[0, 0, 1, 0, 0, 1]]
2025-02-23 04:49:01,310 - DSM_MultiModelExp_llm_rag_ollama:llama3.3:70b-8k - INFO - Response: final response = [[1, 1, 0, 1, 1, 0],[1, 1, 0, 1, 1, 0],[0, 0, 1, 0, 0, 1],[1, 1, 0, 1, 1, 0],[1, 1, 0, 1, 1, 0],[0, 0, 1, 0, 0, 1]]
2025-02-23 04:49:01,311 - DSM_MultiModelExp_llm_rag_ollama:llama3.3:70b-8k - INFO - Matrix: [[1, 1, 0, 1, 1, 0], [1, 1, 0, 1, 1, 0], [0, 0, 1, 0, 0, 1], [1, 1, 0, 1, 1, 0], [1, 1, 0, 1, 1, 0], [0, 0, 1, 0, 0, 1]]
2025-02-23 04:49:01,312 - DSM_MultiModelExp_llm_rag_ollama:llama3.3:70b-8k - INFO - Final Matrix:
[[1, 1, 0, 1, 1, 0], [1, 1, 0, 1, 1, 0], [0, 0, 1, 0, 0, 1], [1, 1, 0, 1, 1, 0], [1, 1, 0, 1, 1, 0], [0, 0, 1, 0, 0, 1]]
2025-02-23 04:49:01,313 - DSM_MultiModelExp_llm_rag_ollama:llama3.3:70b-8k - INFO - --------------------------------------------------
2025-02-23 04:49:01,314 - DSM_MultiModelExp_llm_rag_ollama:llama3.3:70b-8k - INFO - Matrix from response.
2025-02-23 04:49:01,314 - DSM_MultiModelExp_llm_rag_ollama:llama3.3:70b-8k - INFO - At run 3/5
2025-02-23 04:49:01,315 - DSM_MultiModelExp_llm_rag_ollama:llama3.3:70b-8k - INFO - Matrix: [[1, 1, 0, 1, 1, 0], [1, 1, 0, 1, 1, 0], [0, 0, 1, 0, 0, 1], [1, 1, 0, 1, 1, 0], [1, 1, 0, 1, 1, 0], [0, 0, 1, 0, 0, 1]]
2025-02-23 04:49:01,316 - DSM_MultiModelExp_llm_rag_ollama:llama3.3:70b-8k - INFO - --------------------------------------------------
2025-02-23 04:49:11,326 - DSM_MultiModelExp_llm_rag_ollama:llama3.3:70b-8k - INFO - Run 4/5
2025-02-23 04:49:11,361 - DSM_MultiModelExp_llm_rag_ollama:llama3.3:70b-8k - INFO - DEBUG: Initializing RAGInference.
2025-02-23 04:49:11,362 - DSM_MultiModelExp_llm_rag_ollama:llama3.3:70b-8k - INFO - Using R-type: ['R1']
2025-02-23 04:49:11,364 - DSM_MultiModelExp_llm_rag_ollama:llama3.3:70b-8k - INFO - Using embedding model: text-embedding-3-small
2025-02-23 04:49:11,399 - DSM_MultiModelExp_llm_rag_ollama:llama3.3:70b-8k - INFO - VectorStoreManager initialized
2025-02-23 04:49:11,400 - DSM_MultiModelExp_llm_rag_ollama:llama3.3:70b-8k - INFO - Set database path to: xLM_DSM/data/vectorstore/CubeSat/llm_rag/text-embedding-3-small
2025-02-23 04:49:11,408 - DSM_MultiModelExp_llm_rag_ollama:llama3.3:70b-8k - INFO - Collection count: 2320
2025-02-23 04:49:11,411 - DSM_MultiModelExp_llm_rag_ollama:llama3.3:70b-8k - INFO - Initialized RAG inference for system: CubeSat (nanosatellite)
2025-02-23 04:49:11,412 - DSM_MultiModelExp_llm_rag_ollama:llama3.3:70b-8k - INFO - Initialized DSM for system: CubeSat (nanosatellite)
2025-02-23 04:49:11,413 - DSM_MultiModelExp_llm_rag_ollama:llama3.3:70b-8k - INFO - Inference model: ollama:llama3.3:70b-8k
2025-02-23 04:49:11,414 - DSM_MultiModelExp_llm_rag_ollama:llama3.3:70b-8k - INFO - Predicted Components: ['Power System', 'Communication System', 'Navigation System', 'Computer System', 'Mechanical Structure', 'Thermal Control System']
2025-02-23 04:49:11,415 - DSM_MultiModelExp_llm_rag_ollama:llama3.3:70b-8k - INFO - Number of components: 6
2025-02-23 04:49:11,415 - DSM_MultiModelExp_llm_rag_ollama:llama3.3:70b-8k - INFO - Predicted components for query: ['Power System', 'Communication System', 'Navigation System', 'Computer System', 'Mechanical Structure', 'Thermal Control System']
2025-02-23 04:49:11,416 - DSM_MultiModelExp_llm_rag_ollama:llama3.3:70b-8k - INFO - Query: 
        Please identify system-level hierarchical whole-part relationships between the components of CubeSat (nanosatellite), as listed below, and represent them in a Design Structure Matrix (DSM) format.          
        The relationships should be articulated in plain English, capturing the essence of their interactions.         
        Here is the list of subsystems/components to analyze: ['Power System', 'Communication System', 'Navigation System', 'Computer System', 'Mechanical Structure', 'Thermal Control System']         
        The DSM should clearly indicate the interactions between these components as 1 exist and 0 does not exist, considering both the presence and nature of these connections.         
        Present the output in a square matrix format (number of rows and columns MUST be the same as the number of components = 6 for this example), with rows and columns labeled accordingly.         
        Diagonal elements should be 1 in DSM matrix since each component interacts with itself.         
        If you don't know the answer, just write 2 for the specific cell that you are unsure of. A worst case scenario of the **as a list of lists** shown below (diagonal elements are 1 and rest are 2). Don't make up an answer.         
        final response = [[1, 2, 2, 2, 2, 2, 2],[2, 1, 2, 2, 2, 2, 2],[2, 2, 1, 2, 2, 2, 2],[2, 2, 2, 1, 2, 2, 2],[2, 2, 2, 2, 1, 2, 2],[2, 2, 2, 2, 2, 1, 2],[2, 2, 2, 2, 2, 2, 1]] for 7 components         
        final response = [[1, 2, 2],[2, 1, 2],[2, 2, 1]] for 3 components         
        IMPORTANT: Your response must **ONLY** contain a valid **as a list of lists** in the following example format 7x7 matrix.         
        The below list of lists is just an example format of a response. **Replace** the values with your **actual analysis** while providing your response with parameter of 'final response'.        
        final response = [[1, 0, 0, 0, 0, 0, 0],[0, 1, 0, 0, 0, 0, 0],[0, 0, 1, 0, 0, 0, 0],   [0, 0, 0, 1, 0, 0, 0],[0, 0, 0, 0, 1, 0, 0],[0, 0, 0, 0, 0, 1, 0],[0, 0, 0, 0, 0, 0, 1]] for 7 components         
        final response = [[1, 0, 0],[0, 1, 0],[0, 0, 1]] for 3 components         
        IMPORTANT: THE FORMAT OF THE OUTPUT MUST BE AS LIST OF LISTS ONLY SIMILAR TO THE ONE ABOVE (NO LATEX, CODE, OR OTHER ENCODINGS).
        
2025-02-23 04:49:21,254 - DSM_MultiModelExp_llm_rag_ollama:llama3.3:70b-8k - INFO - Number of documents retrieved: 4
2025-02-23 04:49:21,255 - DSM_MultiModelExp_llm_rag_ollama:llama3.3:70b-8k - INFO - Documents used for this query:
2025-02-23 04:49:21,256 - DSM_MultiModelExp_llm_rag_ollama:llama3.3:70b-8k - INFO - File: ../data/use_cases_large/CubeSat/reference_pdfs/R1_combined.pdf
2025-02-23 04:49:21,258 - DSM_MultiModelExp_llm_rag_ollama:llama3.3:70b-8k - INFO - Page: 0
2025-02-23 04:49:21,258 - DSM_MultiModelExp_llm_rag_ollama:llama3.3:70b-8k - INFO - Content: that then facilitate a bottom-up development and fabrication
process. Some of the design tools (e.g., N2 diagram) described
in NASAs Systems Engineering Handbook are utilized early in
the design phase ...
2025-02-23 04:49:21,259 - DSM_MultiModelExp_llm_rag_ollama:llama3.3:70b-8k - INFO - File: ../data/use_cases_large/CubeSat/reference_pdfs/R1_combined.pdf
2025-02-23 04:49:21,260 - DSM_MultiModelExp_llm_rag_ollama:llama3.3:70b-8k - INFO - Page: 15
2025-02-23 04:49:21,261 - DSM_MultiModelExp_llm_rag_ollama:llama3.3:70b-8k - INFO - Content: ing point. The focus shifts now from system level (CubeSat 
mass, power production, form factor) to subsystem selec -
tions. Prior to going through the refinement part, the user 
is required to fill i ...
2025-02-23 04:49:21,262 - DSM_MultiModelExp_llm_rag_ollama:llama3.3:70b-8k - INFO - File: ../data/use_cases_large/CubeSat/reference_pdfs/R1_combined.pdf
2025-02-23 04:49:21,263 - DSM_MultiModelExp_llm_rag_ollama:llama3.3:70b-8k - INFO - Page: 18
2025-02-23 04:49:21,264 - DSM_MultiModelExp_llm_rag_ollama:llama3.3:70b-8k - INFO - Content: 28].
• To perform any study with a simulation software 
(ANSYS, STK etc.), a step file is necessary. Hence, the 
position of the subsystems must be fixed previously to 
generate such a file.
Each of t ...
2025-02-23 04:49:21,265 - DSM_MultiModelExp_llm_rag_ollama:llama3.3:70b-8k - INFO - File: ../data/use_cases_large/CubeSat/reference_pdfs/R1_combined.pdf
2025-02-23 04:49:21,265 - DSM_MultiModelExp_llm_rag_ollama:llama3.3:70b-8k - INFO - Page: 15
2025-02-23 04:49:21,266 - DSM_MultiModelExp_llm_rag_ollama:llama3.3:70b-8k - INFO - Content: • Propulsion subsystem.
• Electric power subsystem (EPS).
• Structure subsystem.
• OBC subsystem.
• TT &C subsystem.
• Thermal subsystem.
Excluding the payload subsystem, in which the refinement is 
c ...
2025-02-23 04:49:21,267 - DSM_MultiModelExp_llm_rag_ollama:llama3.3:70b-8k - INFO - Raw Response: final response = [[1, 1, 0, 1, 1, 0],[1, 1, 0, 1, 1, 0],[0, 0, 1, 0, 0, 1],[1, 1, 0, 1, 1, 0],[1, 1, 0, 1, 1, 0],[0, 0, 1, 0, 0, 1]]
2025-02-23 04:49:21,268 - DSM_MultiModelExp_llm_rag_ollama:llama3.3:70b-8k - INFO - Response: final response = [[1, 1, 0, 1, 1, 0],[1, 1, 0, 1, 1, 0],[0, 0, 1, 0, 0, 1],[1, 1, 0, 1, 1, 0],[1, 1, 0, 1, 1, 0],[0, 0, 1, 0, 0, 1]]
2025-02-23 04:49:21,269 - DSM_MultiModelExp_llm_rag_ollama:llama3.3:70b-8k - INFO - Matrix: [[1, 1, 0, 1, 1, 0], [1, 1, 0, 1, 1, 0], [0, 0, 1, 0, 0, 1], [1, 1, 0, 1, 1, 0], [1, 1, 0, 1, 1, 0], [0, 0, 1, 0, 0, 1]]
2025-02-23 04:49:21,270 - DSM_MultiModelExp_llm_rag_ollama:llama3.3:70b-8k - INFO - Final Matrix:
[[1, 1, 0, 1, 1, 0], [1, 1, 0, 1, 1, 0], [0, 0, 1, 0, 0, 1], [1, 1, 0, 1, 1, 0], [1, 1, 0, 1, 1, 0], [0, 0, 1, 0, 0, 1]]
2025-02-23 04:49:21,271 - DSM_MultiModelExp_llm_rag_ollama:llama3.3:70b-8k - INFO - --------------------------------------------------
2025-02-23 04:49:21,272 - DSM_MultiModelExp_llm_rag_ollama:llama3.3:70b-8k - INFO - Matrix from response.
2025-02-23 04:49:21,272 - DSM_MultiModelExp_llm_rag_ollama:llama3.3:70b-8k - INFO - At run 4/5
2025-02-23 04:49:21,274 - DSM_MultiModelExp_llm_rag_ollama:llama3.3:70b-8k - INFO - Matrix: [[1, 1, 0, 1, 1, 0], [1, 1, 0, 1, 1, 0], [0, 0, 1, 0, 0, 1], [1, 1, 0, 1, 1, 0], [1, 1, 0, 1, 1, 0], [0, 0, 1, 0, 0, 1]]
2025-02-23 04:49:21,274 - DSM_MultiModelExp_llm_rag_ollama:llama3.3:70b-8k - INFO - --------------------------------------------------
2025-02-23 04:49:31,285 - DSM_MultiModelExp_llm_rag_ollama:llama3.3:70b-8k - INFO - Run 5/5
2025-02-23 04:49:31,321 - DSM_MultiModelExp_llm_rag_ollama:llama3.3:70b-8k - INFO - DEBUG: Initializing RAGInference.
2025-02-23 04:49:31,322 - DSM_MultiModelExp_llm_rag_ollama:llama3.3:70b-8k - INFO - Using R-type: ['R1']
2025-02-23 04:49:31,324 - DSM_MultiModelExp_llm_rag_ollama:llama3.3:70b-8k - INFO - Using embedding model: text-embedding-3-small
2025-02-23 04:49:31,357 - DSM_MultiModelExp_llm_rag_ollama:llama3.3:70b-8k - INFO - VectorStoreManager initialized
2025-02-23 04:49:31,358 - DSM_MultiModelExp_llm_rag_ollama:llama3.3:70b-8k - INFO - Set database path to: xLM_DSM/data/vectorstore/CubeSat/llm_rag/text-embedding-3-small
2025-02-23 04:49:31,366 - DSM_MultiModelExp_llm_rag_ollama:llama3.3:70b-8k - INFO - Collection count: 2320
2025-02-23 04:49:31,370 - DSM_MultiModelExp_llm_rag_ollama:llama3.3:70b-8k - INFO - Initialized RAG inference for system: CubeSat (nanosatellite)
2025-02-23 04:49:31,371 - DSM_MultiModelExp_llm_rag_ollama:llama3.3:70b-8k - INFO - Initialized DSM for system: CubeSat (nanosatellite)
2025-02-23 04:49:31,371 - DSM_MultiModelExp_llm_rag_ollama:llama3.3:70b-8k - INFO - Inference model: ollama:llama3.3:70b-8k
2025-02-23 04:49:31,372 - DSM_MultiModelExp_llm_rag_ollama:llama3.3:70b-8k - INFO - Predicted Components: ['Power System', 'Communication System', 'Navigation System', 'Computer System', 'Mechanical Structure', 'Thermal Control System']
2025-02-23 04:49:31,373 - DSM_MultiModelExp_llm_rag_ollama:llama3.3:70b-8k - INFO - Number of components: 6
2025-02-23 04:49:31,374 - DSM_MultiModelExp_llm_rag_ollama:llama3.3:70b-8k - INFO - Predicted components for query: ['Power System', 'Communication System', 'Navigation System', 'Computer System', 'Mechanical Structure', 'Thermal Control System']
2025-02-23 04:49:31,375 - DSM_MultiModelExp_llm_rag_ollama:llama3.3:70b-8k - INFO - Query: 
        Please identify system-level hierarchical whole-part relationships between the components of CubeSat (nanosatellite), as listed below, and represent them in a Design Structure Matrix (DSM) format.          
        The relationships should be articulated in plain English, capturing the essence of their interactions.         
        Here is the list of subsystems/components to analyze: ['Power System', 'Communication System', 'Navigation System', 'Computer System', 'Mechanical Structure', 'Thermal Control System']         
        The DSM should clearly indicate the interactions between these components as 1 exist and 0 does not exist, considering both the presence and nature of these connections.         
        Present the output in a square matrix format (number of rows and columns MUST be the same as the number of components = 6 for this example), with rows and columns labeled accordingly.         
        Diagonal elements should be 1 in DSM matrix since each component interacts with itself.         
        If you don't know the answer, just write 2 for the specific cell that you are unsure of. A worst case scenario of the **as a list of lists** shown below (diagonal elements are 1 and rest are 2). Don't make up an answer.         
        final response = [[1, 2, 2, 2, 2, 2, 2],[2, 1, 2, 2, 2, 2, 2],[2, 2, 1, 2, 2, 2, 2],[2, 2, 2, 1, 2, 2, 2],[2, 2, 2, 2, 1, 2, 2],[2, 2, 2, 2, 2, 1, 2],[2, 2, 2, 2, 2, 2, 1]] for 7 components         
        final response = [[1, 2, 2],[2, 1, 2],[2, 2, 1]] for 3 components         
        IMPORTANT: Your response must **ONLY** contain a valid **as a list of lists** in the following example format 7x7 matrix.         
        The below list of lists is just an example format of a response. **Replace** the values with your **actual analysis** while providing your response with parameter of 'final response'.        
        final response = [[1, 0, 0, 0, 0, 0, 0],[0, 1, 0, 0, 0, 0, 0],[0, 0, 1, 0, 0, 0, 0],   [0, 0, 0, 1, 0, 0, 0],[0, 0, 0, 0, 1, 0, 0],[0, 0, 0, 0, 0, 1, 0],[0, 0, 0, 0, 0, 0, 1]] for 7 components         
        final response = [[1, 0, 0],[0, 1, 0],[0, 0, 1]] for 3 components         
        IMPORTANT: THE FORMAT OF THE OUTPUT MUST BE AS LIST OF LISTS ONLY SIMILAR TO THE ONE ABOVE (NO LATEX, CODE, OR OTHER ENCODINGS).
        
2025-02-23 04:49:41,731 - DSM_MultiModelExp_llm_rag_ollama:llama3.3:70b-8k - INFO - Number of documents retrieved: 4
2025-02-23 04:49:41,746 - DSM_MultiModelExp_llm_rag_ollama:llama3.3:70b-8k - INFO - Documents used for this query:
2025-02-23 04:49:41,747 - DSM_MultiModelExp_llm_rag_ollama:llama3.3:70b-8k - INFO - File: ../data/use_cases_large/CubeSat/reference_pdfs/R1_combined.pdf
2025-02-23 04:49:41,748 - DSM_MultiModelExp_llm_rag_ollama:llama3.3:70b-8k - INFO - Page: 0
2025-02-23 04:49:41,750 - DSM_MultiModelExp_llm_rag_ollama:llama3.3:70b-8k - INFO - Content: that then facilitate a bottom-up development and fabrication
process. Some of the design tools (e.g., N2 diagram) described
in NASAs Systems Engineering Handbook are utilized early in
the design phase ...
2025-02-23 04:49:41,750 - DSM_MultiModelExp_llm_rag_ollama:llama3.3:70b-8k - INFO - File: ../data/use_cases_large/CubeSat/reference_pdfs/R1_combined.pdf
2025-02-23 04:49:41,751 - DSM_MultiModelExp_llm_rag_ollama:llama3.3:70b-8k - INFO - Page: 15
2025-02-23 04:49:41,752 - DSM_MultiModelExp_llm_rag_ollama:llama3.3:70b-8k - INFO - Content: ing point. The focus shifts now from system level (CubeSat 
mass, power production, form factor) to subsystem selec -
tions. Prior to going through the refinement part, the user 
is required to fill i ...
2025-02-23 04:49:41,753 - DSM_MultiModelExp_llm_rag_ollama:llama3.3:70b-8k - INFO - File: ../data/use_cases_large/CubeSat/reference_pdfs/R1_combined.pdf
2025-02-23 04:49:41,754 - DSM_MultiModelExp_llm_rag_ollama:llama3.3:70b-8k - INFO - Page: 18
2025-02-23 04:49:41,755 - DSM_MultiModelExp_llm_rag_ollama:llama3.3:70b-8k - INFO - Content: 28].
• To perform any study with a simulation software 
(ANSYS, STK etc.), a step file is necessary. Hence, the 
position of the subsystems must be fixed previously to 
generate such a file.
Each of t ...
2025-02-23 04:49:41,756 - DSM_MultiModelExp_llm_rag_ollama:llama3.3:70b-8k - INFO - File: ../data/use_cases_large/CubeSat/reference_pdfs/R1_combined.pdf
2025-02-23 04:49:41,757 - DSM_MultiModelExp_llm_rag_ollama:llama3.3:70b-8k - INFO - Page: 15
2025-02-23 04:49:41,758 - DSM_MultiModelExp_llm_rag_ollama:llama3.3:70b-8k - INFO - Content: • Propulsion subsystem.
• Electric power subsystem (EPS).
• Structure subsystem.
• OBC subsystem.
• TT &C subsystem.
• Thermal subsystem.
Excluding the payload subsystem, in which the refinement is 
c ...
2025-02-23 04:49:41,759 - DSM_MultiModelExp_llm_rag_ollama:llama3.3:70b-8k - INFO - Raw Response: final response = [[1, 1, 0, 1, 1, 0],[1, 1, 0, 1, 1, 0],[0, 0, 1, 0, 0, 1],[1, 1, 0, 1, 1, 0],[1, 1, 0, 1, 1, 0],[0, 0, 1, 0, 0, 1]]
2025-02-23 04:49:41,759 - DSM_MultiModelExp_llm_rag_ollama:llama3.3:70b-8k - INFO - Response: final response = [[1, 1, 0, 1, 1, 0],[1, 1, 0, 1, 1, 0],[0, 0, 1, 0, 0, 1],[1, 1, 0, 1, 1, 0],[1, 1, 0, 1, 1, 0],[0, 0, 1, 0, 0, 1]]
2025-02-23 04:49:41,761 - DSM_MultiModelExp_llm_rag_ollama:llama3.3:70b-8k - INFO - Matrix: [[1, 1, 0, 1, 1, 0], [1, 1, 0, 1, 1, 0], [0, 0, 1, 0, 0, 1], [1, 1, 0, 1, 1, 0], [1, 1, 0, 1, 1, 0], [0, 0, 1, 0, 0, 1]]
2025-02-23 04:49:41,762 - DSM_MultiModelExp_llm_rag_ollama:llama3.3:70b-8k - INFO - Final Matrix:
[[1, 1, 0, 1, 1, 0], [1, 1, 0, 1, 1, 0], [0, 0, 1, 0, 0, 1], [1, 1, 0, 1, 1, 0], [1, 1, 0, 1, 1, 0], [0, 0, 1, 0, 0, 1]]
2025-02-23 04:49:41,762 - DSM_MultiModelExp_llm_rag_ollama:llama3.3:70b-8k - INFO - --------------------------------------------------
2025-02-23 04:49:41,763 - DSM_MultiModelExp_llm_rag_ollama:llama3.3:70b-8k - INFO - Matrix from response.
2025-02-23 04:49:41,764 - DSM_MultiModelExp_llm_rag_ollama:llama3.3:70b-8k - INFO - At run 5/5
2025-02-23 04:49:41,765 - DSM_MultiModelExp_llm_rag_ollama:llama3.3:70b-8k - INFO - Matrix: [[1, 1, 0, 1, 1, 0], [1, 1, 0, 1, 1, 0], [0, 0, 1, 0, 0, 1], [1, 1, 0, 1, 1, 0], [1, 1, 0, 1, 1, 0], [0, 0, 1, 0, 0, 1]]
2025-02-23 04:49:41,766 - DSM_MultiModelExp_llm_rag_ollama:llama3.3:70b-8k - INFO - --------------------------------------------------
2025-02-23 04:49:51,777 - DSM_MultiModelExp_llm_rag_ollama:llama3.3:70b-8k - INFO - Duration of reference combination {'R1': [{'path': '../data/use_cases_large/CubeSat/reference_pdfs/R1_combined.pdf'}]}: 0:02:23.912141
2025-02-23 04:49:51,778 - DSM_MultiModelExp_llm_rag_ollama:llama3.3:70b-8k - INFO - ++++++++++++++++++++++++++++++++++++++++++++++++++++++++++++++++++++++++++++++++++++++++++++++++++++
2025-02-23 04:49:51,779 - DSM_MultiModelExp_llm_rag_ollama:llama3.3:70b-8k - INFO - Run 1/5
2025-02-23 04:49:51,806 - DSM_MultiModelExp_llm_rag_ollama:llama3.3:70b-8k - INFO - DEBUG: Initializing RAGInference.
2025-02-23 04:49:51,807 - DSM_MultiModelExp_llm_rag_ollama:llama3.3:70b-8k - INFO - Using R-type: ['R2']
2025-02-23 04:49:51,807 - DSM_MultiModelExp_llm_rag_ollama:llama3.3:70b-8k - INFO - Using embedding model: text-embedding-3-small
2025-02-23 04:49:51,834 - DSM_MultiModelExp_llm_rag_ollama:llama3.3:70b-8k - INFO - VectorStoreManager initialized
2025-02-23 04:49:51,834 - DSM_MultiModelExp_llm_rag_ollama:llama3.3:70b-8k - INFO - Set database path to: xLM_DSM/data/vectorstore/CubeSat/llm_rag/text-embedding-3-small
2025-02-23 04:49:51,843 - DSM_MultiModelExp_llm_rag_ollama:llama3.3:70b-8k - INFO - Collection count: 2320
2025-02-23 04:49:51,846 - DSM_MultiModelExp_llm_rag_ollama:llama3.3:70b-8k - INFO - Initialized RAG inference for system: CubeSat (nanosatellite)
2025-02-23 04:49:51,847 - DSM_MultiModelExp_llm_rag_ollama:llama3.3:70b-8k - INFO - Initialized DSM for system: CubeSat (nanosatellite)
2025-02-23 04:49:51,848 - DSM_MultiModelExp_llm_rag_ollama:llama3.3:70b-8k - INFO - Inference model: ollama:llama3.3:70b-8k
2025-02-23 04:49:51,848 - DSM_MultiModelExp_llm_rag_ollama:llama3.3:70b-8k - INFO - Prompt (attempt 1/3): 
            Please identify the major components of CubeSat (nanosatellite) in the engineering based on hierarchical whole-part relationships.             
            The number of components must be 6 and must be a list of strings.             
            Please do not identify similar components that will work together under subsystem level since our interest is to identify the major components that form the core architecture of the system.             
            Here is an example of the components for made-up system:             
            final response = [ "component 1", "component 2", "component 3", "component 4", "component 5" ]             
            IMPORTANT: THE FORMAT OF THE OUTPUT MUST BE AS A LIST OF STRINGS ONLY SIMILAR TO THE ONE ABOVE (NO LATEX, NO CODE, NO DESCRIPTION, OR OTHER ENCODINGS).              
2025-02-23 04:49:55,844 - DSM_MultiModelExp_llm_rag_ollama:llama3.3:70b-8k - INFO - Number of documents retrieved: 4
2025-02-23 04:49:55,845 - DSM_MultiModelExp_llm_rag_ollama:llama3.3:70b-8k - INFO - Documents used for this query:
2025-02-23 04:49:55,846 - DSM_MultiModelExp_llm_rag_ollama:llama3.3:70b-8k - INFO - File: ../data/use_cases_large/CubeSat/reference_pdfs/R2_combined.pdf
2025-02-23 04:49:55,847 - DSM_MultiModelExp_llm_rag_ollama:llama3.3:70b-8k - INFO - Page: 527
2025-02-23 04:49:55,848 - DSM_MultiModelExp_llm_rag_ollama:llama3.3:70b-8k - INFO - Content: 7 Conclusions
In this chapter an overview of best practices during the structural system design and
manufacturing has been presented. In particular, attention has been focused on the def-
inition of t ...
2025-02-23 04:49:55,849 - DSM_MultiModelExp_llm_rag_ollama:llama3.3:70b-8k - INFO - File: ../data/use_cases_large/CubeSat/reference_pdfs/R2_combined.pdf
2025-02-23 04:49:55,850 - DSM_MultiModelExp_llm_rag_ollama:llama3.3:70b-8k - INFO - Page: 510
2025-02-23 04:49:55,851 - DSM_MultiModelExp_llm_rag_ollama:llama3.3:70b-8k - INFO - Content: sidered a CubeSat. Nevertheless, some of the constraints that dictate the structural
design are derived from the mission and systems requirements. For this reason, it
is important to give the CubeSat  ...
2025-02-23 04:49:55,852 - DSM_MultiModelExp_llm_rag_ollama:llama3.3:70b-8k - INFO - File: ../data/use_cases_large/CubeSat/reference_pdfs/R2_combined.pdf
2025-02-23 04:49:55,853 - DSM_MultiModelExp_llm_rag_ollama:llama3.3:70b-8k - INFO - Page: 369
2025-02-23 04:49:55,854 - DSM_MultiModelExp_llm_rag_ollama:llama3.3:70b-8k - INFO - Content: l
performance requirements
l
system scalability requirements
2. Space segment
l
constellation requirements
l
spacecraft requirements
l
general requirements
l
payload requirements
3. Ground segment
l
g ...
2025-02-23 04:49:55,855 - DSM_MultiModelExp_llm_rag_ollama:llama3.3:70b-8k - INFO - File: ../data/use_cases_large/CubeSat/reference_pdfs/R2_combined.pdf
2025-02-23 04:49:55,856 - DSM_MultiModelExp_llm_rag_ollama:llama3.3:70b-8k - INFO - Page: 472
2025-02-23 04:49:55,857 - DSM_MultiModelExp_llm_rag_ollama:llama3.3:70b-8k - INFO - Content: identifies potential other concepts through morphological analysis, which however
do not map to any well-known concept formulation. We analyze each concept
individually and discuss challenges and oppo ...
2025-02-23 04:49:55,857 - DSM_MultiModelExp_llm_rag_ollama:llama3.3:70b-8k - INFO - Raw Response: Space segment, Ground segment, User segment, Primary structure, Secondary structure, Payload
2025-02-23 04:49:55,859 - DSM_MultiModelExp_llm_rag_ollama:llama3.3:70b-8k - ERROR - Error parsing component list: No valid matrix found in response
2025-02-23 04:49:55,859 - DSM_MultiModelExp_llm_rag_ollama:llama3.3:70b-8k - ERROR - Erroneous raw response: Space segment, Ground segment, User segment, Primary structure, Secondary structure, Payload
2025-02-23 04:49:55,860 - DSM_MultiModelExp_llm_rag_ollama:llama3.3:70b-8k - WARNING - Retrying component identification (attempt 2/3)
2025-02-23 04:49:55,861 - DSM_MultiModelExp_llm_rag_ollama:llama3.3:70b-8k - INFO - Prompt (attempt 2/3): 
            Please identify the major components of CubeSat (nanosatellite) in the engineering based on hierarchical whole-part relationships.             
            The number of components must be 6 and must be a list of strings.             
            Please do not identify similar components that will work together under subsystem level since our interest is to identify the major components that form the core architecture of the system.             
            Here is an example of the components for made-up system:             
            final response = [ "component 1", "component 2", "component 3", "component 4", "component 5" ]             
            IMPORTANT: THE FORMAT OF THE OUTPUT MUST BE AS A LIST OF STRINGS ONLY SIMILAR TO THE ONE ABOVE (NO LATEX, NO CODE, NO DESCRIPTION, OR OTHER ENCODINGS).              
2025-02-23 04:49:57,928 - DSM_MultiModelExp_llm_rag_ollama:llama3.3:70b-8k - INFO - Number of documents retrieved: 4
2025-02-23 04:49:57,929 - DSM_MultiModelExp_llm_rag_ollama:llama3.3:70b-8k - INFO - Documents used for this query:
2025-02-23 04:49:57,930 - DSM_MultiModelExp_llm_rag_ollama:llama3.3:70b-8k - INFO - File: ../data/use_cases_large/CubeSat/reference_pdfs/R2_combined.pdf
2025-02-23 04:49:57,931 - DSM_MultiModelExp_llm_rag_ollama:llama3.3:70b-8k - INFO - Page: 527
2025-02-23 04:49:57,932 - DSM_MultiModelExp_llm_rag_ollama:llama3.3:70b-8k - INFO - Content: 7 Conclusions
In this chapter an overview of best practices during the structural system design and
manufacturing has been presented. In particular, attention has been focused on the def-
inition of t ...
2025-02-23 04:49:57,933 - DSM_MultiModelExp_llm_rag_ollama:llama3.3:70b-8k - INFO - File: ../data/use_cases_large/CubeSat/reference_pdfs/R2_combined.pdf
2025-02-23 04:49:57,935 - DSM_MultiModelExp_llm_rag_ollama:llama3.3:70b-8k - INFO - Page: 510
2025-02-23 04:49:57,935 - DSM_MultiModelExp_llm_rag_ollama:llama3.3:70b-8k - INFO - Content: sidered a CubeSat. Nevertheless, some of the constraints that dictate the structural
design are derived from the mission and systems requirements. For this reason, it
is important to give the CubeSat  ...
2025-02-23 04:49:57,936 - DSM_MultiModelExp_llm_rag_ollama:llama3.3:70b-8k - INFO - File: ../data/use_cases_large/CubeSat/reference_pdfs/R2_combined.pdf
2025-02-23 04:49:57,937 - DSM_MultiModelExp_llm_rag_ollama:llama3.3:70b-8k - INFO - Page: 369
2025-02-23 04:49:57,939 - DSM_MultiModelExp_llm_rag_ollama:llama3.3:70b-8k - INFO - Content: l
performance requirements
l
system scalability requirements
2. Space segment
l
constellation requirements
l
spacecraft requirements
l
general requirements
l
payload requirements
3. Ground segment
l
g ...
2025-02-23 04:49:57,939 - DSM_MultiModelExp_llm_rag_ollama:llama3.3:70b-8k - INFO - File: ../data/use_cases_large/CubeSat/reference_pdfs/R2_combined.pdf
2025-02-23 04:49:57,940 - DSM_MultiModelExp_llm_rag_ollama:llama3.3:70b-8k - INFO - Page: 472
2025-02-23 04:49:57,941 - DSM_MultiModelExp_llm_rag_ollama:llama3.3:70b-8k - INFO - Content: identifies potential other concepts through morphological analysis, which however
do not map to any well-known concept formulation. We analyze each concept
individually and discuss challenges and oppo ...
2025-02-23 04:49:57,942 - DSM_MultiModelExp_llm_rag_ollama:llama3.3:70b-8k - INFO - Raw Response: Space segment, Ground segment, User segment, Primary structure, Secondary structure, Payload
2025-02-23 04:49:57,943 - DSM_MultiModelExp_llm_rag_ollama:llama3.3:70b-8k - ERROR - Error parsing component list: No valid matrix found in response
2025-02-23 04:49:57,944 - DSM_MultiModelExp_llm_rag_ollama:llama3.3:70b-8k - ERROR - Erroneous raw response: Space segment, Ground segment, User segment, Primary structure, Secondary structure, Payload
2025-02-23 04:49:57,945 - DSM_MultiModelExp_llm_rag_ollama:llama3.3:70b-8k - WARNING - Retrying component identification (attempt 3/3)
2025-02-23 04:49:57,946 - DSM_MultiModelExp_llm_rag_ollama:llama3.3:70b-8k - INFO - Prompt (attempt 3/3): 
            Please identify the major components of CubeSat (nanosatellite) in the engineering based on hierarchical whole-part relationships.             
            The number of components must be 6 and must be a list of strings.             
            Please do not identify similar components that will work together under subsystem level since our interest is to identify the major components that form the core architecture of the system.             
            Here is an example of the components for made-up system:             
            final response = [ "component 1", "component 2", "component 3", "component 4", "component 5" ]             
            IMPORTANT: THE FORMAT OF THE OUTPUT MUST BE AS A LIST OF STRINGS ONLY SIMILAR TO THE ONE ABOVE (NO LATEX, NO CODE, NO DESCRIPTION, OR OTHER ENCODINGS).              
2025-02-23 04:49:59,696 - DSM_MultiModelExp_llm_rag_ollama:llama3.3:70b-8k - INFO - Number of documents retrieved: 4
2025-02-23 04:49:59,697 - DSM_MultiModelExp_llm_rag_ollama:llama3.3:70b-8k - INFO - Documents used for this query:
2025-02-23 04:49:59,698 - DSM_MultiModelExp_llm_rag_ollama:llama3.3:70b-8k - INFO - File: ../data/use_cases_large/CubeSat/reference_pdfs/R2_combined.pdf
2025-02-23 04:49:59,699 - DSM_MultiModelExp_llm_rag_ollama:llama3.3:70b-8k - INFO - Page: 527
2025-02-23 04:49:59,699 - DSM_MultiModelExp_llm_rag_ollama:llama3.3:70b-8k - INFO - Content: 7 Conclusions
In this chapter an overview of best practices during the structural system design and
manufacturing has been presented. In particular, attention has been focused on the def-
inition of t ...
2025-02-23 04:49:59,701 - DSM_MultiModelExp_llm_rag_ollama:llama3.3:70b-8k - INFO - File: ../data/use_cases_large/CubeSat/reference_pdfs/R2_combined.pdf
2025-02-23 04:49:59,702 - DSM_MultiModelExp_llm_rag_ollama:llama3.3:70b-8k - INFO - Page: 510
2025-02-23 04:49:59,703 - DSM_MultiModelExp_llm_rag_ollama:llama3.3:70b-8k - INFO - Content: sidered a CubeSat. Nevertheless, some of the constraints that dictate the structural
design are derived from the mission and systems requirements. For this reason, it
is important to give the CubeSat  ...
2025-02-23 04:49:59,703 - DSM_MultiModelExp_llm_rag_ollama:llama3.3:70b-8k - INFO - File: ../data/use_cases_large/CubeSat/reference_pdfs/R2_combined.pdf
2025-02-23 04:49:59,705 - DSM_MultiModelExp_llm_rag_ollama:llama3.3:70b-8k - INFO - Page: 369
2025-02-23 04:49:59,705 - DSM_MultiModelExp_llm_rag_ollama:llama3.3:70b-8k - INFO - Content: l
performance requirements
l
system scalability requirements
2. Space segment
l
constellation requirements
l
spacecraft requirements
l
general requirements
l
payload requirements
3. Ground segment
l
g ...
2025-02-23 04:49:59,707 - DSM_MultiModelExp_llm_rag_ollama:llama3.3:70b-8k - INFO - File: ../data/use_cases_large/CubeSat/reference_pdfs/R2_combined.pdf
2025-02-23 04:49:59,707 - DSM_MultiModelExp_llm_rag_ollama:llama3.3:70b-8k - INFO - Page: 472
2025-02-23 04:49:59,709 - DSM_MultiModelExp_llm_rag_ollama:llama3.3:70b-8k - INFO - Content: identifies potential other concepts through morphological analysis, which however
do not map to any well-known concept formulation. We analyze each concept
individually and discuss challenges and oppo ...
2025-02-23 04:49:59,709 - DSM_MultiModelExp_llm_rag_ollama:llama3.3:70b-8k - INFO - Raw Response: Space segment, Ground segment, User segment, Primary structure, Secondary structure, Payload
2025-02-23 04:49:59,710 - DSM_MultiModelExp_llm_rag_ollama:llama3.3:70b-8k - ERROR - Error parsing component list: No valid matrix found in response
2025-02-23 04:49:59,711 - DSM_MultiModelExp_llm_rag_ollama:llama3.3:70b-8k - ERROR - Erroneous raw response: Space segment, Ground segment, User segment, Primary structure, Secondary structure, Payload
2025-02-23 04:49:59,712 - DSM_MultiModelExp_llm_rag_ollama:llama3.3:70b-8k - ERROR - Error identifying components: Could not extract valid component list after 3 attempts
2025-02-23 04:49:59,713 - DSM_MultiModelExp_llm_rag_ollama:llama3.3:70b-8k - ERROR - Error identifying components: Could not extract valid component list after 3 attempts
2025-02-23 04:49:59,713 - DSM_MultiModelExp_llm_rag_ollama:llama3.3:70b-8k - WARNING - Retrying due to error (attempt 3/3)
2025-02-23 04:49:59,715 - DSM_MultiModelExp_llm_rag_ollama:llama3.3:70b-8k - INFO - Prompt (attempt 3/3): 
            Please identify the major components of CubeSat (nanosatellite) in the engineering based on hierarchical whole-part relationships.             
            The number of components must be 6 and must be a list of strings.             
            Please do not identify similar components that will work together under subsystem level since our interest is to identify the major components that form the core architecture of the system.             
            Here is an example of the components for made-up system:             
            final response = [ "component 1", "component 2", "component 3", "component 4", "component 5" ]             
            IMPORTANT: THE FORMAT OF THE OUTPUT MUST BE AS A LIST OF STRINGS ONLY SIMILAR TO THE ONE ABOVE (NO LATEX, NO CODE, NO DESCRIPTION, OR OTHER ENCODINGS).              
2025-02-23 04:50:01,501 - DSM_MultiModelExp_llm_rag_ollama:llama3.3:70b-8k - INFO - Number of documents retrieved: 4
2025-02-23 04:50:01,502 - DSM_MultiModelExp_llm_rag_ollama:llama3.3:70b-8k - INFO - Documents used for this query:
2025-02-23 04:50:01,503 - DSM_MultiModelExp_llm_rag_ollama:llama3.3:70b-8k - INFO - File: ../data/use_cases_large/CubeSat/reference_pdfs/R2_combined.pdf
2025-02-23 04:50:01,504 - DSM_MultiModelExp_llm_rag_ollama:llama3.3:70b-8k - INFO - Page: 527
2025-02-23 04:50:01,504 - DSM_MultiModelExp_llm_rag_ollama:llama3.3:70b-8k - INFO - Content: 7 Conclusions
In this chapter an overview of best practices during the structural system design and
manufacturing has been presented. In particular, attention has been focused on the def-
inition of t ...
2025-02-23 04:50:01,505 - DSM_MultiModelExp_llm_rag_ollama:llama3.3:70b-8k - INFO - File: ../data/use_cases_large/CubeSat/reference_pdfs/R2_combined.pdf
2025-02-23 04:50:01,506 - DSM_MultiModelExp_llm_rag_ollama:llama3.3:70b-8k - INFO - Page: 510
2025-02-23 04:50:01,508 - DSM_MultiModelExp_llm_rag_ollama:llama3.3:70b-8k - INFO - Content: sidered a CubeSat. Nevertheless, some of the constraints that dictate the structural
design are derived from the mission and systems requirements. For this reason, it
is important to give the CubeSat  ...
2025-02-23 04:50:01,509 - DSM_MultiModelExp_llm_rag_ollama:llama3.3:70b-8k - INFO - File: ../data/use_cases_large/CubeSat/reference_pdfs/R2_combined.pdf
2025-02-23 04:50:01,510 - DSM_MultiModelExp_llm_rag_ollama:llama3.3:70b-8k - INFO - Page: 369
2025-02-23 04:50:01,510 - DSM_MultiModelExp_llm_rag_ollama:llama3.3:70b-8k - INFO - Content: l
performance requirements
l
system scalability requirements
2. Space segment
l
constellation requirements
l
spacecraft requirements
l
general requirements
l
payload requirements
3. Ground segment
l
g ...
2025-02-23 04:50:01,512 - DSM_MultiModelExp_llm_rag_ollama:llama3.3:70b-8k - INFO - File: ../data/use_cases_large/CubeSat/reference_pdfs/R2_combined.pdf
2025-02-23 04:50:01,513 - DSM_MultiModelExp_llm_rag_ollama:llama3.3:70b-8k - INFO - Page: 472
2025-02-23 04:50:01,513 - DSM_MultiModelExp_llm_rag_ollama:llama3.3:70b-8k - INFO - Content: identifies potential other concepts through morphological analysis, which however
do not map to any well-known concept formulation. We analyze each concept
individually and discuss challenges and oppo ...
2025-02-23 04:50:01,514 - DSM_MultiModelExp_llm_rag_ollama:llama3.3:70b-8k - INFO - Raw Response: Space segment, Ground segment, User segment, Primary structure, Secondary structure, Payload
2025-02-23 04:50:01,515 - DSM_MultiModelExp_llm_rag_ollama:llama3.3:70b-8k - ERROR - Error parsing component list: No valid matrix found in response
2025-02-23 04:50:01,516 - DSM_MultiModelExp_llm_rag_ollama:llama3.3:70b-8k - ERROR - Erroneous raw response: Space segment, Ground segment, User segment, Primary structure, Secondary structure, Payload
2025-02-23 04:50:01,517 - DSM_MultiModelExp_llm_rag_ollama:llama3.3:70b-8k - ERROR - Error identifying components: Could not extract valid component list after 3 attempts
2025-02-23 04:50:01,518 - DSM_MultiModelExp_llm_rag_ollama:llama3.3:70b-8k - ERROR - Error identifying components: Could not extract valid component list after 3 attempts
2025-02-23 04:50:01,518 - DSM_MultiModelExp_llm_rag_ollama:llama3.3:70b-8k - WARNING - Retrying due to error (attempt 2/3)
2025-02-23 04:50:01,519 - DSM_MultiModelExp_llm_rag_ollama:llama3.3:70b-8k - INFO - Prompt (attempt 2/3): 
            Please identify the major components of CubeSat (nanosatellite) in the engineering based on hierarchical whole-part relationships.             
            The number of components must be 6 and must be a list of strings.             
            Please do not identify similar components that will work together under subsystem level since our interest is to identify the major components that form the core architecture of the system.             
            Here is an example of the components for made-up system:             
            final response = [ "component 1", "component 2", "component 3", "component 4", "component 5" ]             
            IMPORTANT: THE FORMAT OF THE OUTPUT MUST BE AS A LIST OF STRINGS ONLY SIMILAR TO THE ONE ABOVE (NO LATEX, NO CODE, NO DESCRIPTION, OR OTHER ENCODINGS).              
2025-02-23 04:50:03,433 - DSM_MultiModelExp_llm_rag_ollama:llama3.3:70b-8k - INFO - Number of documents retrieved: 4
2025-02-23 04:50:03,435 - DSM_MultiModelExp_llm_rag_ollama:llama3.3:70b-8k - INFO - Documents used for this query:
2025-02-23 04:50:03,435 - DSM_MultiModelExp_llm_rag_ollama:llama3.3:70b-8k - INFO - File: ../data/use_cases_large/CubeSat/reference_pdfs/R2_combined.pdf
2025-02-23 04:50:03,436 - DSM_MultiModelExp_llm_rag_ollama:llama3.3:70b-8k - INFO - Page: 527
2025-02-23 04:50:03,437 - DSM_MultiModelExp_llm_rag_ollama:llama3.3:70b-8k - INFO - Content: 7 Conclusions
In this chapter an overview of best practices during the structural system design and
manufacturing has been presented. In particular, attention has been focused on the def-
inition of t ...
2025-02-23 04:50:03,439 - DSM_MultiModelExp_llm_rag_ollama:llama3.3:70b-8k - INFO - File: ../data/use_cases_large/CubeSat/reference_pdfs/R2_combined.pdf
2025-02-23 04:50:03,439 - DSM_MultiModelExp_llm_rag_ollama:llama3.3:70b-8k - INFO - Page: 510
2025-02-23 04:50:03,440 - DSM_MultiModelExp_llm_rag_ollama:llama3.3:70b-8k - INFO - Content: sidered a CubeSat. Nevertheless, some of the constraints that dictate the structural
design are derived from the mission and systems requirements. For this reason, it
is important to give the CubeSat  ...
2025-02-23 04:50:03,441 - DSM_MultiModelExp_llm_rag_ollama:llama3.3:70b-8k - INFO - File: ../data/use_cases_large/CubeSat/reference_pdfs/R2_combined.pdf
2025-02-23 04:50:03,442 - DSM_MultiModelExp_llm_rag_ollama:llama3.3:70b-8k - INFO - Page: 369
2025-02-23 04:50:03,443 - DSM_MultiModelExp_llm_rag_ollama:llama3.3:70b-8k - INFO - Content: l
performance requirements
l
system scalability requirements
2. Space segment
l
constellation requirements
l
spacecraft requirements
l
general requirements
l
payload requirements
3. Ground segment
l
g ...
2025-02-23 04:50:03,444 - DSM_MultiModelExp_llm_rag_ollama:llama3.3:70b-8k - INFO - File: ../data/use_cases_large/CubeSat/reference_pdfs/R2_combined.pdf
2025-02-23 04:50:03,445 - DSM_MultiModelExp_llm_rag_ollama:llama3.3:70b-8k - INFO - Page: 472
2025-02-23 04:50:03,446 - DSM_MultiModelExp_llm_rag_ollama:llama3.3:70b-8k - INFO - Content: identifies potential other concepts through morphological analysis, which however
do not map to any well-known concept formulation. We analyze each concept
individually and discuss challenges and oppo ...
2025-02-23 04:50:03,447 - DSM_MultiModelExp_llm_rag_ollama:llama3.3:70b-8k - INFO - Raw Response: Space segment, Ground segment, User segment, Primary structure, Secondary structure, Payload
2025-02-23 04:50:03,448 - DSM_MultiModelExp_llm_rag_ollama:llama3.3:70b-8k - ERROR - Error parsing component list: No valid matrix found in response
2025-02-23 04:50:03,449 - DSM_MultiModelExp_llm_rag_ollama:llama3.3:70b-8k - ERROR - Erroneous raw response: Space segment, Ground segment, User segment, Primary structure, Secondary structure, Payload
2025-02-23 04:50:03,450 - DSM_MultiModelExp_llm_rag_ollama:llama3.3:70b-8k - WARNING - Retrying component identification (attempt 3/3)
2025-02-23 04:50:03,451 - DSM_MultiModelExp_llm_rag_ollama:llama3.3:70b-8k - INFO - Prompt (attempt 3/3): 
            Please identify the major components of CubeSat (nanosatellite) in the engineering based on hierarchical whole-part relationships.             
            The number of components must be 6 and must be a list of strings.             
            Please do not identify similar components that will work together under subsystem level since our interest is to identify the major components that form the core architecture of the system.             
            Here is an example of the components for made-up system:             
            final response = [ "component 1", "component 2", "component 3", "component 4", "component 5" ]             
            IMPORTANT: THE FORMAT OF THE OUTPUT MUST BE AS A LIST OF STRINGS ONLY SIMILAR TO THE ONE ABOVE (NO LATEX, NO CODE, NO DESCRIPTION, OR OTHER ENCODINGS).              
2025-02-23 04:50:05,191 - DSM_MultiModelExp_llm_rag_ollama:llama3.3:70b-8k - INFO - Number of documents retrieved: 4
2025-02-23 04:50:05,192 - DSM_MultiModelExp_llm_rag_ollama:llama3.3:70b-8k - INFO - Documents used for this query:
2025-02-23 04:50:05,193 - DSM_MultiModelExp_llm_rag_ollama:llama3.3:70b-8k - INFO - File: ../data/use_cases_large/CubeSat/reference_pdfs/R2_combined.pdf
2025-02-23 04:50:05,194 - DSM_MultiModelExp_llm_rag_ollama:llama3.3:70b-8k - INFO - Page: 527
2025-02-23 04:50:05,195 - DSM_MultiModelExp_llm_rag_ollama:llama3.3:70b-8k - INFO - Content: 7 Conclusions
In this chapter an overview of best practices during the structural system design and
manufacturing has been presented. In particular, attention has been focused on the def-
inition of t ...
2025-02-23 04:50:05,196 - DSM_MultiModelExp_llm_rag_ollama:llama3.3:70b-8k - INFO - File: ../data/use_cases_large/CubeSat/reference_pdfs/R2_combined.pdf
2025-02-23 04:50:05,197 - DSM_MultiModelExp_llm_rag_ollama:llama3.3:70b-8k - INFO - Page: 510
2025-02-23 04:50:05,198 - DSM_MultiModelExp_llm_rag_ollama:llama3.3:70b-8k - INFO - Content: sidered a CubeSat. Nevertheless, some of the constraints that dictate the structural
design are derived from the mission and systems requirements. For this reason, it
is important to give the CubeSat  ...
2025-02-23 04:50:05,199 - DSM_MultiModelExp_llm_rag_ollama:llama3.3:70b-8k - INFO - File: ../data/use_cases_large/CubeSat/reference_pdfs/R2_combined.pdf
2025-02-23 04:50:05,200 - DSM_MultiModelExp_llm_rag_ollama:llama3.3:70b-8k - INFO - Page: 369
2025-02-23 04:50:05,201 - DSM_MultiModelExp_llm_rag_ollama:llama3.3:70b-8k - INFO - Content: l
performance requirements
l
system scalability requirements
2. Space segment
l
constellation requirements
l
spacecraft requirements
l
general requirements
l
payload requirements
3. Ground segment
l
g ...
2025-02-23 04:50:05,202 - DSM_MultiModelExp_llm_rag_ollama:llama3.3:70b-8k - INFO - File: ../data/use_cases_large/CubeSat/reference_pdfs/R2_combined.pdf
2025-02-23 04:50:05,203 - DSM_MultiModelExp_llm_rag_ollama:llama3.3:70b-8k - INFO - Page: 472
2025-02-23 04:50:05,204 - DSM_MultiModelExp_llm_rag_ollama:llama3.3:70b-8k - INFO - Content: identifies potential other concepts through morphological analysis, which however
do not map to any well-known concept formulation. We analyze each concept
individually and discuss challenges and oppo ...
2025-02-23 04:50:05,205 - DSM_MultiModelExp_llm_rag_ollama:llama3.3:70b-8k - INFO - Raw Response: Space segment, Ground segment, User segment, Primary structure, Secondary structure, Payload
2025-02-23 04:50:05,206 - DSM_MultiModelExp_llm_rag_ollama:llama3.3:70b-8k - ERROR - Error parsing component list: No valid matrix found in response
2025-02-23 04:50:05,206 - DSM_MultiModelExp_llm_rag_ollama:llama3.3:70b-8k - ERROR - Erroneous raw response: Space segment, Ground segment, User segment, Primary structure, Secondary structure, Payload
2025-02-23 04:50:05,207 - DSM_MultiModelExp_llm_rag_ollama:llama3.3:70b-8k - ERROR - Error identifying components: Could not extract valid component list after 3 attempts
2025-02-23 04:50:05,208 - DSM_MultiModelExp_llm_rag_ollama:llama3.3:70b-8k - ERROR - Error identifying components: Could not extract valid component list after 3 attempts
2025-02-23 04:50:05,209 - DSM_MultiModelExp_llm_rag_ollama:llama3.3:70b-8k - WARNING - Retrying due to error (attempt 3/3)
2025-02-23 04:50:05,210 - DSM_MultiModelExp_llm_rag_ollama:llama3.3:70b-8k - INFO - Prompt (attempt 3/3): 
            Please identify the major components of CubeSat (nanosatellite) in the engineering based on hierarchical whole-part relationships.             
            The number of components must be 6 and must be a list of strings.             
            Please do not identify similar components that will work together under subsystem level since our interest is to identify the major components that form the core architecture of the system.             
            Here is an example of the components for made-up system:             
            final response = [ "component 1", "component 2", "component 3", "component 4", "component 5" ]             
            IMPORTANT: THE FORMAT OF THE OUTPUT MUST BE AS A LIST OF STRINGS ONLY SIMILAR TO THE ONE ABOVE (NO LATEX, NO CODE, NO DESCRIPTION, OR OTHER ENCODINGS).              
2025-02-23 04:50:07,159 - DSM_MultiModelExp_llm_rag_ollama:llama3.3:70b-8k - INFO - Number of documents retrieved: 4
2025-02-23 04:50:07,160 - DSM_MultiModelExp_llm_rag_ollama:llama3.3:70b-8k - INFO - Documents used for this query:
2025-02-23 04:50:07,161 - DSM_MultiModelExp_llm_rag_ollama:llama3.3:70b-8k - INFO - File: ../data/use_cases_large/CubeSat/reference_pdfs/R2_combined.pdf
2025-02-23 04:50:07,162 - DSM_MultiModelExp_llm_rag_ollama:llama3.3:70b-8k - INFO - Page: 527
2025-02-23 04:50:07,163 - DSM_MultiModelExp_llm_rag_ollama:llama3.3:70b-8k - INFO - Content: 7 Conclusions
In this chapter an overview of best practices during the structural system design and
manufacturing has been presented. In particular, attention has been focused on the def-
inition of t ...
2025-02-23 04:50:07,164 - DSM_MultiModelExp_llm_rag_ollama:llama3.3:70b-8k - INFO - File: ../data/use_cases_large/CubeSat/reference_pdfs/R2_combined.pdf
2025-02-23 04:50:07,165 - DSM_MultiModelExp_llm_rag_ollama:llama3.3:70b-8k - INFO - Page: 510
2025-02-23 04:50:07,166 - DSM_MultiModelExp_llm_rag_ollama:llama3.3:70b-8k - INFO - Content: sidered a CubeSat. Nevertheless, some of the constraints that dictate the structural
design are derived from the mission and systems requirements. For this reason, it
is important to give the CubeSat  ...
2025-02-23 04:50:07,167 - DSM_MultiModelExp_llm_rag_ollama:llama3.3:70b-8k - INFO - File: ../data/use_cases_large/CubeSat/reference_pdfs/R2_combined.pdf
2025-02-23 04:50:07,168 - DSM_MultiModelExp_llm_rag_ollama:llama3.3:70b-8k - INFO - Page: 369
2025-02-23 04:50:07,169 - DSM_MultiModelExp_llm_rag_ollama:llama3.3:70b-8k - INFO - Content: l
performance requirements
l
system scalability requirements
2. Space segment
l
constellation requirements
l
spacecraft requirements
l
general requirements
l
payload requirements
3. Ground segment
l
g ...
2025-02-23 04:50:07,170 - DSM_MultiModelExp_llm_rag_ollama:llama3.3:70b-8k - INFO - File: ../data/use_cases_large/CubeSat/reference_pdfs/R2_combined.pdf
2025-02-23 04:50:07,171 - DSM_MultiModelExp_llm_rag_ollama:llama3.3:70b-8k - INFO - Page: 472
2025-02-23 04:50:07,171 - DSM_MultiModelExp_llm_rag_ollama:llama3.3:70b-8k - INFO - Content: identifies potential other concepts through morphological analysis, which however
do not map to any well-known concept formulation. We analyze each concept
individually and discuss challenges and oppo ...
2025-02-23 04:50:07,172 - DSM_MultiModelExp_llm_rag_ollama:llama3.3:70b-8k - INFO - Raw Response: Space segment, Ground segment, User segment, Primary structure, Secondary structure, Payload
2025-02-23 04:50:07,173 - DSM_MultiModelExp_llm_rag_ollama:llama3.3:70b-8k - ERROR - Error parsing component list: No valid matrix found in response
2025-02-23 04:50:07,174 - DSM_MultiModelExp_llm_rag_ollama:llama3.3:70b-8k - ERROR - Erroneous raw response: Space segment, Ground segment, User segment, Primary structure, Secondary structure, Payload
2025-02-23 04:50:07,175 - DSM_MultiModelExp_llm_rag_ollama:llama3.3:70b-8k - ERROR - Error identifying components: Could not extract valid component list after 3 attempts
2025-02-23 04:50:07,176 - DSM_MultiModelExp_llm_rag_ollama:llama3.3:70b-8k - INFO - Run 2/5
2025-02-23 04:50:07,215 - DSM_MultiModelExp_llm_rag_ollama:llama3.3:70b-8k - INFO - DEBUG: Initializing RAGInference.
2025-02-23 04:50:07,216 - DSM_MultiModelExp_llm_rag_ollama:llama3.3:70b-8k - INFO - Using R-type: ['R2']
2025-02-23 04:50:07,216 - DSM_MultiModelExp_llm_rag_ollama:llama3.3:70b-8k - INFO - Using embedding model: text-embedding-3-small
2025-02-23 04:50:07,250 - DSM_MultiModelExp_llm_rag_ollama:llama3.3:70b-8k - INFO - VectorStoreManager initialized
2025-02-23 04:50:07,251 - DSM_MultiModelExp_llm_rag_ollama:llama3.3:70b-8k - INFO - Set database path to: xLM_DSM/data/vectorstore/CubeSat/llm_rag/text-embedding-3-small
2025-02-23 04:50:07,259 - DSM_MultiModelExp_llm_rag_ollama:llama3.3:70b-8k - INFO - Collection count: 2320
2025-02-23 04:50:07,273 - DSM_MultiModelExp_llm_rag_ollama:llama3.3:70b-8k - INFO - Initialized RAG inference for system: CubeSat (nanosatellite)
2025-02-23 04:50:07,273 - DSM_MultiModelExp_llm_rag_ollama:llama3.3:70b-8k - INFO - Initialized DSM for system: CubeSat (nanosatellite)
2025-02-23 04:50:07,274 - DSM_MultiModelExp_llm_rag_ollama:llama3.3:70b-8k - INFO - Inference model: ollama:llama3.3:70b-8k
2025-02-23 04:50:07,275 - DSM_MultiModelExp_llm_rag_ollama:llama3.3:70b-8k - INFO - Predicted Components: ['Power System', 'Communication System', 'Navigation System', 'Computer System', 'Mechanical Structure', 'Thermal Control System']
2025-02-23 04:50:07,276 - DSM_MultiModelExp_llm_rag_ollama:llama3.3:70b-8k - INFO - Number of components: 6
2025-02-23 04:50:07,277 - DSM_MultiModelExp_llm_rag_ollama:llama3.3:70b-8k - INFO - Predicted components for query: ['Power System', 'Communication System', 'Navigation System', 'Computer System', 'Mechanical Structure', 'Thermal Control System']
2025-02-23 04:50:07,278 - DSM_MultiModelExp_llm_rag_ollama:llama3.3:70b-8k - INFO - Query: 
        Please identify system-level hierarchical whole-part relationships between the components of CubeSat (nanosatellite), as listed below, and represent them in a Design Structure Matrix (DSM) format.          
        The relationships should be articulated in plain English, capturing the essence of their interactions.         
        Here is the list of subsystems/components to analyze: ['Power System', 'Communication System', 'Navigation System', 'Computer System', 'Mechanical Structure', 'Thermal Control System']         
        The DSM should clearly indicate the interactions between these components as 1 exist and 0 does not exist, considering both the presence and nature of these connections.         
        Present the output in a square matrix format (number of rows and columns MUST be the same as the number of components = 6 for this example), with rows and columns labeled accordingly.         
        Diagonal elements should be 1 in DSM matrix since each component interacts with itself.         
        If you don't know the answer, just write 2 for the specific cell that you are unsure of. A worst case scenario of the **as a list of lists** shown below (diagonal elements are 1 and rest are 2). Don't make up an answer.         
        final response = [[1, 2, 2, 2, 2, 2, 2],[2, 1, 2, 2, 2, 2, 2],[2, 2, 1, 2, 2, 2, 2],[2, 2, 2, 1, 2, 2, 2],[2, 2, 2, 2, 1, 2, 2],[2, 2, 2, 2, 2, 1, 2],[2, 2, 2, 2, 2, 2, 1]] for 7 components         
        final response = [[1, 2, 2],[2, 1, 2],[2, 2, 1]] for 3 components         
        IMPORTANT: Your response must **ONLY** contain a valid **as a list of lists** in the following example format 7x7 matrix.         
        The below list of lists is just an example format of a response. **Replace** the values with your **actual analysis** while providing your response with parameter of 'final response'.        
        final response = [[1, 0, 0, 0, 0, 0, 0],[0, 1, 0, 0, 0, 0, 0],[0, 0, 1, 0, 0, 0, 0],   [0, 0, 0, 1, 0, 0, 0],[0, 0, 0, 0, 1, 0, 0],[0, 0, 0, 0, 0, 1, 0],[0, 0, 0, 0, 0, 0, 1]] for 7 components         
        final response = [[1, 0, 0],[0, 1, 0],[0, 0, 1]] for 3 components         
        IMPORTANT: THE FORMAT OF THE OUTPUT MUST BE AS LIST OF LISTS ONLY SIMILAR TO THE ONE ABOVE (NO LATEX, CODE, OR OTHER ENCODINGS).
        
2025-02-23 04:50:19,321 - DSM_MultiModelExp_llm_rag_ollama:llama3.3:70b-8k - INFO - Number of documents retrieved: 4
2025-02-23 04:50:19,323 - DSM_MultiModelExp_llm_rag_ollama:llama3.3:70b-8k - INFO - Documents used for this query:
2025-02-23 04:50:19,323 - DSM_MultiModelExp_llm_rag_ollama:llama3.3:70b-8k - INFO - File: ../data/use_cases_large/CubeSat/reference_pdfs/R2_combined.pdf
2025-02-23 04:50:19,324 - DSM_MultiModelExp_llm_rag_ollama:llama3.3:70b-8k - INFO - Page: 13
2025-02-23 04:50:19,325 - DSM_MultiModelExp_llm_rag_ollama:llama3.3:70b-8k - INFO - Content: 5 Introduction to Design Structure Matrix Methods 
of the next section). Here we begin by adopting the original DSM convention with inputs 
in rows (IR) and outputs in columns. Later we also present e ...
2025-02-23 04:50:19,326 - DSM_MultiModelExp_llm_rag_ollama:llama3.3:70b-8k - INFO - File: ../data/use_cases_large/CubeSat/reference_pdfs/R2_combined.pdf
2025-02-23 04:50:19,327 - DSM_MultiModelExp_llm_rag_ollama:llama3.3:70b-8k - INFO - Page: 12
2025-02-23 04:50:19,327 - DSM_MultiModelExp_llm_rag_ollama:llama3.3:70b-8k - INFO - Content: 4 Chapter 1 
DSM, many find it easy to think of the cells along the diagonal of the matrix as represent­
ing the system elements- analogous to the nodes in the digraph model. To keep the 
matrix diagr ...
2025-02-23 04:50:19,328 - DSM_MultiModelExp_llm_rag_ollama:llama3.3:70b-8k - INFO - File: ../data/use_cases_large/CubeSat/reference_pdfs/R2_combined.pdf
2025-02-23 04:50:19,328 - DSM_MultiModelExp_llm_rag_ollama:llama3.3:70b-8k - INFO - Page: 14
2025-02-23 04:50:19,329 - DSM_MultiModelExp_llm_rag_ollama:llama3.3:70b-8k - INFO - Content: 6 Chapter 1 
A 
C 
A C B E G 0 F H 
A:X 
----.. ----- ----
xic 
B B:: X i X 
, " , 
____ ... _____ ____ .J _____ l _____ '- ___ _ 
E i XiEixi 
, " , 
G "'T'" "'TXTGTX-, " +--+-+---I 
o ""r'" 'xT"Tx 0  ...
2025-02-23 04:50:19,330 - DSM_MultiModelExp_llm_rag_ollama:llama3.3:70b-8k - INFO - File: ../data/use_cases_large/CubeSat/reference_pdfs/R2_combined.pdf
2025-02-23 04:50:19,331 - DSM_MultiModelExp_llm_rag_ollama:llama3.3:70b-8k - INFO - Page: 53
2025-02-23 04:50:19,332 - DSM_MultiModelExp_llm_rag_ollama:llama3.3:70b-8k - INFO - Content: 47 
1 2 
1 
3 
• 
• 
• 
9 
'2 
'3 
14 
15 
16 
'7 
'B 
'9 
20 
21 
22 
23 
24 
25 
• 
26 
27 
Product Architecture DSM Examples 
3 4 5 6 
Figure 3.3.4 
7 8 9 10 11 12 13 
• • • • • • 
• • • • • • 
Com ...
2025-02-23 04:50:19,333 - DSM_MultiModelExp_llm_rag_ollama:llama3.3:70b-8k - INFO - Raw Response: final response = [[1, 1, 0, 1, 1, 1],[1, 1, 1, 1, 0, 0],[0, 1, 1, 1, 0, 0],[1, 1, 1, 1, 1, 1],[1, 0, 0, 1, 1, 1],[1, 0, 0, 1, 1, 1]]
2025-02-23 04:50:19,333 - DSM_MultiModelExp_llm_rag_ollama:llama3.3:70b-8k - INFO - Response: final response = [[1, 1, 0, 1, 1, 1],[1, 1, 1, 1, 0, 0],[0, 1, 1, 1, 0, 0],[1, 1, 1, 1, 1, 1],[1, 0, 0, 1, 1, 1],[1, 0, 0, 1, 1, 1]]
2025-02-23 04:50:19,334 - DSM_MultiModelExp_llm_rag_ollama:llama3.3:70b-8k - INFO - Matrix: [[1, 1, 0, 1, 1, 1], [1, 1, 1, 1, 0, 0], [0, 1, 1, 1, 0, 0], [1, 1, 1, 1, 1, 1], [1, 0, 0, 1, 1, 1], [1, 0, 0, 1, 1, 1]]
2025-02-23 04:50:19,335 - DSM_MultiModelExp_llm_rag_ollama:llama3.3:70b-8k - INFO - Final Matrix:
[[1, 1, 0, 1, 1, 1], [1, 1, 1, 1, 0, 0], [0, 1, 1, 1, 0, 0], [1, 1, 1, 1, 1, 1], [1, 0, 0, 1, 1, 1], [1, 0, 0, 1, 1, 1]]
2025-02-23 04:50:19,335 - DSM_MultiModelExp_llm_rag_ollama:llama3.3:70b-8k - INFO - --------------------------------------------------
2025-02-23 04:50:19,336 - DSM_MultiModelExp_llm_rag_ollama:llama3.3:70b-8k - INFO - Matrix from response.
2025-02-23 04:50:19,336 - DSM_MultiModelExp_llm_rag_ollama:llama3.3:70b-8k - INFO - At run 2/5
2025-02-23 04:50:19,337 - DSM_MultiModelExp_llm_rag_ollama:llama3.3:70b-8k - INFO - Matrix: [[1, 1, 0, 1, 1, 1], [1, 1, 1, 1, 0, 0], [0, 1, 1, 1, 0, 0], [1, 1, 1, 1, 1, 1], [1, 0, 0, 1, 1, 1], [1, 0, 0, 1, 1, 1]]
2025-02-23 04:50:19,338 - DSM_MultiModelExp_llm_rag_ollama:llama3.3:70b-8k - INFO - --------------------------------------------------
2025-02-23 04:50:29,342 - DSM_MultiModelExp_llm_rag_ollama:llama3.3:70b-8k - INFO - Run 3/5
2025-02-23 04:50:29,378 - DSM_MultiModelExp_llm_rag_ollama:llama3.3:70b-8k - INFO - DEBUG: Initializing RAGInference.
2025-02-23 04:50:29,379 - DSM_MultiModelExp_llm_rag_ollama:llama3.3:70b-8k - INFO - Using R-type: ['R2']
2025-02-23 04:50:29,380 - DSM_MultiModelExp_llm_rag_ollama:llama3.3:70b-8k - INFO - Using embedding model: text-embedding-3-small
2025-02-23 04:50:29,414 - DSM_MultiModelExp_llm_rag_ollama:llama3.3:70b-8k - INFO - VectorStoreManager initialized
2025-02-23 04:50:29,415 - DSM_MultiModelExp_llm_rag_ollama:llama3.3:70b-8k - INFO - Set database path to: xLM_DSM/data/vectorstore/CubeSat/llm_rag/text-embedding-3-small
2025-02-23 04:50:29,423 - DSM_MultiModelExp_llm_rag_ollama:llama3.3:70b-8k - INFO - Collection count: 2320
2025-02-23 04:50:29,427 - DSM_MultiModelExp_llm_rag_ollama:llama3.3:70b-8k - INFO - Initialized RAG inference for system: CubeSat (nanosatellite)
2025-02-23 04:50:29,428 - DSM_MultiModelExp_llm_rag_ollama:llama3.3:70b-8k - INFO - Initialized DSM for system: CubeSat (nanosatellite)
2025-02-23 04:50:29,428 - DSM_MultiModelExp_llm_rag_ollama:llama3.3:70b-8k - INFO - Inference model: ollama:llama3.3:70b-8k
2025-02-23 04:50:29,429 - DSM_MultiModelExp_llm_rag_ollama:llama3.3:70b-8k - INFO - Predicted Components: ['Power System', 'Communication System', 'Navigation System', 'Computer System', 'Mechanical Structure', 'Thermal Control System']
2025-02-23 04:50:29,430 - DSM_MultiModelExp_llm_rag_ollama:llama3.3:70b-8k - INFO - Number of components: 6
2025-02-23 04:50:29,431 - DSM_MultiModelExp_llm_rag_ollama:llama3.3:70b-8k - INFO - Predicted components for query: ['Power System', 'Communication System', 'Navigation System', 'Computer System', 'Mechanical Structure', 'Thermal Control System']
2025-02-23 04:50:29,431 - DSM_MultiModelExp_llm_rag_ollama:llama3.3:70b-8k - INFO - Query: 
        Please identify system-level hierarchical whole-part relationships between the components of CubeSat (nanosatellite), as listed below, and represent them in a Design Structure Matrix (DSM) format.          
        The relationships should be articulated in plain English, capturing the essence of their interactions.         
        Here is the list of subsystems/components to analyze: ['Power System', 'Communication System', 'Navigation System', 'Computer System', 'Mechanical Structure', 'Thermal Control System']         
        The DSM should clearly indicate the interactions between these components as 1 exist and 0 does not exist, considering both the presence and nature of these connections.         
        Present the output in a square matrix format (number of rows and columns MUST be the same as the number of components = 6 for this example), with rows and columns labeled accordingly.         
        Diagonal elements should be 1 in DSM matrix since each component interacts with itself.         
        If you don't know the answer, just write 2 for the specific cell that you are unsure of. A worst case scenario of the **as a list of lists** shown below (diagonal elements are 1 and rest are 2). Don't make up an answer.         
        final response = [[1, 2, 2, 2, 2, 2, 2],[2, 1, 2, 2, 2, 2, 2],[2, 2, 1, 2, 2, 2, 2],[2, 2, 2, 1, 2, 2, 2],[2, 2, 2, 2, 1, 2, 2],[2, 2, 2, 2, 2, 1, 2],[2, 2, 2, 2, 2, 2, 1]] for 7 components         
        final response = [[1, 2, 2],[2, 1, 2],[2, 2, 1]] for 3 components         
        IMPORTANT: Your response must **ONLY** contain a valid **as a list of lists** in the following example format 7x7 matrix.         
        The below list of lists is just an example format of a response. **Replace** the values with your **actual analysis** while providing your response with parameter of 'final response'.        
        final response = [[1, 0, 0, 0, 0, 0, 0],[0, 1, 0, 0, 0, 0, 0],[0, 0, 1, 0, 0, 0, 0],   [0, 0, 0, 1, 0, 0, 0],[0, 0, 0, 0, 1, 0, 0],[0, 0, 0, 0, 0, 1, 0],[0, 0, 0, 0, 0, 0, 1]] for 7 components         
        final response = [[1, 0, 0],[0, 1, 0],[0, 0, 1]] for 3 components         
        IMPORTANT: THE FORMAT OF THE OUTPUT MUST BE AS LIST OF LISTS ONLY SIMILAR TO THE ONE ABOVE (NO LATEX, CODE, OR OTHER ENCODINGS).
        
2025-02-23 04:50:39,881 - DSM_MultiModelExp_llm_rag_ollama:llama3.3:70b-8k - INFO - Number of documents retrieved: 4
2025-02-23 04:50:39,882 - DSM_MultiModelExp_llm_rag_ollama:llama3.3:70b-8k - INFO - Documents used for this query:
2025-02-23 04:50:39,901 - DSM_MultiModelExp_llm_rag_ollama:llama3.3:70b-8k - INFO - File: ../data/use_cases_large/CubeSat/reference_pdfs/R2_combined.pdf
2025-02-23 04:50:39,902 - DSM_MultiModelExp_llm_rag_ollama:llama3.3:70b-8k - INFO - Page: 13
2025-02-23 04:50:39,903 - DSM_MultiModelExp_llm_rag_ollama:llama3.3:70b-8k - INFO - Content: 5 Introduction to Design Structure Matrix Methods 
of the next section). Here we begin by adopting the original DSM convention with inputs 
in rows (IR) and outputs in columns. Later we also present e ...
2025-02-23 04:50:39,904 - DSM_MultiModelExp_llm_rag_ollama:llama3.3:70b-8k - INFO - File: ../data/use_cases_large/CubeSat/reference_pdfs/R2_combined.pdf
2025-02-23 04:50:39,906 - DSM_MultiModelExp_llm_rag_ollama:llama3.3:70b-8k - INFO - Page: 12
2025-02-23 04:50:39,907 - DSM_MultiModelExp_llm_rag_ollama:llama3.3:70b-8k - INFO - Content: 4 Chapter 1 
DSM, many find it easy to think of the cells along the diagonal of the matrix as represent­
ing the system elements- analogous to the nodes in the digraph model. To keep the 
matrix diagr ...
2025-02-23 04:50:39,907 - DSM_MultiModelExp_llm_rag_ollama:llama3.3:70b-8k - INFO - File: ../data/use_cases_large/CubeSat/reference_pdfs/R2_combined.pdf
2025-02-23 04:50:39,908 - DSM_MultiModelExp_llm_rag_ollama:llama3.3:70b-8k - INFO - Page: 14
2025-02-23 04:50:39,909 - DSM_MultiModelExp_llm_rag_ollama:llama3.3:70b-8k - INFO - Content: 6 Chapter 1 
A 
C 
A C B E G 0 F H 
A:X 
----.. ----- ----
xic 
B B:: X i X 
, " , 
____ ... _____ ____ .J _____ l _____ '- ___ _ 
E i XiEixi 
, " , 
G "'T'" "'TXTGTX-, " +--+-+---I 
o ""r'" 'xT"Tx 0  ...
2025-02-23 04:50:39,910 - DSM_MultiModelExp_llm_rag_ollama:llama3.3:70b-8k - INFO - File: ../data/use_cases_large/CubeSat/reference_pdfs/R2_combined.pdf
2025-02-23 04:50:39,911 - DSM_MultiModelExp_llm_rag_ollama:llama3.3:70b-8k - INFO - Page: 53
2025-02-23 04:50:39,912 - DSM_MultiModelExp_llm_rag_ollama:llama3.3:70b-8k - INFO - Content: 47 
1 2 
1 
3 
• 
• 
• 
9 
'2 
'3 
14 
15 
16 
'7 
'B 
'9 
20 
21 
22 
23 
24 
25 
• 
26 
27 
Product Architecture DSM Examples 
3 4 5 6 
Figure 3.3.4 
7 8 9 10 11 12 13 
• • • • • • 
• • • • • • 
Com ...
2025-02-23 04:50:39,913 - DSM_MultiModelExp_llm_rag_ollama:llama3.3:70b-8k - INFO - Raw Response: final response = [[1, 1, 0, 1, 1, 1],[1, 1, 1, 1, 0, 0],[0, 1, 1, 1, 0, 0],[1, 1, 1, 1, 1, 1],[1, 0, 0, 1, 1, 1],[1, 0, 0, 1, 1, 1]]
2025-02-23 04:50:39,914 - DSM_MultiModelExp_llm_rag_ollama:llama3.3:70b-8k - INFO - Response: final response = [[1, 1, 0, 1, 1, 1],[1, 1, 1, 1, 0, 0],[0, 1, 1, 1, 0, 0],[1, 1, 1, 1, 1, 1],[1, 0, 0, 1, 1, 1],[1, 0, 0, 1, 1, 1]]
2025-02-23 04:50:39,915 - DSM_MultiModelExp_llm_rag_ollama:llama3.3:70b-8k - INFO - Matrix: [[1, 1, 0, 1, 1, 1], [1, 1, 1, 1, 0, 0], [0, 1, 1, 1, 0, 0], [1, 1, 1, 1, 1, 1], [1, 0, 0, 1, 1, 1], [1, 0, 0, 1, 1, 1]]
2025-02-23 04:50:39,916 - DSM_MultiModelExp_llm_rag_ollama:llama3.3:70b-8k - INFO - Final Matrix:
[[1, 1, 0, 1, 1, 1], [1, 1, 1, 1, 0, 0], [0, 1, 1, 1, 0, 0], [1, 1, 1, 1, 1, 1], [1, 0, 0, 1, 1, 1], [1, 0, 0, 1, 1, 1]]
2025-02-23 04:50:39,917 - DSM_MultiModelExp_llm_rag_ollama:llama3.3:70b-8k - INFO - --------------------------------------------------
2025-02-23 04:50:39,918 - DSM_MultiModelExp_llm_rag_ollama:llama3.3:70b-8k - INFO - Matrix from response.
2025-02-23 04:50:39,919 - DSM_MultiModelExp_llm_rag_ollama:llama3.3:70b-8k - INFO - At run 3/5
2025-02-23 04:50:39,920 - DSM_MultiModelExp_llm_rag_ollama:llama3.3:70b-8k - INFO - Matrix: [[1, 1, 0, 1, 1, 1], [1, 1, 1, 1, 0, 0], [0, 1, 1, 1, 0, 0], [1, 1, 1, 1, 1, 1], [1, 0, 0, 1, 1, 1], [1, 0, 0, 1, 1, 1]]
2025-02-23 04:50:39,921 - DSM_MultiModelExp_llm_rag_ollama:llama3.3:70b-8k - INFO - --------------------------------------------------
2025-02-23 04:50:49,932 - DSM_MultiModelExp_llm_rag_ollama:llama3.3:70b-8k - INFO - Run 4/5
2025-02-23 04:50:49,968 - DSM_MultiModelExp_llm_rag_ollama:llama3.3:70b-8k - INFO - DEBUG: Initializing RAGInference.
2025-02-23 04:50:49,969 - DSM_MultiModelExp_llm_rag_ollama:llama3.3:70b-8k - INFO - Using R-type: ['R2']
2025-02-23 04:50:49,970 - DSM_MultiModelExp_llm_rag_ollama:llama3.3:70b-8k - INFO - Using embedding model: text-embedding-3-small
2025-02-23 04:50:50,004 - DSM_MultiModelExp_llm_rag_ollama:llama3.3:70b-8k - INFO - VectorStoreManager initialized
2025-02-23 04:50:50,005 - DSM_MultiModelExp_llm_rag_ollama:llama3.3:70b-8k - INFO - Set database path to: xLM_DSM/data/vectorstore/CubeSat/llm_rag/text-embedding-3-small
2025-02-23 04:50:50,015 - DSM_MultiModelExp_llm_rag_ollama:llama3.3:70b-8k - INFO - Collection count: 2320
2025-02-23 04:50:50,019 - DSM_MultiModelExp_llm_rag_ollama:llama3.3:70b-8k - INFO - Initialized RAG inference for system: CubeSat (nanosatellite)
2025-02-23 04:50:50,020 - DSM_MultiModelExp_llm_rag_ollama:llama3.3:70b-8k - INFO - Initialized DSM for system: CubeSat (nanosatellite)
2025-02-23 04:50:50,020 - DSM_MultiModelExp_llm_rag_ollama:llama3.3:70b-8k - INFO - Inference model: ollama:llama3.3:70b-8k
2025-02-23 04:50:50,021 - DSM_MultiModelExp_llm_rag_ollama:llama3.3:70b-8k - INFO - Predicted Components: ['Power System', 'Communication System', 'Navigation System', 'Computer System', 'Mechanical Structure', 'Thermal Control System']
2025-02-23 04:50:50,023 - DSM_MultiModelExp_llm_rag_ollama:llama3.3:70b-8k - INFO - Number of components: 6
2025-02-23 04:50:50,023 - DSM_MultiModelExp_llm_rag_ollama:llama3.3:70b-8k - INFO - Predicted components for query: ['Power System', 'Communication System', 'Navigation System', 'Computer System', 'Mechanical Structure', 'Thermal Control System']
2025-02-23 04:50:50,024 - DSM_MultiModelExp_llm_rag_ollama:llama3.3:70b-8k - INFO - Query: 
        Please identify system-level hierarchical whole-part relationships between the components of CubeSat (nanosatellite), as listed below, and represent them in a Design Structure Matrix (DSM) format.          
        The relationships should be articulated in plain English, capturing the essence of their interactions.         
        Here is the list of subsystems/components to analyze: ['Power System', 'Communication System', 'Navigation System', 'Computer System', 'Mechanical Structure', 'Thermal Control System']         
        The DSM should clearly indicate the interactions between these components as 1 exist and 0 does not exist, considering both the presence and nature of these connections.         
        Present the output in a square matrix format (number of rows and columns MUST be the same as the number of components = 6 for this example), with rows and columns labeled accordingly.         
        Diagonal elements should be 1 in DSM matrix since each component interacts with itself.         
        If you don't know the answer, just write 2 for the specific cell that you are unsure of. A worst case scenario of the **as a list of lists** shown below (diagonal elements are 1 and rest are 2). Don't make up an answer.         
        final response = [[1, 2, 2, 2, 2, 2, 2],[2, 1, 2, 2, 2, 2, 2],[2, 2, 1, 2, 2, 2, 2],[2, 2, 2, 1, 2, 2, 2],[2, 2, 2, 2, 1, 2, 2],[2, 2, 2, 2, 2, 1, 2],[2, 2, 2, 2, 2, 2, 1]] for 7 components         
        final response = [[1, 2, 2],[2, 1, 2],[2, 2, 1]] for 3 components         
        IMPORTANT: Your response must **ONLY** contain a valid **as a list of lists** in the following example format 7x7 matrix.         
        The below list of lists is just an example format of a response. **Replace** the values with your **actual analysis** while providing your response with parameter of 'final response'.        
        final response = [[1, 0, 0, 0, 0, 0, 0],[0, 1, 0, 0, 0, 0, 0],[0, 0, 1, 0, 0, 0, 0],   [0, 0, 0, 1, 0, 0, 0],[0, 0, 0, 0, 1, 0, 0],[0, 0, 0, 0, 0, 1, 0],[0, 0, 0, 0, 0, 0, 1]] for 7 components         
        final response = [[1, 0, 0],[0, 1, 0],[0, 0, 1]] for 3 components         
        IMPORTANT: THE FORMAT OF THE OUTPUT MUST BE AS LIST OF LISTS ONLY SIMILAR TO THE ONE ABOVE (NO LATEX, CODE, OR OTHER ENCODINGS).
        
2025-02-23 04:51:00,216 - DSM_MultiModelExp_llm_rag_ollama:llama3.3:70b-8k - INFO - Number of documents retrieved: 4
2025-02-23 04:51:00,218 - DSM_MultiModelExp_llm_rag_ollama:llama3.3:70b-8k - INFO - Documents used for this query:
2025-02-23 04:51:00,218 - DSM_MultiModelExp_llm_rag_ollama:llama3.3:70b-8k - INFO - File: ../data/use_cases_large/CubeSat/reference_pdfs/R2_combined.pdf
2025-02-23 04:51:00,219 - DSM_MultiModelExp_llm_rag_ollama:llama3.3:70b-8k - INFO - Page: 13
2025-02-23 04:51:00,220 - DSM_MultiModelExp_llm_rag_ollama:llama3.3:70b-8k - INFO - Content: 5 Introduction to Design Structure Matrix Methods 
of the next section). Here we begin by adopting the original DSM convention with inputs 
in rows (IR) and outputs in columns. Later we also present e ...
2025-02-23 04:51:00,220 - DSM_MultiModelExp_llm_rag_ollama:llama3.3:70b-8k - INFO - File: ../data/use_cases_large/CubeSat/reference_pdfs/R2_combined.pdf
2025-02-23 04:51:00,221 - DSM_MultiModelExp_llm_rag_ollama:llama3.3:70b-8k - INFO - Page: 12
2025-02-23 04:51:00,221 - DSM_MultiModelExp_llm_rag_ollama:llama3.3:70b-8k - INFO - Content: 4 Chapter 1 
DSM, many find it easy to think of the cells along the diagonal of the matrix as represent­
ing the system elements- analogous to the nodes in the digraph model. To keep the 
matrix diagr ...
2025-02-23 04:51:00,222 - DSM_MultiModelExp_llm_rag_ollama:llama3.3:70b-8k - INFO - File: ../data/use_cases_large/CubeSat/reference_pdfs/R2_combined.pdf
2025-02-23 04:51:00,222 - DSM_MultiModelExp_llm_rag_ollama:llama3.3:70b-8k - INFO - Page: 14
2025-02-23 04:51:00,223 - DSM_MultiModelExp_llm_rag_ollama:llama3.3:70b-8k - INFO - Content: 6 Chapter 1 
A 
C 
A C B E G 0 F H 
A:X 
----.. ----- ----
xic 
B B:: X i X 
, " , 
____ ... _____ ____ .J _____ l _____ '- ___ _ 
E i XiEixi 
, " , 
G "'T'" "'TXTGTX-, " +--+-+---I 
o ""r'" 'xT"Tx 0  ...
2025-02-23 04:51:00,223 - DSM_MultiModelExp_llm_rag_ollama:llama3.3:70b-8k - INFO - File: ../data/use_cases_large/CubeSat/reference_pdfs/R2_combined.pdf
2025-02-23 04:51:00,224 - DSM_MultiModelExp_llm_rag_ollama:llama3.3:70b-8k - INFO - Page: 53
2025-02-23 04:51:00,224 - DSM_MultiModelExp_llm_rag_ollama:llama3.3:70b-8k - INFO - Content: 47 
1 2 
1 
3 
• 
• 
• 
9 
'2 
'3 
14 
15 
16 
'7 
'B 
'9 
20 
21 
22 
23 
24 
25 
• 
26 
27 
Product Architecture DSM Examples 
3 4 5 6 
Figure 3.3.4 
7 8 9 10 11 12 13 
• • • • • • 
• • • • • • 
Com ...
2025-02-23 04:51:00,225 - DSM_MultiModelExp_llm_rag_ollama:llama3.3:70b-8k - INFO - Raw Response: final response = [[1, 1, 0, 1, 1, 1],[1, 1, 1, 1, 0, 0],[0, 1, 1, 1, 0, 0],[1, 1, 1, 1, 1, 1],[1, 0, 0, 1, 1, 1],[1, 0, 0, 1, 1, 1]]
2025-02-23 04:51:00,225 - DSM_MultiModelExp_llm_rag_ollama:llama3.3:70b-8k - INFO - Response: final response = [[1, 1, 0, 1, 1, 1],[1, 1, 1, 1, 0, 0],[0, 1, 1, 1, 0, 0],[1, 1, 1, 1, 1, 1],[1, 0, 0, 1, 1, 1],[1, 0, 0, 1, 1, 1]]
2025-02-23 04:51:00,226 - DSM_MultiModelExp_llm_rag_ollama:llama3.3:70b-8k - INFO - Matrix: [[1, 1, 0, 1, 1, 1], [1, 1, 1, 1, 0, 0], [0, 1, 1, 1, 0, 0], [1, 1, 1, 1, 1, 1], [1, 0, 0, 1, 1, 1], [1, 0, 0, 1, 1, 1]]
2025-02-23 04:51:00,227 - DSM_MultiModelExp_llm_rag_ollama:llama3.3:70b-8k - INFO - Final Matrix:
[[1, 1, 0, 1, 1, 1], [1, 1, 1, 1, 0, 0], [0, 1, 1, 1, 0, 0], [1, 1, 1, 1, 1, 1], [1, 0, 0, 1, 1, 1], [1, 0, 0, 1, 1, 1]]
2025-02-23 04:51:00,227 - DSM_MultiModelExp_llm_rag_ollama:llama3.3:70b-8k - INFO - --------------------------------------------------
2025-02-23 04:51:00,228 - DSM_MultiModelExp_llm_rag_ollama:llama3.3:70b-8k - INFO - Matrix from response.
2025-02-23 04:51:00,228 - DSM_MultiModelExp_llm_rag_ollama:llama3.3:70b-8k - INFO - At run 4/5
2025-02-23 04:51:00,229 - DSM_MultiModelExp_llm_rag_ollama:llama3.3:70b-8k - INFO - Matrix: [[1, 1, 0, 1, 1, 1], [1, 1, 1, 1, 0, 0], [0, 1, 1, 1, 0, 0], [1, 1, 1, 1, 1, 1], [1, 0, 0, 1, 1, 1], [1, 0, 0, 1, 1, 1]]
2025-02-23 04:51:00,230 - DSM_MultiModelExp_llm_rag_ollama:llama3.3:70b-8k - INFO - --------------------------------------------------
2025-02-23 04:51:10,240 - DSM_MultiModelExp_llm_rag_ollama:llama3.3:70b-8k - INFO - Run 5/5
2025-02-23 04:51:10,267 - DSM_MultiModelExp_llm_rag_ollama:llama3.3:70b-8k - INFO - DEBUG: Initializing RAGInference.
2025-02-23 04:51:10,268 - DSM_MultiModelExp_llm_rag_ollama:llama3.3:70b-8k - INFO - Using R-type: ['R2']
2025-02-23 04:51:10,269 - DSM_MultiModelExp_llm_rag_ollama:llama3.3:70b-8k - INFO - Using embedding model: text-embedding-3-small
2025-02-23 04:51:10,297 - DSM_MultiModelExp_llm_rag_ollama:llama3.3:70b-8k - INFO - VectorStoreManager initialized
2025-02-23 04:51:10,298 - DSM_MultiModelExp_llm_rag_ollama:llama3.3:70b-8k - INFO - Set database path to: xLM_DSM/data/vectorstore/CubeSat/llm_rag/text-embedding-3-small
2025-02-23 04:51:10,306 - DSM_MultiModelExp_llm_rag_ollama:llama3.3:70b-8k - INFO - Collection count: 2320
2025-02-23 04:51:10,309 - DSM_MultiModelExp_llm_rag_ollama:llama3.3:70b-8k - INFO - Initialized RAG inference for system: CubeSat (nanosatellite)
2025-02-23 04:51:10,310 - DSM_MultiModelExp_llm_rag_ollama:llama3.3:70b-8k - INFO - Initialized DSM for system: CubeSat (nanosatellite)
2025-02-23 04:51:10,311 - DSM_MultiModelExp_llm_rag_ollama:llama3.3:70b-8k - INFO - Inference model: ollama:llama3.3:70b-8k
2025-02-23 04:51:10,312 - DSM_MultiModelExp_llm_rag_ollama:llama3.3:70b-8k - INFO - Predicted Components: ['Power System', 'Communication System', 'Navigation System', 'Computer System', 'Mechanical Structure', 'Thermal Control System']
2025-02-23 04:51:10,313 - DSM_MultiModelExp_llm_rag_ollama:llama3.3:70b-8k - INFO - Number of components: 6
2025-02-23 04:51:10,314 - DSM_MultiModelExp_llm_rag_ollama:llama3.3:70b-8k - INFO - Predicted components for query: ['Power System', 'Communication System', 'Navigation System', 'Computer System', 'Mechanical Structure', 'Thermal Control System']
2025-02-23 04:51:10,315 - DSM_MultiModelExp_llm_rag_ollama:llama3.3:70b-8k - INFO - Query: 
        Please identify system-level hierarchical whole-part relationships between the components of CubeSat (nanosatellite), as listed below, and represent them in a Design Structure Matrix (DSM) format.          
        The relationships should be articulated in plain English, capturing the essence of their interactions.         
        Here is the list of subsystems/components to analyze: ['Power System', 'Communication System', 'Navigation System', 'Computer System', 'Mechanical Structure', 'Thermal Control System']         
        The DSM should clearly indicate the interactions between these components as 1 exist and 0 does not exist, considering both the presence and nature of these connections.         
        Present the output in a square matrix format (number of rows and columns MUST be the same as the number of components = 6 for this example), with rows and columns labeled accordingly.         
        Diagonal elements should be 1 in DSM matrix since each component interacts with itself.         
        If you don't know the answer, just write 2 for the specific cell that you are unsure of. A worst case scenario of the **as a list of lists** shown below (diagonal elements are 1 and rest are 2). Don't make up an answer.         
        final response = [[1, 2, 2, 2, 2, 2, 2],[2, 1, 2, 2, 2, 2, 2],[2, 2, 1, 2, 2, 2, 2],[2, 2, 2, 1, 2, 2, 2],[2, 2, 2, 2, 1, 2, 2],[2, 2, 2, 2, 2, 1, 2],[2, 2, 2, 2, 2, 2, 1]] for 7 components         
        final response = [[1, 2, 2],[2, 1, 2],[2, 2, 1]] for 3 components         
        IMPORTANT: Your response must **ONLY** contain a valid **as a list of lists** in the following example format 7x7 matrix.         
        The below list of lists is just an example format of a response. **Replace** the values with your **actual analysis** while providing your response with parameter of 'final response'.        
        final response = [[1, 0, 0, 0, 0, 0, 0],[0, 1, 0, 0, 0, 0, 0],[0, 0, 1, 0, 0, 0, 0],   [0, 0, 0, 1, 0, 0, 0],[0, 0, 0, 0, 1, 0, 0],[0, 0, 0, 0, 0, 1, 0],[0, 0, 0, 0, 0, 0, 1]] for 7 components         
        final response = [[1, 0, 0],[0, 1, 0],[0, 0, 1]] for 3 components         
        IMPORTANT: THE FORMAT OF THE OUTPUT MUST BE AS LIST OF LISTS ONLY SIMILAR TO THE ONE ABOVE (NO LATEX, CODE, OR OTHER ENCODINGS).
        
2025-02-23 04:51:20,755 - DSM_MultiModelExp_llm_rag_ollama:llama3.3:70b-8k - INFO - Number of documents retrieved: 4
2025-02-23 04:51:20,756 - DSM_MultiModelExp_llm_rag_ollama:llama3.3:70b-8k - INFO - Documents used for this query:
2025-02-23 04:51:20,757 - DSM_MultiModelExp_llm_rag_ollama:llama3.3:70b-8k - INFO - File: ../data/use_cases_large/CubeSat/reference_pdfs/R2_combined.pdf
2025-02-23 04:51:20,758 - DSM_MultiModelExp_llm_rag_ollama:llama3.3:70b-8k - INFO - Page: 13
2025-02-23 04:51:20,760 - DSM_MultiModelExp_llm_rag_ollama:llama3.3:70b-8k - INFO - Content: 5 Introduction to Design Structure Matrix Methods 
of the next section). Here we begin by adopting the original DSM convention with inputs 
in rows (IR) and outputs in columns. Later we also present e ...
2025-02-23 04:51:20,761 - DSM_MultiModelExp_llm_rag_ollama:llama3.3:70b-8k - INFO - File: ../data/use_cases_large/CubeSat/reference_pdfs/R2_combined.pdf
2025-02-23 04:51:20,762 - DSM_MultiModelExp_llm_rag_ollama:llama3.3:70b-8k - INFO - Page: 12
2025-02-23 04:51:20,763 - DSM_MultiModelExp_llm_rag_ollama:llama3.3:70b-8k - INFO - Content: 4 Chapter 1 
DSM, many find it easy to think of the cells along the diagonal of the matrix as represent­
ing the system elements- analogous to the nodes in the digraph model. To keep the 
matrix diagr ...
2025-02-23 04:51:20,763 - DSM_MultiModelExp_llm_rag_ollama:llama3.3:70b-8k - INFO - File: ../data/use_cases_large/CubeSat/reference_pdfs/R2_combined.pdf
2025-02-23 04:51:20,764 - DSM_MultiModelExp_llm_rag_ollama:llama3.3:70b-8k - INFO - Page: 14
2025-02-23 04:51:20,765 - DSM_MultiModelExp_llm_rag_ollama:llama3.3:70b-8k - INFO - Content: 6 Chapter 1 
A 
C 
A C B E G 0 F H 
A:X 
----.. ----- ----
xic 
B B:: X i X 
, " , 
____ ... _____ ____ .J _____ l _____ '- ___ _ 
E i XiEixi 
, " , 
G "'T'" "'TXTGTX-, " +--+-+---I 
o ""r'" 'xT"Tx 0  ...
2025-02-23 04:51:20,766 - DSM_MultiModelExp_llm_rag_ollama:llama3.3:70b-8k - INFO - File: ../data/use_cases_large/CubeSat/reference_pdfs/R2_combined.pdf
2025-02-23 04:51:20,767 - DSM_MultiModelExp_llm_rag_ollama:llama3.3:70b-8k - INFO - Page: 53
2025-02-23 04:51:20,768 - DSM_MultiModelExp_llm_rag_ollama:llama3.3:70b-8k - INFO - Content: 47 
1 2 
1 
3 
• 
• 
• 
9 
'2 
'3 
14 
15 
16 
'7 
'B 
'9 
20 
21 
22 
23 
24 
25 
• 
26 
27 
Product Architecture DSM Examples 
3 4 5 6 
Figure 3.3.4 
7 8 9 10 11 12 13 
• • • • • • 
• • • • • • 
Com ...
2025-02-23 04:51:20,769 - DSM_MultiModelExp_llm_rag_ollama:llama3.3:70b-8k - INFO - Raw Response: final response = [[1, 1, 0, 1, 1, 1],[1, 1, 1, 1, 0, 0],[0, 1, 1, 1, 0, 0],[1, 1, 1, 1, 1, 1],[1, 0, 0, 1, 1, 1],[1, 0, 0, 1, 1, 1]]
2025-02-23 04:51:20,770 - DSM_MultiModelExp_llm_rag_ollama:llama3.3:70b-8k - INFO - Response: final response = [[1, 1, 0, 1, 1, 1],[1, 1, 1, 1, 0, 0],[0, 1, 1, 1, 0, 0],[1, 1, 1, 1, 1, 1],[1, 0, 0, 1, 1, 1],[1, 0, 0, 1, 1, 1]]
2025-02-23 04:51:20,771 - DSM_MultiModelExp_llm_rag_ollama:llama3.3:70b-8k - INFO - Matrix: [[1, 1, 0, 1, 1, 1], [1, 1, 1, 1, 0, 0], [0, 1, 1, 1, 0, 0], [1, 1, 1, 1, 1, 1], [1, 0, 0, 1, 1, 1], [1, 0, 0, 1, 1, 1]]
2025-02-23 04:51:20,772 - DSM_MultiModelExp_llm_rag_ollama:llama3.3:70b-8k - INFO - Final Matrix:
[[1, 1, 0, 1, 1, 1], [1, 1, 1, 1, 0, 0], [0, 1, 1, 1, 0, 0], [1, 1, 1, 1, 1, 1], [1, 0, 0, 1, 1, 1], [1, 0, 0, 1, 1, 1]]
2025-02-23 04:51:20,773 - DSM_MultiModelExp_llm_rag_ollama:llama3.3:70b-8k - INFO - --------------------------------------------------
2025-02-23 04:51:20,773 - DSM_MultiModelExp_llm_rag_ollama:llama3.3:70b-8k - INFO - Matrix from response.
2025-02-23 04:51:20,774 - DSM_MultiModelExp_llm_rag_ollama:llama3.3:70b-8k - INFO - At run 5/5
2025-02-23 04:51:20,776 - DSM_MultiModelExp_llm_rag_ollama:llama3.3:70b-8k - INFO - Matrix: [[1, 1, 0, 1, 1, 1], [1, 1, 1, 1, 0, 0], [0, 1, 1, 1, 0, 0], [1, 1, 1, 1, 1, 1], [1, 0, 0, 1, 1, 1], [1, 0, 0, 1, 1, 1]]
2025-02-23 04:51:20,776 - DSM_MultiModelExp_llm_rag_ollama:llama3.3:70b-8k - INFO - --------------------------------------------------
2025-02-23 04:51:30,782 - DSM_MultiModelExp_llm_rag_ollama:llama3.3:70b-8k - INFO - Duration of reference combination {'R2': [{'path': '../data/use_cases_large/CubeSat/reference_pdfs/R2_combined.pdf'}]}: 0:01:39.003071
2025-02-23 04:51:30,783 - DSM_MultiModelExp_llm_rag_ollama:llama3.3:70b-8k - INFO - ++++++++++++++++++++++++++++++++++++++++++++++++++++++++++++++++++++++++++++++++++++++++++++++++++++
2025-02-23 04:51:30,784 - DSM_MultiModelExp_llm_rag_ollama:llama3.3:70b-8k - INFO - Run 1/5
2025-02-23 04:51:30,812 - DSM_MultiModelExp_llm_rag_ollama:llama3.3:70b-8k - INFO - DEBUG: Initializing RAGInference.
2025-02-23 04:51:30,813 - DSM_MultiModelExp_llm_rag_ollama:llama3.3:70b-8k - INFO - Using R-type: ['R3']
2025-02-23 04:51:30,814 - DSM_MultiModelExp_llm_rag_ollama:llama3.3:70b-8k - INFO - Using embedding model: text-embedding-3-small
2025-02-23 04:51:30,840 - DSM_MultiModelExp_llm_rag_ollama:llama3.3:70b-8k - INFO - VectorStoreManager initialized
2025-02-23 04:51:30,841 - DSM_MultiModelExp_llm_rag_ollama:llama3.3:70b-8k - INFO - Set database path to: xLM_DSM/data/vectorstore/CubeSat/llm_rag/text-embedding-3-small
2025-02-23 04:51:30,849 - DSM_MultiModelExp_llm_rag_ollama:llama3.3:70b-8k - INFO - Collection count: 2320
2025-02-23 04:51:30,852 - DSM_MultiModelExp_llm_rag_ollama:llama3.3:70b-8k - INFO - Initialized RAG inference for system: CubeSat (nanosatellite)
2025-02-23 04:51:30,853 - DSM_MultiModelExp_llm_rag_ollama:llama3.3:70b-8k - INFO - Initialized DSM for system: CubeSat (nanosatellite)
2025-02-23 04:51:30,854 - DSM_MultiModelExp_llm_rag_ollama:llama3.3:70b-8k - INFO - Inference model: ollama:llama3.3:70b-8k
2025-02-23 04:51:30,855 - DSM_MultiModelExp_llm_rag_ollama:llama3.3:70b-8k - INFO - Prompt (attempt 1/3): 
            Please identify the major components of CubeSat (nanosatellite) in the engineering based on hierarchical whole-part relationships.             
            The number of components must be 6 and must be a list of strings.             
            Please do not identify similar components that will work together under subsystem level since our interest is to identify the major components that form the core architecture of the system.             
            Here is an example of the components for made-up system:             
            final response = [ "component 1", "component 2", "component 3", "component 4", "component 5" ]             
            IMPORTANT: THE FORMAT OF THE OUTPUT MUST BE AS A LIST OF STRINGS ONLY SIMILAR TO THE ONE ABOVE (NO LATEX, NO CODE, NO DESCRIPTION, OR OTHER ENCODINGS).              
2025-02-23 04:51:36,628 - DSM_MultiModelExp_llm_rag_ollama:llama3.3:70b-8k - INFO - Number of documents retrieved: 4
2025-02-23 04:51:36,629 - DSM_MultiModelExp_llm_rag_ollama:llama3.3:70b-8k - INFO - Documents used for this query:
2025-02-23 04:51:36,648 - DSM_MultiModelExp_llm_rag_ollama:llama3.3:70b-8k - INFO - File: ../data/use_cases_large/CubeSat/reference_pdfs/R3_combined.pdf
2025-02-23 04:51:36,648 - DSM_MultiModelExp_llm_rag_ollama:llama3.3:70b-8k - INFO - Page: 0
2025-02-23 04:51:36,649 - DSM_MultiModelExp_llm_rag_ollama:llama3.3:70b-8k - INFO - Content: HyperDuino-based CubeSat
By dthornburg in CircuitsArduino
Introduction: HyperDuino-based CubeSat
My interest in space exploration started in October, 1957 with the launch of Sputnik. In 1961 I did a
s ...
2025-02-23 04:51:36,651 - DSM_MultiModelExp_llm_rag_ollama:llama3.3:70b-8k - INFO - File: ../data/use_cases_large/CubeSat/reference_pdfs/R3_combined.pdf
2025-02-23 04:51:36,652 - DSM_MultiModelExp_llm_rag_ollama:llama3.3:70b-8k - INFO - Page: 9
2025-02-23 04:51:36,653 - DSM_MultiModelExp_llm_rag_ollama:llama3.3:70b-8k - INFO - Content: Launch-Ready SSTV CubeSat
By MandraSaptak Mandal in CircuitsMicrocontrollers
Introduction: Launch-Ready SSTV CubeSat
Satellites are man-made instruments that collect information and data from space. H ...
2025-02-23 04:51:36,654 - DSM_MultiModelExp_llm_rag_ollama:llama3.3:70b-8k - INFO - File: ../data/use_cases_large/CubeSat/reference_pdfs/R3_combined.pdf
2025-02-23 04:51:36,655 - DSM_MultiModelExp_llm_rag_ollama:llama3.3:70b-8k - INFO - Page: 2
2025-02-23 04:51:36,655 - DSM_MultiModelExp_llm_rag_ollama:llama3.3:70b-8k - INFO - Content: Step 1: Stuff You'll Need
Parts:
1 Satellite housing made with a 3D printer ― all the STL files you need are here. Contact the
author at david@tcse-k12.org if you don’t have a 3D printer and he can ma ...
2025-02-23 04:51:36,657 - DSM_MultiModelExp_llm_rag_ollama:llama3.3:70b-8k - INFO - File: ../data/use_cases_large/CubeSat/reference_pdfs/R3_combined.pdf
2025-02-23 04:51:36,657 - DSM_MultiModelExp_llm_rag_ollama:llama3.3:70b-8k - INFO - Page: 3
2025-02-23 04:51:36,658 - DSM_MultiModelExp_llm_rag_ollama:llama3.3:70b-8k - INFO - Content: parts, although superglue can fix any accidents you have. The picture shows what it looks like when
the housing is finished.
Next, mount one base plate on an end part using four 1 ¼” screws and 12 nut ...
2025-02-23 04:51:36,659 - DSM_MultiModelExp_llm_rag_ollama:llama3.3:70b-8k - INFO - Raw Response: ["Payload", "Power System", "Communication System", "Structural System", "Thermal Control System", "Propulsion System"]
2025-02-23 04:51:36,660 - DSM_MultiModelExp_llm_rag_ollama:llama3.3:70b-8k - INFO - Matrix: ['Payload', 'Power System', 'Communication System', 'Structural System', 'Thermal Control System', 'Propulsion System']
2025-02-23 04:51:36,661 - DSM_MultiModelExp_llm_rag_ollama:llama3.3:70b-8k - INFO - Components: ['Payload', 'Power System', 'Communication System', 'Structural System', 'Thermal Control System', 'Propulsion System']
2025-02-23 04:51:39,161 - DSM_MultiModelExp_llm_rag_ollama:llama3.3:70b-8k - INFO - Number of documents retrieved: 4
2025-02-23 04:51:39,162 - DSM_MultiModelExp_llm_rag_ollama:llama3.3:70b-8k - INFO - Documents used for this query:
2025-02-23 04:51:39,163 - DSM_MultiModelExp_llm_rag_ollama:llama3.3:70b-8k - INFO - File: ../data/use_cases_large/CubeSat/reference_pdfs/R3_combined.pdf
2025-02-23 04:51:39,164 - DSM_MultiModelExp_llm_rag_ollama:llama3.3:70b-8k - INFO - Page: 1
2025-02-23 04:51:39,165 - DSM_MultiModelExp_llm_rag_ollama:llama3.3:70b-8k - INFO - Content: you wish.
This intermediate level project lets you explore all aspects of the satellite design process from the
building of the CubeSat model itself, to programming the Arduino-based electronics and r ...
2025-02-23 04:51:39,166 - DSM_MultiModelExp_llm_rag_ollama:llama3.3:70b-8k - INFO - File: ../data/use_cases_large/CubeSat/reference_pdfs/R3_combined.pdf
2025-02-23 04:51:39,167 - DSM_MultiModelExp_llm_rag_ollama:llama3.3:70b-8k - INFO - Page: 9
2025-02-23 04:51:39,168 - DSM_MultiModelExp_llm_rag_ollama:llama3.3:70b-8k - INFO - Content: Launch-Ready SSTV CubeSat
By MandraSaptak Mandal in CircuitsMicrocontrollers
Introduction: Launch-Ready SSTV CubeSat
Satellites are man-made instruments that collect information and data from space. H ...
2025-02-23 04:51:39,168 - DSM_MultiModelExp_llm_rag_ollama:llama3.3:70b-8k - INFO - File: ../data/use_cases_large/CubeSat/reference_pdfs/R3_combined.pdf
2025-02-23 04:51:39,170 - DSM_MultiModelExp_llm_rag_ollama:llama3.3:70b-8k - INFO - Page: 11
2025-02-23 04:51:39,171 - DSM_MultiModelExp_llm_rag_ollama:llama3.3:70b-8k - INFO - Content: Step 2: POWER SYSTEMS of Satellite
Power Management System
1. The satellite will operate on 3x18650 Li-ion batteries which will be charged using solar energy
under the supervision of a charge controll ...
2025-02-23 04:51:39,171 - DSM_MultiModelExp_llm_rag_ollama:llama3.3:70b-8k - INFO - File: ../data/use_cases_large/CubeSat/reference_pdfs/R3_combined.pdf
2025-02-23 04:51:39,173 - DSM_MultiModelExp_llm_rag_ollama:llama3.3:70b-8k - INFO - Page: 1
2025-02-23 04:51:39,174 - DSM_MultiModelExp_llm_rag_ollama:llama3.3:70b-8k - INFO - Content: CubeSats (www.cubesat.org) are small satellites 10 cm on a side that typically are put into low earth
orbit. If you are a student or teacher, you will want to check out the Ardusat site (www.ardsat.co ...
2025-02-23 04:51:39,174 - DSM_MultiModelExp_llm_rag_ollama:llama3.3:70b-8k - INFO - Raw Response: Valid
2025-02-23 04:51:39,175 - DSM_MultiModelExp_llm_rag_ollama:llama3.3:70b-8k - INFO - Validation response: Valid
2025-02-23 04:51:39,176 - DSM_MultiModelExp_llm_rag_ollama:llama3.3:70b-8k - INFO - Filtered validation response: Valid
2025-02-23 04:51:39,177 - DSM_MultiModelExp_llm_rag_ollama:llama3.3:70b-8k - INFO - Component list validated successfully on attempt 1
2025-02-23 04:51:39,178 - DSM_MultiModelExp_llm_rag_ollama:llama3.3:70b-8k - INFO - Components: ['Payload', 'Power System', 'Communication System', 'Structural System', 'Thermal Control System', 'Propulsion System']
2025-02-23 04:51:39,178 - DSM_MultiModelExp_llm_rag_ollama:llama3.3:70b-8k - INFO - --------------------------------------------------
2025-02-23 04:51:39,179 - DSM_MultiModelExp_llm_rag_ollama:llama3.3:70b-8k - INFO - Predicted Components: ['Payload', 'Power System', 'Communication System', 'Structural System', 'Thermal Control System', 'Propulsion System']
2025-02-23 04:51:39,181 - DSM_MultiModelExp_llm_rag_ollama:llama3.3:70b-8k - INFO - Number of components: 6
2025-02-23 04:51:39,181 - DSM_MultiModelExp_llm_rag_ollama:llama3.3:70b-8k - INFO - Predicted components for query: ['Payload', 'Power System', 'Communication System', 'Structural System', 'Thermal Control System', 'Propulsion System']
2025-02-23 04:51:39,182 - DSM_MultiModelExp_llm_rag_ollama:llama3.3:70b-8k - INFO - Query: 
        Please identify system-level hierarchical whole-part relationships between the components of CubeSat (nanosatellite), as listed below, and represent them in a Design Structure Matrix (DSM) format.          
        The relationships should be articulated in plain English, capturing the essence of their interactions.         
        Here is the list of subsystems/components to analyze: ['Payload', 'Power System', 'Communication System', 'Structural System', 'Thermal Control System', 'Propulsion System']         
        The DSM should clearly indicate the interactions between these components as 1 exist and 0 does not exist, considering both the presence and nature of these connections.         
        Present the output in a square matrix format (number of rows and columns MUST be the same as the number of components = 6 for this example), with rows and columns labeled accordingly.         
        Diagonal elements should be 1 in DSM matrix since each component interacts with itself.         
        If you don't know the answer, just write 2 for the specific cell that you are unsure of. A worst case scenario of the **as a list of lists** shown below (diagonal elements are 1 and rest are 2). Don't make up an answer.         
        final response = [[1, 2, 2, 2, 2, 2, 2],[2, 1, 2, 2, 2, 2, 2],[2, 2, 1, 2, 2, 2, 2],[2, 2, 2, 1, 2, 2, 2],[2, 2, 2, 2, 1, 2, 2],[2, 2, 2, 2, 2, 1, 2],[2, 2, 2, 2, 2, 2, 1]] for 7 components         
        final response = [[1, 2, 2],[2, 1, 2],[2, 2, 1]] for 3 components         
        IMPORTANT: Your response must **ONLY** contain a valid **as a list of lists** in the following example format 7x7 matrix.         
        The below list of lists is just an example format of a response. **Replace** the values with your **actual analysis** while providing your response with parameter of 'final response'.        
        final response = [[1, 0, 0, 0, 0, 0, 0],[0, 1, 0, 0, 0, 0, 0],[0, 0, 1, 0, 0, 0, 0],   [0, 0, 0, 1, 0, 0, 0],[0, 0, 0, 0, 1, 0, 0],[0, 0, 0, 0, 0, 1, 0],[0, 0, 0, 0, 0, 0, 1]] for 7 components         
        final response = [[1, 0, 0],[0, 1, 0],[0, 0, 1]] for 3 components         
        IMPORTANT: THE FORMAT OF THE OUTPUT MUST BE AS LIST OF LISTS ONLY SIMILAR TO THE ONE ABOVE (NO LATEX, CODE, OR OTHER ENCODINGS).
        
2025-02-23 04:51:52,600 - DSM_MultiModelExp_llm_rag_ollama:llama3.3:70b-8k - INFO - Number of documents retrieved: 4
2025-02-23 04:51:52,601 - DSM_MultiModelExp_llm_rag_ollama:llama3.3:70b-8k - INFO - Documents used for this query:
2025-02-23 04:51:52,601 - DSM_MultiModelExp_llm_rag_ollama:llama3.3:70b-8k - INFO - File: ../data/use_cases_large/CubeSat/reference_pdfs/R3_combined.pdf
2025-02-23 04:51:52,602 - DSM_MultiModelExp_llm_rag_ollama:llama3.3:70b-8k - INFO - Page: 11
2025-02-23 04:51:52,604 - DSM_MultiModelExp_llm_rag_ollama:llama3.3:70b-8k - INFO - Content: Step 2: POWER SYSTEMS of Satellite
Power Management System
1. The satellite will operate on 3x18650 Li-ion batteries which will be charged using solar energy
under the supervision of a charge controll ...
2025-02-23 04:51:52,604 - DSM_MultiModelExp_llm_rag_ollama:llama3.3:70b-8k - INFO - File: ../data/use_cases_large/CubeSat/reference_pdfs/R3_combined.pdf
2025-02-23 04:51:52,605 - DSM_MultiModelExp_llm_rag_ollama:llama3.3:70b-8k - INFO - Page: 1
2025-02-23 04:51:52,606 - DSM_MultiModelExp_llm_rag_ollama:llama3.3:70b-8k - INFO - Content: you wish.
This intermediate level project lets you explore all aspects of the satellite design process from the
building of the CubeSat model itself, to programming the Arduino-based electronics and r ...
2025-02-23 04:51:52,607 - DSM_MultiModelExp_llm_rag_ollama:llama3.3:70b-8k - INFO - File: ../data/use_cases_large/CubeSat/reference_pdfs/R3_combined.pdf
2025-02-23 04:51:52,607 - DSM_MultiModelExp_llm_rag_ollama:llama3.3:70b-8k - INFO - Page: 18
2025-02-23 04:51:52,608 - DSM_MultiModelExp_llm_rag_ollama:llama3.3:70b-8k - INFO - Content: Assume that all the parts are ready to fly (tested, glued and conformal coating, cleaned).
RBF pin
Assembly stand
Assembled Base plate
Top Frame
4x [FrameScrews], long screws
4x battery stand-offs, lo ...
2025-02-23 04:51:52,609 - DSM_MultiModelExp_llm_rag_ollama:llama3.3:70b-8k - INFO - File: ../data/use_cases_large/CubeSat/reference_pdfs/R3_combined.pdf
2025-02-23 04:51:52,610 - DSM_MultiModelExp_llm_rag_ollama:llama3.3:70b-8k - INFO - Page: 1
2025-02-23 04:51:52,610 - DSM_MultiModelExp_llm_rag_ollama:llama3.3:70b-8k - INFO - Content: CubeSats (www.cubesat.org) are small satellites 10 cm on a side that typically are put into low earth
orbit. If you are a student or teacher, you will want to check out the Ardusat site (www.ardsat.co ...
2025-02-23 04:51:52,611 - DSM_MultiModelExp_llm_rag_ollama:llama3.3:70b-8k - INFO - Raw Response: final response = [[1, 1, 1, 1, 1, 0], 
                  [1, 1, 1, 1, 1, 0], 
                  [1, 1, 1, 1, 1, 0], 
                  [1, 1, 1, 1, 1, 0], 
                  [1, 1, 1, 1, 1, 0], 
                  [0, 0, 0, 0, 0, 1]]
2025-02-23 04:51:52,611 - DSM_MultiModelExp_llm_rag_ollama:llama3.3:70b-8k - INFO - Response: final response = [[1, 1, 1, 1, 1, 0], 
                  [1, 1, 1, 1, 1, 0], 
                  [1, 1, 1, 1, 1, 0], 
                  [1, 1, 1, 1, 1, 0], 
                  [1, 1, 1, 1, 1, 0], 
                  [0, 0, 0, 0, 0, 1]]
2025-02-23 04:51:52,612 - DSM_MultiModelExp_llm_rag_ollama:llama3.3:70b-8k - INFO - Matrix: [[1, 1, 1, 1, 1, 0], [1, 1, 1, 1, 1, 0], [1, 1, 1, 1, 1, 0], [1, 1, 1, 1, 1, 0], [1, 1, 1, 1, 1, 0], [0, 0, 0, 0, 0, 1]]
2025-02-23 04:51:52,613 - DSM_MultiModelExp_llm_rag_ollama:llama3.3:70b-8k - INFO - Final Matrix:
[[1, 1, 1, 1, 1, 0], [1, 1, 1, 1, 1, 0], [1, 1, 1, 1, 1, 0], [1, 1, 1, 1, 1, 0], [1, 1, 1, 1, 1, 0], [0, 0, 0, 0, 0, 1]]
2025-02-23 04:51:52,613 - DSM_MultiModelExp_llm_rag_ollama:llama3.3:70b-8k - INFO - --------------------------------------------------
2025-02-23 04:51:52,614 - DSM_MultiModelExp_llm_rag_ollama:llama3.3:70b-8k - INFO - Matrix from response.
2025-02-23 04:51:52,615 - DSM_MultiModelExp_llm_rag_ollama:llama3.3:70b-8k - INFO - At run 1/5
2025-02-23 04:51:52,615 - DSM_MultiModelExp_llm_rag_ollama:llama3.3:70b-8k - INFO - Matrix: [[1, 1, 1, 1, 1, 0], [1, 1, 1, 1, 1, 0], [1, 1, 1, 1, 1, 0], [1, 1, 1, 1, 1, 0], [1, 1, 1, 1, 1, 0], [0, 0, 0, 0, 0, 1]]
2025-02-23 04:51:52,616 - DSM_MultiModelExp_llm_rag_ollama:llama3.3:70b-8k - INFO - --------------------------------------------------
2025-02-23 04:52:02,627 - DSM_MultiModelExp_llm_rag_ollama:llama3.3:70b-8k - INFO - Run 2/5
2025-02-23 04:52:02,662 - DSM_MultiModelExp_llm_rag_ollama:llama3.3:70b-8k - INFO - DEBUG: Initializing RAGInference.
2025-02-23 04:52:02,663 - DSM_MultiModelExp_llm_rag_ollama:llama3.3:70b-8k - INFO - Using R-type: ['R3']
2025-02-23 04:52:02,664 - DSM_MultiModelExp_llm_rag_ollama:llama3.3:70b-8k - INFO - Using embedding model: text-embedding-3-small
2025-02-23 04:52:02,699 - DSM_MultiModelExp_llm_rag_ollama:llama3.3:70b-8k - INFO - VectorStoreManager initialized
2025-02-23 04:52:02,700 - DSM_MultiModelExp_llm_rag_ollama:llama3.3:70b-8k - INFO - Set database path to: xLM_DSM/data/vectorstore/CubeSat/llm_rag/text-embedding-3-small
2025-02-23 04:52:02,708 - DSM_MultiModelExp_llm_rag_ollama:llama3.3:70b-8k - INFO - Collection count: 2320
2025-02-23 04:52:02,711 - DSM_MultiModelExp_llm_rag_ollama:llama3.3:70b-8k - INFO - Initialized RAG inference for system: CubeSat (nanosatellite)
2025-02-23 04:52:02,712 - DSM_MultiModelExp_llm_rag_ollama:llama3.3:70b-8k - INFO - Initialized DSM for system: CubeSat (nanosatellite)
2025-02-23 04:52:02,713 - DSM_MultiModelExp_llm_rag_ollama:llama3.3:70b-8k - INFO - Inference model: ollama:llama3.3:70b-8k
2025-02-23 04:52:02,714 - DSM_MultiModelExp_llm_rag_ollama:llama3.3:70b-8k - INFO - Predicted Components: ['Payload', 'Power System', 'Communication System', 'Structural System', 'Thermal Control System', 'Propulsion System']
2025-02-23 04:52:02,715 - DSM_MultiModelExp_llm_rag_ollama:llama3.3:70b-8k - INFO - Number of components: 6
2025-02-23 04:52:02,716 - DSM_MultiModelExp_llm_rag_ollama:llama3.3:70b-8k - INFO - Predicted components for query: ['Payload', 'Power System', 'Communication System', 'Structural System', 'Thermal Control System', 'Propulsion System']
2025-02-23 04:52:02,716 - DSM_MultiModelExp_llm_rag_ollama:llama3.3:70b-8k - INFO - Query: 
        Please identify system-level hierarchical whole-part relationships between the components of CubeSat (nanosatellite), as listed below, and represent them in a Design Structure Matrix (DSM) format.          
        The relationships should be articulated in plain English, capturing the essence of their interactions.         
        Here is the list of subsystems/components to analyze: ['Payload', 'Power System', 'Communication System', 'Structural System', 'Thermal Control System', 'Propulsion System']         
        The DSM should clearly indicate the interactions between these components as 1 exist and 0 does not exist, considering both the presence and nature of these connections.         
        Present the output in a square matrix format (number of rows and columns MUST be the same as the number of components = 6 for this example), with rows and columns labeled accordingly.         
        Diagonal elements should be 1 in DSM matrix since each component interacts with itself.         
        If you don't know the answer, just write 2 for the specific cell that you are unsure of. A worst case scenario of the **as a list of lists** shown below (diagonal elements are 1 and rest are 2). Don't make up an answer.         
        final response = [[1, 2, 2, 2, 2, 2, 2],[2, 1, 2, 2, 2, 2, 2],[2, 2, 1, 2, 2, 2, 2],[2, 2, 2, 1, 2, 2, 2],[2, 2, 2, 2, 1, 2, 2],[2, 2, 2, 2, 2, 1, 2],[2, 2, 2, 2, 2, 2, 1]] for 7 components         
        final response = [[1, 2, 2],[2, 1, 2],[2, 2, 1]] for 3 components         
        IMPORTANT: Your response must **ONLY** contain a valid **as a list of lists** in the following example format 7x7 matrix.         
        The below list of lists is just an example format of a response. **Replace** the values with your **actual analysis** while providing your response with parameter of 'final response'.        
        final response = [[1, 0, 0, 0, 0, 0, 0],[0, 1, 0, 0, 0, 0, 0],[0, 0, 1, 0, 0, 0, 0],   [0, 0, 0, 1, 0, 0, 0],[0, 0, 0, 0, 1, 0, 0],[0, 0, 0, 0, 0, 1, 0],[0, 0, 0, 0, 0, 0, 1]] for 7 components         
        final response = [[1, 0, 0],[0, 1, 0],[0, 0, 1]] for 3 components         
        IMPORTANT: THE FORMAT OF THE OUTPUT MUST BE AS LIST OF LISTS ONLY SIMILAR TO THE ONE ABOVE (NO LATEX, CODE, OR OTHER ENCODINGS).
        
2025-02-23 04:52:14,218 - DSM_MultiModelExp_llm_rag_ollama:llama3.3:70b-8k - INFO - Number of documents retrieved: 4
2025-02-23 04:52:14,219 - DSM_MultiModelExp_llm_rag_ollama:llama3.3:70b-8k - INFO - Documents used for this query:
2025-02-23 04:52:14,220 - DSM_MultiModelExp_llm_rag_ollama:llama3.3:70b-8k - INFO - File: ../data/use_cases_large/CubeSat/reference_pdfs/R3_combined.pdf
2025-02-23 04:52:14,222 - DSM_MultiModelExp_llm_rag_ollama:llama3.3:70b-8k - INFO - Page: 11
2025-02-23 04:52:14,223 - DSM_MultiModelExp_llm_rag_ollama:llama3.3:70b-8k - INFO - Content: Step 2: POWER SYSTEMS of Satellite
Power Management System
1. The satellite will operate on 3x18650 Li-ion batteries which will be charged using solar energy
under the supervision of a charge controll ...
2025-02-23 04:52:14,224 - DSM_MultiModelExp_llm_rag_ollama:llama3.3:70b-8k - INFO - File: ../data/use_cases_large/CubeSat/reference_pdfs/R3_combined.pdf
2025-02-23 04:52:14,225 - DSM_MultiModelExp_llm_rag_ollama:llama3.3:70b-8k - INFO - Page: 1
2025-02-23 04:52:14,226 - DSM_MultiModelExp_llm_rag_ollama:llama3.3:70b-8k - INFO - Content: you wish.
This intermediate level project lets you explore all aspects of the satellite design process from the
building of the CubeSat model itself, to programming the Arduino-based electronics and r ...
2025-02-23 04:52:14,227 - DSM_MultiModelExp_llm_rag_ollama:llama3.3:70b-8k - INFO - File: ../data/use_cases_large/CubeSat/reference_pdfs/R3_combined.pdf
2025-02-23 04:52:14,228 - DSM_MultiModelExp_llm_rag_ollama:llama3.3:70b-8k - INFO - Page: 18
2025-02-23 04:52:14,229 - DSM_MultiModelExp_llm_rag_ollama:llama3.3:70b-8k - INFO - Content: Assume that all the parts are ready to fly (tested, glued and conformal coating, cleaned).
RBF pin
Assembly stand
Assembled Base plate
Top Frame
4x [FrameScrews], long screws
4x battery stand-offs, lo ...
2025-02-23 04:52:14,230 - DSM_MultiModelExp_llm_rag_ollama:llama3.3:70b-8k - INFO - File: ../data/use_cases_large/CubeSat/reference_pdfs/R3_combined.pdf
2025-02-23 04:52:14,231 - DSM_MultiModelExp_llm_rag_ollama:llama3.3:70b-8k - INFO - Page: 1
2025-02-23 04:52:14,232 - DSM_MultiModelExp_llm_rag_ollama:llama3.3:70b-8k - INFO - Content: CubeSats (www.cubesat.org) are small satellites 10 cm on a side that typically are put into low earth
orbit. If you are a student or teacher, you will want to check out the Ardusat site (www.ardsat.co ...
2025-02-23 04:52:14,233 - DSM_MultiModelExp_llm_rag_ollama:llama3.3:70b-8k - INFO - Raw Response: final response = [[1, 1, 1, 1, 1, 0], 
                  [1, 1, 1, 1, 1, 0], 
                  [1, 1, 1, 1, 1, 0], 
                  [1, 1, 1, 1, 1, 0], 
                  [1, 1, 1, 1, 1, 0], 
                  [0, 0, 0, 0, 0, 1]]
2025-02-23 04:52:14,234 - DSM_MultiModelExp_llm_rag_ollama:llama3.3:70b-8k - INFO - Response: final response = [[1, 1, 1, 1, 1, 0], 
                  [1, 1, 1, 1, 1, 0], 
                  [1, 1, 1, 1, 1, 0], 
                  [1, 1, 1, 1, 1, 0], 
                  [1, 1, 1, 1, 1, 0], 
                  [0, 0, 0, 0, 0, 1]]
2025-02-23 04:52:14,236 - DSM_MultiModelExp_llm_rag_ollama:llama3.3:70b-8k - INFO - Matrix: [[1, 1, 1, 1, 1, 0], [1, 1, 1, 1, 1, 0], [1, 1, 1, 1, 1, 0], [1, 1, 1, 1, 1, 0], [1, 1, 1, 1, 1, 0], [0, 0, 0, 0, 0, 1]]
2025-02-23 04:52:14,237 - DSM_MultiModelExp_llm_rag_ollama:llama3.3:70b-8k - INFO - Final Matrix:
[[1, 1, 1, 1, 1, 0], [1, 1, 1, 1, 1, 0], [1, 1, 1, 1, 1, 0], [1, 1, 1, 1, 1, 0], [1, 1, 1, 1, 1, 0], [0, 0, 0, 0, 0, 1]]
2025-02-23 04:52:14,237 - DSM_MultiModelExp_llm_rag_ollama:llama3.3:70b-8k - INFO - --------------------------------------------------
2025-02-23 04:52:14,238 - DSM_MultiModelExp_llm_rag_ollama:llama3.3:70b-8k - INFO - Matrix from response.
2025-02-23 04:52:14,239 - DSM_MultiModelExp_llm_rag_ollama:llama3.3:70b-8k - INFO - At run 2/5
2025-02-23 04:52:14,241 - DSM_MultiModelExp_llm_rag_ollama:llama3.3:70b-8k - INFO - Matrix: [[1, 1, 1, 1, 1, 0], [1, 1, 1, 1, 1, 0], [1, 1, 1, 1, 1, 0], [1, 1, 1, 1, 1, 0], [1, 1, 1, 1, 1, 0], [0, 0, 0, 0, 0, 1]]
2025-02-23 04:52:14,242 - DSM_MultiModelExp_llm_rag_ollama:llama3.3:70b-8k - INFO - --------------------------------------------------
2025-02-23 04:52:24,253 - DSM_MultiModelExp_llm_rag_ollama:llama3.3:70b-8k - INFO - Run 3/5
2025-02-23 04:52:24,289 - DSM_MultiModelExp_llm_rag_ollama:llama3.3:70b-8k - INFO - DEBUG: Initializing RAGInference.
2025-02-23 04:52:24,290 - DSM_MultiModelExp_llm_rag_ollama:llama3.3:70b-8k - INFO - Using R-type: ['R3']
2025-02-23 04:52:24,291 - DSM_MultiModelExp_llm_rag_ollama:llama3.3:70b-8k - INFO - Using embedding model: text-embedding-3-small
2025-02-23 04:52:24,330 - DSM_MultiModelExp_llm_rag_ollama:llama3.3:70b-8k - INFO - VectorStoreManager initialized
2025-02-23 04:52:24,331 - DSM_MultiModelExp_llm_rag_ollama:llama3.3:70b-8k - INFO - Set database path to: xLM_DSM/data/vectorstore/CubeSat/llm_rag/text-embedding-3-small
2025-02-23 04:52:24,340 - DSM_MultiModelExp_llm_rag_ollama:llama3.3:70b-8k - INFO - Collection count: 2320
2025-02-23 04:52:24,344 - DSM_MultiModelExp_llm_rag_ollama:llama3.3:70b-8k - INFO - Initialized RAG inference for system: CubeSat (nanosatellite)
2025-02-23 04:52:24,345 - DSM_MultiModelExp_llm_rag_ollama:llama3.3:70b-8k - INFO - Initialized DSM for system: CubeSat (nanosatellite)
2025-02-23 04:52:24,346 - DSM_MultiModelExp_llm_rag_ollama:llama3.3:70b-8k - INFO - Inference model: ollama:llama3.3:70b-8k
2025-02-23 04:52:24,347 - DSM_MultiModelExp_llm_rag_ollama:llama3.3:70b-8k - INFO - Predicted Components: ['Payload', 'Power System', 'Communication System', 'Structural System', 'Thermal Control System', 'Propulsion System']
2025-02-23 04:52:24,348 - DSM_MultiModelExp_llm_rag_ollama:llama3.3:70b-8k - INFO - Number of components: 6
2025-02-23 04:52:24,350 - DSM_MultiModelExp_llm_rag_ollama:llama3.3:70b-8k - INFO - Predicted components for query: ['Payload', 'Power System', 'Communication System', 'Structural System', 'Thermal Control System', 'Propulsion System']
2025-02-23 04:52:24,351 - DSM_MultiModelExp_llm_rag_ollama:llama3.3:70b-8k - INFO - Query: 
        Please identify system-level hierarchical whole-part relationships between the components of CubeSat (nanosatellite), as listed below, and represent them in a Design Structure Matrix (DSM) format.          
        The relationships should be articulated in plain English, capturing the essence of their interactions.         
        Here is the list of subsystems/components to analyze: ['Payload', 'Power System', 'Communication System', 'Structural System', 'Thermal Control System', 'Propulsion System']         
        The DSM should clearly indicate the interactions between these components as 1 exist and 0 does not exist, considering both the presence and nature of these connections.         
        Present the output in a square matrix format (number of rows and columns MUST be the same as the number of components = 6 for this example), with rows and columns labeled accordingly.         
        Diagonal elements should be 1 in DSM matrix since each component interacts with itself.         
        If you don't know the answer, just write 2 for the specific cell that you are unsure of. A worst case scenario of the **as a list of lists** shown below (diagonal elements are 1 and rest are 2). Don't make up an answer.         
        final response = [[1, 2, 2, 2, 2, 2, 2],[2, 1, 2, 2, 2, 2, 2],[2, 2, 1, 2, 2, 2, 2],[2, 2, 2, 1, 2, 2, 2],[2, 2, 2, 2, 1, 2, 2],[2, 2, 2, 2, 2, 1, 2],[2, 2, 2, 2, 2, 2, 1]] for 7 components         
        final response = [[1, 2, 2],[2, 1, 2],[2, 2, 1]] for 3 components         
        IMPORTANT: Your response must **ONLY** contain a valid **as a list of lists** in the following example format 7x7 matrix.         
        The below list of lists is just an example format of a response. **Replace** the values with your **actual analysis** while providing your response with parameter of 'final response'.        
        final response = [[1, 0, 0, 0, 0, 0, 0],[0, 1, 0, 0, 0, 0, 0],[0, 0, 1, 0, 0, 0, 0],   [0, 0, 0, 1, 0, 0, 0],[0, 0, 0, 0, 1, 0, 0],[0, 0, 0, 0, 0, 1, 0],[0, 0, 0, 0, 0, 0, 1]] for 7 components         
        final response = [[1, 0, 0],[0, 1, 0],[0, 0, 1]] for 3 components         
        IMPORTANT: THE FORMAT OF THE OUTPUT MUST BE AS LIST OF LISTS ONLY SIMILAR TO THE ONE ABOVE (NO LATEX, CODE, OR OTHER ENCODINGS).
        
2025-02-23 04:52:36,080 - DSM_MultiModelExp_llm_rag_ollama:llama3.3:70b-8k - INFO - Number of documents retrieved: 4
2025-02-23 04:52:36,081 - DSM_MultiModelExp_llm_rag_ollama:llama3.3:70b-8k - INFO - Documents used for this query:
2025-02-23 04:52:36,082 - DSM_MultiModelExp_llm_rag_ollama:llama3.3:70b-8k - INFO - File: ../data/use_cases_large/CubeSat/reference_pdfs/R3_combined.pdf
2025-02-23 04:52:36,083 - DSM_MultiModelExp_llm_rag_ollama:llama3.3:70b-8k - INFO - Page: 11
2025-02-23 04:52:36,084 - DSM_MultiModelExp_llm_rag_ollama:llama3.3:70b-8k - INFO - Content: Step 2: POWER SYSTEMS of Satellite
Power Management System
1. The satellite will operate on 3x18650 Li-ion batteries which will be charged using solar energy
under the supervision of a charge controll ...
2025-02-23 04:52:36,084 - DSM_MultiModelExp_llm_rag_ollama:llama3.3:70b-8k - INFO - File: ../data/use_cases_large/CubeSat/reference_pdfs/R3_combined.pdf
2025-02-23 04:52:36,086 - DSM_MultiModelExp_llm_rag_ollama:llama3.3:70b-8k - INFO - Page: 1
2025-02-23 04:52:36,087 - DSM_MultiModelExp_llm_rag_ollama:llama3.3:70b-8k - INFO - Content: you wish.
This intermediate level project lets you explore all aspects of the satellite design process from the
building of the CubeSat model itself, to programming the Arduino-based electronics and r ...
2025-02-23 04:52:36,088 - DSM_MultiModelExp_llm_rag_ollama:llama3.3:70b-8k - INFO - File: ../data/use_cases_large/CubeSat/reference_pdfs/R3_combined.pdf
2025-02-23 04:52:36,089 - DSM_MultiModelExp_llm_rag_ollama:llama3.3:70b-8k - INFO - Page: 18
2025-02-23 04:52:36,090 - DSM_MultiModelExp_llm_rag_ollama:llama3.3:70b-8k - INFO - Content: Assume that all the parts are ready to fly (tested, glued and conformal coating, cleaned).
RBF pin
Assembly stand
Assembled Base plate
Top Frame
4x [FrameScrews], long screws
4x battery stand-offs, lo ...
2025-02-23 04:52:36,090 - DSM_MultiModelExp_llm_rag_ollama:llama3.3:70b-8k - INFO - File: ../data/use_cases_large/CubeSat/reference_pdfs/R3_combined.pdf
2025-02-23 04:52:36,091 - DSM_MultiModelExp_llm_rag_ollama:llama3.3:70b-8k - INFO - Page: 1
2025-02-23 04:52:36,092 - DSM_MultiModelExp_llm_rag_ollama:llama3.3:70b-8k - INFO - Content: CubeSats (www.cubesat.org) are small satellites 10 cm on a side that typically are put into low earth
orbit. If you are a student or teacher, you will want to check out the Ardusat site (www.ardsat.co ...
2025-02-23 04:52:36,093 - DSM_MultiModelExp_llm_rag_ollama:llama3.3:70b-8k - INFO - Raw Response: final response = [[1, 1, 1, 1, 1, 0], 
                  [1, 1, 1, 1, 1, 0], 
                  [1, 1, 1, 1, 1, 0], 
                  [1, 1, 1, 1, 1, 0], 
                  [1, 1, 1, 1, 1, 0], 
                  [0, 0, 0, 0, 0, 1]]
2025-02-23 04:52:36,094 - DSM_MultiModelExp_llm_rag_ollama:llama3.3:70b-8k - INFO - Response: final response = [[1, 1, 1, 1, 1, 0], 
                  [1, 1, 1, 1, 1, 0], 
                  [1, 1, 1, 1, 1, 0], 
                  [1, 1, 1, 1, 1, 0], 
                  [1, 1, 1, 1, 1, 0], 
                  [0, 0, 0, 0, 0, 1]]
2025-02-23 04:52:36,095 - DSM_MultiModelExp_llm_rag_ollama:llama3.3:70b-8k - INFO - Matrix: [[1, 1, 1, 1, 1, 0], [1, 1, 1, 1, 1, 0], [1, 1, 1, 1, 1, 0], [1, 1, 1, 1, 1, 0], [1, 1, 1, 1, 1, 0], [0, 0, 0, 0, 0, 1]]
2025-02-23 04:52:36,096 - DSM_MultiModelExp_llm_rag_ollama:llama3.3:70b-8k - INFO - Final Matrix:
[[1, 1, 1, 1, 1, 0], [1, 1, 1, 1, 1, 0], [1, 1, 1, 1, 1, 0], [1, 1, 1, 1, 1, 0], [1, 1, 1, 1, 1, 0], [0, 0, 0, 0, 0, 1]]
2025-02-23 04:52:36,097 - DSM_MultiModelExp_llm_rag_ollama:llama3.3:70b-8k - INFO - --------------------------------------------------
2025-02-23 04:52:36,097 - DSM_MultiModelExp_llm_rag_ollama:llama3.3:70b-8k - INFO - Matrix from response.
2025-02-23 04:52:36,098 - DSM_MultiModelExp_llm_rag_ollama:llama3.3:70b-8k - INFO - At run 3/5
2025-02-23 04:52:36,099 - DSM_MultiModelExp_llm_rag_ollama:llama3.3:70b-8k - INFO - Matrix: [[1, 1, 1, 1, 1, 0], [1, 1, 1, 1, 1, 0], [1, 1, 1, 1, 1, 0], [1, 1, 1, 1, 1, 0], [1, 1, 1, 1, 1, 0], [0, 0, 0, 0, 0, 1]]
2025-02-23 04:52:36,100 - DSM_MultiModelExp_llm_rag_ollama:llama3.3:70b-8k - INFO - --------------------------------------------------
2025-02-23 04:52:46,110 - DSM_MultiModelExp_llm_rag_ollama:llama3.3:70b-8k - INFO - Run 4/5
2025-02-23 04:52:46,147 - DSM_MultiModelExp_llm_rag_ollama:llama3.3:70b-8k - INFO - DEBUG: Initializing RAGInference.
2025-02-23 04:52:46,148 - DSM_MultiModelExp_llm_rag_ollama:llama3.3:70b-8k - INFO - Using R-type: ['R3']
2025-02-23 04:52:46,149 - DSM_MultiModelExp_llm_rag_ollama:llama3.3:70b-8k - INFO - Using embedding model: text-embedding-3-small
2025-02-23 04:52:46,183 - DSM_MultiModelExp_llm_rag_ollama:llama3.3:70b-8k - INFO - VectorStoreManager initialized
2025-02-23 04:52:46,184 - DSM_MultiModelExp_llm_rag_ollama:llama3.3:70b-8k - INFO - Set database path to: xLM_DSM/data/vectorstore/CubeSat/llm_rag/text-embedding-3-small
2025-02-23 04:52:46,193 - DSM_MultiModelExp_llm_rag_ollama:llama3.3:70b-8k - INFO - Collection count: 2320
2025-02-23 04:52:46,197 - DSM_MultiModelExp_llm_rag_ollama:llama3.3:70b-8k - INFO - Initialized RAG inference for system: CubeSat (nanosatellite)
2025-02-23 04:52:46,198 - DSM_MultiModelExp_llm_rag_ollama:llama3.3:70b-8k - INFO - Initialized DSM for system: CubeSat (nanosatellite)
2025-02-23 04:52:46,199 - DSM_MultiModelExp_llm_rag_ollama:llama3.3:70b-8k - INFO - Inference model: ollama:llama3.3:70b-8k
2025-02-23 04:52:46,200 - DSM_MultiModelExp_llm_rag_ollama:llama3.3:70b-8k - INFO - Predicted Components: ['Payload', 'Power System', 'Communication System', 'Structural System', 'Thermal Control System', 'Propulsion System']
2025-02-23 04:52:46,201 - DSM_MultiModelExp_llm_rag_ollama:llama3.3:70b-8k - INFO - Number of components: 6
2025-02-23 04:52:46,202 - DSM_MultiModelExp_llm_rag_ollama:llama3.3:70b-8k - INFO - Predicted components for query: ['Payload', 'Power System', 'Communication System', 'Structural System', 'Thermal Control System', 'Propulsion System']
2025-02-23 04:52:46,203 - DSM_MultiModelExp_llm_rag_ollama:llama3.3:70b-8k - INFO - Query: 
        Please identify system-level hierarchical whole-part relationships between the components of CubeSat (nanosatellite), as listed below, and represent them in a Design Structure Matrix (DSM) format.          
        The relationships should be articulated in plain English, capturing the essence of their interactions.         
        Here is the list of subsystems/components to analyze: ['Payload', 'Power System', 'Communication System', 'Structural System', 'Thermal Control System', 'Propulsion System']         
        The DSM should clearly indicate the interactions between these components as 1 exist and 0 does not exist, considering both the presence and nature of these connections.         
        Present the output in a square matrix format (number of rows and columns MUST be the same as the number of components = 6 for this example), with rows and columns labeled accordingly.         
        Diagonal elements should be 1 in DSM matrix since each component interacts with itself.         
        If you don't know the answer, just write 2 for the specific cell that you are unsure of. A worst case scenario of the **as a list of lists** shown below (diagonal elements are 1 and rest are 2). Don't make up an answer.         
        final response = [[1, 2, 2, 2, 2, 2, 2],[2, 1, 2, 2, 2, 2, 2],[2, 2, 1, 2, 2, 2, 2],[2, 2, 2, 1, 2, 2, 2],[2, 2, 2, 2, 1, 2, 2],[2, 2, 2, 2, 2, 1, 2],[2, 2, 2, 2, 2, 2, 1]] for 7 components         
        final response = [[1, 2, 2],[2, 1, 2],[2, 2, 1]] for 3 components         
        IMPORTANT: Your response must **ONLY** contain a valid **as a list of lists** in the following example format 7x7 matrix.         
        The below list of lists is just an example format of a response. **Replace** the values with your **actual analysis** while providing your response with parameter of 'final response'.        
        final response = [[1, 0, 0, 0, 0, 0, 0],[0, 1, 0, 0, 0, 0, 0],[0, 0, 1, 0, 0, 0, 0],   [0, 0, 0, 1, 0, 0, 0],[0, 0, 0, 0, 1, 0, 0],[0, 0, 0, 0, 0, 1, 0],[0, 0, 0, 0, 0, 0, 1]] for 7 components         
        final response = [[1, 0, 0],[0, 1, 0],[0, 0, 1]] for 3 components         
        IMPORTANT: THE FORMAT OF THE OUTPUT MUST BE AS LIST OF LISTS ONLY SIMILAR TO THE ONE ABOVE (NO LATEX, CODE, OR OTHER ENCODINGS).
        
2025-02-23 04:52:57,656 - DSM_MultiModelExp_llm_rag_ollama:llama3.3:70b-8k - INFO - Number of documents retrieved: 4
2025-02-23 04:52:57,657 - DSM_MultiModelExp_llm_rag_ollama:llama3.3:70b-8k - INFO - Documents used for this query:
2025-02-23 04:52:57,658 - DSM_MultiModelExp_llm_rag_ollama:llama3.3:70b-8k - INFO - File: ../data/use_cases_large/CubeSat/reference_pdfs/R3_combined.pdf
2025-02-23 04:52:57,659 - DSM_MultiModelExp_llm_rag_ollama:llama3.3:70b-8k - INFO - Page: 11
2025-02-23 04:52:57,660 - DSM_MultiModelExp_llm_rag_ollama:llama3.3:70b-8k - INFO - Content: Step 2: POWER SYSTEMS of Satellite
Power Management System
1. The satellite will operate on 3x18650 Li-ion batteries which will be charged using solar energy
under the supervision of a charge controll ...
2025-02-23 04:52:57,661 - DSM_MultiModelExp_llm_rag_ollama:llama3.3:70b-8k - INFO - File: ../data/use_cases_large/CubeSat/reference_pdfs/R3_combined.pdf
2025-02-23 04:52:57,662 - DSM_MultiModelExp_llm_rag_ollama:llama3.3:70b-8k - INFO - Page: 1
2025-02-23 04:52:57,662 - DSM_MultiModelExp_llm_rag_ollama:llama3.3:70b-8k - INFO - Content: you wish.
This intermediate level project lets you explore all aspects of the satellite design process from the
building of the CubeSat model itself, to programming the Arduino-based electronics and r ...
2025-02-23 04:52:57,663 - DSM_MultiModelExp_llm_rag_ollama:llama3.3:70b-8k - INFO - File: ../data/use_cases_large/CubeSat/reference_pdfs/R3_combined.pdf
2025-02-23 04:52:57,665 - DSM_MultiModelExp_llm_rag_ollama:llama3.3:70b-8k - INFO - Page: 18
2025-02-23 04:52:57,666 - DSM_MultiModelExp_llm_rag_ollama:llama3.3:70b-8k - INFO - Content: Assume that all the parts are ready to fly (tested, glued and conformal coating, cleaned).
RBF pin
Assembly stand
Assembled Base plate
Top Frame
4x [FrameScrews], long screws
4x battery stand-offs, lo ...
2025-02-23 04:52:57,667 - DSM_MultiModelExp_llm_rag_ollama:llama3.3:70b-8k - INFO - File: ../data/use_cases_large/CubeSat/reference_pdfs/R3_combined.pdf
2025-02-23 04:52:57,667 - DSM_MultiModelExp_llm_rag_ollama:llama3.3:70b-8k - INFO - Page: 1
2025-02-23 04:52:57,668 - DSM_MultiModelExp_llm_rag_ollama:llama3.3:70b-8k - INFO - Content: CubeSats (www.cubesat.org) are small satellites 10 cm on a side that typically are put into low earth
orbit. If you are a student or teacher, you will want to check out the Ardusat site (www.ardsat.co ...
2025-02-23 04:52:57,669 - DSM_MultiModelExp_llm_rag_ollama:llama3.3:70b-8k - INFO - Raw Response: final response = [[1, 1, 1, 1, 1, 0], 
                  [1, 1, 1, 1, 1, 0], 
                  [1, 1, 1, 1, 1, 0], 
                  [1, 1, 1, 1, 1, 0], 
                  [1, 1, 1, 1, 1, 0], 
                  [0, 0, 0, 0, 0, 1]]
2025-02-23 04:52:57,670 - DSM_MultiModelExp_llm_rag_ollama:llama3.3:70b-8k - INFO - Response: final response = [[1, 1, 1, 1, 1, 0], 
                  [1, 1, 1, 1, 1, 0], 
                  [1, 1, 1, 1, 1, 0], 
                  [1, 1, 1, 1, 1, 0], 
                  [1, 1, 1, 1, 1, 0], 
                  [0, 0, 0, 0, 0, 1]]
2025-02-23 04:52:57,671 - DSM_MultiModelExp_llm_rag_ollama:llama3.3:70b-8k - INFO - Matrix: [[1, 1, 1, 1, 1, 0], [1, 1, 1, 1, 1, 0], [1, 1, 1, 1, 1, 0], [1, 1, 1, 1, 1, 0], [1, 1, 1, 1, 1, 0], [0, 0, 0, 0, 0, 1]]
2025-02-23 04:52:57,672 - DSM_MultiModelExp_llm_rag_ollama:llama3.3:70b-8k - INFO - Final Matrix:
[[1, 1, 1, 1, 1, 0], [1, 1, 1, 1, 1, 0], [1, 1, 1, 1, 1, 0], [1, 1, 1, 1, 1, 0], [1, 1, 1, 1, 1, 0], [0, 0, 0, 0, 0, 1]]
2025-02-23 04:52:57,672 - DSM_MultiModelExp_llm_rag_ollama:llama3.3:70b-8k - INFO - --------------------------------------------------
2025-02-23 04:52:57,674 - DSM_MultiModelExp_llm_rag_ollama:llama3.3:70b-8k - INFO - Matrix from response.
2025-02-23 04:52:57,674 - DSM_MultiModelExp_llm_rag_ollama:llama3.3:70b-8k - INFO - At run 4/5
2025-02-23 04:52:57,675 - DSM_MultiModelExp_llm_rag_ollama:llama3.3:70b-8k - INFO - Matrix: [[1, 1, 1, 1, 1, 0], [1, 1, 1, 1, 1, 0], [1, 1, 1, 1, 1, 0], [1, 1, 1, 1, 1, 0], [1, 1, 1, 1, 1, 0], [0, 0, 0, 0, 0, 1]]
2025-02-23 04:52:57,676 - DSM_MultiModelExp_llm_rag_ollama:llama3.3:70b-8k - INFO - --------------------------------------------------
2025-02-23 04:53:07,687 - DSM_MultiModelExp_llm_rag_ollama:llama3.3:70b-8k - INFO - Run 5/5
2025-02-23 04:53:07,722 - DSM_MultiModelExp_llm_rag_ollama:llama3.3:70b-8k - INFO - DEBUG: Initializing RAGInference.
2025-02-23 04:53:07,723 - DSM_MultiModelExp_llm_rag_ollama:llama3.3:70b-8k - INFO - Using R-type: ['R3']
2025-02-23 04:53:07,724 - DSM_MultiModelExp_llm_rag_ollama:llama3.3:70b-8k - INFO - Using embedding model: text-embedding-3-small
2025-02-23 04:53:07,757 - DSM_MultiModelExp_llm_rag_ollama:llama3.3:70b-8k - INFO - VectorStoreManager initialized
2025-02-23 04:53:07,758 - DSM_MultiModelExp_llm_rag_ollama:llama3.3:70b-8k - INFO - Set database path to: xLM_DSM/data/vectorstore/CubeSat/llm_rag/text-embedding-3-small
2025-02-23 04:53:07,766 - DSM_MultiModelExp_llm_rag_ollama:llama3.3:70b-8k - INFO - Collection count: 2320
2025-02-23 04:53:07,769 - DSM_MultiModelExp_llm_rag_ollama:llama3.3:70b-8k - INFO - Initialized RAG inference for system: CubeSat (nanosatellite)
2025-02-23 04:53:07,770 - DSM_MultiModelExp_llm_rag_ollama:llama3.3:70b-8k - INFO - Initialized DSM for system: CubeSat (nanosatellite)
2025-02-23 04:53:07,770 - DSM_MultiModelExp_llm_rag_ollama:llama3.3:70b-8k - INFO - Inference model: ollama:llama3.3:70b-8k
2025-02-23 04:53:07,771 - DSM_MultiModelExp_llm_rag_ollama:llama3.3:70b-8k - INFO - Predicted Components: ['Payload', 'Power System', 'Communication System', 'Structural System', 'Thermal Control System', 'Propulsion System']
2025-02-23 04:53:07,772 - DSM_MultiModelExp_llm_rag_ollama:llama3.3:70b-8k - INFO - Number of components: 6
2025-02-23 04:53:07,773 - DSM_MultiModelExp_llm_rag_ollama:llama3.3:70b-8k - INFO - Predicted components for query: ['Payload', 'Power System', 'Communication System', 'Structural System', 'Thermal Control System', 'Propulsion System']
2025-02-23 04:53:07,773 - DSM_MultiModelExp_llm_rag_ollama:llama3.3:70b-8k - INFO - Query: 
        Please identify system-level hierarchical whole-part relationships between the components of CubeSat (nanosatellite), as listed below, and represent them in a Design Structure Matrix (DSM) format.          
        The relationships should be articulated in plain English, capturing the essence of their interactions.         
        Here is the list of subsystems/components to analyze: ['Payload', 'Power System', 'Communication System', 'Structural System', 'Thermal Control System', 'Propulsion System']         
        The DSM should clearly indicate the interactions between these components as 1 exist and 0 does not exist, considering both the presence and nature of these connections.         
        Present the output in a square matrix format (number of rows and columns MUST be the same as the number of components = 6 for this example), with rows and columns labeled accordingly.         
        Diagonal elements should be 1 in DSM matrix since each component interacts with itself.         
        If you don't know the answer, just write 2 for the specific cell that you are unsure of. A worst case scenario of the **as a list of lists** shown below (diagonal elements are 1 and rest are 2). Don't make up an answer.         
        final response = [[1, 2, 2, 2, 2, 2, 2],[2, 1, 2, 2, 2, 2, 2],[2, 2, 1, 2, 2, 2, 2],[2, 2, 2, 1, 2, 2, 2],[2, 2, 2, 2, 1, 2, 2],[2, 2, 2, 2, 2, 1, 2],[2, 2, 2, 2, 2, 2, 1]] for 7 components         
        final response = [[1, 2, 2],[2, 1, 2],[2, 2, 1]] for 3 components         
        IMPORTANT: Your response must **ONLY** contain a valid **as a list of lists** in the following example format 7x7 matrix.         
        The below list of lists is just an example format of a response. **Replace** the values with your **actual analysis** while providing your response with parameter of 'final response'.        
        final response = [[1, 0, 0, 0, 0, 0, 0],[0, 1, 0, 0, 0, 0, 0],[0, 0, 1, 0, 0, 0, 0],   [0, 0, 0, 1, 0, 0, 0],[0, 0, 0, 0, 1, 0, 0],[0, 0, 0, 0, 0, 1, 0],[0, 0, 0, 0, 0, 0, 1]] for 7 components         
        final response = [[1, 0, 0],[0, 1, 0],[0, 0, 1]] for 3 components         
        IMPORTANT: THE FORMAT OF THE OUTPUT MUST BE AS LIST OF LISTS ONLY SIMILAR TO THE ONE ABOVE (NO LATEX, CODE, OR OTHER ENCODINGS).
        
2025-02-23 04:53:18,926 - DSM_MultiModelExp_llm_rag_ollama:llama3.3:70b-8k - INFO - Number of documents retrieved: 4
2025-02-23 04:53:18,928 - DSM_MultiModelExp_llm_rag_ollama:llama3.3:70b-8k - INFO - Documents used for this query:
2025-02-23 04:53:18,929 - DSM_MultiModelExp_llm_rag_ollama:llama3.3:70b-8k - INFO - File: ../data/use_cases_large/CubeSat/reference_pdfs/R3_combined.pdf
2025-02-23 04:53:18,929 - DSM_MultiModelExp_llm_rag_ollama:llama3.3:70b-8k - INFO - Page: 11
2025-02-23 04:53:18,930 - DSM_MultiModelExp_llm_rag_ollama:llama3.3:70b-8k - INFO - Content: Step 2: POWER SYSTEMS of Satellite
Power Management System
1. The satellite will operate on 3x18650 Li-ion batteries which will be charged using solar energy
under the supervision of a charge controll ...
2025-02-23 04:53:18,932 - DSM_MultiModelExp_llm_rag_ollama:llama3.3:70b-8k - INFO - File: ../data/use_cases_large/CubeSat/reference_pdfs/R3_combined.pdf
2025-02-23 04:53:18,932 - DSM_MultiModelExp_llm_rag_ollama:llama3.3:70b-8k - INFO - Page: 1
2025-02-23 04:53:18,934 - DSM_MultiModelExp_llm_rag_ollama:llama3.3:70b-8k - INFO - Content: you wish.
This intermediate level project lets you explore all aspects of the satellite design process from the
building of the CubeSat model itself, to programming the Arduino-based electronics and r ...
2025-02-23 04:53:18,935 - DSM_MultiModelExp_llm_rag_ollama:llama3.3:70b-8k - INFO - File: ../data/use_cases_large/CubeSat/reference_pdfs/R3_combined.pdf
2025-02-23 04:53:18,935 - DSM_MultiModelExp_llm_rag_ollama:llama3.3:70b-8k - INFO - Page: 18
2025-02-23 04:53:18,936 - DSM_MultiModelExp_llm_rag_ollama:llama3.3:70b-8k - INFO - Content: Assume that all the parts are ready to fly (tested, glued and conformal coating, cleaned).
RBF pin
Assembly stand
Assembled Base plate
Top Frame
4x [FrameScrews], long screws
4x battery stand-offs, lo ...
2025-02-23 04:53:18,937 - DSM_MultiModelExp_llm_rag_ollama:llama3.3:70b-8k - INFO - File: ../data/use_cases_large/CubeSat/reference_pdfs/R3_combined.pdf
2025-02-23 04:53:18,938 - DSM_MultiModelExp_llm_rag_ollama:llama3.3:70b-8k - INFO - Page: 1
2025-02-23 04:53:18,939 - DSM_MultiModelExp_llm_rag_ollama:llama3.3:70b-8k - INFO - Content: CubeSats (www.cubesat.org) are small satellites 10 cm on a side that typically are put into low earth
orbit. If you are a student or teacher, you will want to check out the Ardusat site (www.ardsat.co ...
2025-02-23 04:53:18,940 - DSM_MultiModelExp_llm_rag_ollama:llama3.3:70b-8k - INFO - Raw Response: final response = [[1, 1, 1, 1, 1, 0], 
                  [1, 1, 1, 1, 1, 0], 
                  [1, 1, 1, 1, 1, 0], 
                  [1, 1, 1, 1, 1, 0], 
                  [1, 1, 1, 1, 1, 0], 
                  [0, 0, 0, 0, 0, 1]]
2025-02-23 04:53:18,941 - DSM_MultiModelExp_llm_rag_ollama:llama3.3:70b-8k - INFO - Response: final response = [[1, 1, 1, 1, 1, 0], 
                  [1, 1, 1, 1, 1, 0], 
                  [1, 1, 1, 1, 1, 0], 
                  [1, 1, 1, 1, 1, 0], 
                  [1, 1, 1, 1, 1, 0], 
                  [0, 0, 0, 0, 0, 1]]
2025-02-23 04:53:18,942 - DSM_MultiModelExp_llm_rag_ollama:llama3.3:70b-8k - INFO - Matrix: [[1, 1, 1, 1, 1, 0], [1, 1, 1, 1, 1, 0], [1, 1, 1, 1, 1, 0], [1, 1, 1, 1, 1, 0], [1, 1, 1, 1, 1, 0], [0, 0, 0, 0, 0, 1]]
2025-02-23 04:53:18,943 - DSM_MultiModelExp_llm_rag_ollama:llama3.3:70b-8k - INFO - Final Matrix:
[[1, 1, 1, 1, 1, 0], [1, 1, 1, 1, 1, 0], [1, 1, 1, 1, 1, 0], [1, 1, 1, 1, 1, 0], [1, 1, 1, 1, 1, 0], [0, 0, 0, 0, 0, 1]]
2025-02-23 04:53:18,944 - DSM_MultiModelExp_llm_rag_ollama:llama3.3:70b-8k - INFO - --------------------------------------------------
2025-02-23 04:53:18,945 - DSM_MultiModelExp_llm_rag_ollama:llama3.3:70b-8k - INFO - Matrix from response.
2025-02-23 04:53:18,945 - DSM_MultiModelExp_llm_rag_ollama:llama3.3:70b-8k - INFO - At run 5/5
2025-02-23 04:53:18,946 - DSM_MultiModelExp_llm_rag_ollama:llama3.3:70b-8k - INFO - Matrix: [[1, 1, 1, 1, 1, 0], [1, 1, 1, 1, 1, 0], [1, 1, 1, 1, 1, 0], [1, 1, 1, 1, 1, 0], [1, 1, 1, 1, 1, 0], [0, 0, 0, 0, 0, 1]]
2025-02-23 04:53:18,947 - DSM_MultiModelExp_llm_rag_ollama:llama3.3:70b-8k - INFO - --------------------------------------------------
2025-02-23 04:53:28,958 - DSM_MultiModelExp_llm_rag_ollama:llama3.3:70b-8k - INFO - Duration of reference combination {'R3': [{'path': '../data/use_cases_large/CubeSat/reference_pdfs/R3_combined.pdf'}]}: 0:01:58.173778
2025-02-23 04:53:28,959 - DSM_MultiModelExp_llm_rag_ollama:llama3.3:70b-8k - INFO - ++++++++++++++++++++++++++++++++++++++++++++++++++++++++++++++++++++++++++++++++++++++++++++++++++++
2025-02-23 04:53:28,978 - DSM_MultiModelExp_llm_rag_ollama:llama3.3:70b-8k - INFO - Run 1/5
2025-02-23 04:53:29,005 - DSM_MultiModelExp_llm_rag_ollama:llama3.3:70b-8k - INFO - DEBUG: Initializing RAGInference.
2025-02-23 04:53:29,006 - DSM_MultiModelExp_llm_rag_ollama:llama3.3:70b-8k - INFO - Using R-type: ['R1', 'R2']
2025-02-23 04:53:29,006 - DSM_MultiModelExp_llm_rag_ollama:llama3.3:70b-8k - INFO - Using embedding model: text-embedding-3-small
2025-02-23 04:53:29,033 - DSM_MultiModelExp_llm_rag_ollama:llama3.3:70b-8k - INFO - VectorStoreManager initialized
2025-02-23 04:53:29,033 - DSM_MultiModelExp_llm_rag_ollama:llama3.3:70b-8k - INFO - Set database path to: xLM_DSM/data/vectorstore/CubeSat/llm_rag/text-embedding-3-small
2025-02-23 04:53:29,042 - DSM_MultiModelExp_llm_rag_ollama:llama3.3:70b-8k - INFO - Collection count: 2320
2025-02-23 04:53:29,045 - DSM_MultiModelExp_llm_rag_ollama:llama3.3:70b-8k - INFO - Initialized RAG inference for system: CubeSat (nanosatellite)
2025-02-23 04:53:29,046 - DSM_MultiModelExp_llm_rag_ollama:llama3.3:70b-8k - INFO - Initialized DSM for system: CubeSat (nanosatellite)
2025-02-23 04:53:29,047 - DSM_MultiModelExp_llm_rag_ollama:llama3.3:70b-8k - INFO - Inference model: ollama:llama3.3:70b-8k
2025-02-23 04:53:29,047 - DSM_MultiModelExp_llm_rag_ollama:llama3.3:70b-8k - INFO - Prompt (attempt 1/3): 
            Please identify the major components of CubeSat (nanosatellite) in the engineering based on hierarchical whole-part relationships.             
            The number of components must be 6 and must be a list of strings.             
            Please do not identify similar components that will work together under subsystem level since our interest is to identify the major components that form the core architecture of the system.             
            Here is an example of the components for made-up system:             
            final response = [ "component 1", "component 2", "component 3", "component 4", "component 5" ]             
            IMPORTANT: THE FORMAT OF THE OUTPUT MUST BE AS A LIST OF STRINGS ONLY SIMILAR TO THE ONE ABOVE (NO LATEX, NO CODE, NO DESCRIPTION, OR OTHER ENCODINGS).              
2025-02-23 04:53:33,060 - DSM_MultiModelExp_llm_rag_ollama:llama3.3:70b-8k - INFO - Number of documents retrieved: 4
2025-02-23 04:53:33,062 - DSM_MultiModelExp_llm_rag_ollama:llama3.3:70b-8k - INFO - Documents used for this query:
2025-02-23 04:53:33,062 - DSM_MultiModelExp_llm_rag_ollama:llama3.3:70b-8k - INFO - File: ../data/use_cases_large/CubeSat/reference_pdfs/R2_combined.pdf
2025-02-23 04:53:33,063 - DSM_MultiModelExp_llm_rag_ollama:llama3.3:70b-8k - INFO - Page: 527
2025-02-23 04:53:33,065 - DSM_MultiModelExp_llm_rag_ollama:llama3.3:70b-8k - INFO - Content: 7 Conclusions
In this chapter an overview of best practices during the structural system design and
manufacturing has been presented. In particular, attention has been focused on the def-
inition of t ...
2025-02-23 04:53:33,065 - DSM_MultiModelExp_llm_rag_ollama:llama3.3:70b-8k - INFO - File: ../data/use_cases_large/CubeSat/reference_pdfs/R2_combined.pdf
2025-02-23 04:53:33,066 - DSM_MultiModelExp_llm_rag_ollama:llama3.3:70b-8k - INFO - Page: 510
2025-02-23 04:53:33,067 - DSM_MultiModelExp_llm_rag_ollama:llama3.3:70b-8k - INFO - Content: sidered a CubeSat. Nevertheless, some of the constraints that dictate the structural
design are derived from the mission and systems requirements. For this reason, it
is important to give the CubeSat  ...
2025-02-23 04:53:33,068 - DSM_MultiModelExp_llm_rag_ollama:llama3.3:70b-8k - INFO - File: ../data/use_cases_large/CubeSat/reference_pdfs/R2_combined.pdf
2025-02-23 04:53:33,069 - DSM_MultiModelExp_llm_rag_ollama:llama3.3:70b-8k - INFO - Page: 369
2025-02-23 04:53:33,070 - DSM_MultiModelExp_llm_rag_ollama:llama3.3:70b-8k - INFO - Content: l
performance requirements
l
system scalability requirements
2. Space segment
l
constellation requirements
l
spacecraft requirements
l
general requirements
l
payload requirements
3. Ground segment
l
g ...
2025-02-23 04:53:33,071 - DSM_MultiModelExp_llm_rag_ollama:llama3.3:70b-8k - INFO - File: ../data/use_cases_large/CubeSat/reference_pdfs/R1_combined.pdf
2025-02-23 04:53:33,072 - DSM_MultiModelExp_llm_rag_ollama:llama3.3:70b-8k - INFO - Page: 0
2025-02-23 04:53:33,073 - DSM_MultiModelExp_llm_rag_ollama:llama3.3:70b-8k - INFO - Content: high grade commercial-off-the-shelf (COTS) components for
design, development, has resulted in targeting these class
of satellites for low Earth orbit missions. With the use of
high grade COTS based t ...
2025-02-23 04:53:33,073 - DSM_MultiModelExp_llm_rag_ollama:llama3.3:70b-8k - INFO - Raw Response: Space segment, Ground segment, User segment, Primary structure, Secondary structure, Subsystem requirements document
2025-02-23 04:53:33,074 - DSM_MultiModelExp_llm_rag_ollama:llama3.3:70b-8k - ERROR - Error parsing component list: No valid matrix found in response
2025-02-23 04:53:33,075 - DSM_MultiModelExp_llm_rag_ollama:llama3.3:70b-8k - ERROR - Erroneous raw response: Space segment, Ground segment, User segment, Primary structure, Secondary structure, Subsystem requirements document
2025-02-23 04:53:33,076 - DSM_MultiModelExp_llm_rag_ollama:llama3.3:70b-8k - WARNING - Retrying component identification (attempt 2/3)
2025-02-23 04:53:33,077 - DSM_MultiModelExp_llm_rag_ollama:llama3.3:70b-8k - INFO - Prompt (attempt 2/3): 
            Please identify the major components of CubeSat (nanosatellite) in the engineering based on hierarchical whole-part relationships.             
            The number of components must be 6 and must be a list of strings.             
            Please do not identify similar components that will work together under subsystem level since our interest is to identify the major components that form the core architecture of the system.             
            Here is an example of the components for made-up system:             
            final response = [ "component 1", "component 2", "component 3", "component 4", "component 5" ]             
            IMPORTANT: THE FORMAT OF THE OUTPUT MUST BE AS A LIST OF STRINGS ONLY SIMILAR TO THE ONE ABOVE (NO LATEX, NO CODE, NO DESCRIPTION, OR OTHER ENCODINGS).              
2025-02-23 04:53:35,288 - DSM_MultiModelExp_llm_rag_ollama:llama3.3:70b-8k - INFO - Number of documents retrieved: 4
2025-02-23 04:53:35,288 - DSM_MultiModelExp_llm_rag_ollama:llama3.3:70b-8k - INFO - Documents used for this query:
2025-02-23 04:53:35,289 - DSM_MultiModelExp_llm_rag_ollama:llama3.3:70b-8k - INFO - File: ../data/use_cases_large/CubeSat/reference_pdfs/R2_combined.pdf
2025-02-23 04:53:35,289 - DSM_MultiModelExp_llm_rag_ollama:llama3.3:70b-8k - INFO - Page: 527
2025-02-23 04:53:35,290 - DSM_MultiModelExp_llm_rag_ollama:llama3.3:70b-8k - INFO - Content: 7 Conclusions
In this chapter an overview of best practices during the structural system design and
manufacturing has been presented. In particular, attention has been focused on the def-
inition of t ...
2025-02-23 04:53:35,291 - DSM_MultiModelExp_llm_rag_ollama:llama3.3:70b-8k - INFO - File: ../data/use_cases_large/CubeSat/reference_pdfs/R2_combined.pdf
2025-02-23 04:53:35,291 - DSM_MultiModelExp_llm_rag_ollama:llama3.3:70b-8k - INFO - Page: 510
2025-02-23 04:53:35,292 - DSM_MultiModelExp_llm_rag_ollama:llama3.3:70b-8k - INFO - Content: sidered a CubeSat. Nevertheless, some of the constraints that dictate the structural
design are derived from the mission and systems requirements. For this reason, it
is important to give the CubeSat  ...
2025-02-23 04:53:35,292 - DSM_MultiModelExp_llm_rag_ollama:llama3.3:70b-8k - INFO - File: ../data/use_cases_large/CubeSat/reference_pdfs/R2_combined.pdf
2025-02-23 04:53:35,293 - DSM_MultiModelExp_llm_rag_ollama:llama3.3:70b-8k - INFO - Page: 369
2025-02-23 04:53:35,293 - DSM_MultiModelExp_llm_rag_ollama:llama3.3:70b-8k - INFO - Content: l
performance requirements
l
system scalability requirements
2. Space segment
l
constellation requirements
l
spacecraft requirements
l
general requirements
l
payload requirements
3. Ground segment
l
g ...
2025-02-23 04:53:35,294 - DSM_MultiModelExp_llm_rag_ollama:llama3.3:70b-8k - INFO - File: ../data/use_cases_large/CubeSat/reference_pdfs/R1_combined.pdf
2025-02-23 04:53:35,294 - DSM_MultiModelExp_llm_rag_ollama:llama3.3:70b-8k - INFO - Page: 0
2025-02-23 04:53:35,295 - DSM_MultiModelExp_llm_rag_ollama:llama3.3:70b-8k - INFO - Content: high grade commercial-off-the-shelf (COTS) components for
design, development, has resulted in targeting these class
of satellites for low Earth orbit missions. With the use of
high grade COTS based t ...
2025-02-23 04:53:35,296 - DSM_MultiModelExp_llm_rag_ollama:llama3.3:70b-8k - INFO - Raw Response: Space segment, Ground segment, User segment, Primary structure, Secondary structure, Subsystem requirements document
2025-02-23 04:53:35,296 - DSM_MultiModelExp_llm_rag_ollama:llama3.3:70b-8k - ERROR - Error parsing component list: No valid matrix found in response
2025-02-23 04:53:35,297 - DSM_MultiModelExp_llm_rag_ollama:llama3.3:70b-8k - ERROR - Erroneous raw response: Space segment, Ground segment, User segment, Primary structure, Secondary structure, Subsystem requirements document
2025-02-23 04:53:35,297 - DSM_MultiModelExp_llm_rag_ollama:llama3.3:70b-8k - WARNING - Retrying component identification (attempt 3/3)
2025-02-23 04:53:35,298 - DSM_MultiModelExp_llm_rag_ollama:llama3.3:70b-8k - INFO - Prompt (attempt 3/3): 
            Please identify the major components of CubeSat (nanosatellite) in the engineering based on hierarchical whole-part relationships.             
            The number of components must be 6 and must be a list of strings.             
            Please do not identify similar components that will work together under subsystem level since our interest is to identify the major components that form the core architecture of the system.             
            Here is an example of the components for made-up system:             
            final response = [ "component 1", "component 2", "component 3", "component 4", "component 5" ]             
            IMPORTANT: THE FORMAT OF THE OUTPUT MUST BE AS A LIST OF STRINGS ONLY SIMILAR TO THE ONE ABOVE (NO LATEX, NO CODE, NO DESCRIPTION, OR OTHER ENCODINGS).              
2025-02-23 04:53:37,596 - DSM_MultiModelExp_llm_rag_ollama:llama3.3:70b-8k - INFO - Number of documents retrieved: 4
2025-02-23 04:53:37,597 - DSM_MultiModelExp_llm_rag_ollama:llama3.3:70b-8k - INFO - Documents used for this query:
2025-02-23 04:53:37,598 - DSM_MultiModelExp_llm_rag_ollama:llama3.3:70b-8k - INFO - File: ../data/use_cases_large/CubeSat/reference_pdfs/R2_combined.pdf
2025-02-23 04:53:37,599 - DSM_MultiModelExp_llm_rag_ollama:llama3.3:70b-8k - INFO - Page: 527
2025-02-23 04:53:37,600 - DSM_MultiModelExp_llm_rag_ollama:llama3.3:70b-8k - INFO - Content: 7 Conclusions
In this chapter an overview of best practices during the structural system design and
manufacturing has been presented. In particular, attention has been focused on the def-
inition of t ...
2025-02-23 04:53:37,600 - DSM_MultiModelExp_llm_rag_ollama:llama3.3:70b-8k - INFO - File: ../data/use_cases_large/CubeSat/reference_pdfs/R2_combined.pdf
2025-02-23 04:53:37,602 - DSM_MultiModelExp_llm_rag_ollama:llama3.3:70b-8k - INFO - Page: 510
2025-02-23 04:53:37,603 - DSM_MultiModelExp_llm_rag_ollama:llama3.3:70b-8k - INFO - Content: sidered a CubeSat. Nevertheless, some of the constraints that dictate the structural
design are derived from the mission and systems requirements. For this reason, it
is important to give the CubeSat  ...
2025-02-23 04:53:37,603 - DSM_MultiModelExp_llm_rag_ollama:llama3.3:70b-8k - INFO - File: ../data/use_cases_large/CubeSat/reference_pdfs/R2_combined.pdf
2025-02-23 04:53:37,605 - DSM_MultiModelExp_llm_rag_ollama:llama3.3:70b-8k - INFO - Page: 369
2025-02-23 04:53:37,605 - DSM_MultiModelExp_llm_rag_ollama:llama3.3:70b-8k - INFO - Content: l
performance requirements
l
system scalability requirements
2. Space segment
l
constellation requirements
l
spacecraft requirements
l
general requirements
l
payload requirements
3. Ground segment
l
g ...
2025-02-23 04:53:37,606 - DSM_MultiModelExp_llm_rag_ollama:llama3.3:70b-8k - INFO - File: ../data/use_cases_large/CubeSat/reference_pdfs/R1_combined.pdf
2025-02-23 04:53:37,608 - DSM_MultiModelExp_llm_rag_ollama:llama3.3:70b-8k - INFO - Page: 0
2025-02-23 04:53:37,608 - DSM_MultiModelExp_llm_rag_ollama:llama3.3:70b-8k - INFO - Content: high grade commercial-off-the-shelf (COTS) components for
design, development, has resulted in targeting these class
of satellites for low Earth orbit missions. With the use of
high grade COTS based t ...
2025-02-23 04:53:37,609 - DSM_MultiModelExp_llm_rag_ollama:llama3.3:70b-8k - INFO - Raw Response: Space segment, Ground segment, User segment, Primary structure, Secondary structure, Subsystem requirements document
2025-02-23 04:53:37,610 - DSM_MultiModelExp_llm_rag_ollama:llama3.3:70b-8k - ERROR - Error parsing component list: No valid matrix found in response
2025-02-23 04:53:37,610 - DSM_MultiModelExp_llm_rag_ollama:llama3.3:70b-8k - ERROR - Erroneous raw response: Space segment, Ground segment, User segment, Primary structure, Secondary structure, Subsystem requirements document
2025-02-23 04:53:37,612 - DSM_MultiModelExp_llm_rag_ollama:llama3.3:70b-8k - ERROR - Error identifying components: Could not extract valid component list after 3 attempts
2025-02-23 04:53:37,612 - DSM_MultiModelExp_llm_rag_ollama:llama3.3:70b-8k - ERROR - Error identifying components: Could not extract valid component list after 3 attempts
2025-02-23 04:53:37,613 - DSM_MultiModelExp_llm_rag_ollama:llama3.3:70b-8k - WARNING - Retrying due to error (attempt 3/3)
2025-02-23 04:53:37,614 - DSM_MultiModelExp_llm_rag_ollama:llama3.3:70b-8k - INFO - Prompt (attempt 3/3): 
            Please identify the major components of CubeSat (nanosatellite) in the engineering based on hierarchical whole-part relationships.             
            The number of components must be 6 and must be a list of strings.             
            Please do not identify similar components that will work together under subsystem level since our interest is to identify the major components that form the core architecture of the system.             
            Here is an example of the components for made-up system:             
            final response = [ "component 1", "component 2", "component 3", "component 4", "component 5" ]             
            IMPORTANT: THE FORMAT OF THE OUTPUT MUST BE AS A LIST OF STRINGS ONLY SIMILAR TO THE ONE ABOVE (NO LATEX, NO CODE, NO DESCRIPTION, OR OTHER ENCODINGS).              
2025-02-23 04:53:39,620 - DSM_MultiModelExp_llm_rag_ollama:llama3.3:70b-8k - INFO - Number of documents retrieved: 4
2025-02-23 04:53:39,621 - DSM_MultiModelExp_llm_rag_ollama:llama3.3:70b-8k - INFO - Documents used for this query:
2025-02-23 04:53:39,622 - DSM_MultiModelExp_llm_rag_ollama:llama3.3:70b-8k - INFO - File: ../data/use_cases_large/CubeSat/reference_pdfs/R2_combined.pdf
2025-02-23 04:53:39,623 - DSM_MultiModelExp_llm_rag_ollama:llama3.3:70b-8k - INFO - Page: 527
2025-02-23 04:53:39,624 - DSM_MultiModelExp_llm_rag_ollama:llama3.3:70b-8k - INFO - Content: 7 Conclusions
In this chapter an overview of best practices during the structural system design and
manufacturing has been presented. In particular, attention has been focused on the def-
inition of t ...
2025-02-23 04:53:39,625 - DSM_MultiModelExp_llm_rag_ollama:llama3.3:70b-8k - INFO - File: ../data/use_cases_large/CubeSat/reference_pdfs/R2_combined.pdf
2025-02-23 04:53:39,626 - DSM_MultiModelExp_llm_rag_ollama:llama3.3:70b-8k - INFO - Page: 510
2025-02-23 04:53:39,627 - DSM_MultiModelExp_llm_rag_ollama:llama3.3:70b-8k - INFO - Content: sidered a CubeSat. Nevertheless, some of the constraints that dictate the structural
design are derived from the mission and systems requirements. For this reason, it
is important to give the CubeSat  ...
2025-02-23 04:53:39,628 - DSM_MultiModelExp_llm_rag_ollama:llama3.3:70b-8k - INFO - File: ../data/use_cases_large/CubeSat/reference_pdfs/R2_combined.pdf
2025-02-23 04:53:39,629 - DSM_MultiModelExp_llm_rag_ollama:llama3.3:70b-8k - INFO - Page: 369
2025-02-23 04:53:39,629 - DSM_MultiModelExp_llm_rag_ollama:llama3.3:70b-8k - INFO - Content: l
performance requirements
l
system scalability requirements
2. Space segment
l
constellation requirements
l
spacecraft requirements
l
general requirements
l
payload requirements
3. Ground segment
l
g ...
2025-02-23 04:53:39,630 - DSM_MultiModelExp_llm_rag_ollama:llama3.3:70b-8k - INFO - File: ../data/use_cases_large/CubeSat/reference_pdfs/R1_combined.pdf
2025-02-23 04:53:39,632 - DSM_MultiModelExp_llm_rag_ollama:llama3.3:70b-8k - INFO - Page: 0
2025-02-23 04:53:39,632 - DSM_MultiModelExp_llm_rag_ollama:llama3.3:70b-8k - INFO - Content: high grade commercial-off-the-shelf (COTS) components for
design, development, has resulted in targeting these class
of satellites for low Earth orbit missions. With the use of
high grade COTS based t ...
2025-02-23 04:53:39,633 - DSM_MultiModelExp_llm_rag_ollama:llama3.3:70b-8k - INFO - Raw Response: Space segment, Ground segment, User segment, Primary structure, Secondary structure, Subsystem requirements document
2025-02-23 04:53:39,634 - DSM_MultiModelExp_llm_rag_ollama:llama3.3:70b-8k - ERROR - Error parsing component list: No valid matrix found in response
2025-02-23 04:53:39,635 - DSM_MultiModelExp_llm_rag_ollama:llama3.3:70b-8k - ERROR - Erroneous raw response: Space segment, Ground segment, User segment, Primary structure, Secondary structure, Subsystem requirements document
2025-02-23 04:53:39,635 - DSM_MultiModelExp_llm_rag_ollama:llama3.3:70b-8k - ERROR - Error identifying components: Could not extract valid component list after 3 attempts
2025-02-23 04:53:39,636 - DSM_MultiModelExp_llm_rag_ollama:llama3.3:70b-8k - ERROR - Error identifying components: Could not extract valid component list after 3 attempts
2025-02-23 04:53:39,637 - DSM_MultiModelExp_llm_rag_ollama:llama3.3:70b-8k - WARNING - Retrying due to error (attempt 2/3)
2025-02-23 04:53:39,638 - DSM_MultiModelExp_llm_rag_ollama:llama3.3:70b-8k - INFO - Prompt (attempt 2/3): 
            Please identify the major components of CubeSat (nanosatellite) in the engineering based on hierarchical whole-part relationships.             
            The number of components must be 6 and must be a list of strings.             
            Please do not identify similar components that will work together under subsystem level since our interest is to identify the major components that form the core architecture of the system.             
            Here is an example of the components for made-up system:             
            final response = [ "component 1", "component 2", "component 3", "component 4", "component 5" ]             
            IMPORTANT: THE FORMAT OF THE OUTPUT MUST BE AS A LIST OF STRINGS ONLY SIMILAR TO THE ONE ABOVE (NO LATEX, NO CODE, NO DESCRIPTION, OR OTHER ENCODINGS).              
2025-02-23 04:53:41,670 - DSM_MultiModelExp_llm_rag_ollama:llama3.3:70b-8k - INFO - Number of documents retrieved: 4
2025-02-23 04:53:41,671 - DSM_MultiModelExp_llm_rag_ollama:llama3.3:70b-8k - INFO - Documents used for this query:
2025-02-23 04:53:41,672 - DSM_MultiModelExp_llm_rag_ollama:llama3.3:70b-8k - INFO - File: ../data/use_cases_large/CubeSat/reference_pdfs/R2_combined.pdf
2025-02-23 04:53:41,673 - DSM_MultiModelExp_llm_rag_ollama:llama3.3:70b-8k - INFO - Page: 527
2025-02-23 04:53:41,674 - DSM_MultiModelExp_llm_rag_ollama:llama3.3:70b-8k - INFO - Content: 7 Conclusions
In this chapter an overview of best practices during the structural system design and
manufacturing has been presented. In particular, attention has been focused on the def-
inition of t ...
2025-02-23 04:53:41,674 - DSM_MultiModelExp_llm_rag_ollama:llama3.3:70b-8k - INFO - File: ../data/use_cases_large/CubeSat/reference_pdfs/R2_combined.pdf
2025-02-23 04:53:41,675 - DSM_MultiModelExp_llm_rag_ollama:llama3.3:70b-8k - INFO - Page: 510
2025-02-23 04:53:41,676 - DSM_MultiModelExp_llm_rag_ollama:llama3.3:70b-8k - INFO - Content: sidered a CubeSat. Nevertheless, some of the constraints that dictate the structural
design are derived from the mission and systems requirements. For this reason, it
is important to give the CubeSat  ...
2025-02-23 04:53:41,677 - DSM_MultiModelExp_llm_rag_ollama:llama3.3:70b-8k - INFO - File: ../data/use_cases_large/CubeSat/reference_pdfs/R2_combined.pdf
2025-02-23 04:53:41,678 - DSM_MultiModelExp_llm_rag_ollama:llama3.3:70b-8k - INFO - Page: 369
2025-02-23 04:53:41,678 - DSM_MultiModelExp_llm_rag_ollama:llama3.3:70b-8k - INFO - Content: l
performance requirements
l
system scalability requirements
2. Space segment
l
constellation requirements
l
spacecraft requirements
l
general requirements
l
payload requirements
3. Ground segment
l
g ...
2025-02-23 04:53:41,679 - DSM_MultiModelExp_llm_rag_ollama:llama3.3:70b-8k - INFO - File: ../data/use_cases_large/CubeSat/reference_pdfs/R1_combined.pdf
2025-02-23 04:53:41,681 - DSM_MultiModelExp_llm_rag_ollama:llama3.3:70b-8k - INFO - Page: 0
2025-02-23 04:53:41,682 - DSM_MultiModelExp_llm_rag_ollama:llama3.3:70b-8k - INFO - Content: high grade commercial-off-the-shelf (COTS) components for
design, development, has resulted in targeting these class
of satellites for low Earth orbit missions. With the use of
high grade COTS based t ...
2025-02-23 04:53:41,682 - DSM_MultiModelExp_llm_rag_ollama:llama3.3:70b-8k - INFO - Raw Response: Space segment, Ground segment, User segment, Primary structure, Secondary structure, Subsystem requirements document
2025-02-23 04:53:41,684 - DSM_MultiModelExp_llm_rag_ollama:llama3.3:70b-8k - ERROR - Error parsing component list: No valid matrix found in response
2025-02-23 04:53:41,684 - DSM_MultiModelExp_llm_rag_ollama:llama3.3:70b-8k - ERROR - Erroneous raw response: Space segment, Ground segment, User segment, Primary structure, Secondary structure, Subsystem requirements document
2025-02-23 04:53:41,685 - DSM_MultiModelExp_llm_rag_ollama:llama3.3:70b-8k - WARNING - Retrying component identification (attempt 3/3)
2025-02-23 04:53:41,686 - DSM_MultiModelExp_llm_rag_ollama:llama3.3:70b-8k - INFO - Prompt (attempt 3/3): 
            Please identify the major components of CubeSat (nanosatellite) in the engineering based on hierarchical whole-part relationships.             
            The number of components must be 6 and must be a list of strings.             
            Please do not identify similar components that will work together under subsystem level since our interest is to identify the major components that form the core architecture of the system.             
            Here is an example of the components for made-up system:             
            final response = [ "component 1", "component 2", "component 3", "component 4", "component 5" ]             
            IMPORTANT: THE FORMAT OF THE OUTPUT MUST BE AS A LIST OF STRINGS ONLY SIMILAR TO THE ONE ABOVE (NO LATEX, NO CODE, NO DESCRIPTION, OR OTHER ENCODINGS).              
2025-02-23 04:53:43,684 - DSM_MultiModelExp_llm_rag_ollama:llama3.3:70b-8k - INFO - Number of documents retrieved: 4
2025-02-23 04:53:43,685 - DSM_MultiModelExp_llm_rag_ollama:llama3.3:70b-8k - INFO - Documents used for this query:
2025-02-23 04:53:43,686 - DSM_MultiModelExp_llm_rag_ollama:llama3.3:70b-8k - INFO - File: ../data/use_cases_large/CubeSat/reference_pdfs/R2_combined.pdf
2025-02-23 04:53:43,687 - DSM_MultiModelExp_llm_rag_ollama:llama3.3:70b-8k - INFO - Page: 527
2025-02-23 04:53:43,689 - DSM_MultiModelExp_llm_rag_ollama:llama3.3:70b-8k - INFO - Content: 7 Conclusions
In this chapter an overview of best practices during the structural system design and
manufacturing has been presented. In particular, attention has been focused on the def-
inition of t ...
2025-02-23 04:53:43,689 - DSM_MultiModelExp_llm_rag_ollama:llama3.3:70b-8k - INFO - File: ../data/use_cases_large/CubeSat/reference_pdfs/R2_combined.pdf
2025-02-23 04:53:43,690 - DSM_MultiModelExp_llm_rag_ollama:llama3.3:70b-8k - INFO - Page: 510
2025-02-23 04:53:43,691 - DSM_MultiModelExp_llm_rag_ollama:llama3.3:70b-8k - INFO - Content: sidered a CubeSat. Nevertheless, some of the constraints that dictate the structural
design are derived from the mission and systems requirements. For this reason, it
is important to give the CubeSat  ...
2025-02-23 04:53:43,692 - DSM_MultiModelExp_llm_rag_ollama:llama3.3:70b-8k - INFO - File: ../data/use_cases_large/CubeSat/reference_pdfs/R2_combined.pdf
2025-02-23 04:53:43,693 - DSM_MultiModelExp_llm_rag_ollama:llama3.3:70b-8k - INFO - Page: 369
2025-02-23 04:53:43,694 - DSM_MultiModelExp_llm_rag_ollama:llama3.3:70b-8k - INFO - Content: l
performance requirements
l
system scalability requirements
2. Space segment
l
constellation requirements
l
spacecraft requirements
l
general requirements
l
payload requirements
3. Ground segment
l
g ...
2025-02-23 04:53:43,694 - DSM_MultiModelExp_llm_rag_ollama:llama3.3:70b-8k - INFO - File: ../data/use_cases_large/CubeSat/reference_pdfs/R1_combined.pdf
2025-02-23 04:53:43,696 - DSM_MultiModelExp_llm_rag_ollama:llama3.3:70b-8k - INFO - Page: 0
2025-02-23 04:53:43,697 - DSM_MultiModelExp_llm_rag_ollama:llama3.3:70b-8k - INFO - Content: high grade commercial-off-the-shelf (COTS) components for
design, development, has resulted in targeting these class
of satellites for low Earth orbit missions. With the use of
high grade COTS based t ...
2025-02-23 04:53:43,698 - DSM_MultiModelExp_llm_rag_ollama:llama3.3:70b-8k - INFO - Raw Response: Space segment, Ground segment, User segment, Primary structure, Secondary structure, Subsystem requirements document
2025-02-23 04:53:43,698 - DSM_MultiModelExp_llm_rag_ollama:llama3.3:70b-8k - ERROR - Error parsing component list: No valid matrix found in response
2025-02-23 04:53:43,699 - DSM_MultiModelExp_llm_rag_ollama:llama3.3:70b-8k - ERROR - Erroneous raw response: Space segment, Ground segment, User segment, Primary structure, Secondary structure, Subsystem requirements document
2025-02-23 04:53:43,700 - DSM_MultiModelExp_llm_rag_ollama:llama3.3:70b-8k - ERROR - Error identifying components: Could not extract valid component list after 3 attempts
2025-02-23 04:53:43,701 - DSM_MultiModelExp_llm_rag_ollama:llama3.3:70b-8k - ERROR - Error identifying components: Could not extract valid component list after 3 attempts
2025-02-23 04:53:43,702 - DSM_MultiModelExp_llm_rag_ollama:llama3.3:70b-8k - WARNING - Retrying due to error (attempt 3/3)
2025-02-23 04:53:43,703 - DSM_MultiModelExp_llm_rag_ollama:llama3.3:70b-8k - INFO - Prompt (attempt 3/3): 
            Please identify the major components of CubeSat (nanosatellite) in the engineering based on hierarchical whole-part relationships.             
            The number of components must be 6 and must be a list of strings.             
            Please do not identify similar components that will work together under subsystem level since our interest is to identify the major components that form the core architecture of the system.             
            Here is an example of the components for made-up system:             
            final response = [ "component 1", "component 2", "component 3", "component 4", "component 5" ]             
            IMPORTANT: THE FORMAT OF THE OUTPUT MUST BE AS A LIST OF STRINGS ONLY SIMILAR TO THE ONE ABOVE (NO LATEX, NO CODE, NO DESCRIPTION, OR OTHER ENCODINGS).              
2025-02-23 04:53:45,719 - DSM_MultiModelExp_llm_rag_ollama:llama3.3:70b-8k - INFO - Number of documents retrieved: 4
2025-02-23 04:53:45,720 - DSM_MultiModelExp_llm_rag_ollama:llama3.3:70b-8k - INFO - Documents used for this query:
2025-02-23 04:53:45,721 - DSM_MultiModelExp_llm_rag_ollama:llama3.3:70b-8k - INFO - File: ../data/use_cases_large/CubeSat/reference_pdfs/R2_combined.pdf
2025-02-23 04:53:45,722 - DSM_MultiModelExp_llm_rag_ollama:llama3.3:70b-8k - INFO - Page: 527
2025-02-23 04:53:45,723 - DSM_MultiModelExp_llm_rag_ollama:llama3.3:70b-8k - INFO - Content: 7 Conclusions
In this chapter an overview of best practices during the structural system design and
manufacturing has been presented. In particular, attention has been focused on the def-
inition of t ...
2025-02-23 04:53:45,724 - DSM_MultiModelExp_llm_rag_ollama:llama3.3:70b-8k - INFO - File: ../data/use_cases_large/CubeSat/reference_pdfs/R2_combined.pdf
2025-02-23 04:53:45,724 - DSM_MultiModelExp_llm_rag_ollama:llama3.3:70b-8k - INFO - Page: 510
2025-02-23 04:53:45,725 - DSM_MultiModelExp_llm_rag_ollama:llama3.3:70b-8k - INFO - Content: sidered a CubeSat. Nevertheless, some of the constraints that dictate the structural
design are derived from the mission and systems requirements. For this reason, it
is important to give the CubeSat  ...
2025-02-23 04:53:45,727 - DSM_MultiModelExp_llm_rag_ollama:llama3.3:70b-8k - INFO - File: ../data/use_cases_large/CubeSat/reference_pdfs/R2_combined.pdf
2025-02-23 04:53:45,728 - DSM_MultiModelExp_llm_rag_ollama:llama3.3:70b-8k - INFO - Page: 369
2025-02-23 04:53:45,729 - DSM_MultiModelExp_llm_rag_ollama:llama3.3:70b-8k - INFO - Content: l
performance requirements
l
system scalability requirements
2. Space segment
l
constellation requirements
l
spacecraft requirements
l
general requirements
l
payload requirements
3. Ground segment
l
g ...
2025-02-23 04:53:45,729 - DSM_MultiModelExp_llm_rag_ollama:llama3.3:70b-8k - INFO - File: ../data/use_cases_large/CubeSat/reference_pdfs/R1_combined.pdf
2025-02-23 04:53:45,731 - DSM_MultiModelExp_llm_rag_ollama:llama3.3:70b-8k - INFO - Page: 0
2025-02-23 04:53:45,731 - DSM_MultiModelExp_llm_rag_ollama:llama3.3:70b-8k - INFO - Content: high grade commercial-off-the-shelf (COTS) components for
design, development, has resulted in targeting these class
of satellites for low Earth orbit missions. With the use of
high grade COTS based t ...
2025-02-23 04:53:45,732 - DSM_MultiModelExp_llm_rag_ollama:llama3.3:70b-8k - INFO - Raw Response: Space segment, Ground segment, User segment, Primary structure, Secondary structure, Subsystem requirements document
2025-02-23 04:53:45,733 - DSM_MultiModelExp_llm_rag_ollama:llama3.3:70b-8k - ERROR - Error parsing component list: No valid matrix found in response
2025-02-23 04:53:45,734 - DSM_MultiModelExp_llm_rag_ollama:llama3.3:70b-8k - ERROR - Erroneous raw response: Space segment, Ground segment, User segment, Primary structure, Secondary structure, Subsystem requirements document
2025-02-23 04:53:45,735 - DSM_MultiModelExp_llm_rag_ollama:llama3.3:70b-8k - ERROR - Error identifying components: Could not extract valid component list after 3 attempts
2025-02-23 04:53:45,735 - DSM_MultiModelExp_llm_rag_ollama:llama3.3:70b-8k - INFO - Run 2/5
2025-02-23 04:53:45,773 - DSM_MultiModelExp_llm_rag_ollama:llama3.3:70b-8k - INFO - DEBUG: Initializing RAGInference.
2025-02-23 04:53:45,773 - DSM_MultiModelExp_llm_rag_ollama:llama3.3:70b-8k - INFO - Using R-type: ['R1', 'R2']
2025-02-23 04:53:45,774 - DSM_MultiModelExp_llm_rag_ollama:llama3.3:70b-8k - INFO - Using embedding model: text-embedding-3-small
2025-02-23 04:53:45,807 - DSM_MultiModelExp_llm_rag_ollama:llama3.3:70b-8k - INFO - VectorStoreManager initialized
2025-02-23 04:53:45,808 - DSM_MultiModelExp_llm_rag_ollama:llama3.3:70b-8k - INFO - Set database path to: xLM_DSM/data/vectorstore/CubeSat/llm_rag/text-embedding-3-small
2025-02-23 04:53:45,817 - DSM_MultiModelExp_llm_rag_ollama:llama3.3:70b-8k - INFO - Collection count: 2320
2025-02-23 04:53:45,820 - DSM_MultiModelExp_llm_rag_ollama:llama3.3:70b-8k - INFO - Initialized RAG inference for system: CubeSat (nanosatellite)
2025-02-23 04:53:45,821 - DSM_MultiModelExp_llm_rag_ollama:llama3.3:70b-8k - INFO - Initialized DSM for system: CubeSat (nanosatellite)
2025-02-23 04:53:45,821 - DSM_MultiModelExp_llm_rag_ollama:llama3.3:70b-8k - INFO - Inference model: ollama:llama3.3:70b-8k
2025-02-23 04:53:45,822 - DSM_MultiModelExp_llm_rag_ollama:llama3.3:70b-8k - INFO - Predicted Components: ['Payload', 'Power System', 'Communication System', 'Structural System', 'Thermal Control System', 'Propulsion System']
2025-02-23 04:53:45,823 - DSM_MultiModelExp_llm_rag_ollama:llama3.3:70b-8k - INFO - Number of components: 6
2025-02-23 04:53:45,824 - DSM_MultiModelExp_llm_rag_ollama:llama3.3:70b-8k - INFO - Predicted components for query: ['Payload', 'Power System', 'Communication System', 'Structural System', 'Thermal Control System', 'Propulsion System']
2025-02-23 04:53:45,824 - DSM_MultiModelExp_llm_rag_ollama:llama3.3:70b-8k - INFO - Query: 
        Please identify system-level hierarchical whole-part relationships between the components of CubeSat (nanosatellite), as listed below, and represent them in a Design Structure Matrix (DSM) format.          
        The relationships should be articulated in plain English, capturing the essence of their interactions.         
        Here is the list of subsystems/components to analyze: ['Payload', 'Power System', 'Communication System', 'Structural System', 'Thermal Control System', 'Propulsion System']         
        The DSM should clearly indicate the interactions between these components as 1 exist and 0 does not exist, considering both the presence and nature of these connections.         
        Present the output in a square matrix format (number of rows and columns MUST be the same as the number of components = 6 for this example), with rows and columns labeled accordingly.         
        Diagonal elements should be 1 in DSM matrix since each component interacts with itself.         
        If you don't know the answer, just write 2 for the specific cell that you are unsure of. A worst case scenario of the **as a list of lists** shown below (diagonal elements are 1 and rest are 2). Don't make up an answer.         
        final response = [[1, 2, 2, 2, 2, 2, 2],[2, 1, 2, 2, 2, 2, 2],[2, 2, 1, 2, 2, 2, 2],[2, 2, 2, 1, 2, 2, 2],[2, 2, 2, 2, 1, 2, 2],[2, 2, 2, 2, 2, 1, 2],[2, 2, 2, 2, 2, 2, 1]] for 7 components         
        final response = [[1, 2, 2],[2, 1, 2],[2, 2, 1]] for 3 components         
        IMPORTANT: Your response must **ONLY** contain a valid **as a list of lists** in the following example format 7x7 matrix.         
        The below list of lists is just an example format of a response. **Replace** the values with your **actual analysis** while providing your response with parameter of 'final response'.        
        final response = [[1, 0, 0, 0, 0, 0, 0],[0, 1, 0, 0, 0, 0, 0],[0, 0, 1, 0, 0, 0, 0],   [0, 0, 0, 1, 0, 0, 0],[0, 0, 0, 0, 1, 0, 0],[0, 0, 0, 0, 0, 1, 0],[0, 0, 0, 0, 0, 0, 1]] for 7 components         
        final response = [[1, 0, 0],[0, 1, 0],[0, 0, 1]] for 3 components         
        IMPORTANT: THE FORMAT OF THE OUTPUT MUST BE AS LIST OF LISTS ONLY SIMILAR TO THE ONE ABOVE (NO LATEX, CODE, OR OTHER ENCODINGS).
        
2025-02-23 04:53:59,341 - DSM_MultiModelExp_llm_rag_ollama:llama3.3:70b-8k - INFO - Number of documents retrieved: 4
2025-02-23 04:53:59,342 - DSM_MultiModelExp_llm_rag_ollama:llama3.3:70b-8k - INFO - Documents used for this query:
2025-02-23 04:53:59,343 - DSM_MultiModelExp_llm_rag_ollama:llama3.3:70b-8k - INFO - File: ../data/use_cases_large/CubeSat/reference_pdfs/R1_combined.pdf
2025-02-23 04:53:59,344 - DSM_MultiModelExp_llm_rag_ollama:llama3.3:70b-8k - INFO - Page: 15
2025-02-23 04:53:59,345 - DSM_MultiModelExp_llm_rag_ollama:llama3.3:70b-8k - INFO - Content: ing point. The focus shifts now from system level (CubeSat 
mass, power production, form factor) to subsystem selec -
tions. Prior to going through the refinement part, the user 
is required to fill i ...
2025-02-23 04:53:59,346 - DSM_MultiModelExp_llm_rag_ollama:llama3.3:70b-8k - INFO - File: ../data/use_cases_large/CubeSat/reference_pdfs/R1_combined.pdf
2025-02-23 04:53:59,347 - DSM_MultiModelExp_llm_rag_ollama:llama3.3:70b-8k - INFO - Page: 0
2025-02-23 04:53:59,349 - DSM_MultiModelExp_llm_rag_ollama:llama3.3:70b-8k - INFO - Content: that then facilitate a bottom-up development and fabrication
process. Some of the design tools (e.g., N2 diagram) described
in NASAs Systems Engineering Handbook are utilized early in
the design phase ...
2025-02-23 04:53:59,349 - DSM_MultiModelExp_llm_rag_ollama:llama3.3:70b-8k - INFO - File: ../data/use_cases_large/CubeSat/reference_pdfs/R1_combined.pdf
2025-02-23 04:53:59,350 - DSM_MultiModelExp_llm_rag_ollama:llama3.3:70b-8k - INFO - Page: 15
2025-02-23 04:53:59,351 - DSM_MultiModelExp_llm_rag_ollama:llama3.3:70b-8k - INFO - Content: • Propulsion subsystem.
• Electric power subsystem (EPS).
• Structure subsystem.
• OBC subsystem.
• TT &C subsystem.
• Thermal subsystem.
Excluding the payload subsystem, in which the refinement is 
c ...
2025-02-23 04:53:59,352 - DSM_MultiModelExp_llm_rag_ollama:llama3.3:70b-8k - INFO - File: ../data/use_cases_large/CubeSat/reference_pdfs/R2_combined.pdf
2025-02-23 04:53:59,353 - DSM_MultiModelExp_llm_rag_ollama:llama3.3:70b-8k - INFO - Page: 527
2025-02-23 04:53:59,354 - DSM_MultiModelExp_llm_rag_ollama:llama3.3:70b-8k - INFO - Content: 7 Conclusions
In this chapter an overview of best practices during the structural system design and
manufacturing has been presented. In particular, attention has been focused on the def-
inition of t ...
2025-02-23 04:53:59,355 - DSM_MultiModelExp_llm_rag_ollama:llama3.3:70b-8k - INFO - Raw Response: final response = [[1, 1, 1, 1, 1, 1], 
                 [1, 1, 1, 0, 1, 0], 
                 [1, 1, 1, 1, 1, 1], 
                 [1, 0, 1, 1, 1, 1], 
                 [1, 1, 1, 1, 1, 1], 
                 [1, 0, 1, 1, 1, 1]]
2025-02-23 04:53:59,356 - DSM_MultiModelExp_llm_rag_ollama:llama3.3:70b-8k - INFO - Response: final response = [[1, 1, 1, 1, 1, 1], 
                 [1, 1, 1, 0, 1, 0], 
                 [1, 1, 1, 1, 1, 1], 
                 [1, 0, 1, 1, 1, 1], 
                 [1, 1, 1, 1, 1, 1], 
                 [1, 0, 1, 1, 1, 1]]
2025-02-23 04:53:59,357 - DSM_MultiModelExp_llm_rag_ollama:llama3.3:70b-8k - INFO - Matrix: [[1, 1, 1, 1, 1, 1], [1, 1, 1, 0, 1, 0], [1, 1, 1, 1, 1, 1], [1, 0, 1, 1, 1, 1], [1, 1, 1, 1, 1, 1], [1, 0, 1, 1, 1, 1]]
2025-02-23 04:53:59,358 - DSM_MultiModelExp_llm_rag_ollama:llama3.3:70b-8k - INFO - Final Matrix:
[[1, 1, 1, 1, 1, 1], [1, 1, 1, 0, 1, 0], [1, 1, 1, 1, 1, 1], [1, 0, 1, 1, 1, 1], [1, 1, 1, 1, 1, 1], [1, 0, 1, 1, 1, 1]]
2025-02-23 04:53:59,359 - DSM_MultiModelExp_llm_rag_ollama:llama3.3:70b-8k - INFO - --------------------------------------------------
2025-02-23 04:53:59,359 - DSM_MultiModelExp_llm_rag_ollama:llama3.3:70b-8k - INFO - Matrix from response.
2025-02-23 04:53:59,361 - DSM_MultiModelExp_llm_rag_ollama:llama3.3:70b-8k - INFO - At run 2/5
2025-02-23 04:53:59,361 - DSM_MultiModelExp_llm_rag_ollama:llama3.3:70b-8k - INFO - Matrix: [[1, 1, 1, 1, 1, 1], [1, 1, 1, 0, 1, 0], [1, 1, 1, 1, 1, 1], [1, 0, 1, 1, 1, 1], [1, 1, 1, 1, 1, 1], [1, 0, 1, 1, 1, 1]]
2025-02-23 04:53:59,362 - DSM_MultiModelExp_llm_rag_ollama:llama3.3:70b-8k - INFO - --------------------------------------------------
2025-02-23 04:54:09,373 - DSM_MultiModelExp_llm_rag_ollama:llama3.3:70b-8k - INFO - Run 3/5
2025-02-23 04:54:09,410 - DSM_MultiModelExp_llm_rag_ollama:llama3.3:70b-8k - INFO - DEBUG: Initializing RAGInference.
2025-02-23 04:54:09,411 - DSM_MultiModelExp_llm_rag_ollama:llama3.3:70b-8k - INFO - Using R-type: ['R1', 'R2']
2025-02-23 04:54:09,411 - DSM_MultiModelExp_llm_rag_ollama:llama3.3:70b-8k - INFO - Using embedding model: text-embedding-3-small
2025-02-23 04:54:09,445 - DSM_MultiModelExp_llm_rag_ollama:llama3.3:70b-8k - INFO - VectorStoreManager initialized
2025-02-23 04:54:09,446 - DSM_MultiModelExp_llm_rag_ollama:llama3.3:70b-8k - INFO - Set database path to: xLM_DSM/data/vectorstore/CubeSat/llm_rag/text-embedding-3-small
2025-02-23 04:54:09,456 - DSM_MultiModelExp_llm_rag_ollama:llama3.3:70b-8k - INFO - Collection count: 2320
2025-02-23 04:54:09,461 - DSM_MultiModelExp_llm_rag_ollama:llama3.3:70b-8k - INFO - Initialized RAG inference for system: CubeSat (nanosatellite)
2025-02-23 04:54:09,461 - DSM_MultiModelExp_llm_rag_ollama:llama3.3:70b-8k - INFO - Initialized DSM for system: CubeSat (nanosatellite)
2025-02-23 04:54:09,462 - DSM_MultiModelExp_llm_rag_ollama:llama3.3:70b-8k - INFO - Inference model: ollama:llama3.3:70b-8k
2025-02-23 04:54:09,463 - DSM_MultiModelExp_llm_rag_ollama:llama3.3:70b-8k - INFO - Predicted Components: ['Payload', 'Power System', 'Communication System', 'Structural System', 'Thermal Control System', 'Propulsion System']
2025-02-23 04:54:09,464 - DSM_MultiModelExp_llm_rag_ollama:llama3.3:70b-8k - INFO - Number of components: 6
2025-02-23 04:54:09,465 - DSM_MultiModelExp_llm_rag_ollama:llama3.3:70b-8k - INFO - Predicted components for query: ['Payload', 'Power System', 'Communication System', 'Structural System', 'Thermal Control System', 'Propulsion System']
2025-02-23 04:54:09,466 - DSM_MultiModelExp_llm_rag_ollama:llama3.3:70b-8k - INFO - Query: 
        Please identify system-level hierarchical whole-part relationships between the components of CubeSat (nanosatellite), as listed below, and represent them in a Design Structure Matrix (DSM) format.          
        The relationships should be articulated in plain English, capturing the essence of their interactions.         
        Here is the list of subsystems/components to analyze: ['Payload', 'Power System', 'Communication System', 'Structural System', 'Thermal Control System', 'Propulsion System']         
        The DSM should clearly indicate the interactions between these components as 1 exist and 0 does not exist, considering both the presence and nature of these connections.         
        Present the output in a square matrix format (number of rows and columns MUST be the same as the number of components = 6 for this example), with rows and columns labeled accordingly.         
        Diagonal elements should be 1 in DSM matrix since each component interacts with itself.         
        If you don't know the answer, just write 2 for the specific cell that you are unsure of. A worst case scenario of the **as a list of lists** shown below (diagonal elements are 1 and rest are 2). Don't make up an answer.         
        final response = [[1, 2, 2, 2, 2, 2, 2],[2, 1, 2, 2, 2, 2, 2],[2, 2, 1, 2, 2, 2, 2],[2, 2, 2, 1, 2, 2, 2],[2, 2, 2, 2, 1, 2, 2],[2, 2, 2, 2, 2, 1, 2],[2, 2, 2, 2, 2, 2, 1]] for 7 components         
        final response = [[1, 2, 2],[2, 1, 2],[2, 2, 1]] for 3 components         
        IMPORTANT: Your response must **ONLY** contain a valid **as a list of lists** in the following example format 7x7 matrix.         
        The below list of lists is just an example format of a response. **Replace** the values with your **actual analysis** while providing your response with parameter of 'final response'.        
        final response = [[1, 0, 0, 0, 0, 0, 0],[0, 1, 0, 0, 0, 0, 0],[0, 0, 1, 0, 0, 0, 0],   [0, 0, 0, 1, 0, 0, 0],[0, 0, 0, 0, 1, 0, 0],[0, 0, 0, 0, 0, 1, 0],[0, 0, 0, 0, 0, 0, 1]] for 7 components         
        final response = [[1, 0, 0],[0, 1, 0],[0, 0, 1]] for 3 components         
        IMPORTANT: THE FORMAT OF THE OUTPUT MUST BE AS LIST OF LISTS ONLY SIMILAR TO THE ONE ABOVE (NO LATEX, CODE, OR OTHER ENCODINGS).
        
2025-02-23 04:54:20,722 - DSM_MultiModelExp_llm_rag_ollama:llama3.3:70b-8k - INFO - Number of documents retrieved: 4
2025-02-23 04:54:20,723 - DSM_MultiModelExp_llm_rag_ollama:llama3.3:70b-8k - INFO - Documents used for this query:
2025-02-23 04:54:20,724 - DSM_MultiModelExp_llm_rag_ollama:llama3.3:70b-8k - INFO - File: ../data/use_cases_large/CubeSat/reference_pdfs/R1_combined.pdf
2025-02-23 04:54:20,725 - DSM_MultiModelExp_llm_rag_ollama:llama3.3:70b-8k - INFO - Page: 15
2025-02-23 04:54:20,726 - DSM_MultiModelExp_llm_rag_ollama:llama3.3:70b-8k - INFO - Content: ing point. The focus shifts now from system level (CubeSat 
mass, power production, form factor) to subsystem selec -
tions. Prior to going through the refinement part, the user 
is required to fill i ...
2025-02-23 04:54:20,726 - DSM_MultiModelExp_llm_rag_ollama:llama3.3:70b-8k - INFO - File: ../data/use_cases_large/CubeSat/reference_pdfs/R1_combined.pdf
2025-02-23 04:54:20,727 - DSM_MultiModelExp_llm_rag_ollama:llama3.3:70b-8k - INFO - Page: 0
2025-02-23 04:54:20,729 - DSM_MultiModelExp_llm_rag_ollama:llama3.3:70b-8k - INFO - Content: that then facilitate a bottom-up development and fabrication
process. Some of the design tools (e.g., N2 diagram) described
in NASAs Systems Engineering Handbook are utilized early in
the design phase ...
2025-02-23 04:54:20,729 - DSM_MultiModelExp_llm_rag_ollama:llama3.3:70b-8k - INFO - File: ../data/use_cases_large/CubeSat/reference_pdfs/R1_combined.pdf
2025-02-23 04:54:20,730 - DSM_MultiModelExp_llm_rag_ollama:llama3.3:70b-8k - INFO - Page: 15
2025-02-23 04:54:20,731 - DSM_MultiModelExp_llm_rag_ollama:llama3.3:70b-8k - INFO - Content: • Propulsion subsystem.
• Electric power subsystem (EPS).
• Structure subsystem.
• OBC subsystem.
• TT &C subsystem.
• Thermal subsystem.
Excluding the payload subsystem, in which the refinement is 
c ...
2025-02-23 04:54:20,732 - DSM_MultiModelExp_llm_rag_ollama:llama3.3:70b-8k - INFO - File: ../data/use_cases_large/CubeSat/reference_pdfs/R2_combined.pdf
2025-02-23 04:54:20,733 - DSM_MultiModelExp_llm_rag_ollama:llama3.3:70b-8k - INFO - Page: 527
2025-02-23 04:54:20,734 - DSM_MultiModelExp_llm_rag_ollama:llama3.3:70b-8k - INFO - Content: 7 Conclusions
In this chapter an overview of best practices during the structural system design and
manufacturing has been presented. In particular, attention has been focused on the def-
inition of t ...
2025-02-23 04:54:20,735 - DSM_MultiModelExp_llm_rag_ollama:llama3.3:70b-8k - INFO - Raw Response: final response = [[1, 1, 1, 1, 1, 1], 
                 [1, 1, 1, 0, 1, 0], 
                 [1, 1, 1, 1, 1, 1], 
                 [1, 0, 1, 1, 1, 1], 
                 [1, 1, 1, 1, 1, 1], 
                 [1, 0, 1, 1, 1, 1]]
2025-02-23 04:54:20,736 - DSM_MultiModelExp_llm_rag_ollama:llama3.3:70b-8k - INFO - Response: final response = [[1, 1, 1, 1, 1, 1], 
                 [1, 1, 1, 0, 1, 0], 
                 [1, 1, 1, 1, 1, 1], 
                 [1, 0, 1, 1, 1, 1], 
                 [1, 1, 1, 1, 1, 1], 
                 [1, 0, 1, 1, 1, 1]]
2025-02-23 04:54:20,737 - DSM_MultiModelExp_llm_rag_ollama:llama3.3:70b-8k - INFO - Matrix: [[1, 1, 1, 1, 1, 1], [1, 1, 1, 0, 1, 0], [1, 1, 1, 1, 1, 1], [1, 0, 1, 1, 1, 1], [1, 1, 1, 1, 1, 1], [1, 0, 1, 1, 1, 1]]
2025-02-23 04:54:20,738 - DSM_MultiModelExp_llm_rag_ollama:llama3.3:70b-8k - INFO - Final Matrix:
[[1, 1, 1, 1, 1, 1], [1, 1, 1, 0, 1, 0], [1, 1, 1, 1, 1, 1], [1, 0, 1, 1, 1, 1], [1, 1, 1, 1, 1, 1], [1, 0, 1, 1, 1, 1]]
2025-02-23 04:54:20,739 - DSM_MultiModelExp_llm_rag_ollama:llama3.3:70b-8k - INFO - --------------------------------------------------
2025-02-23 04:54:20,740 - DSM_MultiModelExp_llm_rag_ollama:llama3.3:70b-8k - INFO - Matrix from response.
2025-02-23 04:54:20,740 - DSM_MultiModelExp_llm_rag_ollama:llama3.3:70b-8k - INFO - At run 3/5
2025-02-23 04:54:20,741 - DSM_MultiModelExp_llm_rag_ollama:llama3.3:70b-8k - INFO - Matrix: [[1, 1, 1, 1, 1, 1], [1, 1, 1, 0, 1, 0], [1, 1, 1, 1, 1, 1], [1, 0, 1, 1, 1, 1], [1, 1, 1, 1, 1, 1], [1, 0, 1, 1, 1, 1]]
2025-02-23 04:54:20,742 - DSM_MultiModelExp_llm_rag_ollama:llama3.3:70b-8k - INFO - --------------------------------------------------
2025-02-23 04:54:30,753 - DSM_MultiModelExp_llm_rag_ollama:llama3.3:70b-8k - INFO - Run 4/5
2025-02-23 04:54:30,788 - DSM_MultiModelExp_llm_rag_ollama:llama3.3:70b-8k - INFO - DEBUG: Initializing RAGInference.
2025-02-23 04:54:30,789 - DSM_MultiModelExp_llm_rag_ollama:llama3.3:70b-8k - INFO - Using R-type: ['R1', 'R2']
2025-02-23 04:54:30,791 - DSM_MultiModelExp_llm_rag_ollama:llama3.3:70b-8k - INFO - Using embedding model: text-embedding-3-small
2025-02-23 04:54:30,824 - DSM_MultiModelExp_llm_rag_ollama:llama3.3:70b-8k - INFO - VectorStoreManager initialized
2025-02-23 04:54:30,825 - DSM_MultiModelExp_llm_rag_ollama:llama3.3:70b-8k - INFO - Set database path to: xLM_DSM/data/vectorstore/CubeSat/llm_rag/text-embedding-3-small
2025-02-23 04:54:30,834 - DSM_MultiModelExp_llm_rag_ollama:llama3.3:70b-8k - INFO - Collection count: 2320
2025-02-23 04:54:30,837 - DSM_MultiModelExp_llm_rag_ollama:llama3.3:70b-8k - INFO - Initialized RAG inference for system: CubeSat (nanosatellite)
2025-02-23 04:54:30,838 - DSM_MultiModelExp_llm_rag_ollama:llama3.3:70b-8k - INFO - Initialized DSM for system: CubeSat (nanosatellite)
2025-02-23 04:54:30,839 - DSM_MultiModelExp_llm_rag_ollama:llama3.3:70b-8k - INFO - Inference model: ollama:llama3.3:70b-8k
2025-02-23 04:54:30,840 - DSM_MultiModelExp_llm_rag_ollama:llama3.3:70b-8k - INFO - Predicted Components: ['Payload', 'Power System', 'Communication System', 'Structural System', 'Thermal Control System', 'Propulsion System']
2025-02-23 04:54:30,841 - DSM_MultiModelExp_llm_rag_ollama:llama3.3:70b-8k - INFO - Number of components: 6
2025-02-23 04:54:30,842 - DSM_MultiModelExp_llm_rag_ollama:llama3.3:70b-8k - INFO - Predicted components for query: ['Payload', 'Power System', 'Communication System', 'Structural System', 'Thermal Control System', 'Propulsion System']
2025-02-23 04:54:30,842 - DSM_MultiModelExp_llm_rag_ollama:llama3.3:70b-8k - INFO - Query: 
        Please identify system-level hierarchical whole-part relationships between the components of CubeSat (nanosatellite), as listed below, and represent them in a Design Structure Matrix (DSM) format.          
        The relationships should be articulated in plain English, capturing the essence of their interactions.         
        Here is the list of subsystems/components to analyze: ['Payload', 'Power System', 'Communication System', 'Structural System', 'Thermal Control System', 'Propulsion System']         
        The DSM should clearly indicate the interactions between these components as 1 exist and 0 does not exist, considering both the presence and nature of these connections.         
        Present the output in a square matrix format (number of rows and columns MUST be the same as the number of components = 6 for this example), with rows and columns labeled accordingly.         
        Diagonal elements should be 1 in DSM matrix since each component interacts with itself.         
        If you don't know the answer, just write 2 for the specific cell that you are unsure of. A worst case scenario of the **as a list of lists** shown below (diagonal elements are 1 and rest are 2). Don't make up an answer.         
        final response = [[1, 2, 2, 2, 2, 2, 2],[2, 1, 2, 2, 2, 2, 2],[2, 2, 1, 2, 2, 2, 2],[2, 2, 2, 1, 2, 2, 2],[2, 2, 2, 2, 1, 2, 2],[2, 2, 2, 2, 2, 1, 2],[2, 2, 2, 2, 2, 2, 1]] for 7 components         
        final response = [[1, 2, 2],[2, 1, 2],[2, 2, 1]] for 3 components         
        IMPORTANT: Your response must **ONLY** contain a valid **as a list of lists** in the following example format 7x7 matrix.         
        The below list of lists is just an example format of a response. **Replace** the values with your **actual analysis** while providing your response with parameter of 'final response'.        
        final response = [[1, 0, 0, 0, 0, 0, 0],[0, 1, 0, 0, 0, 0, 0],[0, 0, 1, 0, 0, 0, 0],   [0, 0, 0, 1, 0, 0, 0],[0, 0, 0, 0, 1, 0, 0],[0, 0, 0, 0, 0, 1, 0],[0, 0, 0, 0, 0, 0, 1]] for 7 components         
        final response = [[1, 0, 0],[0, 1, 0],[0, 0, 1]] for 3 components         
        IMPORTANT: THE FORMAT OF THE OUTPUT MUST BE AS LIST OF LISTS ONLY SIMILAR TO THE ONE ABOVE (NO LATEX, CODE, OR OTHER ENCODINGS).
        
2025-02-23 04:54:41,874 - DSM_MultiModelExp_llm_rag_ollama:llama3.3:70b-8k - INFO - Number of documents retrieved: 4
2025-02-23 04:54:41,876 - DSM_MultiModelExp_llm_rag_ollama:llama3.3:70b-8k - INFO - Documents used for this query:
2025-02-23 04:54:41,876 - DSM_MultiModelExp_llm_rag_ollama:llama3.3:70b-8k - INFO - File: ../data/use_cases_large/CubeSat/reference_pdfs/R1_combined.pdf
2025-02-23 04:54:41,877 - DSM_MultiModelExp_llm_rag_ollama:llama3.3:70b-8k - INFO - Page: 15
2025-02-23 04:54:41,878 - DSM_MultiModelExp_llm_rag_ollama:llama3.3:70b-8k - INFO - Content: ing point. The focus shifts now from system level (CubeSat 
mass, power production, form factor) to subsystem selec -
tions. Prior to going through the refinement part, the user 
is required to fill i ...
2025-02-23 04:54:41,879 - DSM_MultiModelExp_llm_rag_ollama:llama3.3:70b-8k - INFO - File: ../data/use_cases_large/CubeSat/reference_pdfs/R1_combined.pdf
2025-02-23 04:54:41,880 - DSM_MultiModelExp_llm_rag_ollama:llama3.3:70b-8k - INFO - Page: 0
2025-02-23 04:54:41,881 - DSM_MultiModelExp_llm_rag_ollama:llama3.3:70b-8k - INFO - Content: that then facilitate a bottom-up development and fabrication
process. Some of the design tools (e.g., N2 diagram) described
in NASAs Systems Engineering Handbook are utilized early in
the design phase ...
2025-02-23 04:54:41,882 - DSM_MultiModelExp_llm_rag_ollama:llama3.3:70b-8k - INFO - File: ../data/use_cases_large/CubeSat/reference_pdfs/R1_combined.pdf
2025-02-23 04:54:41,883 - DSM_MultiModelExp_llm_rag_ollama:llama3.3:70b-8k - INFO - Page: 15
2025-02-23 04:54:41,884 - DSM_MultiModelExp_llm_rag_ollama:llama3.3:70b-8k - INFO - Content: • Propulsion subsystem.
• Electric power subsystem (EPS).
• Structure subsystem.
• OBC subsystem.
• TT &C subsystem.
• Thermal subsystem.
Excluding the payload subsystem, in which the refinement is 
c ...
2025-02-23 04:54:41,885 - DSM_MultiModelExp_llm_rag_ollama:llama3.3:70b-8k - INFO - File: ../data/use_cases_large/CubeSat/reference_pdfs/R2_combined.pdf
2025-02-23 04:54:41,886 - DSM_MultiModelExp_llm_rag_ollama:llama3.3:70b-8k - INFO - Page: 527
2025-02-23 04:54:41,887 - DSM_MultiModelExp_llm_rag_ollama:llama3.3:70b-8k - INFO - Content: 7 Conclusions
In this chapter an overview of best practices during the structural system design and
manufacturing has been presented. In particular, attention has been focused on the def-
inition of t ...
2025-02-23 04:54:41,887 - DSM_MultiModelExp_llm_rag_ollama:llama3.3:70b-8k - INFO - Raw Response: final response = [[1, 1, 1, 1, 1, 1], 
                 [1, 1, 1, 0, 1, 0], 
                 [1, 1, 1, 1, 1, 1], 
                 [1, 0, 1, 1, 1, 1], 
                 [1, 1, 1, 1, 1, 1], 
                 [1, 0, 1, 1, 1, 1]]
2025-02-23 04:54:41,889 - DSM_MultiModelExp_llm_rag_ollama:llama3.3:70b-8k - INFO - Response: final response = [[1, 1, 1, 1, 1, 1], 
                 [1, 1, 1, 0, 1, 0], 
                 [1, 1, 1, 1, 1, 1], 
                 [1, 0, 1, 1, 1, 1], 
                 [1, 1, 1, 1, 1, 1], 
                 [1, 0, 1, 1, 1, 1]]
2025-02-23 04:54:41,890 - DSM_MultiModelExp_llm_rag_ollama:llama3.3:70b-8k - INFO - Matrix: [[1, 1, 1, 1, 1, 1], [1, 1, 1, 0, 1, 0], [1, 1, 1, 1, 1, 1], [1, 0, 1, 1, 1, 1], [1, 1, 1, 1, 1, 1], [1, 0, 1, 1, 1, 1]]
2025-02-23 04:54:41,891 - DSM_MultiModelExp_llm_rag_ollama:llama3.3:70b-8k - INFO - Final Matrix:
[[1, 1, 1, 1, 1, 1], [1, 1, 1, 0, 1, 0], [1, 1, 1, 1, 1, 1], [1, 0, 1, 1, 1, 1], [1, 1, 1, 1, 1, 1], [1, 0, 1, 1, 1, 1]]
2025-02-23 04:54:41,891 - DSM_MultiModelExp_llm_rag_ollama:llama3.3:70b-8k - INFO - --------------------------------------------------
2025-02-23 04:54:41,892 - DSM_MultiModelExp_llm_rag_ollama:llama3.3:70b-8k - INFO - Matrix from response.
2025-02-23 04:54:41,893 - DSM_MultiModelExp_llm_rag_ollama:llama3.3:70b-8k - INFO - At run 4/5
2025-02-23 04:54:41,894 - DSM_MultiModelExp_llm_rag_ollama:llama3.3:70b-8k - INFO - Matrix: [[1, 1, 1, 1, 1, 1], [1, 1, 1, 0, 1, 0], [1, 1, 1, 1, 1, 1], [1, 0, 1, 1, 1, 1], [1, 1, 1, 1, 1, 1], [1, 0, 1, 1, 1, 1]]
2025-02-23 04:54:41,895 - DSM_MultiModelExp_llm_rag_ollama:llama3.3:70b-8k - INFO - --------------------------------------------------
2025-02-23 04:54:51,905 - DSM_MultiModelExp_llm_rag_ollama:llama3.3:70b-8k - INFO - Run 5/5
2025-02-23 04:54:51,934 - DSM_MultiModelExp_llm_rag_ollama:llama3.3:70b-8k - INFO - DEBUG: Initializing RAGInference.
2025-02-23 04:54:51,935 - DSM_MultiModelExp_llm_rag_ollama:llama3.3:70b-8k - INFO - Using R-type: ['R1', 'R2']
2025-02-23 04:54:51,936 - DSM_MultiModelExp_llm_rag_ollama:llama3.3:70b-8k - INFO - Using embedding model: text-embedding-3-small
2025-02-23 04:54:52,227 - DSM_MultiModelExp_llm_rag_ollama:llama3.3:70b-8k - INFO - VectorStoreManager initialized
2025-02-23 04:54:52,229 - DSM_MultiModelExp_llm_rag_ollama:llama3.3:70b-8k - INFO - Set database path to: xLM_DSM/data/vectorstore/CubeSat/llm_rag/text-embedding-3-small
2025-02-23 04:54:52,237 - DSM_MultiModelExp_llm_rag_ollama:llama3.3:70b-8k - INFO - Collection count: 2320
2025-02-23 04:54:52,240 - DSM_MultiModelExp_llm_rag_ollama:llama3.3:70b-8k - INFO - Initialized RAG inference for system: CubeSat (nanosatellite)
2025-02-23 04:54:52,240 - DSM_MultiModelExp_llm_rag_ollama:llama3.3:70b-8k - INFO - Initialized DSM for system: CubeSat (nanosatellite)
2025-02-23 04:54:52,241 - DSM_MultiModelExp_llm_rag_ollama:llama3.3:70b-8k - INFO - Inference model: ollama:llama3.3:70b-8k
2025-02-23 04:54:52,241 - DSM_MultiModelExp_llm_rag_ollama:llama3.3:70b-8k - INFO - Predicted Components: ['Payload', 'Power System', 'Communication System', 'Structural System', 'Thermal Control System', 'Propulsion System']
2025-02-23 04:54:52,242 - DSM_MultiModelExp_llm_rag_ollama:llama3.3:70b-8k - INFO - Number of components: 6
2025-02-23 04:54:52,243 - DSM_MultiModelExp_llm_rag_ollama:llama3.3:70b-8k - INFO - Predicted components for query: ['Payload', 'Power System', 'Communication System', 'Structural System', 'Thermal Control System', 'Propulsion System']
2025-02-23 04:54:52,243 - DSM_MultiModelExp_llm_rag_ollama:llama3.3:70b-8k - INFO - Query: 
        Please identify system-level hierarchical whole-part relationships between the components of CubeSat (nanosatellite), as listed below, and represent them in a Design Structure Matrix (DSM) format.          
        The relationships should be articulated in plain English, capturing the essence of their interactions.         
        Here is the list of subsystems/components to analyze: ['Payload', 'Power System', 'Communication System', 'Structural System', 'Thermal Control System', 'Propulsion System']         
        The DSM should clearly indicate the interactions between these components as 1 exist and 0 does not exist, considering both the presence and nature of these connections.         
        Present the output in a square matrix format (number of rows and columns MUST be the same as the number of components = 6 for this example), with rows and columns labeled accordingly.         
        Diagonal elements should be 1 in DSM matrix since each component interacts with itself.         
        If you don't know the answer, just write 2 for the specific cell that you are unsure of. A worst case scenario of the **as a list of lists** shown below (diagonal elements are 1 and rest are 2). Don't make up an answer.         
        final response = [[1, 2, 2, 2, 2, 2, 2],[2, 1, 2, 2, 2, 2, 2],[2, 2, 1, 2, 2, 2, 2],[2, 2, 2, 1, 2, 2, 2],[2, 2, 2, 2, 1, 2, 2],[2, 2, 2, 2, 2, 1, 2],[2, 2, 2, 2, 2, 2, 1]] for 7 components         
        final response = [[1, 2, 2],[2, 1, 2],[2, 2, 1]] for 3 components         
        IMPORTANT: Your response must **ONLY** contain a valid **as a list of lists** in the following example format 7x7 matrix.         
        The below list of lists is just an example format of a response. **Replace** the values with your **actual analysis** while providing your response with parameter of 'final response'.        
        final response = [[1, 0, 0, 0, 0, 0, 0],[0, 1, 0, 0, 0, 0, 0],[0, 0, 1, 0, 0, 0, 0],   [0, 0, 0, 1, 0, 0, 0],[0, 0, 0, 0, 1, 0, 0],[0, 0, 0, 0, 0, 1, 0],[0, 0, 0, 0, 0, 0, 1]] for 7 components         
        final response = [[1, 0, 0],[0, 1, 0],[0, 0, 1]] for 3 components         
        IMPORTANT: THE FORMAT OF THE OUTPUT MUST BE AS LIST OF LISTS ONLY SIMILAR TO THE ONE ABOVE (NO LATEX, CODE, OR OTHER ENCODINGS).
        
2025-02-23 04:55:03,443 - DSM_MultiModelExp_llm_rag_ollama:llama3.3:70b-8k - INFO - Number of documents retrieved: 4
2025-02-23 04:55:03,444 - DSM_MultiModelExp_llm_rag_ollama:llama3.3:70b-8k - INFO - Documents used for this query:
2025-02-23 04:55:03,463 - DSM_MultiModelExp_llm_rag_ollama:llama3.3:70b-8k - INFO - File: ../data/use_cases_large/CubeSat/reference_pdfs/R1_combined.pdf
2025-02-23 04:55:03,464 - DSM_MultiModelExp_llm_rag_ollama:llama3.3:70b-8k - INFO - Page: 15
2025-02-23 04:55:03,464 - DSM_MultiModelExp_llm_rag_ollama:llama3.3:70b-8k - INFO - Content: ing point. The focus shifts now from system level (CubeSat 
mass, power production, form factor) to subsystem selec -
tions. Prior to going through the refinement part, the user 
is required to fill i ...
2025-02-23 04:55:03,465 - DSM_MultiModelExp_llm_rag_ollama:llama3.3:70b-8k - INFO - File: ../data/use_cases_large/CubeSat/reference_pdfs/R1_combined.pdf
2025-02-23 04:55:03,466 - DSM_MultiModelExp_llm_rag_ollama:llama3.3:70b-8k - INFO - Page: 0
2025-02-23 04:55:03,467 - DSM_MultiModelExp_llm_rag_ollama:llama3.3:70b-8k - INFO - Content: that then facilitate a bottom-up development and fabrication
process. Some of the design tools (e.g., N2 diagram) described
in NASAs Systems Engineering Handbook are utilized early in
the design phase ...
2025-02-23 04:55:03,468 - DSM_MultiModelExp_llm_rag_ollama:llama3.3:70b-8k - INFO - File: ../data/use_cases_large/CubeSat/reference_pdfs/R1_combined.pdf
2025-02-23 04:55:03,468 - DSM_MultiModelExp_llm_rag_ollama:llama3.3:70b-8k - INFO - Page: 15
2025-02-23 04:55:03,469 - DSM_MultiModelExp_llm_rag_ollama:llama3.3:70b-8k - INFO - Content: • Propulsion subsystem.
• Electric power subsystem (EPS).
• Structure subsystem.
• OBC subsystem.
• TT &C subsystem.
• Thermal subsystem.
Excluding the payload subsystem, in which the refinement is 
c ...
2025-02-23 04:55:03,470 - DSM_MultiModelExp_llm_rag_ollama:llama3.3:70b-8k - INFO - File: ../data/use_cases_large/CubeSat/reference_pdfs/R2_combined.pdf
2025-02-23 04:55:03,471 - DSM_MultiModelExp_llm_rag_ollama:llama3.3:70b-8k - INFO - Page: 527
2025-02-23 04:55:03,472 - DSM_MultiModelExp_llm_rag_ollama:llama3.3:70b-8k - INFO - Content: 7 Conclusions
In this chapter an overview of best practices during the structural system design and
manufacturing has been presented. In particular, attention has been focused on the def-
inition of t ...
2025-02-23 04:55:03,472 - DSM_MultiModelExp_llm_rag_ollama:llama3.3:70b-8k - INFO - Raw Response: final response = [[1, 1, 1, 1, 1, 1], 
                 [1, 1, 1, 0, 1, 0], 
                 [1, 1, 1, 1, 1, 1], 
                 [1, 0, 1, 1, 1, 1], 
                 [1, 1, 1, 1, 1, 1], 
                 [1, 0, 1, 1, 1, 1]]
2025-02-23 04:55:03,473 - DSM_MultiModelExp_llm_rag_ollama:llama3.3:70b-8k - INFO - Response: final response = [[1, 1, 1, 1, 1, 1], 
                 [1, 1, 1, 0, 1, 0], 
                 [1, 1, 1, 1, 1, 1], 
                 [1, 0, 1, 1, 1, 1], 
                 [1, 1, 1, 1, 1, 1], 
                 [1, 0, 1, 1, 1, 1]]
2025-02-23 04:55:03,474 - DSM_MultiModelExp_llm_rag_ollama:llama3.3:70b-8k - INFO - Matrix: [[1, 1, 1, 1, 1, 1], [1, 1, 1, 0, 1, 0], [1, 1, 1, 1, 1, 1], [1, 0, 1, 1, 1, 1], [1, 1, 1, 1, 1, 1], [1, 0, 1, 1, 1, 1]]
2025-02-23 04:55:03,475 - DSM_MultiModelExp_llm_rag_ollama:llama3.3:70b-8k - INFO - Final Matrix:
[[1, 1, 1, 1, 1, 1], [1, 1, 1, 0, 1, 0], [1, 1, 1, 1, 1, 1], [1, 0, 1, 1, 1, 1], [1, 1, 1, 1, 1, 1], [1, 0, 1, 1, 1, 1]]
2025-02-23 04:55:03,475 - DSM_MultiModelExp_llm_rag_ollama:llama3.3:70b-8k - INFO - --------------------------------------------------
2025-02-23 04:55:03,476 - DSM_MultiModelExp_llm_rag_ollama:llama3.3:70b-8k - INFO - Matrix from response.
2025-02-23 04:55:03,477 - DSM_MultiModelExp_llm_rag_ollama:llama3.3:70b-8k - INFO - At run 5/5
2025-02-23 04:55:03,478 - DSM_MultiModelExp_llm_rag_ollama:llama3.3:70b-8k - INFO - Matrix: [[1, 1, 1, 1, 1, 1], [1, 1, 1, 0, 1, 0], [1, 1, 1, 1, 1, 1], [1, 0, 1, 1, 1, 1], [1, 1, 1, 1, 1, 1], [1, 0, 1, 1, 1, 1]]
2025-02-23 04:55:03,478 - DSM_MultiModelExp_llm_rag_ollama:llama3.3:70b-8k - INFO - --------------------------------------------------
2025-02-23 04:55:13,489 - DSM_MultiModelExp_llm_rag_ollama:llama3.3:70b-8k - INFO - Duration of reference combination {'R1': [{'path': '../data/use_cases_large/CubeSat/reference_pdfs/R1_combined.pdf'}], 'R2': [{'path': '../data/use_cases_large/CubeSat/reference_pdfs/R2_combined.pdf'}]}: 0:01:44.511181
2025-02-23 04:55:13,490 - DSM_MultiModelExp_llm_rag_ollama:llama3.3:70b-8k - INFO - ++++++++++++++++++++++++++++++++++++++++++++++++++++++++++++++++++++++++++++++++++++++++++++++++++++
2025-02-23 04:55:13,491 - DSM_MultiModelExp_llm_rag_ollama:llama3.3:70b-8k - INFO - Run 1/5
2025-02-23 04:55:13,532 - DSM_MultiModelExp_llm_rag_ollama:llama3.3:70b-8k - INFO - DEBUG: Initializing RAGInference.
2025-02-23 04:55:13,533 - DSM_MultiModelExp_llm_rag_ollama:llama3.3:70b-8k - INFO - Using R-type: ['R1', 'R3']
2025-02-23 04:55:13,534 - DSM_MultiModelExp_llm_rag_ollama:llama3.3:70b-8k - INFO - Using embedding model: text-embedding-3-small
2025-02-23 04:55:13,570 - DSM_MultiModelExp_llm_rag_ollama:llama3.3:70b-8k - INFO - VectorStoreManager initialized
2025-02-23 04:55:13,571 - DSM_MultiModelExp_llm_rag_ollama:llama3.3:70b-8k - INFO - Set database path to: xLM_DSM/data/vectorstore/CubeSat/llm_rag/text-embedding-3-small
2025-02-23 04:55:13,579 - DSM_MultiModelExp_llm_rag_ollama:llama3.3:70b-8k - INFO - Collection count: 2320
2025-02-23 04:55:13,583 - DSM_MultiModelExp_llm_rag_ollama:llama3.3:70b-8k - INFO - Initialized RAG inference for system: CubeSat (nanosatellite)
2025-02-23 04:55:13,584 - DSM_MultiModelExp_llm_rag_ollama:llama3.3:70b-8k - INFO - Initialized DSM for system: CubeSat (nanosatellite)
2025-02-23 04:55:13,584 - DSM_MultiModelExp_llm_rag_ollama:llama3.3:70b-8k - INFO - Inference model: ollama:llama3.3:70b-8k
2025-02-23 04:55:13,585 - DSM_MultiModelExp_llm_rag_ollama:llama3.3:70b-8k - INFO - Prompt (attempt 1/3): 
            Please identify the major components of CubeSat (nanosatellite) in the engineering based on hierarchical whole-part relationships.             
            The number of components must be 6 and must be a list of strings.             
            Please do not identify similar components that will work together under subsystem level since our interest is to identify the major components that form the core architecture of the system.             
            Here is an example of the components for made-up system:             
            final response = [ "component 1", "component 2", "component 3", "component 4", "component 5" ]             
            IMPORTANT: THE FORMAT OF THE OUTPUT MUST BE AS A LIST OF STRINGS ONLY SIMILAR TO THE ONE ABOVE (NO LATEX, NO CODE, NO DESCRIPTION, OR OTHER ENCODINGS).              
2025-02-23 04:55:18,432 - DSM_MultiModelExp_llm_rag_ollama:llama3.3:70b-8k - INFO - Number of documents retrieved: 4
2025-02-23 04:55:18,433 - DSM_MultiModelExp_llm_rag_ollama:llama3.3:70b-8k - INFO - Documents used for this query:
2025-02-23 04:55:18,434 - DSM_MultiModelExp_llm_rag_ollama:llama3.3:70b-8k - INFO - File: ../data/use_cases_large/CubeSat/reference_pdfs/R1_combined.pdf
2025-02-23 04:55:18,435 - DSM_MultiModelExp_llm_rag_ollama:llama3.3:70b-8k - INFO - Page: 0
2025-02-23 04:55:18,436 - DSM_MultiModelExp_llm_rag_ollama:llama3.3:70b-8k - INFO - Content: high grade commercial-off-the-shelf (COTS) components for
design, development, has resulted in targeting these class
of satellites for low Earth orbit missions. With the use of
high grade COTS based t ...
2025-02-23 04:55:18,438 - DSM_MultiModelExp_llm_rag_ollama:llama3.3:70b-8k - INFO - File: ../data/use_cases_large/CubeSat/reference_pdfs/R1_combined.pdf
2025-02-23 04:55:18,438 - DSM_MultiModelExp_llm_rag_ollama:llama3.3:70b-8k - INFO - Page: 0
2025-02-23 04:55:18,439 - DSM_MultiModelExp_llm_rag_ollama:llama3.3:70b-8k - INFO - Content: that then facilitate a bottom-up development and fabrication
process. Some of the design tools (e.g., N2 diagram) described
in NASAs Systems Engineering Handbook are utilized early in
the design phase ...
2025-02-23 04:55:18,440 - DSM_MultiModelExp_llm_rag_ollama:llama3.3:70b-8k - INFO - File: ../data/use_cases_large/CubeSat/reference_pdfs/R1_combined.pdf
2025-02-23 04:55:18,441 - DSM_MultiModelExp_llm_rag_ollama:llama3.3:70b-8k - INFO - Page: 0
2025-02-23 04:55:18,442 - DSM_MultiModelExp_llm_rag_ollama:llama3.3:70b-8k - INFO - Content: CubeSat Mission Design Based on a Systems Engineering
Approach
Sharan A. Asundi
Aerospace Science Engineering
Tuskegee University, Tuskegee, AL, 36088
334-727-8768
asundi@mytu.tuskegee.edu
Norman G. F ...
2025-02-23 04:55:18,443 - DSM_MultiModelExp_llm_rag_ollama:llama3.3:70b-8k - INFO - File: ../data/use_cases_large/CubeSat/reference_pdfs/R1_combined.pdf
2025-02-23 04:55:18,444 - DSM_MultiModelExp_llm_rag_ollama:llama3.3:70b-8k - INFO - Page: 11
2025-02-23 04:55:18,445 - DSM_MultiModelExp_llm_rag_ollama:llama3.3:70b-8k - INFO - Content: Many researchers tried to link empirical equations to con-
ceptual design decision. Among them, Chang et al. [ 11], 
performed the conceptual design of a microsatellite using 
empirical laws obtained  ...
2025-02-23 04:55:18,445 - DSM_MultiModelExp_llm_rag_ollama:llama3.3:70b-8k - INFO - Raw Response: ["Power System", "Communication System", "Navigation System", "Computer System", "Mechanical Structure", "Thermal Control System"]
2025-02-23 04:55:18,446 - DSM_MultiModelExp_llm_rag_ollama:llama3.3:70b-8k - INFO - Matrix: ['Power System', 'Communication System', 'Navigation System', 'Computer System', 'Mechanical Structure', 'Thermal Control System']
2025-02-23 04:55:18,447 - DSM_MultiModelExp_llm_rag_ollama:llama3.3:70b-8k - INFO - Components: ['Power System', 'Communication System', 'Navigation System', 'Computer System', 'Mechanical Structure', 'Thermal Control System']
2025-02-23 04:55:20,839 - DSM_MultiModelExp_llm_rag_ollama:llama3.3:70b-8k - INFO - Number of documents retrieved: 4
2025-02-23 04:55:20,840 - DSM_MultiModelExp_llm_rag_ollama:llama3.3:70b-8k - INFO - Documents used for this query:
2025-02-23 04:55:20,841 - DSM_MultiModelExp_llm_rag_ollama:llama3.3:70b-8k - INFO - File: ../data/use_cases_large/CubeSat/reference_pdfs/R1_combined.pdf
2025-02-23 04:55:20,841 - DSM_MultiModelExp_llm_rag_ollama:llama3.3:70b-8k - INFO - Page: 15
2025-02-23 04:55:20,842 - DSM_MultiModelExp_llm_rag_ollama:llama3.3:70b-8k - INFO - Content: ing point. The focus shifts now from system level (CubeSat 
mass, power production, form factor) to subsystem selec -
tions. Prior to going through the refinement part, the user 
is required to fill i ...
2025-02-23 04:55:20,843 - DSM_MultiModelExp_llm_rag_ollama:llama3.3:70b-8k - INFO - File: ../data/use_cases_large/CubeSat/reference_pdfs/R1_combined.pdf
2025-02-23 04:55:20,843 - DSM_MultiModelExp_llm_rag_ollama:llama3.3:70b-8k - INFO - Page: 15
2025-02-23 04:55:20,844 - DSM_MultiModelExp_llm_rag_ollama:llama3.3:70b-8k - INFO - Content: • Propulsion subsystem.
• Electric power subsystem (EPS).
• Structure subsystem.
• OBC subsystem.
• TT &C subsystem.
• Thermal subsystem.
Excluding the payload subsystem, in which the refinement is 
c ...
2025-02-23 04:55:20,844 - DSM_MultiModelExp_llm_rag_ollama:llama3.3:70b-8k - INFO - File: ../data/use_cases_large/CubeSat/reference_pdfs/R1_combined.pdf
2025-02-23 04:55:20,845 - DSM_MultiModelExp_llm_rag_ollama:llama3.3:70b-8k - INFO - Page: 0
2025-02-23 04:55:20,846 - DSM_MultiModelExp_llm_rag_ollama:llama3.3:70b-8k - INFO - Content: CubeSat Mission Design Based on a Systems Engineering
Approach
Sharan A. Asundi
Aerospace Science Engineering
Tuskegee University, Tuskegee, AL, 36088
334-727-8768
asundi@mytu.tuskegee.edu
Norman G. F ...
2025-02-23 04:55:20,846 - DSM_MultiModelExp_llm_rag_ollama:llama3.3:70b-8k - INFO - File: ../data/use_cases_large/CubeSat/reference_pdfs/R1_combined.pdf
2025-02-23 04:55:20,847 - DSM_MultiModelExp_llm_rag_ollama:llama3.3:70b-8k - INFO - Page: 16
2025-02-23 04:55:20,847 - DSM_MultiModelExp_llm_rag_ollama:llama3.3:70b-8k - INFO - Content: ment of that specific part of the CubeSat. In case a new 
COTS component needs to be used, GAL2 substitute this 
new piece in the empirical model, deleting the previous one 
used. Naturally, a COTS sy ...
2025-02-23 04:55:20,848 - DSM_MultiModelExp_llm_rag_ollama:llama3.3:70b-8k - INFO - Raw Response: Valid
2025-02-23 04:55:20,848 - DSM_MultiModelExp_llm_rag_ollama:llama3.3:70b-8k - INFO - Validation response: Valid
2025-02-23 04:55:20,849 - DSM_MultiModelExp_llm_rag_ollama:llama3.3:70b-8k - INFO - Filtered validation response: Valid
2025-02-23 04:55:20,849 - DSM_MultiModelExp_llm_rag_ollama:llama3.3:70b-8k - INFO - Component list validated successfully on attempt 1
2025-02-23 04:55:20,850 - DSM_MultiModelExp_llm_rag_ollama:llama3.3:70b-8k - INFO - Components: ['Power System', 'Communication System', 'Navigation System', 'Computer System', 'Mechanical Structure', 'Thermal Control System']
2025-02-23 04:55:20,851 - DSM_MultiModelExp_llm_rag_ollama:llama3.3:70b-8k - INFO - --------------------------------------------------
2025-02-23 04:55:20,851 - DSM_MultiModelExp_llm_rag_ollama:llama3.3:70b-8k - INFO - Predicted Components: ['Power System', 'Communication System', 'Navigation System', 'Computer System', 'Mechanical Structure', 'Thermal Control System']
2025-02-23 04:55:20,852 - DSM_MultiModelExp_llm_rag_ollama:llama3.3:70b-8k - INFO - Number of components: 6
2025-02-23 04:55:20,852 - DSM_MultiModelExp_llm_rag_ollama:llama3.3:70b-8k - INFO - Predicted components for query: ['Power System', 'Communication System', 'Navigation System', 'Computer System', 'Mechanical Structure', 'Thermal Control System']
2025-02-23 04:55:20,853 - DSM_MultiModelExp_llm_rag_ollama:llama3.3:70b-8k - INFO - Query: 
        Please identify system-level hierarchical whole-part relationships between the components of CubeSat (nanosatellite), as listed below, and represent them in a Design Structure Matrix (DSM) format.          
        The relationships should be articulated in plain English, capturing the essence of their interactions.         
        Here is the list of subsystems/components to analyze: ['Power System', 'Communication System', 'Navigation System', 'Computer System', 'Mechanical Structure', 'Thermal Control System']         
        The DSM should clearly indicate the interactions between these components as 1 exist and 0 does not exist, considering both the presence and nature of these connections.         
        Present the output in a square matrix format (number of rows and columns MUST be the same as the number of components = 6 for this example), with rows and columns labeled accordingly.         
        Diagonal elements should be 1 in DSM matrix since each component interacts with itself.         
        If you don't know the answer, just write 2 for the specific cell that you are unsure of. A worst case scenario of the **as a list of lists** shown below (diagonal elements are 1 and rest are 2). Don't make up an answer.         
        final response = [[1, 2, 2, 2, 2, 2, 2],[2, 1, 2, 2, 2, 2, 2],[2, 2, 1, 2, 2, 2, 2],[2, 2, 2, 1, 2, 2, 2],[2, 2, 2, 2, 1, 2, 2],[2, 2, 2, 2, 2, 1, 2],[2, 2, 2, 2, 2, 2, 1]] for 7 components         
        final response = [[1, 2, 2],[2, 1, 2],[2, 2, 1]] for 3 components         
        IMPORTANT: Your response must **ONLY** contain a valid **as a list of lists** in the following example format 7x7 matrix.         
        The below list of lists is just an example format of a response. **Replace** the values with your **actual analysis** while providing your response with parameter of 'final response'.        
        final response = [[1, 0, 0, 0, 0, 0, 0],[0, 1, 0, 0, 0, 0, 0],[0, 0, 1, 0, 0, 0, 0],   [0, 0, 0, 1, 0, 0, 0],[0, 0, 0, 0, 1, 0, 0],[0, 0, 0, 0, 0, 1, 0],[0, 0, 0, 0, 0, 0, 1]] for 7 components         
        final response = [[1, 0, 0],[0, 1, 0],[0, 0, 1]] for 3 components         
        IMPORTANT: THE FORMAT OF THE OUTPUT MUST BE AS LIST OF LISTS ONLY SIMILAR TO THE ONE ABOVE (NO LATEX, CODE, OR OTHER ENCODINGS).
        
2025-02-23 04:55:32,962 - DSM_MultiModelExp_llm_rag_ollama:llama3.3:70b-8k - INFO - Number of documents retrieved: 4
2025-02-23 04:55:32,965 - DSM_MultiModelExp_llm_rag_ollama:llama3.3:70b-8k - INFO - Documents used for this query:
2025-02-23 04:55:32,966 - DSM_MultiModelExp_llm_rag_ollama:llama3.3:70b-8k - INFO - File: ../data/use_cases_large/CubeSat/reference_pdfs/R1_combined.pdf
2025-02-23 04:55:32,967 - DSM_MultiModelExp_llm_rag_ollama:llama3.3:70b-8k - INFO - Page: 0
2025-02-23 04:55:32,967 - DSM_MultiModelExp_llm_rag_ollama:llama3.3:70b-8k - INFO - Content: that then facilitate a bottom-up development and fabrication
process. Some of the design tools (e.g., N2 diagram) described
in NASAs Systems Engineering Handbook are utilized early in
the design phase ...
2025-02-23 04:55:32,968 - DSM_MultiModelExp_llm_rag_ollama:llama3.3:70b-8k - INFO - File: ../data/use_cases_large/CubeSat/reference_pdfs/R1_combined.pdf
2025-02-23 04:55:32,969 - DSM_MultiModelExp_llm_rag_ollama:llama3.3:70b-8k - INFO - Page: 15
2025-02-23 04:55:32,970 - DSM_MultiModelExp_llm_rag_ollama:llama3.3:70b-8k - INFO - Content: ing point. The focus shifts now from system level (CubeSat 
mass, power production, form factor) to subsystem selec -
tions. Prior to going through the refinement part, the user 
is required to fill i ...
2025-02-23 04:55:32,971 - DSM_MultiModelExp_llm_rag_ollama:llama3.3:70b-8k - INFO - File: ../data/use_cases_large/CubeSat/reference_pdfs/R1_combined.pdf
2025-02-23 04:55:32,971 - DSM_MultiModelExp_llm_rag_ollama:llama3.3:70b-8k - INFO - Page: 18
2025-02-23 04:55:32,972 - DSM_MultiModelExp_llm_rag_ollama:llama3.3:70b-8k - INFO - Content: 28].
• To perform any study with a simulation software 
(ANSYS, STK etc.), a step file is necessary. Hence, the 
position of the subsystems must be fixed previously to 
generate such a file.
Each of t ...
2025-02-23 04:55:32,973 - DSM_MultiModelExp_llm_rag_ollama:llama3.3:70b-8k - INFO - File: ../data/use_cases_large/CubeSat/reference_pdfs/R1_combined.pdf
2025-02-23 04:55:32,974 - DSM_MultiModelExp_llm_rag_ollama:llama3.3:70b-8k - INFO - Page: 15
2025-02-23 04:55:32,975 - DSM_MultiModelExp_llm_rag_ollama:llama3.3:70b-8k - INFO - Content: • Propulsion subsystem.
• Electric power subsystem (EPS).
• Structure subsystem.
• OBC subsystem.
• TT &C subsystem.
• Thermal subsystem.
Excluding the payload subsystem, in which the refinement is 
c ...
2025-02-23 04:55:32,975 - DSM_MultiModelExp_llm_rag_ollama:llama3.3:70b-8k - INFO - Raw Response: final response = [[1, 1, 0, 1, 1, 0],[1, 1, 1, 1, 0, 0],[0, 1, 1, 0, 0, 1],[1, 1, 0, 1, 1, 0],[1, 0, 0, 1, 1, 1],[0, 0, 1, 0, 1, 1]]
2025-02-23 04:55:32,976 - DSM_MultiModelExp_llm_rag_ollama:llama3.3:70b-8k - INFO - Response: final response = [[1, 1, 0, 1, 1, 0],[1, 1, 1, 1, 0, 0],[0, 1, 1, 0, 0, 1],[1, 1, 0, 1, 1, 0],[1, 0, 0, 1, 1, 1],[0, 0, 1, 0, 1, 1]]
2025-02-23 04:55:32,977 - DSM_MultiModelExp_llm_rag_ollama:llama3.3:70b-8k - INFO - Matrix: [[1, 1, 0, 1, 1, 0], [1, 1, 1, 1, 0, 0], [0, 1, 1, 0, 0, 1], [1, 1, 0, 1, 1, 0], [1, 0, 0, 1, 1, 1], [0, 0, 1, 0, 1, 1]]
2025-02-23 04:55:32,978 - DSM_MultiModelExp_llm_rag_ollama:llama3.3:70b-8k - INFO - Final Matrix:
[[1, 1, 0, 1, 1, 0], [1, 1, 1, 1, 0, 0], [0, 1, 1, 0, 0, 1], [1, 1, 0, 1, 1, 0], [1, 0, 0, 1, 1, 1], [0, 0, 1, 0, 1, 1]]
2025-02-23 04:55:32,978 - DSM_MultiModelExp_llm_rag_ollama:llama3.3:70b-8k - INFO - --------------------------------------------------
2025-02-23 04:55:32,979 - DSM_MultiModelExp_llm_rag_ollama:llama3.3:70b-8k - INFO - Matrix from response.
2025-02-23 04:55:32,980 - DSM_MultiModelExp_llm_rag_ollama:llama3.3:70b-8k - INFO - At run 1/5
2025-02-23 04:55:32,981 - DSM_MultiModelExp_llm_rag_ollama:llama3.3:70b-8k - INFO - Matrix: [[1, 1, 0, 1, 1, 0], [1, 1, 1, 1, 0, 0], [0, 1, 1, 0, 0, 1], [1, 1, 0, 1, 1, 0], [1, 0, 0, 1, 1, 1], [0, 0, 1, 0, 1, 1]]
2025-02-23 04:55:32,981 - DSM_MultiModelExp_llm_rag_ollama:llama3.3:70b-8k - INFO - --------------------------------------------------
2025-02-23 04:55:42,992 - DSM_MultiModelExp_llm_rag_ollama:llama3.3:70b-8k - INFO - Run 2/5
2025-02-23 04:55:43,030 - DSM_MultiModelExp_llm_rag_ollama:llama3.3:70b-8k - INFO - DEBUG: Initializing RAGInference.
2025-02-23 04:55:43,031 - DSM_MultiModelExp_llm_rag_ollama:llama3.3:70b-8k - INFO - Using R-type: ['R1', 'R3']
2025-02-23 04:55:43,032 - DSM_MultiModelExp_llm_rag_ollama:llama3.3:70b-8k - INFO - Using embedding model: text-embedding-3-small
2025-02-23 04:55:43,066 - DSM_MultiModelExp_llm_rag_ollama:llama3.3:70b-8k - INFO - VectorStoreManager initialized
2025-02-23 04:55:43,067 - DSM_MultiModelExp_llm_rag_ollama:llama3.3:70b-8k - INFO - Set database path to: xLM_DSM/data/vectorstore/CubeSat/llm_rag/text-embedding-3-small
2025-02-23 04:55:43,075 - DSM_MultiModelExp_llm_rag_ollama:llama3.3:70b-8k - INFO - Collection count: 2320
2025-02-23 04:55:43,078 - DSM_MultiModelExp_llm_rag_ollama:llama3.3:70b-8k - INFO - Initialized RAG inference for system: CubeSat (nanosatellite)
2025-02-23 04:55:43,079 - DSM_MultiModelExp_llm_rag_ollama:llama3.3:70b-8k - INFO - Initialized DSM for system: CubeSat (nanosatellite)
2025-02-23 04:55:43,080 - DSM_MultiModelExp_llm_rag_ollama:llama3.3:70b-8k - INFO - Inference model: ollama:llama3.3:70b-8k
2025-02-23 04:55:43,080 - DSM_MultiModelExp_llm_rag_ollama:llama3.3:70b-8k - INFO - Predicted Components: ['Power System', 'Communication System', 'Navigation System', 'Computer System', 'Mechanical Structure', 'Thermal Control System']
2025-02-23 04:55:43,081 - DSM_MultiModelExp_llm_rag_ollama:llama3.3:70b-8k - INFO - Number of components: 6
2025-02-23 04:55:43,082 - DSM_MultiModelExp_llm_rag_ollama:llama3.3:70b-8k - INFO - Predicted components for query: ['Power System', 'Communication System', 'Navigation System', 'Computer System', 'Mechanical Structure', 'Thermal Control System']
2025-02-23 04:55:43,083 - DSM_MultiModelExp_llm_rag_ollama:llama3.3:70b-8k - INFO - Query: 
        Please identify system-level hierarchical whole-part relationships between the components of CubeSat (nanosatellite), as listed below, and represent them in a Design Structure Matrix (DSM) format.          
        The relationships should be articulated in plain English, capturing the essence of their interactions.         
        Here is the list of subsystems/components to analyze: ['Power System', 'Communication System', 'Navigation System', 'Computer System', 'Mechanical Structure', 'Thermal Control System']         
        The DSM should clearly indicate the interactions between these components as 1 exist and 0 does not exist, considering both the presence and nature of these connections.         
        Present the output in a square matrix format (number of rows and columns MUST be the same as the number of components = 6 for this example), with rows and columns labeled accordingly.         
        Diagonal elements should be 1 in DSM matrix since each component interacts with itself.         
        If you don't know the answer, just write 2 for the specific cell that you are unsure of. A worst case scenario of the **as a list of lists** shown below (diagonal elements are 1 and rest are 2). Don't make up an answer.         
        final response = [[1, 2, 2, 2, 2, 2, 2],[2, 1, 2, 2, 2, 2, 2],[2, 2, 1, 2, 2, 2, 2],[2, 2, 2, 1, 2, 2, 2],[2, 2, 2, 2, 1, 2, 2],[2, 2, 2, 2, 2, 1, 2],[2, 2, 2, 2, 2, 2, 1]] for 7 components         
        final response = [[1, 2, 2],[2, 1, 2],[2, 2, 1]] for 3 components         
        IMPORTANT: Your response must **ONLY** contain a valid **as a list of lists** in the following example format 7x7 matrix.         
        The below list of lists is just an example format of a response. **Replace** the values with your **actual analysis** while providing your response with parameter of 'final response'.        
        final response = [[1, 0, 0, 0, 0, 0, 0],[0, 1, 0, 0, 0, 0, 0],[0, 0, 1, 0, 0, 0, 0],   [0, 0, 0, 1, 0, 0, 0],[0, 0, 0, 0, 1, 0, 0],[0, 0, 0, 0, 0, 1, 0],[0, 0, 0, 0, 0, 0, 1]] for 7 components         
        final response = [[1, 0, 0],[0, 1, 0],[0, 0, 1]] for 3 components         
        IMPORTANT: THE FORMAT OF THE OUTPUT MUST BE AS LIST OF LISTS ONLY SIMILAR TO THE ONE ABOVE (NO LATEX, CODE, OR OTHER ENCODINGS).
        
2025-02-23 04:55:53,124 - DSM_MultiModelExp_llm_rag_ollama:llama3.3:70b-8k - INFO - Number of documents retrieved: 4
2025-02-23 04:55:53,126 - DSM_MultiModelExp_llm_rag_ollama:llama3.3:70b-8k - INFO - Documents used for this query:
2025-02-23 04:55:53,127 - DSM_MultiModelExp_llm_rag_ollama:llama3.3:70b-8k - INFO - File: ../data/use_cases_large/CubeSat/reference_pdfs/R1_combined.pdf
2025-02-23 04:55:53,127 - DSM_MultiModelExp_llm_rag_ollama:llama3.3:70b-8k - INFO - Page: 0
2025-02-23 04:55:53,128 - DSM_MultiModelExp_llm_rag_ollama:llama3.3:70b-8k - INFO - Content: that then facilitate a bottom-up development and fabrication
process. Some of the design tools (e.g., N2 diagram) described
in NASAs Systems Engineering Handbook are utilized early in
the design phase ...
2025-02-23 04:55:53,130 - DSM_MultiModelExp_llm_rag_ollama:llama3.3:70b-8k - INFO - File: ../data/use_cases_large/CubeSat/reference_pdfs/R1_combined.pdf
2025-02-23 04:55:53,131 - DSM_MultiModelExp_llm_rag_ollama:llama3.3:70b-8k - INFO - Page: 15
2025-02-23 04:55:53,132 - DSM_MultiModelExp_llm_rag_ollama:llama3.3:70b-8k - INFO - Content: ing point. The focus shifts now from system level (CubeSat 
mass, power production, form factor) to subsystem selec -
tions. Prior to going through the refinement part, the user 
is required to fill i ...
2025-02-23 04:55:53,133 - DSM_MultiModelExp_llm_rag_ollama:llama3.3:70b-8k - INFO - File: ../data/use_cases_large/CubeSat/reference_pdfs/R1_combined.pdf
2025-02-23 04:55:53,134 - DSM_MultiModelExp_llm_rag_ollama:llama3.3:70b-8k - INFO - Page: 18
2025-02-23 04:55:53,134 - DSM_MultiModelExp_llm_rag_ollama:llama3.3:70b-8k - INFO - Content: 28].
• To perform any study with a simulation software 
(ANSYS, STK etc.), a step file is necessary. Hence, the 
position of the subsystems must be fixed previously to 
generate such a file.
Each of t ...
2025-02-23 04:55:53,135 - DSM_MultiModelExp_llm_rag_ollama:llama3.3:70b-8k - INFO - File: ../data/use_cases_large/CubeSat/reference_pdfs/R1_combined.pdf
2025-02-23 04:55:53,137 - DSM_MultiModelExp_llm_rag_ollama:llama3.3:70b-8k - INFO - Page: 15
2025-02-23 04:55:53,137 - DSM_MultiModelExp_llm_rag_ollama:llama3.3:70b-8k - INFO - Content: • Propulsion subsystem.
• Electric power subsystem (EPS).
• Structure subsystem.
• OBC subsystem.
• TT &C subsystem.
• Thermal subsystem.
Excluding the payload subsystem, in which the refinement is 
c ...
2025-02-23 04:55:53,138 - DSM_MultiModelExp_llm_rag_ollama:llama3.3:70b-8k - INFO - Raw Response: final response = [[1, 1, 0, 1, 1, 0],[1, 1, 0, 1, 1, 0],[0, 0, 1, 0, 0, 1],[1, 1, 0, 1, 1, 0],[1, 1, 0, 1, 1, 0],[0, 0, 1, 0, 0, 1]]
2025-02-23 04:55:53,139 - DSM_MultiModelExp_llm_rag_ollama:llama3.3:70b-8k - INFO - Response: final response = [[1, 1, 0, 1, 1, 0],[1, 1, 0, 1, 1, 0],[0, 0, 1, 0, 0, 1],[1, 1, 0, 1, 1, 0],[1, 1, 0, 1, 1, 0],[0, 0, 1, 0, 0, 1]]
2025-02-23 04:55:53,140 - DSM_MultiModelExp_llm_rag_ollama:llama3.3:70b-8k - INFO - Matrix: [[1, 1, 0, 1, 1, 0], [1, 1, 0, 1, 1, 0], [0, 0, 1, 0, 0, 1], [1, 1, 0, 1, 1, 0], [1, 1, 0, 1, 1, 0], [0, 0, 1, 0, 0, 1]]
2025-02-23 04:55:53,141 - DSM_MultiModelExp_llm_rag_ollama:llama3.3:70b-8k - INFO - Final Matrix:
[[1, 1, 0, 1, 1, 0], [1, 1, 0, 1, 1, 0], [0, 0, 1, 0, 0, 1], [1, 1, 0, 1, 1, 0], [1, 1, 0, 1, 1, 0], [0, 0, 1, 0, 0, 1]]
2025-02-23 04:55:53,142 - DSM_MultiModelExp_llm_rag_ollama:llama3.3:70b-8k - INFO - --------------------------------------------------
2025-02-23 04:55:53,142 - DSM_MultiModelExp_llm_rag_ollama:llama3.3:70b-8k - INFO - Matrix from response.
2025-02-23 04:55:53,144 - DSM_MultiModelExp_llm_rag_ollama:llama3.3:70b-8k - INFO - At run 2/5
2025-02-23 04:55:53,145 - DSM_MultiModelExp_llm_rag_ollama:llama3.3:70b-8k - INFO - Matrix: [[1, 1, 0, 1, 1, 0], [1, 1, 0, 1, 1, 0], [0, 0, 1, 0, 0, 1], [1, 1, 0, 1, 1, 0], [1, 1, 0, 1, 1, 0], [0, 0, 1, 0, 0, 1]]
2025-02-23 04:55:53,145 - DSM_MultiModelExp_llm_rag_ollama:llama3.3:70b-8k - INFO - --------------------------------------------------
2025-02-23 04:56:03,150 - DSM_MultiModelExp_llm_rag_ollama:llama3.3:70b-8k - INFO - Run 3/5
2025-02-23 04:56:03,190 - DSM_MultiModelExp_llm_rag_ollama:llama3.3:70b-8k - INFO - DEBUG: Initializing RAGInference.
2025-02-23 04:56:03,191 - DSM_MultiModelExp_llm_rag_ollama:llama3.3:70b-8k - INFO - Using R-type: ['R1', 'R3']
2025-02-23 04:56:03,192 - DSM_MultiModelExp_llm_rag_ollama:llama3.3:70b-8k - INFO - Using embedding model: text-embedding-3-small
2025-02-23 04:56:03,227 - DSM_MultiModelExp_llm_rag_ollama:llama3.3:70b-8k - INFO - VectorStoreManager initialized
2025-02-23 04:56:03,228 - DSM_MultiModelExp_llm_rag_ollama:llama3.3:70b-8k - INFO - Set database path to: xLM_DSM/data/vectorstore/CubeSat/llm_rag/text-embedding-3-small
2025-02-23 04:56:03,236 - DSM_MultiModelExp_llm_rag_ollama:llama3.3:70b-8k - INFO - Collection count: 2320
2025-02-23 04:56:03,239 - DSM_MultiModelExp_llm_rag_ollama:llama3.3:70b-8k - INFO - Initialized RAG inference for system: CubeSat (nanosatellite)
2025-02-23 04:56:03,240 - DSM_MultiModelExp_llm_rag_ollama:llama3.3:70b-8k - INFO - Initialized DSM for system: CubeSat (nanosatellite)
2025-02-23 04:56:03,241 - DSM_MultiModelExp_llm_rag_ollama:llama3.3:70b-8k - INFO - Inference model: ollama:llama3.3:70b-8k
2025-02-23 04:56:03,242 - DSM_MultiModelExp_llm_rag_ollama:llama3.3:70b-8k - INFO - Predicted Components: ['Power System', 'Communication System', 'Navigation System', 'Computer System', 'Mechanical Structure', 'Thermal Control System']
2025-02-23 04:56:03,243 - DSM_MultiModelExp_llm_rag_ollama:llama3.3:70b-8k - INFO - Number of components: 6
2025-02-23 04:56:03,244 - DSM_MultiModelExp_llm_rag_ollama:llama3.3:70b-8k - INFO - Predicted components for query: ['Power System', 'Communication System', 'Navigation System', 'Computer System', 'Mechanical Structure', 'Thermal Control System']
2025-02-23 04:56:03,244 - DSM_MultiModelExp_llm_rag_ollama:llama3.3:70b-8k - INFO - Query: 
        Please identify system-level hierarchical whole-part relationships between the components of CubeSat (nanosatellite), as listed below, and represent them in a Design Structure Matrix (DSM) format.          
        The relationships should be articulated in plain English, capturing the essence of their interactions.         
        Here is the list of subsystems/components to analyze: ['Power System', 'Communication System', 'Navigation System', 'Computer System', 'Mechanical Structure', 'Thermal Control System']         
        The DSM should clearly indicate the interactions between these components as 1 exist and 0 does not exist, considering both the presence and nature of these connections.         
        Present the output in a square matrix format (number of rows and columns MUST be the same as the number of components = 6 for this example), with rows and columns labeled accordingly.         
        Diagonal elements should be 1 in DSM matrix since each component interacts with itself.         
        If you don't know the answer, just write 2 for the specific cell that you are unsure of. A worst case scenario of the **as a list of lists** shown below (diagonal elements are 1 and rest are 2). Don't make up an answer.         
        final response = [[1, 2, 2, 2, 2, 2, 2],[2, 1, 2, 2, 2, 2, 2],[2, 2, 1, 2, 2, 2, 2],[2, 2, 2, 1, 2, 2, 2],[2, 2, 2, 2, 1, 2, 2],[2, 2, 2, 2, 2, 1, 2],[2, 2, 2, 2, 2, 2, 1]] for 7 components         
        final response = [[1, 2, 2],[2, 1, 2],[2, 2, 1]] for 3 components         
        IMPORTANT: Your response must **ONLY** contain a valid **as a list of lists** in the following example format 7x7 matrix.         
        The below list of lists is just an example format of a response. **Replace** the values with your **actual analysis** while providing your response with parameter of 'final response'.        
        final response = [[1, 0, 0, 0, 0, 0, 0],[0, 1, 0, 0, 0, 0, 0],[0, 0, 1, 0, 0, 0, 0],   [0, 0, 0, 1, 0, 0, 0],[0, 0, 0, 0, 1, 0, 0],[0, 0, 0, 0, 0, 1, 0],[0, 0, 0, 0, 0, 0, 1]] for 7 components         
        final response = [[1, 0, 0],[0, 1, 0],[0, 0, 1]] for 3 components         
        IMPORTANT: THE FORMAT OF THE OUTPUT MUST BE AS LIST OF LISTS ONLY SIMILAR TO THE ONE ABOVE (NO LATEX, CODE, OR OTHER ENCODINGS).
        
2025-02-23 04:56:13,330 - DSM_MultiModelExp_llm_rag_ollama:llama3.3:70b-8k - INFO - Number of documents retrieved: 4
2025-02-23 04:56:13,331 - DSM_MultiModelExp_llm_rag_ollama:llama3.3:70b-8k - INFO - Documents used for this query:
2025-02-23 04:56:13,332 - DSM_MultiModelExp_llm_rag_ollama:llama3.3:70b-8k - INFO - File: ../data/use_cases_large/CubeSat/reference_pdfs/R1_combined.pdf
2025-02-23 04:56:13,332 - DSM_MultiModelExp_llm_rag_ollama:llama3.3:70b-8k - INFO - Page: 0
2025-02-23 04:56:13,333 - DSM_MultiModelExp_llm_rag_ollama:llama3.3:70b-8k - INFO - Content: that then facilitate a bottom-up development and fabrication
process. Some of the design tools (e.g., N2 diagram) described
in NASAs Systems Engineering Handbook are utilized early in
the design phase ...
2025-02-23 04:56:13,334 - DSM_MultiModelExp_llm_rag_ollama:llama3.3:70b-8k - INFO - File: ../data/use_cases_large/CubeSat/reference_pdfs/R1_combined.pdf
2025-02-23 04:56:13,334 - DSM_MultiModelExp_llm_rag_ollama:llama3.3:70b-8k - INFO - Page: 15
2025-02-23 04:56:13,335 - DSM_MultiModelExp_llm_rag_ollama:llama3.3:70b-8k - INFO - Content: ing point. The focus shifts now from system level (CubeSat 
mass, power production, form factor) to subsystem selec -
tions. Prior to going through the refinement part, the user 
is required to fill i ...
2025-02-23 04:56:13,335 - DSM_MultiModelExp_llm_rag_ollama:llama3.3:70b-8k - INFO - File: ../data/use_cases_large/CubeSat/reference_pdfs/R1_combined.pdf
2025-02-23 04:56:13,336 - DSM_MultiModelExp_llm_rag_ollama:llama3.3:70b-8k - INFO - Page: 18
2025-02-23 04:56:13,336 - DSM_MultiModelExp_llm_rag_ollama:llama3.3:70b-8k - INFO - Content: 28].
• To perform any study with a simulation software 
(ANSYS, STK etc.), a step file is necessary. Hence, the 
position of the subsystems must be fixed previously to 
generate such a file.
Each of t ...
2025-02-23 04:56:13,337 - DSM_MultiModelExp_llm_rag_ollama:llama3.3:70b-8k - INFO - File: ../data/use_cases_large/CubeSat/reference_pdfs/R1_combined.pdf
2025-02-23 04:56:13,337 - DSM_MultiModelExp_llm_rag_ollama:llama3.3:70b-8k - INFO - Page: 15
2025-02-23 04:56:13,338 - DSM_MultiModelExp_llm_rag_ollama:llama3.3:70b-8k - INFO - Content: • Propulsion subsystem.
• Electric power subsystem (EPS).
• Structure subsystem.
• OBC subsystem.
• TT &C subsystem.
• Thermal subsystem.
Excluding the payload subsystem, in which the refinement is 
c ...
2025-02-23 04:56:13,338 - DSM_MultiModelExp_llm_rag_ollama:llama3.3:70b-8k - INFO - Raw Response: final response = [[1, 1, 0, 1, 1, 0],[1, 1, 0, 1, 1, 0],[0, 0, 1, 0, 0, 1],[1, 1, 0, 1, 1, 0],[1, 1, 0, 1, 1, 0],[0, 0, 1, 0, 0, 1]]
2025-02-23 04:56:13,340 - DSM_MultiModelExp_llm_rag_ollama:llama3.3:70b-8k - INFO - Response: final response = [[1, 1, 0, 1, 1, 0],[1, 1, 0, 1, 1, 0],[0, 0, 1, 0, 0, 1],[1, 1, 0, 1, 1, 0],[1, 1, 0, 1, 1, 0],[0, 0, 1, 0, 0, 1]]
2025-02-23 04:56:13,340 - DSM_MultiModelExp_llm_rag_ollama:llama3.3:70b-8k - INFO - Matrix: [[1, 1, 0, 1, 1, 0], [1, 1, 0, 1, 1, 0], [0, 0, 1, 0, 0, 1], [1, 1, 0, 1, 1, 0], [1, 1, 0, 1, 1, 0], [0, 0, 1, 0, 0, 1]]
2025-02-23 04:56:13,341 - DSM_MultiModelExp_llm_rag_ollama:llama3.3:70b-8k - INFO - Final Matrix:
[[1, 1, 0, 1, 1, 0], [1, 1, 0, 1, 1, 0], [0, 0, 1, 0, 0, 1], [1, 1, 0, 1, 1, 0], [1, 1, 0, 1, 1, 0], [0, 0, 1, 0, 0, 1]]
2025-02-23 04:56:13,342 - DSM_MultiModelExp_llm_rag_ollama:llama3.3:70b-8k - INFO - --------------------------------------------------
2025-02-23 04:56:13,342 - DSM_MultiModelExp_llm_rag_ollama:llama3.3:70b-8k - INFO - Matrix from response.
2025-02-23 04:56:13,343 - DSM_MultiModelExp_llm_rag_ollama:llama3.3:70b-8k - INFO - At run 3/5
2025-02-23 04:56:13,343 - DSM_MultiModelExp_llm_rag_ollama:llama3.3:70b-8k - INFO - Matrix: [[1, 1, 0, 1, 1, 0], [1, 1, 0, 1, 1, 0], [0, 0, 1, 0, 0, 1], [1, 1, 0, 1, 1, 0], [1, 1, 0, 1, 1, 0], [0, 0, 1, 0, 0, 1]]
2025-02-23 04:56:13,344 - DSM_MultiModelExp_llm_rag_ollama:llama3.3:70b-8k - INFO - --------------------------------------------------
2025-02-23 04:56:23,354 - DSM_MultiModelExp_llm_rag_ollama:llama3.3:70b-8k - INFO - Run 4/5
2025-02-23 04:56:23,391 - DSM_MultiModelExp_llm_rag_ollama:llama3.3:70b-8k - INFO - DEBUG: Initializing RAGInference.
2025-02-23 04:56:23,392 - DSM_MultiModelExp_llm_rag_ollama:llama3.3:70b-8k - INFO - Using R-type: ['R1', 'R3']
2025-02-23 04:56:23,393 - DSM_MultiModelExp_llm_rag_ollama:llama3.3:70b-8k - INFO - Using embedding model: text-embedding-3-small
2025-02-23 04:56:23,428 - DSM_MultiModelExp_llm_rag_ollama:llama3.3:70b-8k - INFO - VectorStoreManager initialized
2025-02-23 04:56:23,429 - DSM_MultiModelExp_llm_rag_ollama:llama3.3:70b-8k - INFO - Set database path to: xLM_DSM/data/vectorstore/CubeSat/llm_rag/text-embedding-3-small
2025-02-23 04:56:23,437 - DSM_MultiModelExp_llm_rag_ollama:llama3.3:70b-8k - INFO - Collection count: 2320
2025-02-23 04:56:23,441 - DSM_MultiModelExp_llm_rag_ollama:llama3.3:70b-8k - INFO - Initialized RAG inference for system: CubeSat (nanosatellite)
2025-02-23 04:56:23,442 - DSM_MultiModelExp_llm_rag_ollama:llama3.3:70b-8k - INFO - Initialized DSM for system: CubeSat (nanosatellite)
2025-02-23 04:56:23,442 - DSM_MultiModelExp_llm_rag_ollama:llama3.3:70b-8k - INFO - Inference model: ollama:llama3.3:70b-8k
2025-02-23 04:56:23,444 - DSM_MultiModelExp_llm_rag_ollama:llama3.3:70b-8k - INFO - Predicted Components: ['Power System', 'Communication System', 'Navigation System', 'Computer System', 'Mechanical Structure', 'Thermal Control System']
2025-02-23 04:56:23,444 - DSM_MultiModelExp_llm_rag_ollama:llama3.3:70b-8k - INFO - Number of components: 6
2025-02-23 04:56:23,446 - DSM_MultiModelExp_llm_rag_ollama:llama3.3:70b-8k - INFO - Predicted components for query: ['Power System', 'Communication System', 'Navigation System', 'Computer System', 'Mechanical Structure', 'Thermal Control System']
2025-02-23 04:56:23,446 - DSM_MultiModelExp_llm_rag_ollama:llama3.3:70b-8k - INFO - Query: 
        Please identify system-level hierarchical whole-part relationships between the components of CubeSat (nanosatellite), as listed below, and represent them in a Design Structure Matrix (DSM) format.          
        The relationships should be articulated in plain English, capturing the essence of their interactions.         
        Here is the list of subsystems/components to analyze: ['Power System', 'Communication System', 'Navigation System', 'Computer System', 'Mechanical Structure', 'Thermal Control System']         
        The DSM should clearly indicate the interactions between these components as 1 exist and 0 does not exist, considering both the presence and nature of these connections.         
        Present the output in a square matrix format (number of rows and columns MUST be the same as the number of components = 6 for this example), with rows and columns labeled accordingly.         
        Diagonal elements should be 1 in DSM matrix since each component interacts with itself.         
        If you don't know the answer, just write 2 for the specific cell that you are unsure of. A worst case scenario of the **as a list of lists** shown below (diagonal elements are 1 and rest are 2). Don't make up an answer.         
        final response = [[1, 2, 2, 2, 2, 2, 2],[2, 1, 2, 2, 2, 2, 2],[2, 2, 1, 2, 2, 2, 2],[2, 2, 2, 1, 2, 2, 2],[2, 2, 2, 2, 1, 2, 2],[2, 2, 2, 2, 2, 1, 2],[2, 2, 2, 2, 2, 2, 1]] for 7 components         
        final response = [[1, 2, 2],[2, 1, 2],[2, 2, 1]] for 3 components         
        IMPORTANT: Your response must **ONLY** contain a valid **as a list of lists** in the following example format 7x7 matrix.         
        The below list of lists is just an example format of a response. **Replace** the values with your **actual analysis** while providing your response with parameter of 'final response'.        
        final response = [[1, 0, 0, 0, 0, 0, 0],[0, 1, 0, 0, 0, 0, 0],[0, 0, 1, 0, 0, 0, 0],   [0, 0, 0, 1, 0, 0, 0],[0, 0, 0, 0, 1, 0, 0],[0, 0, 0, 0, 0, 1, 0],[0, 0, 0, 0, 0, 0, 1]] for 7 components         
        final response = [[1, 0, 0],[0, 1, 0],[0, 0, 1]] for 3 components         
        IMPORTANT: THE FORMAT OF THE OUTPUT MUST BE AS LIST OF LISTS ONLY SIMILAR TO THE ONE ABOVE (NO LATEX, CODE, OR OTHER ENCODINGS).
        
2025-02-23 04:56:33,705 - DSM_MultiModelExp_llm_rag_ollama:llama3.3:70b-8k - INFO - Number of documents retrieved: 4
2025-02-23 04:56:33,706 - DSM_MultiModelExp_llm_rag_ollama:llama3.3:70b-8k - INFO - Documents used for this query:
2025-02-23 04:56:33,707 - DSM_MultiModelExp_llm_rag_ollama:llama3.3:70b-8k - INFO - File: ../data/use_cases_large/CubeSat/reference_pdfs/R1_combined.pdf
2025-02-23 04:56:33,708 - DSM_MultiModelExp_llm_rag_ollama:llama3.3:70b-8k - INFO - Page: 0
2025-02-23 04:56:33,709 - DSM_MultiModelExp_llm_rag_ollama:llama3.3:70b-8k - INFO - Content: that then facilitate a bottom-up development and fabrication
process. Some of the design tools (e.g., N2 diagram) described
in NASAs Systems Engineering Handbook are utilized early in
the design phase ...
2025-02-23 04:56:33,710 - DSM_MultiModelExp_llm_rag_ollama:llama3.3:70b-8k - INFO - File: ../data/use_cases_large/CubeSat/reference_pdfs/R1_combined.pdf
2025-02-23 04:56:33,711 - DSM_MultiModelExp_llm_rag_ollama:llama3.3:70b-8k - INFO - Page: 15
2025-02-23 04:56:33,712 - DSM_MultiModelExp_llm_rag_ollama:llama3.3:70b-8k - INFO - Content: ing point. The focus shifts now from system level (CubeSat 
mass, power production, form factor) to subsystem selec -
tions. Prior to going through the refinement part, the user 
is required to fill i ...
2025-02-23 04:56:33,713 - DSM_MultiModelExp_llm_rag_ollama:llama3.3:70b-8k - INFO - File: ../data/use_cases_large/CubeSat/reference_pdfs/R1_combined.pdf
2025-02-23 04:56:33,714 - DSM_MultiModelExp_llm_rag_ollama:llama3.3:70b-8k - INFO - Page: 18
2025-02-23 04:56:33,715 - DSM_MultiModelExp_llm_rag_ollama:llama3.3:70b-8k - INFO - Content: 28].
• To perform any study with a simulation software 
(ANSYS, STK etc.), a step file is necessary. Hence, the 
position of the subsystems must be fixed previously to 
generate such a file.
Each of t ...
2025-02-23 04:56:33,716 - DSM_MultiModelExp_llm_rag_ollama:llama3.3:70b-8k - INFO - File: ../data/use_cases_large/CubeSat/reference_pdfs/R1_combined.pdf
2025-02-23 04:56:33,717 - DSM_MultiModelExp_llm_rag_ollama:llama3.3:70b-8k - INFO - Page: 15
2025-02-23 04:56:33,718 - DSM_MultiModelExp_llm_rag_ollama:llama3.3:70b-8k - INFO - Content: • Propulsion subsystem.
• Electric power subsystem (EPS).
• Structure subsystem.
• OBC subsystem.
• TT &C subsystem.
• Thermal subsystem.
Excluding the payload subsystem, in which the refinement is 
c ...
2025-02-23 04:56:33,718 - DSM_MultiModelExp_llm_rag_ollama:llama3.3:70b-8k - INFO - Raw Response: final response = [[1, 1, 0, 1, 1, 0],[1, 1, 0, 1, 1, 0],[0, 0, 1, 0, 0, 1],[1, 1, 0, 1, 1, 0],[1, 1, 0, 1, 1, 0],[0, 0, 1, 0, 0, 1]]
2025-02-23 04:56:33,720 - DSM_MultiModelExp_llm_rag_ollama:llama3.3:70b-8k - INFO - Response: final response = [[1, 1, 0, 1, 1, 0],[1, 1, 0, 1, 1, 0],[0, 0, 1, 0, 0, 1],[1, 1, 0, 1, 1, 0],[1, 1, 0, 1, 1, 0],[0, 0, 1, 0, 0, 1]]
2025-02-23 04:56:33,720 - DSM_MultiModelExp_llm_rag_ollama:llama3.3:70b-8k - INFO - Matrix: [[1, 1, 0, 1, 1, 0], [1, 1, 0, 1, 1, 0], [0, 0, 1, 0, 0, 1], [1, 1, 0, 1, 1, 0], [1, 1, 0, 1, 1, 0], [0, 0, 1, 0, 0, 1]]
2025-02-23 04:56:33,721 - DSM_MultiModelExp_llm_rag_ollama:llama3.3:70b-8k - INFO - Final Matrix:
[[1, 1, 0, 1, 1, 0], [1, 1, 0, 1, 1, 0], [0, 0, 1, 0, 0, 1], [1, 1, 0, 1, 1, 0], [1, 1, 0, 1, 1, 0], [0, 0, 1, 0, 0, 1]]
2025-02-23 04:56:33,722 - DSM_MultiModelExp_llm_rag_ollama:llama3.3:70b-8k - INFO - --------------------------------------------------
2025-02-23 04:56:33,723 - DSM_MultiModelExp_llm_rag_ollama:llama3.3:70b-8k - INFO - Matrix from response.
2025-02-23 04:56:33,724 - DSM_MultiModelExp_llm_rag_ollama:llama3.3:70b-8k - INFO - At run 4/5
2025-02-23 04:56:33,725 - DSM_MultiModelExp_llm_rag_ollama:llama3.3:70b-8k - INFO - Matrix: [[1, 1, 0, 1, 1, 0], [1, 1, 0, 1, 1, 0], [0, 0, 1, 0, 0, 1], [1, 1, 0, 1, 1, 0], [1, 1, 0, 1, 1, 0], [0, 0, 1, 0, 0, 1]]
2025-02-23 04:56:33,725 - DSM_MultiModelExp_llm_rag_ollama:llama3.3:70b-8k - INFO - --------------------------------------------------
2025-02-23 04:56:43,736 - DSM_MultiModelExp_llm_rag_ollama:llama3.3:70b-8k - INFO - Run 5/5
2025-02-23 04:56:43,773 - DSM_MultiModelExp_llm_rag_ollama:llama3.3:70b-8k - INFO - DEBUG: Initializing RAGInference.
2025-02-23 04:56:43,774 - DSM_MultiModelExp_llm_rag_ollama:llama3.3:70b-8k - INFO - Using R-type: ['R1', 'R3']
2025-02-23 04:56:43,775 - DSM_MultiModelExp_llm_rag_ollama:llama3.3:70b-8k - INFO - Using embedding model: text-embedding-3-small
2025-02-23 04:56:43,810 - DSM_MultiModelExp_llm_rag_ollama:llama3.3:70b-8k - INFO - VectorStoreManager initialized
2025-02-23 04:56:43,811 - DSM_MultiModelExp_llm_rag_ollama:llama3.3:70b-8k - INFO - Set database path to: xLM_DSM/data/vectorstore/CubeSat/llm_rag/text-embedding-3-small
2025-02-23 04:56:43,819 - DSM_MultiModelExp_llm_rag_ollama:llama3.3:70b-8k - INFO - Collection count: 2320
2025-02-23 04:56:43,823 - DSM_MultiModelExp_llm_rag_ollama:llama3.3:70b-8k - INFO - Initialized RAG inference for system: CubeSat (nanosatellite)
2025-02-23 04:56:43,824 - DSM_MultiModelExp_llm_rag_ollama:llama3.3:70b-8k - INFO - Initialized DSM for system: CubeSat (nanosatellite)
2025-02-23 04:56:43,824 - DSM_MultiModelExp_llm_rag_ollama:llama3.3:70b-8k - INFO - Inference model: ollama:llama3.3:70b-8k
2025-02-23 04:56:43,825 - DSM_MultiModelExp_llm_rag_ollama:llama3.3:70b-8k - INFO - Predicted Components: ['Power System', 'Communication System', 'Navigation System', 'Computer System', 'Mechanical Structure', 'Thermal Control System']
2025-02-23 04:56:43,826 - DSM_MultiModelExp_llm_rag_ollama:llama3.3:70b-8k - INFO - Number of components: 6
2025-02-23 04:56:43,827 - DSM_MultiModelExp_llm_rag_ollama:llama3.3:70b-8k - INFO - Predicted components for query: ['Power System', 'Communication System', 'Navigation System', 'Computer System', 'Mechanical Structure', 'Thermal Control System']
2025-02-23 04:56:43,828 - DSM_MultiModelExp_llm_rag_ollama:llama3.3:70b-8k - INFO - Query: 
        Please identify system-level hierarchical whole-part relationships between the components of CubeSat (nanosatellite), as listed below, and represent them in a Design Structure Matrix (DSM) format.          
        The relationships should be articulated in plain English, capturing the essence of their interactions.         
        Here is the list of subsystems/components to analyze: ['Power System', 'Communication System', 'Navigation System', 'Computer System', 'Mechanical Structure', 'Thermal Control System']         
        The DSM should clearly indicate the interactions between these components as 1 exist and 0 does not exist, considering both the presence and nature of these connections.         
        Present the output in a square matrix format (number of rows and columns MUST be the same as the number of components = 6 for this example), with rows and columns labeled accordingly.         
        Diagonal elements should be 1 in DSM matrix since each component interacts with itself.         
        If you don't know the answer, just write 2 for the specific cell that you are unsure of. A worst case scenario of the **as a list of lists** shown below (diagonal elements are 1 and rest are 2). Don't make up an answer.         
        final response = [[1, 2, 2, 2, 2, 2, 2],[2, 1, 2, 2, 2, 2, 2],[2, 2, 1, 2, 2, 2, 2],[2, 2, 2, 1, 2, 2, 2],[2, 2, 2, 2, 1, 2, 2],[2, 2, 2, 2, 2, 1, 2],[2, 2, 2, 2, 2, 2, 1]] for 7 components         
        final response = [[1, 2, 2],[2, 1, 2],[2, 2, 1]] for 3 components         
        IMPORTANT: Your response must **ONLY** contain a valid **as a list of lists** in the following example format 7x7 matrix.         
        The below list of lists is just an example format of a response. **Replace** the values with your **actual analysis** while providing your response with parameter of 'final response'.        
        final response = [[1, 0, 0, 0, 0, 0, 0],[0, 1, 0, 0, 0, 0, 0],[0, 0, 1, 0, 0, 0, 0],   [0, 0, 0, 1, 0, 0, 0],[0, 0, 0, 0, 1, 0, 0],[0, 0, 0, 0, 0, 1, 0],[0, 0, 0, 0, 0, 0, 1]] for 7 components         
        final response = [[1, 0, 0],[0, 1, 0],[0, 0, 1]] for 3 components         
        IMPORTANT: THE FORMAT OF THE OUTPUT MUST BE AS LIST OF LISTS ONLY SIMILAR TO THE ONE ABOVE (NO LATEX, CODE, OR OTHER ENCODINGS).
        
2025-02-23 04:56:54,142 - DSM_MultiModelExp_llm_rag_ollama:llama3.3:70b-8k - INFO - Number of documents retrieved: 4
2025-02-23 04:56:54,143 - DSM_MultiModelExp_llm_rag_ollama:llama3.3:70b-8k - INFO - Documents used for this query:
2025-02-23 04:56:54,144 - DSM_MultiModelExp_llm_rag_ollama:llama3.3:70b-8k - INFO - File: ../data/use_cases_large/CubeSat/reference_pdfs/R1_combined.pdf
2025-02-23 04:56:54,145 - DSM_MultiModelExp_llm_rag_ollama:llama3.3:70b-8k - INFO - Page: 0
2025-02-23 04:56:54,146 - DSM_MultiModelExp_llm_rag_ollama:llama3.3:70b-8k - INFO - Content: that then facilitate a bottom-up development and fabrication
process. Some of the design tools (e.g., N2 diagram) described
in NASAs Systems Engineering Handbook are utilized early in
the design phase ...
2025-02-23 04:56:54,147 - DSM_MultiModelExp_llm_rag_ollama:llama3.3:70b-8k - INFO - File: ../data/use_cases_large/CubeSat/reference_pdfs/R1_combined.pdf
2025-02-23 04:56:54,147 - DSM_MultiModelExp_llm_rag_ollama:llama3.3:70b-8k - INFO - Page: 15
2025-02-23 04:56:54,148 - DSM_MultiModelExp_llm_rag_ollama:llama3.3:70b-8k - INFO - Content: ing point. The focus shifts now from system level (CubeSat 
mass, power production, form factor) to subsystem selec -
tions. Prior to going through the refinement part, the user 
is required to fill i ...
2025-02-23 04:56:54,149 - DSM_MultiModelExp_llm_rag_ollama:llama3.3:70b-8k - INFO - File: ../data/use_cases_large/CubeSat/reference_pdfs/R1_combined.pdf
2025-02-23 04:56:54,150 - DSM_MultiModelExp_llm_rag_ollama:llama3.3:70b-8k - INFO - Page: 18
2025-02-23 04:56:54,151 - DSM_MultiModelExp_llm_rag_ollama:llama3.3:70b-8k - INFO - Content: 28].
• To perform any study with a simulation software 
(ANSYS, STK etc.), a step file is necessary. Hence, the 
position of the subsystems must be fixed previously to 
generate such a file.
Each of t ...
2025-02-23 04:56:54,152 - DSM_MultiModelExp_llm_rag_ollama:llama3.3:70b-8k - INFO - File: ../data/use_cases_large/CubeSat/reference_pdfs/R1_combined.pdf
2025-02-23 04:56:54,153 - DSM_MultiModelExp_llm_rag_ollama:llama3.3:70b-8k - INFO - Page: 15
2025-02-23 04:56:54,153 - DSM_MultiModelExp_llm_rag_ollama:llama3.3:70b-8k - INFO - Content: • Propulsion subsystem.
• Electric power subsystem (EPS).
• Structure subsystem.
• OBC subsystem.
• TT &C subsystem.
• Thermal subsystem.
Excluding the payload subsystem, in which the refinement is 
c ...
2025-02-23 04:56:54,154 - DSM_MultiModelExp_llm_rag_ollama:llama3.3:70b-8k - INFO - Raw Response: final response = [[1, 1, 0, 1, 1, 0],[1, 1, 0, 1, 1, 0],[0, 0, 1, 0, 0, 1],[1, 1, 0, 1, 1, 0],[1, 1, 0, 1, 1, 0],[0, 0, 1, 0, 0, 1]]
2025-02-23 04:56:54,155 - DSM_MultiModelExp_llm_rag_ollama:llama3.3:70b-8k - INFO - Response: final response = [[1, 1, 0, 1, 1, 0],[1, 1, 0, 1, 1, 0],[0, 0, 1, 0, 0, 1],[1, 1, 0, 1, 1, 0],[1, 1, 0, 1, 1, 0],[0, 0, 1, 0, 0, 1]]
2025-02-23 04:56:54,158 - DSM_MultiModelExp_llm_rag_ollama:llama3.3:70b-8k - INFO - Matrix: [[1, 1, 0, 1, 1, 0], [1, 1, 0, 1, 1, 0], [0, 0, 1, 0, 0, 1], [1, 1, 0, 1, 1, 0], [1, 1, 0, 1, 1, 0], [0, 0, 1, 0, 0, 1]]
2025-02-23 04:56:54,158 - DSM_MultiModelExp_llm_rag_ollama:llama3.3:70b-8k - INFO - Final Matrix:
[[1, 1, 0, 1, 1, 0], [1, 1, 0, 1, 1, 0], [0, 0, 1, 0, 0, 1], [1, 1, 0, 1, 1, 0], [1, 1, 0, 1, 1, 0], [0, 0, 1, 0, 0, 1]]
2025-02-23 04:56:54,159 - DSM_MultiModelExp_llm_rag_ollama:llama3.3:70b-8k - INFO - --------------------------------------------------
2025-02-23 04:56:54,160 - DSM_MultiModelExp_llm_rag_ollama:llama3.3:70b-8k - INFO - Matrix from response.
2025-02-23 04:56:54,161 - DSM_MultiModelExp_llm_rag_ollama:llama3.3:70b-8k - INFO - At run 5/5
2025-02-23 04:56:54,161 - DSM_MultiModelExp_llm_rag_ollama:llama3.3:70b-8k - INFO - Matrix: [[1, 1, 0, 1, 1, 0], [1, 1, 0, 1, 1, 0], [0, 0, 1, 0, 0, 1], [1, 1, 0, 1, 1, 0], [1, 1, 0, 1, 1, 0], [0, 0, 1, 0, 0, 1]]
2025-02-23 04:56:54,162 - DSM_MultiModelExp_llm_rag_ollama:llama3.3:70b-8k - INFO - --------------------------------------------------
2025-02-23 04:57:04,173 - DSM_MultiModelExp_llm_rag_ollama:llama3.3:70b-8k - INFO - Duration of reference combination {'R1': [{'path': '../data/use_cases_large/CubeSat/reference_pdfs/R1_combined.pdf'}], 'R3': [{'path': '../data/use_cases_large/CubeSat/reference_pdfs/R3_combined.pdf'}]}: 0:01:50.681592
2025-02-23 04:57:04,174 - DSM_MultiModelExp_llm_rag_ollama:llama3.3:70b-8k - INFO - ++++++++++++++++++++++++++++++++++++++++++++++++++++++++++++++++++++++++++++++++++++++++++++++++++++
2025-02-23 04:57:04,176 - DSM_MultiModelExp_llm_rag_ollama:llama3.3:70b-8k - INFO - Run 1/5
2025-02-23 04:57:04,212 - DSM_MultiModelExp_llm_rag_ollama:llama3.3:70b-8k - INFO - DEBUG: Initializing RAGInference.
2025-02-23 04:57:04,213 - DSM_MultiModelExp_llm_rag_ollama:llama3.3:70b-8k - INFO - Using R-type: ['R2', 'R3']
2025-02-23 04:57:04,214 - DSM_MultiModelExp_llm_rag_ollama:llama3.3:70b-8k - INFO - Using embedding model: text-embedding-3-small
2025-02-23 04:57:04,248 - DSM_MultiModelExp_llm_rag_ollama:llama3.3:70b-8k - INFO - VectorStoreManager initialized
2025-02-23 04:57:04,250 - DSM_MultiModelExp_llm_rag_ollama:llama3.3:70b-8k - INFO - Set database path to: xLM_DSM/data/vectorstore/CubeSat/llm_rag/text-embedding-3-small
2025-02-23 04:57:04,258 - DSM_MultiModelExp_llm_rag_ollama:llama3.3:70b-8k - INFO - Collection count: 2320
2025-02-23 04:57:04,261 - DSM_MultiModelExp_llm_rag_ollama:llama3.3:70b-8k - INFO - Initialized RAG inference for system: CubeSat (nanosatellite)
2025-02-23 04:57:04,262 - DSM_MultiModelExp_llm_rag_ollama:llama3.3:70b-8k - INFO - Initialized DSM for system: CubeSat (nanosatellite)
2025-02-23 04:57:04,263 - DSM_MultiModelExp_llm_rag_ollama:llama3.3:70b-8k - INFO - Inference model: ollama:llama3.3:70b-8k
2025-02-23 04:57:04,264 - DSM_MultiModelExp_llm_rag_ollama:llama3.3:70b-8k - INFO - Prompt (attempt 1/3): 
            Please identify the major components of CubeSat (nanosatellite) in the engineering based on hierarchical whole-part relationships.             
            The number of components must be 6 and must be a list of strings.             
            Please do not identify similar components that will work together under subsystem level since our interest is to identify the major components that form the core architecture of the system.             
            Here is an example of the components for made-up system:             
            final response = [ "component 1", "component 2", "component 3", "component 4", "component 5" ]             
            IMPORTANT: THE FORMAT OF THE OUTPUT MUST BE AS A LIST OF STRINGS ONLY SIMILAR TO THE ONE ABOVE (NO LATEX, NO CODE, NO DESCRIPTION, OR OTHER ENCODINGS).              
2025-02-23 04:57:09,673 - DSM_MultiModelExp_llm_rag_ollama:llama3.3:70b-8k - INFO - Number of documents retrieved: 4
2025-02-23 04:57:09,674 - DSM_MultiModelExp_llm_rag_ollama:llama3.3:70b-8k - INFO - Documents used for this query:
2025-02-23 04:57:09,693 - DSM_MultiModelExp_llm_rag_ollama:llama3.3:70b-8k - INFO - File: ../data/use_cases_large/CubeSat/reference_pdfs/R2_combined.pdf
2025-02-23 04:57:09,694 - DSM_MultiModelExp_llm_rag_ollama:llama3.3:70b-8k - INFO - Page: 527
2025-02-23 04:57:09,695 - DSM_MultiModelExp_llm_rag_ollama:llama3.3:70b-8k - INFO - Content: 7 Conclusions
In this chapter an overview of best practices during the structural system design and
manufacturing has been presented. In particular, attention has been focused on the def-
inition of t ...
2025-02-23 04:57:09,696 - DSM_MultiModelExp_llm_rag_ollama:llama3.3:70b-8k - INFO - File: ../data/use_cases_large/CubeSat/reference_pdfs/R2_combined.pdf
2025-02-23 04:57:09,697 - DSM_MultiModelExp_llm_rag_ollama:llama3.3:70b-8k - INFO - Page: 510
2025-02-23 04:57:09,697 - DSM_MultiModelExp_llm_rag_ollama:llama3.3:70b-8k - INFO - Content: sidered a CubeSat. Nevertheless, some of the constraints that dictate the structural
design are derived from the mission and systems requirements. For this reason, it
is important to give the CubeSat  ...
2025-02-23 04:57:09,698 - DSM_MultiModelExp_llm_rag_ollama:llama3.3:70b-8k - INFO - File: ../data/use_cases_large/CubeSat/reference_pdfs/R2_combined.pdf
2025-02-23 04:57:09,699 - DSM_MultiModelExp_llm_rag_ollama:llama3.3:70b-8k - INFO - Page: 369
2025-02-23 04:57:09,700 - DSM_MultiModelExp_llm_rag_ollama:llama3.3:70b-8k - INFO - Content: l
performance requirements
l
system scalability requirements
2. Space segment
l
constellation requirements
l
spacecraft requirements
l
general requirements
l
payload requirements
3. Ground segment
l
g ...
2025-02-23 04:57:09,701 - DSM_MultiModelExp_llm_rag_ollama:llama3.3:70b-8k - INFO - File: ../data/use_cases_large/CubeSat/reference_pdfs/R2_combined.pdf
2025-02-23 04:57:09,701 - DSM_MultiModelExp_llm_rag_ollama:llama3.3:70b-8k - INFO - Page: 472
2025-02-23 04:57:09,702 - DSM_MultiModelExp_llm_rag_ollama:llama3.3:70b-8k - INFO - Content: identifies potential other concepts through morphological analysis, which however
do not map to any well-known concept formulation. We analyze each concept
individually and discuss challenges and oppo ...
2025-02-23 04:57:09,703 - DSM_MultiModelExp_llm_rag_ollama:llama3.3:70b-8k - INFO - Raw Response: Space segment, Ground segment, User segment, Primary structure, Secondary structure, Payload
2025-02-23 04:57:09,704 - DSM_MultiModelExp_llm_rag_ollama:llama3.3:70b-8k - ERROR - Error parsing component list: No valid matrix found in response
2025-02-23 04:57:09,705 - DSM_MultiModelExp_llm_rag_ollama:llama3.3:70b-8k - ERROR - Erroneous raw response: Space segment, Ground segment, User segment, Primary structure, Secondary structure, Payload
2025-02-23 04:57:09,705 - DSM_MultiModelExp_llm_rag_ollama:llama3.3:70b-8k - WARNING - Retrying component identification (attempt 2/3)
2025-02-23 04:57:09,706 - DSM_MultiModelExp_llm_rag_ollama:llama3.3:70b-8k - INFO - Prompt (attempt 2/3): 
            Please identify the major components of CubeSat (nanosatellite) in the engineering based on hierarchical whole-part relationships.             
            The number of components must be 6 and must be a list of strings.             
            Please do not identify similar components that will work together under subsystem level since our interest is to identify the major components that form the core architecture of the system.             
            Here is an example of the components for made-up system:             
            final response = [ "component 1", "component 2", "component 3", "component 4", "component 5" ]             
            IMPORTANT: THE FORMAT OF THE OUTPUT MUST BE AS A LIST OF STRINGS ONLY SIMILAR TO THE ONE ABOVE (NO LATEX, NO CODE, NO DESCRIPTION, OR OTHER ENCODINGS).              
2025-02-23 04:57:11,878 - DSM_MultiModelExp_llm_rag_ollama:llama3.3:70b-8k - INFO - Number of documents retrieved: 4
2025-02-23 04:57:11,879 - DSM_MultiModelExp_llm_rag_ollama:llama3.3:70b-8k - INFO - Documents used for this query:
2025-02-23 04:57:11,880 - DSM_MultiModelExp_llm_rag_ollama:llama3.3:70b-8k - INFO - File: ../data/use_cases_large/CubeSat/reference_pdfs/R2_combined.pdf
2025-02-23 04:57:11,881 - DSM_MultiModelExp_llm_rag_ollama:llama3.3:70b-8k - INFO - Page: 527
2025-02-23 04:57:11,882 - DSM_MultiModelExp_llm_rag_ollama:llama3.3:70b-8k - INFO - Content: 7 Conclusions
In this chapter an overview of best practices during the structural system design and
manufacturing has been presented. In particular, attention has been focused on the def-
inition of t ...
2025-02-23 04:57:11,883 - DSM_MultiModelExp_llm_rag_ollama:llama3.3:70b-8k - INFO - File: ../data/use_cases_large/CubeSat/reference_pdfs/R2_combined.pdf
2025-02-23 04:57:11,883 - DSM_MultiModelExp_llm_rag_ollama:llama3.3:70b-8k - INFO - Page: 510
2025-02-23 04:57:11,884 - DSM_MultiModelExp_llm_rag_ollama:llama3.3:70b-8k - INFO - Content: sidered a CubeSat. Nevertheless, some of the constraints that dictate the structural
design are derived from the mission and systems requirements. For this reason, it
is important to give the CubeSat  ...
2025-02-23 04:57:11,886 - DSM_MultiModelExp_llm_rag_ollama:llama3.3:70b-8k - INFO - File: ../data/use_cases_large/CubeSat/reference_pdfs/R2_combined.pdf
2025-02-23 04:57:11,887 - DSM_MultiModelExp_llm_rag_ollama:llama3.3:70b-8k - INFO - Page: 369
2025-02-23 04:57:11,887 - DSM_MultiModelExp_llm_rag_ollama:llama3.3:70b-8k - INFO - Content: l
performance requirements
l
system scalability requirements
2. Space segment
l
constellation requirements
l
spacecraft requirements
l
general requirements
l
payload requirements
3. Ground segment
l
g ...
2025-02-23 04:57:11,889 - DSM_MultiModelExp_llm_rag_ollama:llama3.3:70b-8k - INFO - File: ../data/use_cases_large/CubeSat/reference_pdfs/R2_combined.pdf
2025-02-23 04:57:11,890 - DSM_MultiModelExp_llm_rag_ollama:llama3.3:70b-8k - INFO - Page: 472
2025-02-23 04:57:11,891 - DSM_MultiModelExp_llm_rag_ollama:llama3.3:70b-8k - INFO - Content: identifies potential other concepts through morphological analysis, which however
do not map to any well-known concept formulation. We analyze each concept
individually and discuss challenges and oppo ...
2025-02-23 04:57:11,891 - DSM_MultiModelExp_llm_rag_ollama:llama3.3:70b-8k - INFO - Raw Response: Space segment, Ground segment, User segment, Primary structure, Secondary structure, Payload
2025-02-23 04:57:11,892 - DSM_MultiModelExp_llm_rag_ollama:llama3.3:70b-8k - ERROR - Error parsing component list: No valid matrix found in response
2025-02-23 04:57:11,893 - DSM_MultiModelExp_llm_rag_ollama:llama3.3:70b-8k - ERROR - Erroneous raw response: Space segment, Ground segment, User segment, Primary structure, Secondary structure, Payload
2025-02-23 04:57:11,894 - DSM_MultiModelExp_llm_rag_ollama:llama3.3:70b-8k - WARNING - Retrying component identification (attempt 3/3)
2025-02-23 04:57:11,895 - DSM_MultiModelExp_llm_rag_ollama:llama3.3:70b-8k - INFO - Prompt (attempt 3/3): 
            Please identify the major components of CubeSat (nanosatellite) in the engineering based on hierarchical whole-part relationships.             
            The number of components must be 6 and must be a list of strings.             
            Please do not identify similar components that will work together under subsystem level since our interest is to identify the major components that form the core architecture of the system.             
            Here is an example of the components for made-up system:             
            final response = [ "component 1", "component 2", "component 3", "component 4", "component 5" ]             
            IMPORTANT: THE FORMAT OF THE OUTPUT MUST BE AS A LIST OF STRINGS ONLY SIMILAR TO THE ONE ABOVE (NO LATEX, NO CODE, NO DESCRIPTION, OR OTHER ENCODINGS).              
2025-02-23 04:57:13,970 - DSM_MultiModelExp_llm_rag_ollama:llama3.3:70b-8k - INFO - Number of documents retrieved: 4
2025-02-23 04:57:13,970 - DSM_MultiModelExp_llm_rag_ollama:llama3.3:70b-8k - INFO - Documents used for this query:
2025-02-23 04:57:13,971 - DSM_MultiModelExp_llm_rag_ollama:llama3.3:70b-8k - INFO - File: ../data/use_cases_large/CubeSat/reference_pdfs/R2_combined.pdf
2025-02-23 04:57:13,972 - DSM_MultiModelExp_llm_rag_ollama:llama3.3:70b-8k - INFO - Page: 527
2025-02-23 04:57:13,973 - DSM_MultiModelExp_llm_rag_ollama:llama3.3:70b-8k - INFO - Content: 7 Conclusions
In this chapter an overview of best practices during the structural system design and
manufacturing has been presented. In particular, attention has been focused on the def-
inition of t ...
2025-02-23 04:57:13,975 - DSM_MultiModelExp_llm_rag_ollama:llama3.3:70b-8k - INFO - File: ../data/use_cases_large/CubeSat/reference_pdfs/R2_combined.pdf
2025-02-23 04:57:13,975 - DSM_MultiModelExp_llm_rag_ollama:llama3.3:70b-8k - INFO - Page: 510
2025-02-23 04:57:13,976 - DSM_MultiModelExp_llm_rag_ollama:llama3.3:70b-8k - INFO - Content: sidered a CubeSat. Nevertheless, some of the constraints that dictate the structural
design are derived from the mission and systems requirements. For this reason, it
is important to give the CubeSat  ...
2025-02-23 04:57:13,977 - DSM_MultiModelExp_llm_rag_ollama:llama3.3:70b-8k - INFO - File: ../data/use_cases_large/CubeSat/reference_pdfs/R2_combined.pdf
2025-02-23 04:57:13,978 - DSM_MultiModelExp_llm_rag_ollama:llama3.3:70b-8k - INFO - Page: 369
2025-02-23 04:57:13,979 - DSM_MultiModelExp_llm_rag_ollama:llama3.3:70b-8k - INFO - Content: l
performance requirements
l
system scalability requirements
2. Space segment
l
constellation requirements
l
spacecraft requirements
l
general requirements
l
payload requirements
3. Ground segment
l
g ...
2025-02-23 04:57:13,980 - DSM_MultiModelExp_llm_rag_ollama:llama3.3:70b-8k - INFO - File: ../data/use_cases_large/CubeSat/reference_pdfs/R2_combined.pdf
2025-02-23 04:57:13,981 - DSM_MultiModelExp_llm_rag_ollama:llama3.3:70b-8k - INFO - Page: 472
2025-02-23 04:57:13,982 - DSM_MultiModelExp_llm_rag_ollama:llama3.3:70b-8k - INFO - Content: identifies potential other concepts through morphological analysis, which however
do not map to any well-known concept formulation. We analyze each concept
individually and discuss challenges and oppo ...
2025-02-23 04:57:13,983 - DSM_MultiModelExp_llm_rag_ollama:llama3.3:70b-8k - INFO - Raw Response: Space segment, Ground segment, User segment, Primary structure, Secondary structure, Payload
2025-02-23 04:57:13,984 - DSM_MultiModelExp_llm_rag_ollama:llama3.3:70b-8k - ERROR - Error parsing component list: No valid matrix found in response
2025-02-23 04:57:13,985 - DSM_MultiModelExp_llm_rag_ollama:llama3.3:70b-8k - ERROR - Erroneous raw response: Space segment, Ground segment, User segment, Primary structure, Secondary structure, Payload
2025-02-23 04:57:13,985 - DSM_MultiModelExp_llm_rag_ollama:llama3.3:70b-8k - ERROR - Error identifying components: Could not extract valid component list after 3 attempts
2025-02-23 04:57:13,986 - DSM_MultiModelExp_llm_rag_ollama:llama3.3:70b-8k - ERROR - Error identifying components: Could not extract valid component list after 3 attempts
2025-02-23 04:57:13,987 - DSM_MultiModelExp_llm_rag_ollama:llama3.3:70b-8k - WARNING - Retrying due to error (attempt 3/3)
2025-02-23 04:57:13,988 - DSM_MultiModelExp_llm_rag_ollama:llama3.3:70b-8k - INFO - Prompt (attempt 3/3): 
            Please identify the major components of CubeSat (nanosatellite) in the engineering based on hierarchical whole-part relationships.             
            The number of components must be 6 and must be a list of strings.             
            Please do not identify similar components that will work together under subsystem level since our interest is to identify the major components that form the core architecture of the system.             
            Here is an example of the components for made-up system:             
            final response = [ "component 1", "component 2", "component 3", "component 4", "component 5" ]             
            IMPORTANT: THE FORMAT OF THE OUTPUT MUST BE AS A LIST OF STRINGS ONLY SIMILAR TO THE ONE ABOVE (NO LATEX, NO CODE, NO DESCRIPTION, OR OTHER ENCODINGS).              
2025-02-23 04:57:15,885 - DSM_MultiModelExp_llm_rag_ollama:llama3.3:70b-8k - INFO - Number of documents retrieved: 4
2025-02-23 04:57:15,887 - DSM_MultiModelExp_llm_rag_ollama:llama3.3:70b-8k - INFO - Documents used for this query:
2025-02-23 04:57:15,887 - DSM_MultiModelExp_llm_rag_ollama:llama3.3:70b-8k - INFO - File: ../data/use_cases_large/CubeSat/reference_pdfs/R2_combined.pdf
2025-02-23 04:57:15,888 - DSM_MultiModelExp_llm_rag_ollama:llama3.3:70b-8k - INFO - Page: 527
2025-02-23 04:57:15,889 - DSM_MultiModelExp_llm_rag_ollama:llama3.3:70b-8k - INFO - Content: 7 Conclusions
In this chapter an overview of best practices during the structural system design and
manufacturing has been presented. In particular, attention has been focused on the def-
inition of t ...
2025-02-23 04:57:15,890 - DSM_MultiModelExp_llm_rag_ollama:llama3.3:70b-8k - INFO - File: ../data/use_cases_large/CubeSat/reference_pdfs/R2_combined.pdf
2025-02-23 04:57:15,891 - DSM_MultiModelExp_llm_rag_ollama:llama3.3:70b-8k - INFO - Page: 510
2025-02-23 04:57:15,891 - DSM_MultiModelExp_llm_rag_ollama:llama3.3:70b-8k - INFO - Content: sidered a CubeSat. Nevertheless, some of the constraints that dictate the structural
design are derived from the mission and systems requirements. For this reason, it
is important to give the CubeSat  ...
2025-02-23 04:57:15,893 - DSM_MultiModelExp_llm_rag_ollama:llama3.3:70b-8k - INFO - File: ../data/use_cases_large/CubeSat/reference_pdfs/R2_combined.pdf
2025-02-23 04:57:15,894 - DSM_MultiModelExp_llm_rag_ollama:llama3.3:70b-8k - INFO - Page: 369
2025-02-23 04:57:15,895 - DSM_MultiModelExp_llm_rag_ollama:llama3.3:70b-8k - INFO - Content: l
performance requirements
l
system scalability requirements
2. Space segment
l
constellation requirements
l
spacecraft requirements
l
general requirements
l
payload requirements
3. Ground segment
l
g ...
2025-02-23 04:57:15,895 - DSM_MultiModelExp_llm_rag_ollama:llama3.3:70b-8k - INFO - File: ../data/use_cases_large/CubeSat/reference_pdfs/R2_combined.pdf
2025-02-23 04:57:15,896 - DSM_MultiModelExp_llm_rag_ollama:llama3.3:70b-8k - INFO - Page: 472
2025-02-23 04:57:15,897 - DSM_MultiModelExp_llm_rag_ollama:llama3.3:70b-8k - INFO - Content: identifies potential other concepts through morphological analysis, which however
do not map to any well-known concept formulation. We analyze each concept
individually and discuss challenges and oppo ...
2025-02-23 04:57:15,898 - DSM_MultiModelExp_llm_rag_ollama:llama3.3:70b-8k - INFO - Raw Response: Space segment, Ground segment, User segment, Primary structure, Secondary structure, Payload
2025-02-23 04:57:15,899 - DSM_MultiModelExp_llm_rag_ollama:llama3.3:70b-8k - ERROR - Error parsing component list: No valid matrix found in response
2025-02-23 04:57:15,900 - DSM_MultiModelExp_llm_rag_ollama:llama3.3:70b-8k - ERROR - Erroneous raw response: Space segment, Ground segment, User segment, Primary structure, Secondary structure, Payload
2025-02-23 04:57:15,901 - DSM_MultiModelExp_llm_rag_ollama:llama3.3:70b-8k - ERROR - Error identifying components: Could not extract valid component list after 3 attempts
2025-02-23 04:57:15,902 - DSM_MultiModelExp_llm_rag_ollama:llama3.3:70b-8k - ERROR - Error identifying components: Could not extract valid component list after 3 attempts
2025-02-23 04:57:15,902 - DSM_MultiModelExp_llm_rag_ollama:llama3.3:70b-8k - WARNING - Retrying due to error (attempt 2/3)
2025-02-23 04:57:15,904 - DSM_MultiModelExp_llm_rag_ollama:llama3.3:70b-8k - INFO - Prompt (attempt 2/3): 
            Please identify the major components of CubeSat (nanosatellite) in the engineering based on hierarchical whole-part relationships.             
            The number of components must be 6 and must be a list of strings.             
            Please do not identify similar components that will work together under subsystem level since our interest is to identify the major components that form the core architecture of the system.             
            Here is an example of the components for made-up system:             
            final response = [ "component 1", "component 2", "component 3", "component 4", "component 5" ]             
            IMPORTANT: THE FORMAT OF THE OUTPUT MUST BE AS A LIST OF STRINGS ONLY SIMILAR TO THE ONE ABOVE (NO LATEX, NO CODE, NO DESCRIPTION, OR OTHER ENCODINGS).              
2025-02-23 04:57:17,836 - DSM_MultiModelExp_llm_rag_ollama:llama3.3:70b-8k - INFO - Number of documents retrieved: 4
2025-02-23 04:57:17,837 - DSM_MultiModelExp_llm_rag_ollama:llama3.3:70b-8k - INFO - Documents used for this query:
2025-02-23 04:57:17,838 - DSM_MultiModelExp_llm_rag_ollama:llama3.3:70b-8k - INFO - File: ../data/use_cases_large/CubeSat/reference_pdfs/R2_combined.pdf
2025-02-23 04:57:17,838 - DSM_MultiModelExp_llm_rag_ollama:llama3.3:70b-8k - INFO - Page: 527
2025-02-23 04:57:17,839 - DSM_MultiModelExp_llm_rag_ollama:llama3.3:70b-8k - INFO - Content: 7 Conclusions
In this chapter an overview of best practices during the structural system design and
manufacturing has been presented. In particular, attention has been focused on the def-
inition of t ...
2025-02-23 04:57:17,840 - DSM_MultiModelExp_llm_rag_ollama:llama3.3:70b-8k - INFO - File: ../data/use_cases_large/CubeSat/reference_pdfs/R2_combined.pdf
2025-02-23 04:57:17,840 - DSM_MultiModelExp_llm_rag_ollama:llama3.3:70b-8k - INFO - Page: 510
2025-02-23 04:57:17,841 - DSM_MultiModelExp_llm_rag_ollama:llama3.3:70b-8k - INFO - Content: sidered a CubeSat. Nevertheless, some of the constraints that dictate the structural
design are derived from the mission and systems requirements. For this reason, it
is important to give the CubeSat  ...
2025-02-23 04:57:17,841 - DSM_MultiModelExp_llm_rag_ollama:llama3.3:70b-8k - INFO - File: ../data/use_cases_large/CubeSat/reference_pdfs/R2_combined.pdf
2025-02-23 04:57:17,842 - DSM_MultiModelExp_llm_rag_ollama:llama3.3:70b-8k - INFO - Page: 369
2025-02-23 04:57:17,842 - DSM_MultiModelExp_llm_rag_ollama:llama3.3:70b-8k - INFO - Content: l
performance requirements
l
system scalability requirements
2. Space segment
l
constellation requirements
l
spacecraft requirements
l
general requirements
l
payload requirements
3. Ground segment
l
g ...
2025-02-23 04:57:17,843 - DSM_MultiModelExp_llm_rag_ollama:llama3.3:70b-8k - INFO - File: ../data/use_cases_large/CubeSat/reference_pdfs/R2_combined.pdf
2025-02-23 04:57:17,843 - DSM_MultiModelExp_llm_rag_ollama:llama3.3:70b-8k - INFO - Page: 472
2025-02-23 04:57:17,844 - DSM_MultiModelExp_llm_rag_ollama:llama3.3:70b-8k - INFO - Content: identifies potential other concepts through morphological analysis, which however
do not map to any well-known concept formulation. We analyze each concept
individually and discuss challenges and oppo ...
2025-02-23 04:57:17,844 - DSM_MultiModelExp_llm_rag_ollama:llama3.3:70b-8k - INFO - Raw Response: Space segment, Ground segment, User segment, Primary structure, Secondary structure, Payload
2025-02-23 04:57:17,845 - DSM_MultiModelExp_llm_rag_ollama:llama3.3:70b-8k - ERROR - Error parsing component list: No valid matrix found in response
2025-02-23 04:57:17,846 - DSM_MultiModelExp_llm_rag_ollama:llama3.3:70b-8k - ERROR - Erroneous raw response: Space segment, Ground segment, User segment, Primary structure, Secondary structure, Payload
2025-02-23 04:57:17,846 - DSM_MultiModelExp_llm_rag_ollama:llama3.3:70b-8k - WARNING - Retrying component identification (attempt 3/3)
2025-02-23 04:57:17,847 - DSM_MultiModelExp_llm_rag_ollama:llama3.3:70b-8k - INFO - Prompt (attempt 3/3): 
            Please identify the major components of CubeSat (nanosatellite) in the engineering based on hierarchical whole-part relationships.             
            The number of components must be 6 and must be a list of strings.             
            Please do not identify similar components that will work together under subsystem level since our interest is to identify the major components that form the core architecture of the system.             
            Here is an example of the components for made-up system:             
            final response = [ "component 1", "component 2", "component 3", "component 4", "component 5" ]             
            IMPORTANT: THE FORMAT OF THE OUTPUT MUST BE AS A LIST OF STRINGS ONLY SIMILAR TO THE ONE ABOVE (NO LATEX, NO CODE, NO DESCRIPTION, OR OTHER ENCODINGS).              
2025-02-23 04:57:19,712 - DSM_MultiModelExp_llm_rag_ollama:llama3.3:70b-8k - INFO - Number of documents retrieved: 4
2025-02-23 04:57:19,713 - DSM_MultiModelExp_llm_rag_ollama:llama3.3:70b-8k - INFO - Documents used for this query:
2025-02-23 04:57:19,715 - DSM_MultiModelExp_llm_rag_ollama:llama3.3:70b-8k - INFO - File: ../data/use_cases_large/CubeSat/reference_pdfs/R2_combined.pdf
2025-02-23 04:57:19,716 - DSM_MultiModelExp_llm_rag_ollama:llama3.3:70b-8k - INFO - Page: 527
2025-02-23 04:57:19,716 - DSM_MultiModelExp_llm_rag_ollama:llama3.3:70b-8k - INFO - Content: 7 Conclusions
In this chapter an overview of best practices during the structural system design and
manufacturing has been presented. In particular, attention has been focused on the def-
inition of t ...
2025-02-23 04:57:19,717 - DSM_MultiModelExp_llm_rag_ollama:llama3.3:70b-8k - INFO - File: ../data/use_cases_large/CubeSat/reference_pdfs/R2_combined.pdf
2025-02-23 04:57:19,718 - DSM_MultiModelExp_llm_rag_ollama:llama3.3:70b-8k - INFO - Page: 510
2025-02-23 04:57:19,719 - DSM_MultiModelExp_llm_rag_ollama:llama3.3:70b-8k - INFO - Content: sidered a CubeSat. Nevertheless, some of the constraints that dictate the structural
design are derived from the mission and systems requirements. For this reason, it
is important to give the CubeSat  ...
2025-02-23 04:57:19,720 - DSM_MultiModelExp_llm_rag_ollama:llama3.3:70b-8k - INFO - File: ../data/use_cases_large/CubeSat/reference_pdfs/R2_combined.pdf
2025-02-23 04:57:19,721 - DSM_MultiModelExp_llm_rag_ollama:llama3.3:70b-8k - INFO - Page: 369
2025-02-23 04:57:19,722 - DSM_MultiModelExp_llm_rag_ollama:llama3.3:70b-8k - INFO - Content: l
performance requirements
l
system scalability requirements
2. Space segment
l
constellation requirements
l
spacecraft requirements
l
general requirements
l
payload requirements
3. Ground segment
l
g ...
2025-02-23 04:57:19,723 - DSM_MultiModelExp_llm_rag_ollama:llama3.3:70b-8k - INFO - File: ../data/use_cases_large/CubeSat/reference_pdfs/R2_combined.pdf
2025-02-23 04:57:19,724 - DSM_MultiModelExp_llm_rag_ollama:llama3.3:70b-8k - INFO - Page: 472
2025-02-23 04:57:19,725 - DSM_MultiModelExp_llm_rag_ollama:llama3.3:70b-8k - INFO - Content: identifies potential other concepts through morphological analysis, which however
do not map to any well-known concept formulation. We analyze each concept
individually and discuss challenges and oppo ...
2025-02-23 04:57:19,726 - DSM_MultiModelExp_llm_rag_ollama:llama3.3:70b-8k - INFO - Raw Response: Space segment, Ground segment, User segment, Primary structure, Secondary structure, Payload
2025-02-23 04:57:19,727 - DSM_MultiModelExp_llm_rag_ollama:llama3.3:70b-8k - ERROR - Error parsing component list: No valid matrix found in response
2025-02-23 04:57:19,727 - DSM_MultiModelExp_llm_rag_ollama:llama3.3:70b-8k - ERROR - Erroneous raw response: Space segment, Ground segment, User segment, Primary structure, Secondary structure, Payload
2025-02-23 04:57:19,728 - DSM_MultiModelExp_llm_rag_ollama:llama3.3:70b-8k - ERROR - Error identifying components: Could not extract valid component list after 3 attempts
2025-02-23 04:57:19,729 - DSM_MultiModelExp_llm_rag_ollama:llama3.3:70b-8k - ERROR - Error identifying components: Could not extract valid component list after 3 attempts
2025-02-23 04:57:19,730 - DSM_MultiModelExp_llm_rag_ollama:llama3.3:70b-8k - WARNING - Retrying due to error (attempt 3/3)
2025-02-23 04:57:19,731 - DSM_MultiModelExp_llm_rag_ollama:llama3.3:70b-8k - INFO - Prompt (attempt 3/3): 
            Please identify the major components of CubeSat (nanosatellite) in the engineering based on hierarchical whole-part relationships.             
            The number of components must be 6 and must be a list of strings.             
            Please do not identify similar components that will work together under subsystem level since our interest is to identify the major components that form the core architecture of the system.             
            Here is an example of the components for made-up system:             
            final response = [ "component 1", "component 2", "component 3", "component 4", "component 5" ]             
            IMPORTANT: THE FORMAT OF THE OUTPUT MUST BE AS A LIST OF STRINGS ONLY SIMILAR TO THE ONE ABOVE (NO LATEX, NO CODE, NO DESCRIPTION, OR OTHER ENCODINGS).              
2025-02-23 04:57:21,590 - DSM_MultiModelExp_llm_rag_ollama:llama3.3:70b-8k - INFO - Number of documents retrieved: 4
2025-02-23 04:57:21,591 - DSM_MultiModelExp_llm_rag_ollama:llama3.3:70b-8k - INFO - Documents used for this query:
2025-02-23 04:57:21,592 - DSM_MultiModelExp_llm_rag_ollama:llama3.3:70b-8k - INFO - File: ../data/use_cases_large/CubeSat/reference_pdfs/R2_combined.pdf
2025-02-23 04:57:21,593 - DSM_MultiModelExp_llm_rag_ollama:llama3.3:70b-8k - INFO - Page: 527
2025-02-23 04:57:21,593 - DSM_MultiModelExp_llm_rag_ollama:llama3.3:70b-8k - INFO - Content: 7 Conclusions
In this chapter an overview of best practices during the structural system design and
manufacturing has been presented. In particular, attention has been focused on the def-
inition of t ...
2025-02-23 04:57:21,594 - DSM_MultiModelExp_llm_rag_ollama:llama3.3:70b-8k - INFO - File: ../data/use_cases_large/CubeSat/reference_pdfs/R2_combined.pdf
2025-02-23 04:57:21,596 - DSM_MultiModelExp_llm_rag_ollama:llama3.3:70b-8k - INFO - Page: 510
2025-02-23 04:57:21,597 - DSM_MultiModelExp_llm_rag_ollama:llama3.3:70b-8k - INFO - Content: sidered a CubeSat. Nevertheless, some of the constraints that dictate the structural
design are derived from the mission and systems requirements. For this reason, it
is important to give the CubeSat  ...
2025-02-23 04:57:21,597 - DSM_MultiModelExp_llm_rag_ollama:llama3.3:70b-8k - INFO - File: ../data/use_cases_large/CubeSat/reference_pdfs/R2_combined.pdf
2025-02-23 04:57:21,598 - DSM_MultiModelExp_llm_rag_ollama:llama3.3:70b-8k - INFO - Page: 369
2025-02-23 04:57:21,599 - DSM_MultiModelExp_llm_rag_ollama:llama3.3:70b-8k - INFO - Content: l
performance requirements
l
system scalability requirements
2. Space segment
l
constellation requirements
l
spacecraft requirements
l
general requirements
l
payload requirements
3. Ground segment
l
g ...
2025-02-23 04:57:21,600 - DSM_MultiModelExp_llm_rag_ollama:llama3.3:70b-8k - INFO - File: ../data/use_cases_large/CubeSat/reference_pdfs/R2_combined.pdf
2025-02-23 04:57:21,601 - DSM_MultiModelExp_llm_rag_ollama:llama3.3:70b-8k - INFO - Page: 472
2025-02-23 04:57:21,602 - DSM_MultiModelExp_llm_rag_ollama:llama3.3:70b-8k - INFO - Content: identifies potential other concepts through morphological analysis, which however
do not map to any well-known concept formulation. We analyze each concept
individually and discuss challenges and oppo ...
2025-02-23 04:57:21,603 - DSM_MultiModelExp_llm_rag_ollama:llama3.3:70b-8k - INFO - Raw Response: Space segment, Ground segment, User segment, Primary structure, Secondary structure, Payload
2025-02-23 04:57:21,603 - DSM_MultiModelExp_llm_rag_ollama:llama3.3:70b-8k - ERROR - Error parsing component list: No valid matrix found in response
2025-02-23 04:57:21,604 - DSM_MultiModelExp_llm_rag_ollama:llama3.3:70b-8k - ERROR - Erroneous raw response: Space segment, Ground segment, User segment, Primary structure, Secondary structure, Payload
2025-02-23 04:57:21,605 - DSM_MultiModelExp_llm_rag_ollama:llama3.3:70b-8k - ERROR - Error identifying components: Could not extract valid component list after 3 attempts
2025-02-23 04:57:21,606 - DSM_MultiModelExp_llm_rag_ollama:llama3.3:70b-8k - INFO - Run 2/5
2025-02-23 04:57:21,646 - DSM_MultiModelExp_llm_rag_ollama:llama3.3:70b-8k - INFO - DEBUG: Initializing RAGInference.
2025-02-23 04:57:21,646 - DSM_MultiModelExp_llm_rag_ollama:llama3.3:70b-8k - INFO - Using R-type: ['R2', 'R3']
2025-02-23 04:57:21,647 - DSM_MultiModelExp_llm_rag_ollama:llama3.3:70b-8k - INFO - Using embedding model: text-embedding-3-small
2025-02-23 04:57:21,680 - DSM_MultiModelExp_llm_rag_ollama:llama3.3:70b-8k - INFO - VectorStoreManager initialized
2025-02-23 04:57:21,681 - DSM_MultiModelExp_llm_rag_ollama:llama3.3:70b-8k - INFO - Set database path to: xLM_DSM/data/vectorstore/CubeSat/llm_rag/text-embedding-3-small
2025-02-23 04:57:21,689 - DSM_MultiModelExp_llm_rag_ollama:llama3.3:70b-8k - INFO - Collection count: 2320
2025-02-23 04:57:21,693 - DSM_MultiModelExp_llm_rag_ollama:llama3.3:70b-8k - INFO - Initialized RAG inference for system: CubeSat (nanosatellite)
2025-02-23 04:57:21,693 - DSM_MultiModelExp_llm_rag_ollama:llama3.3:70b-8k - INFO - Initialized DSM for system: CubeSat (nanosatellite)
2025-02-23 04:57:21,694 - DSM_MultiModelExp_llm_rag_ollama:llama3.3:70b-8k - INFO - Inference model: ollama:llama3.3:70b-8k
2025-02-23 04:57:21,695 - DSM_MultiModelExp_llm_rag_ollama:llama3.3:70b-8k - INFO - Predicted Components: ['Power System', 'Communication System', 'Navigation System', 'Computer System', 'Mechanical Structure', 'Thermal Control System']
2025-02-23 04:57:21,695 - DSM_MultiModelExp_llm_rag_ollama:llama3.3:70b-8k - INFO - Number of components: 6
2025-02-23 04:57:21,697 - DSM_MultiModelExp_llm_rag_ollama:llama3.3:70b-8k - INFO - Predicted components for query: ['Power System', 'Communication System', 'Navigation System', 'Computer System', 'Mechanical Structure', 'Thermal Control System']
2025-02-23 04:57:21,697 - DSM_MultiModelExp_llm_rag_ollama:llama3.3:70b-8k - INFO - Query: 
        Please identify system-level hierarchical whole-part relationships between the components of CubeSat (nanosatellite), as listed below, and represent them in a Design Structure Matrix (DSM) format.          
        The relationships should be articulated in plain English, capturing the essence of their interactions.         
        Here is the list of subsystems/components to analyze: ['Power System', 'Communication System', 'Navigation System', 'Computer System', 'Mechanical Structure', 'Thermal Control System']         
        The DSM should clearly indicate the interactions between these components as 1 exist and 0 does not exist, considering both the presence and nature of these connections.         
        Present the output in a square matrix format (number of rows and columns MUST be the same as the number of components = 6 for this example), with rows and columns labeled accordingly.         
        Diagonal elements should be 1 in DSM matrix since each component interacts with itself.         
        If you don't know the answer, just write 2 for the specific cell that you are unsure of. A worst case scenario of the **as a list of lists** shown below (diagonal elements are 1 and rest are 2). Don't make up an answer.         
        final response = [[1, 2, 2, 2, 2, 2, 2],[2, 1, 2, 2, 2, 2, 2],[2, 2, 1, 2, 2, 2, 2],[2, 2, 2, 1, 2, 2, 2],[2, 2, 2, 2, 1, 2, 2],[2, 2, 2, 2, 2, 1, 2],[2, 2, 2, 2, 2, 2, 1]] for 7 components         
        final response = [[1, 2, 2],[2, 1, 2],[2, 2, 1]] for 3 components         
        IMPORTANT: Your response must **ONLY** contain a valid **as a list of lists** in the following example format 7x7 matrix.         
        The below list of lists is just an example format of a response. **Replace** the values with your **actual analysis** while providing your response with parameter of 'final response'.        
        final response = [[1, 0, 0, 0, 0, 0, 0],[0, 1, 0, 0, 0, 0, 0],[0, 0, 1, 0, 0, 0, 0],   [0, 0, 0, 1, 0, 0, 0],[0, 0, 0, 0, 1, 0, 0],[0, 0, 0, 0, 0, 1, 0],[0, 0, 0, 0, 0, 0, 1]] for 7 components         
        final response = [[1, 0, 0],[0, 1, 0],[0, 0, 1]] for 3 components         
        IMPORTANT: THE FORMAT OF THE OUTPUT MUST BE AS LIST OF LISTS ONLY SIMILAR TO THE ONE ABOVE (NO LATEX, CODE, OR OTHER ENCODINGS).
        
2025-02-23 04:57:33,755 - DSM_MultiModelExp_llm_rag_ollama:llama3.3:70b-8k - INFO - Number of documents retrieved: 4
2025-02-23 04:57:33,756 - DSM_MultiModelExp_llm_rag_ollama:llama3.3:70b-8k - INFO - Documents used for this query:
2025-02-23 04:57:33,757 - DSM_MultiModelExp_llm_rag_ollama:llama3.3:70b-8k - INFO - File: ../data/use_cases_large/CubeSat/reference_pdfs/R2_combined.pdf
2025-02-23 04:57:33,758 - DSM_MultiModelExp_llm_rag_ollama:llama3.3:70b-8k - INFO - Page: 13
2025-02-23 04:57:33,759 - DSM_MultiModelExp_llm_rag_ollama:llama3.3:70b-8k - INFO - Content: 5 Introduction to Design Structure Matrix Methods 
of the next section). Here we begin by adopting the original DSM convention with inputs 
in rows (IR) and outputs in columns. Later we also present e ...
2025-02-23 04:57:33,760 - DSM_MultiModelExp_llm_rag_ollama:llama3.3:70b-8k - INFO - File: ../data/use_cases_large/CubeSat/reference_pdfs/R2_combined.pdf
2025-02-23 04:57:33,761 - DSM_MultiModelExp_llm_rag_ollama:llama3.3:70b-8k - INFO - Page: 12
2025-02-23 04:57:33,762 - DSM_MultiModelExp_llm_rag_ollama:llama3.3:70b-8k - INFO - Content: 4 Chapter 1 
DSM, many find it easy to think of the cells along the diagonal of the matrix as represent­
ing the system elements- analogous to the nodes in the digraph model. To keep the 
matrix diagr ...
2025-02-23 04:57:33,763 - DSM_MultiModelExp_llm_rag_ollama:llama3.3:70b-8k - INFO - File: ../data/use_cases_large/CubeSat/reference_pdfs/R2_combined.pdf
2025-02-23 04:57:33,764 - DSM_MultiModelExp_llm_rag_ollama:llama3.3:70b-8k - INFO - Page: 14
2025-02-23 04:57:33,765 - DSM_MultiModelExp_llm_rag_ollama:llama3.3:70b-8k - INFO - Content: 6 Chapter 1 
A 
C 
A C B E G 0 F H 
A:X 
----.. ----- ----
xic 
B B:: X i X 
, " , 
____ ... _____ ____ .J _____ l _____ '- ___ _ 
E i XiEixi 
, " , 
G "'T'" "'TXTGTX-, " +--+-+---I 
o ""r'" 'xT"Tx 0  ...
2025-02-23 04:57:33,766 - DSM_MultiModelExp_llm_rag_ollama:llama3.3:70b-8k - INFO - File: ../data/use_cases_large/CubeSat/reference_pdfs/R2_combined.pdf
2025-02-23 04:57:33,766 - DSM_MultiModelExp_llm_rag_ollama:llama3.3:70b-8k - INFO - Page: 53
2025-02-23 04:57:33,767 - DSM_MultiModelExp_llm_rag_ollama:llama3.3:70b-8k - INFO - Content: 47 
1 2 
1 
3 
• 
• 
• 
9 
'2 
'3 
14 
15 
16 
'7 
'B 
'9 
20 
21 
22 
23 
24 
25 
• 
26 
27 
Product Architecture DSM Examples 
3 4 5 6 
Figure 3.3.4 
7 8 9 10 11 12 13 
• • • • • • 
• • • • • • 
Com ...
2025-02-23 04:57:33,768 - DSM_MultiModelExp_llm_rag_ollama:llama3.3:70b-8k - INFO - Raw Response: final response = [[1, 1, 0, 1, 1, 1],[1, 1, 1, 1, 0, 0],[0, 1, 1, 1, 0, 0],[1, 1, 1, 1, 1, 1],[1, 0, 0, 1, 1, 1],[1, 0, 0, 1, 1, 1]]
2025-02-23 04:57:33,769 - DSM_MultiModelExp_llm_rag_ollama:llama3.3:70b-8k - INFO - Response: final response = [[1, 1, 0, 1, 1, 1],[1, 1, 1, 1, 0, 0],[0, 1, 1, 1, 0, 0],[1, 1, 1, 1, 1, 1],[1, 0, 0, 1, 1, 1],[1, 0, 0, 1, 1, 1]]
2025-02-23 04:57:33,770 - DSM_MultiModelExp_llm_rag_ollama:llama3.3:70b-8k - INFO - Matrix: [[1, 1, 0, 1, 1, 1], [1, 1, 1, 1, 0, 0], [0, 1, 1, 1, 0, 0], [1, 1, 1, 1, 1, 1], [1, 0, 0, 1, 1, 1], [1, 0, 0, 1, 1, 1]]
2025-02-23 04:57:33,771 - DSM_MultiModelExp_llm_rag_ollama:llama3.3:70b-8k - INFO - Final Matrix:
[[1, 1, 0, 1, 1, 1], [1, 1, 1, 1, 0, 0], [0, 1, 1, 1, 0, 0], [1, 1, 1, 1, 1, 1], [1, 0, 0, 1, 1, 1], [1, 0, 0, 1, 1, 1]]
2025-02-23 04:57:33,772 - DSM_MultiModelExp_llm_rag_ollama:llama3.3:70b-8k - INFO - --------------------------------------------------
2025-02-23 04:57:33,773 - DSM_MultiModelExp_llm_rag_ollama:llama3.3:70b-8k - INFO - Matrix from response.
2025-02-23 04:57:33,773 - DSM_MultiModelExp_llm_rag_ollama:llama3.3:70b-8k - INFO - At run 2/5
2025-02-23 04:57:33,774 - DSM_MultiModelExp_llm_rag_ollama:llama3.3:70b-8k - INFO - Matrix: [[1, 1, 0, 1, 1, 1], [1, 1, 1, 1, 0, 0], [0, 1, 1, 1, 0, 0], [1, 1, 1, 1, 1, 1], [1, 0, 0, 1, 1, 1], [1, 0, 0, 1, 1, 1]]
2025-02-23 04:57:33,774 - DSM_MultiModelExp_llm_rag_ollama:llama3.3:70b-8k - INFO - --------------------------------------------------
2025-02-23 04:57:43,786 - DSM_MultiModelExp_llm_rag_ollama:llama3.3:70b-8k - INFO - Run 3/5
2025-02-23 04:57:43,822 - DSM_MultiModelExp_llm_rag_ollama:llama3.3:70b-8k - INFO - DEBUG: Initializing RAGInference.
2025-02-23 04:57:43,823 - DSM_MultiModelExp_llm_rag_ollama:llama3.3:70b-8k - INFO - Using R-type: ['R2', 'R3']
2025-02-23 04:57:43,824 - DSM_MultiModelExp_llm_rag_ollama:llama3.3:70b-8k - INFO - Using embedding model: text-embedding-3-small
2025-02-23 04:57:43,857 - DSM_MultiModelExp_llm_rag_ollama:llama3.3:70b-8k - INFO - VectorStoreManager initialized
2025-02-23 04:57:43,858 - DSM_MultiModelExp_llm_rag_ollama:llama3.3:70b-8k - INFO - Set database path to: xLM_DSM/data/vectorstore/CubeSat/llm_rag/text-embedding-3-small
2025-02-23 04:57:43,866 - DSM_MultiModelExp_llm_rag_ollama:llama3.3:70b-8k - INFO - Collection count: 2320
2025-02-23 04:57:43,869 - DSM_MultiModelExp_llm_rag_ollama:llama3.3:70b-8k - INFO - Initialized RAG inference for system: CubeSat (nanosatellite)
2025-02-23 04:57:43,869 - DSM_MultiModelExp_llm_rag_ollama:llama3.3:70b-8k - INFO - Initialized DSM for system: CubeSat (nanosatellite)
2025-02-23 04:57:43,870 - DSM_MultiModelExp_llm_rag_ollama:llama3.3:70b-8k - INFO - Inference model: ollama:llama3.3:70b-8k
2025-02-23 04:57:43,870 - DSM_MultiModelExp_llm_rag_ollama:llama3.3:70b-8k - INFO - Predicted Components: ['Power System', 'Communication System', 'Navigation System', 'Computer System', 'Mechanical Structure', 'Thermal Control System']
2025-02-23 04:57:43,871 - DSM_MultiModelExp_llm_rag_ollama:llama3.3:70b-8k - INFO - Number of components: 6
2025-02-23 04:57:43,871 - DSM_MultiModelExp_llm_rag_ollama:llama3.3:70b-8k - INFO - Predicted components for query: ['Power System', 'Communication System', 'Navigation System', 'Computer System', 'Mechanical Structure', 'Thermal Control System']
2025-02-23 04:57:43,872 - DSM_MultiModelExp_llm_rag_ollama:llama3.3:70b-8k - INFO - Query: 
        Please identify system-level hierarchical whole-part relationships between the components of CubeSat (nanosatellite), as listed below, and represent them in a Design Structure Matrix (DSM) format.          
        The relationships should be articulated in plain English, capturing the essence of their interactions.         
        Here is the list of subsystems/components to analyze: ['Power System', 'Communication System', 'Navigation System', 'Computer System', 'Mechanical Structure', 'Thermal Control System']         
        The DSM should clearly indicate the interactions between these components as 1 exist and 0 does not exist, considering both the presence and nature of these connections.         
        Present the output in a square matrix format (number of rows and columns MUST be the same as the number of components = 6 for this example), with rows and columns labeled accordingly.         
        Diagonal elements should be 1 in DSM matrix since each component interacts with itself.         
        If you don't know the answer, just write 2 for the specific cell that you are unsure of. A worst case scenario of the **as a list of lists** shown below (diagonal elements are 1 and rest are 2). Don't make up an answer.         
        final response = [[1, 2, 2, 2, 2, 2, 2],[2, 1, 2, 2, 2, 2, 2],[2, 2, 1, 2, 2, 2, 2],[2, 2, 2, 1, 2, 2, 2],[2, 2, 2, 2, 1, 2, 2],[2, 2, 2, 2, 2, 1, 2],[2, 2, 2, 2, 2, 2, 1]] for 7 components         
        final response = [[1, 2, 2],[2, 1, 2],[2, 2, 1]] for 3 components         
        IMPORTANT: Your response must **ONLY** contain a valid **as a list of lists** in the following example format 7x7 matrix.         
        The below list of lists is just an example format of a response. **Replace** the values with your **actual analysis** while providing your response with parameter of 'final response'.        
        final response = [[1, 0, 0, 0, 0, 0, 0],[0, 1, 0, 0, 0, 0, 0],[0, 0, 1, 0, 0, 0, 0],   [0, 0, 0, 1, 0, 0, 0],[0, 0, 0, 0, 1, 0, 0],[0, 0, 0, 0, 0, 1, 0],[0, 0, 0, 0, 0, 0, 1]] for 7 components         
        final response = [[1, 0, 0],[0, 1, 0],[0, 0, 1]] for 3 components         
        IMPORTANT: THE FORMAT OF THE OUTPUT MUST BE AS LIST OF LISTS ONLY SIMILAR TO THE ONE ABOVE (NO LATEX, CODE, OR OTHER ENCODINGS).
        
2025-02-23 04:57:54,453 - DSM_MultiModelExp_llm_rag_ollama:llama3.3:70b-8k - INFO - Number of documents retrieved: 4
2025-02-23 04:57:54,454 - DSM_MultiModelExp_llm_rag_ollama:llama3.3:70b-8k - INFO - Documents used for this query:
2025-02-23 04:57:54,455 - DSM_MultiModelExp_llm_rag_ollama:llama3.3:70b-8k - INFO - File: ../data/use_cases_large/CubeSat/reference_pdfs/R2_combined.pdf
2025-02-23 04:57:54,456 - DSM_MultiModelExp_llm_rag_ollama:llama3.3:70b-8k - INFO - Page: 13
2025-02-23 04:57:54,457 - DSM_MultiModelExp_llm_rag_ollama:llama3.3:70b-8k - INFO - Content: 5 Introduction to Design Structure Matrix Methods 
of the next section). Here we begin by adopting the original DSM convention with inputs 
in rows (IR) and outputs in columns. Later we also present e ...
2025-02-23 04:57:54,458 - DSM_MultiModelExp_llm_rag_ollama:llama3.3:70b-8k - INFO - File: ../data/use_cases_large/CubeSat/reference_pdfs/R2_combined.pdf
2025-02-23 04:57:54,459 - DSM_MultiModelExp_llm_rag_ollama:llama3.3:70b-8k - INFO - Page: 12
2025-02-23 04:57:54,460 - DSM_MultiModelExp_llm_rag_ollama:llama3.3:70b-8k - INFO - Content: 4 Chapter 1 
DSM, many find it easy to think of the cells along the diagonal of the matrix as represent­
ing the system elements- analogous to the nodes in the digraph model. To keep the 
matrix diagr ...
2025-02-23 04:57:54,461 - DSM_MultiModelExp_llm_rag_ollama:llama3.3:70b-8k - INFO - File: ../data/use_cases_large/CubeSat/reference_pdfs/R2_combined.pdf
2025-02-23 04:57:54,462 - DSM_MultiModelExp_llm_rag_ollama:llama3.3:70b-8k - INFO - Page: 14
2025-02-23 04:57:54,463 - DSM_MultiModelExp_llm_rag_ollama:llama3.3:70b-8k - INFO - Content: 6 Chapter 1 
A 
C 
A C B E G 0 F H 
A:X 
----.. ----- ----
xic 
B B:: X i X 
, " , 
____ ... _____ ____ .J _____ l _____ '- ___ _ 
E i XiEixi 
, " , 
G "'T'" "'TXTGTX-, " +--+-+---I 
o ""r'" 'xT"Tx 0  ...
2025-02-23 04:57:54,464 - DSM_MultiModelExp_llm_rag_ollama:llama3.3:70b-8k - INFO - File: ../data/use_cases_large/CubeSat/reference_pdfs/R2_combined.pdf
2025-02-23 04:57:54,465 - DSM_MultiModelExp_llm_rag_ollama:llama3.3:70b-8k - INFO - Page: 53
2025-02-23 04:57:54,466 - DSM_MultiModelExp_llm_rag_ollama:llama3.3:70b-8k - INFO - Content: 47 
1 2 
1 
3 
• 
• 
• 
9 
'2 
'3 
14 
15 
16 
'7 
'B 
'9 
20 
21 
22 
23 
24 
25 
• 
26 
27 
Product Architecture DSM Examples 
3 4 5 6 
Figure 3.3.4 
7 8 9 10 11 12 13 
• • • • • • 
• • • • • • 
Com ...
2025-02-23 04:57:54,467 - DSM_MultiModelExp_llm_rag_ollama:llama3.3:70b-8k - INFO - Raw Response: final response = [[1, 1, 0, 1, 1, 1],[1, 1, 1, 1, 0, 0],[0, 1, 1, 1, 0, 0],[1, 1, 1, 1, 1, 1],[1, 0, 0, 1, 1, 1],[1, 0, 0, 1, 1, 1]]
2025-02-23 04:57:54,468 - DSM_MultiModelExp_llm_rag_ollama:llama3.3:70b-8k - INFO - Response: final response = [[1, 1, 0, 1, 1, 1],[1, 1, 1, 1, 0, 0],[0, 1, 1, 1, 0, 0],[1, 1, 1, 1, 1, 1],[1, 0, 0, 1, 1, 1],[1, 0, 0, 1, 1, 1]]
2025-02-23 04:57:54,469 - DSM_MultiModelExp_llm_rag_ollama:llama3.3:70b-8k - INFO - Matrix: [[1, 1, 0, 1, 1, 1], [1, 1, 1, 1, 0, 0], [0, 1, 1, 1, 0, 0], [1, 1, 1, 1, 1, 1], [1, 0, 0, 1, 1, 1], [1, 0, 0, 1, 1, 1]]
2025-02-23 04:57:54,470 - DSM_MultiModelExp_llm_rag_ollama:llama3.3:70b-8k - INFO - Final Matrix:
[[1, 1, 0, 1, 1, 1], [1, 1, 1, 1, 0, 0], [0, 1, 1, 1, 0, 0], [1, 1, 1, 1, 1, 1], [1, 0, 0, 1, 1, 1], [1, 0, 0, 1, 1, 1]]
2025-02-23 04:57:54,471 - DSM_MultiModelExp_llm_rag_ollama:llama3.3:70b-8k - INFO - --------------------------------------------------
2025-02-23 04:57:54,471 - DSM_MultiModelExp_llm_rag_ollama:llama3.3:70b-8k - INFO - Matrix from response.
2025-02-23 04:57:54,472 - DSM_MultiModelExp_llm_rag_ollama:llama3.3:70b-8k - INFO - At run 3/5
2025-02-23 04:57:54,473 - DSM_MultiModelExp_llm_rag_ollama:llama3.3:70b-8k - INFO - Matrix: [[1, 1, 0, 1, 1, 1], [1, 1, 1, 1, 0, 0], [0, 1, 1, 1, 0, 0], [1, 1, 1, 1, 1, 1], [1, 0, 0, 1, 1, 1], [1, 0, 0, 1, 1, 1]]
2025-02-23 04:57:54,474 - DSM_MultiModelExp_llm_rag_ollama:llama3.3:70b-8k - INFO - --------------------------------------------------
2025-02-23 04:58:04,485 - DSM_MultiModelExp_llm_rag_ollama:llama3.3:70b-8k - INFO - Run 4/5
2025-02-23 04:58:04,515 - DSM_MultiModelExp_llm_rag_ollama:llama3.3:70b-8k - INFO - DEBUG: Initializing RAGInference.
2025-02-23 04:58:04,516 - DSM_MultiModelExp_llm_rag_ollama:llama3.3:70b-8k - INFO - Using R-type: ['R2', 'R3']
2025-02-23 04:58:04,516 - DSM_MultiModelExp_llm_rag_ollama:llama3.3:70b-8k - INFO - Using embedding model: text-embedding-3-small
2025-02-23 04:58:04,543 - DSM_MultiModelExp_llm_rag_ollama:llama3.3:70b-8k - INFO - VectorStoreManager initialized
2025-02-23 04:58:04,544 - DSM_MultiModelExp_llm_rag_ollama:llama3.3:70b-8k - INFO - Set database path to: xLM_DSM/data/vectorstore/CubeSat/llm_rag/text-embedding-3-small
2025-02-23 04:58:04,552 - DSM_MultiModelExp_llm_rag_ollama:llama3.3:70b-8k - INFO - Collection count: 2320
2025-02-23 04:58:04,556 - DSM_MultiModelExp_llm_rag_ollama:llama3.3:70b-8k - INFO - Initialized RAG inference for system: CubeSat (nanosatellite)
2025-02-23 04:58:04,556 - DSM_MultiModelExp_llm_rag_ollama:llama3.3:70b-8k - INFO - Initialized DSM for system: CubeSat (nanosatellite)
2025-02-23 04:58:04,557 - DSM_MultiModelExp_llm_rag_ollama:llama3.3:70b-8k - INFO - Inference model: ollama:llama3.3:70b-8k
2025-02-23 04:58:04,558 - DSM_MultiModelExp_llm_rag_ollama:llama3.3:70b-8k - INFO - Predicted Components: ['Power System', 'Communication System', 'Navigation System', 'Computer System', 'Mechanical Structure', 'Thermal Control System']
2025-02-23 04:58:04,559 - DSM_MultiModelExp_llm_rag_ollama:llama3.3:70b-8k - INFO - Number of components: 6
2025-02-23 04:58:04,559 - DSM_MultiModelExp_llm_rag_ollama:llama3.3:70b-8k - INFO - Predicted components for query: ['Power System', 'Communication System', 'Navigation System', 'Computer System', 'Mechanical Structure', 'Thermal Control System']
2025-02-23 04:58:04,560 - DSM_MultiModelExp_llm_rag_ollama:llama3.3:70b-8k - INFO - Query: 
        Please identify system-level hierarchical whole-part relationships between the components of CubeSat (nanosatellite), as listed below, and represent them in a Design Structure Matrix (DSM) format.          
        The relationships should be articulated in plain English, capturing the essence of their interactions.         
        Here is the list of subsystems/components to analyze: ['Power System', 'Communication System', 'Navigation System', 'Computer System', 'Mechanical Structure', 'Thermal Control System']         
        The DSM should clearly indicate the interactions between these components as 1 exist and 0 does not exist, considering both the presence and nature of these connections.         
        Present the output in a square matrix format (number of rows and columns MUST be the same as the number of components = 6 for this example), with rows and columns labeled accordingly.         
        Diagonal elements should be 1 in DSM matrix since each component interacts with itself.         
        If you don't know the answer, just write 2 for the specific cell that you are unsure of. A worst case scenario of the **as a list of lists** shown below (diagonal elements are 1 and rest are 2). Don't make up an answer.         
        final response = [[1, 2, 2, 2, 2, 2, 2],[2, 1, 2, 2, 2, 2, 2],[2, 2, 1, 2, 2, 2, 2],[2, 2, 2, 1, 2, 2, 2],[2, 2, 2, 2, 1, 2, 2],[2, 2, 2, 2, 2, 1, 2],[2, 2, 2, 2, 2, 2, 1]] for 7 components         
        final response = [[1, 2, 2],[2, 1, 2],[2, 2, 1]] for 3 components         
        IMPORTANT: Your response must **ONLY** contain a valid **as a list of lists** in the following example format 7x7 matrix.         
        The below list of lists is just an example format of a response. **Replace** the values with your **actual analysis** while providing your response with parameter of 'final response'.        
        final response = [[1, 0, 0, 0, 0, 0, 0],[0, 1, 0, 0, 0, 0, 0],[0, 0, 1, 0, 0, 0, 0],   [0, 0, 0, 1, 0, 0, 0],[0, 0, 0, 0, 1, 0, 0],[0, 0, 0, 0, 0, 1, 0],[0, 0, 0, 0, 0, 0, 1]] for 7 components         
        final response = [[1, 0, 0],[0, 1, 0],[0, 0, 1]] for 3 components         
        IMPORTANT: THE FORMAT OF THE OUTPUT MUST BE AS LIST OF LISTS ONLY SIMILAR TO THE ONE ABOVE (NO LATEX, CODE, OR OTHER ENCODINGS).
        
2025-02-23 04:58:14,559 - DSM_MultiModelExp_llm_rag_ollama:llama3.3:70b-8k - INFO - Number of documents retrieved: 4
2025-02-23 04:58:14,560 - DSM_MultiModelExp_llm_rag_ollama:llama3.3:70b-8k - INFO - Documents used for this query:
2025-02-23 04:58:14,561 - DSM_MultiModelExp_llm_rag_ollama:llama3.3:70b-8k - INFO - File: ../data/use_cases_large/CubeSat/reference_pdfs/R2_combined.pdf
2025-02-23 04:58:14,562 - DSM_MultiModelExp_llm_rag_ollama:llama3.3:70b-8k - INFO - Page: 13
2025-02-23 04:58:14,562 - DSM_MultiModelExp_llm_rag_ollama:llama3.3:70b-8k - INFO - Content: 5 Introduction to Design Structure Matrix Methods 
of the next section). Here we begin by adopting the original DSM convention with inputs 
in rows (IR) and outputs in columns. Later we also present e ...
2025-02-23 04:58:14,563 - DSM_MultiModelExp_llm_rag_ollama:llama3.3:70b-8k - INFO - File: ../data/use_cases_large/CubeSat/reference_pdfs/R2_combined.pdf
2025-02-23 04:58:14,563 - DSM_MultiModelExp_llm_rag_ollama:llama3.3:70b-8k - INFO - Page: 12
2025-02-23 04:58:14,564 - DSM_MultiModelExp_llm_rag_ollama:llama3.3:70b-8k - INFO - Content: 4 Chapter 1 
DSM, many find it easy to think of the cells along the diagonal of the matrix as represent­
ing the system elements- analogous to the nodes in the digraph model. To keep the 
matrix diagr ...
2025-02-23 04:58:14,564 - DSM_MultiModelExp_llm_rag_ollama:llama3.3:70b-8k - INFO - File: ../data/use_cases_large/CubeSat/reference_pdfs/R2_combined.pdf
2025-02-23 04:58:14,565 - DSM_MultiModelExp_llm_rag_ollama:llama3.3:70b-8k - INFO - Page: 14
2025-02-23 04:58:14,565 - DSM_MultiModelExp_llm_rag_ollama:llama3.3:70b-8k - INFO - Content: 6 Chapter 1 
A 
C 
A C B E G 0 F H 
A:X 
----.. ----- ----
xic 
B B:: X i X 
, " , 
____ ... _____ ____ .J _____ l _____ '- ___ _ 
E i XiEixi 
, " , 
G "'T'" "'TXTGTX-, " +--+-+---I 
o ""r'" 'xT"Tx 0  ...
2025-02-23 04:58:14,567 - DSM_MultiModelExp_llm_rag_ollama:llama3.3:70b-8k - INFO - File: ../data/use_cases_large/CubeSat/reference_pdfs/R2_combined.pdf
2025-02-23 04:58:14,567 - DSM_MultiModelExp_llm_rag_ollama:llama3.3:70b-8k - INFO - Page: 53
2025-02-23 04:58:14,568 - DSM_MultiModelExp_llm_rag_ollama:llama3.3:70b-8k - INFO - Content: 47 
1 2 
1 
3 
• 
• 
• 
9 
'2 
'3 
14 
15 
16 
'7 
'B 
'9 
20 
21 
22 
23 
24 
25 
• 
26 
27 
Product Architecture DSM Examples 
3 4 5 6 
Figure 3.3.4 
7 8 9 10 11 12 13 
• • • • • • 
• • • • • • 
Com ...
2025-02-23 04:58:14,569 - DSM_MultiModelExp_llm_rag_ollama:llama3.3:70b-8k - INFO - Raw Response: final response = [[1, 1, 0, 1, 1, 1],[1, 1, 1, 1, 0, 0],[0, 1, 1, 1, 0, 0],[1, 1, 1, 1, 1, 1],[1, 0, 0, 1, 1, 1],[1, 0, 0, 1, 1, 1]]
2025-02-23 04:58:14,569 - DSM_MultiModelExp_llm_rag_ollama:llama3.3:70b-8k - INFO - Response: final response = [[1, 1, 0, 1, 1, 1],[1, 1, 1, 1, 0, 0],[0, 1, 1, 1, 0, 0],[1, 1, 1, 1, 1, 1],[1, 0, 0, 1, 1, 1],[1, 0, 0, 1, 1, 1]]
2025-02-23 04:58:14,570 - DSM_MultiModelExp_llm_rag_ollama:llama3.3:70b-8k - INFO - Matrix: [[1, 1, 0, 1, 1, 1], [1, 1, 1, 1, 0, 0], [0, 1, 1, 1, 0, 0], [1, 1, 1, 1, 1, 1], [1, 0, 0, 1, 1, 1], [1, 0, 0, 1, 1, 1]]
2025-02-23 04:58:14,571 - DSM_MultiModelExp_llm_rag_ollama:llama3.3:70b-8k - INFO - Final Matrix:
[[1, 1, 0, 1, 1, 1], [1, 1, 1, 1, 0, 0], [0, 1, 1, 1, 0, 0], [1, 1, 1, 1, 1, 1], [1, 0, 0, 1, 1, 1], [1, 0, 0, 1, 1, 1]]
2025-02-23 04:58:14,571 - DSM_MultiModelExp_llm_rag_ollama:llama3.3:70b-8k - INFO - --------------------------------------------------
2025-02-23 04:58:14,572 - DSM_MultiModelExp_llm_rag_ollama:llama3.3:70b-8k - INFO - Matrix from response.
2025-02-23 04:58:14,573 - DSM_MultiModelExp_llm_rag_ollama:llama3.3:70b-8k - INFO - At run 4/5
2025-02-23 04:58:14,573 - DSM_MultiModelExp_llm_rag_ollama:llama3.3:70b-8k - INFO - Matrix: [[1, 1, 0, 1, 1, 1], [1, 1, 1, 1, 0, 0], [0, 1, 1, 1, 0, 0], [1, 1, 1, 1, 1, 1], [1, 0, 0, 1, 1, 1], [1, 0, 0, 1, 1, 1]]
2025-02-23 04:58:14,574 - DSM_MultiModelExp_llm_rag_ollama:llama3.3:70b-8k - INFO - --------------------------------------------------
2025-02-23 04:58:24,584 - DSM_MultiModelExp_llm_rag_ollama:llama3.3:70b-8k - INFO - Run 5/5
2025-02-23 04:58:24,603 - DSM_MultiModelExp_llm_rag_ollama:llama3.3:70b-8k - INFO - DEBUG: Initializing RAGInference.
2025-02-23 04:58:24,604 - DSM_MultiModelExp_llm_rag_ollama:llama3.3:70b-8k - INFO - Using R-type: ['R2', 'R3']
2025-02-23 04:58:24,604 - DSM_MultiModelExp_llm_rag_ollama:llama3.3:70b-8k - INFO - Using embedding model: text-embedding-3-small
2025-02-23 04:58:24,621 - DSM_MultiModelExp_llm_rag_ollama:llama3.3:70b-8k - INFO - VectorStoreManager initialized
2025-02-23 04:58:24,621 - DSM_MultiModelExp_llm_rag_ollama:llama3.3:70b-8k - INFO - Set database path to: xLM_DSM/data/vectorstore/CubeSat/llm_rag/text-embedding-3-small
2025-02-23 04:58:24,627 - DSM_MultiModelExp_llm_rag_ollama:llama3.3:70b-8k - INFO - Collection count: 2320
2025-02-23 04:58:24,629 - DSM_MultiModelExp_llm_rag_ollama:llama3.3:70b-8k - INFO - Initialized RAG inference for system: CubeSat (nanosatellite)
2025-02-23 04:58:24,629 - DSM_MultiModelExp_llm_rag_ollama:llama3.3:70b-8k - INFO - Initialized DSM for system: CubeSat (nanosatellite)
2025-02-23 04:58:24,630 - DSM_MultiModelExp_llm_rag_ollama:llama3.3:70b-8k - INFO - Inference model: ollama:llama3.3:70b-8k
2025-02-23 04:58:24,630 - DSM_MultiModelExp_llm_rag_ollama:llama3.3:70b-8k - INFO - Predicted Components: ['Power System', 'Communication System', 'Navigation System', 'Computer System', 'Mechanical Structure', 'Thermal Control System']
2025-02-23 04:58:24,631 - DSM_MultiModelExp_llm_rag_ollama:llama3.3:70b-8k - INFO - Number of components: 6
2025-02-23 04:58:24,631 - DSM_MultiModelExp_llm_rag_ollama:llama3.3:70b-8k - INFO - Predicted components for query: ['Power System', 'Communication System', 'Navigation System', 'Computer System', 'Mechanical Structure', 'Thermal Control System']
2025-02-23 04:58:24,633 - DSM_MultiModelExp_llm_rag_ollama:llama3.3:70b-8k - INFO - Query: 
        Please identify system-level hierarchical whole-part relationships between the components of CubeSat (nanosatellite), as listed below, and represent them in a Design Structure Matrix (DSM) format.          
        The relationships should be articulated in plain English, capturing the essence of their interactions.         
        Here is the list of subsystems/components to analyze: ['Power System', 'Communication System', 'Navigation System', 'Computer System', 'Mechanical Structure', 'Thermal Control System']         
        The DSM should clearly indicate the interactions between these components as 1 exist and 0 does not exist, considering both the presence and nature of these connections.         
        Present the output in a square matrix format (number of rows and columns MUST be the same as the number of components = 6 for this example), with rows and columns labeled accordingly.         
        Diagonal elements should be 1 in DSM matrix since each component interacts with itself.         
        If you don't know the answer, just write 2 for the specific cell that you are unsure of. A worst case scenario of the **as a list of lists** shown below (diagonal elements are 1 and rest are 2). Don't make up an answer.         
        final response = [[1, 2, 2, 2, 2, 2, 2],[2, 1, 2, 2, 2, 2, 2],[2, 2, 1, 2, 2, 2, 2],[2, 2, 2, 1, 2, 2, 2],[2, 2, 2, 2, 1, 2, 2],[2, 2, 2, 2, 2, 1, 2],[2, 2, 2, 2, 2, 2, 1]] for 7 components         
        final response = [[1, 2, 2],[2, 1, 2],[2, 2, 1]] for 3 components         
        IMPORTANT: Your response must **ONLY** contain a valid **as a list of lists** in the following example format 7x7 matrix.         
        The below list of lists is just an example format of a response. **Replace** the values with your **actual analysis** while providing your response with parameter of 'final response'.        
        final response = [[1, 0, 0, 0, 0, 0, 0],[0, 1, 0, 0, 0, 0, 0],[0, 0, 1, 0, 0, 0, 0],   [0, 0, 0, 1, 0, 0, 0],[0, 0, 0, 0, 1, 0, 0],[0, 0, 0, 0, 0, 1, 0],[0, 0, 0, 0, 0, 0, 1]] for 7 components         
        final response = [[1, 0, 0],[0, 1, 0],[0, 0, 1]] for 3 components         
        IMPORTANT: THE FORMAT OF THE OUTPUT MUST BE AS LIST OF LISTS ONLY SIMILAR TO THE ONE ABOVE (NO LATEX, CODE, OR OTHER ENCODINGS).
        
2025-02-23 04:58:34,339 - DSM_MultiModelExp_llm_rag_ollama:llama3.3:70b-8k - INFO - Number of documents retrieved: 4
2025-02-23 04:58:34,340 - DSM_MultiModelExp_llm_rag_ollama:llama3.3:70b-8k - INFO - Documents used for this query:
2025-02-23 04:58:34,341 - DSM_MultiModelExp_llm_rag_ollama:llama3.3:70b-8k - INFO - File: ../data/use_cases_large/CubeSat/reference_pdfs/R2_combined.pdf
2025-02-23 04:58:34,342 - DSM_MultiModelExp_llm_rag_ollama:llama3.3:70b-8k - INFO - Page: 13
2025-02-23 04:58:34,343 - DSM_MultiModelExp_llm_rag_ollama:llama3.3:70b-8k - INFO - Content: 5 Introduction to Design Structure Matrix Methods 
of the next section). Here we begin by adopting the original DSM convention with inputs 
in rows (IR) and outputs in columns. Later we also present e ...
2025-02-23 04:58:34,344 - DSM_MultiModelExp_llm_rag_ollama:llama3.3:70b-8k - INFO - File: ../data/use_cases_large/CubeSat/reference_pdfs/R2_combined.pdf
2025-02-23 04:58:34,345 - DSM_MultiModelExp_llm_rag_ollama:llama3.3:70b-8k - INFO - Page: 12
2025-02-23 04:58:34,346 - DSM_MultiModelExp_llm_rag_ollama:llama3.3:70b-8k - INFO - Content: 4 Chapter 1 
DSM, many find it easy to think of the cells along the diagonal of the matrix as represent­
ing the system elements- analogous to the nodes in the digraph model. To keep the 
matrix diagr ...
2025-02-23 04:58:34,347 - DSM_MultiModelExp_llm_rag_ollama:llama3.3:70b-8k - INFO - File: ../data/use_cases_large/CubeSat/reference_pdfs/R2_combined.pdf
2025-02-23 04:58:34,348 - DSM_MultiModelExp_llm_rag_ollama:llama3.3:70b-8k - INFO - Page: 14
2025-02-23 04:58:34,349 - DSM_MultiModelExp_llm_rag_ollama:llama3.3:70b-8k - INFO - Content: 6 Chapter 1 
A 
C 
A C B E G 0 F H 
A:X 
----.. ----- ----
xic 
B B:: X i X 
, " , 
____ ... _____ ____ .J _____ l _____ '- ___ _ 
E i XiEixi 
, " , 
G "'T'" "'TXTGTX-, " +--+-+---I 
o ""r'" 'xT"Tx 0  ...
2025-02-23 04:58:34,350 - DSM_MultiModelExp_llm_rag_ollama:llama3.3:70b-8k - INFO - File: ../data/use_cases_large/CubeSat/reference_pdfs/R2_combined.pdf
2025-02-23 04:58:34,351 - DSM_MultiModelExp_llm_rag_ollama:llama3.3:70b-8k - INFO - Page: 53
2025-02-23 04:58:34,352 - DSM_MultiModelExp_llm_rag_ollama:llama3.3:70b-8k - INFO - Content: 47 
1 2 
1 
3 
• 
• 
• 
9 
'2 
'3 
14 
15 
16 
'7 
'B 
'9 
20 
21 
22 
23 
24 
25 
• 
26 
27 
Product Architecture DSM Examples 
3 4 5 6 
Figure 3.3.4 
7 8 9 10 11 12 13 
• • • • • • 
• • • • • • 
Com ...
2025-02-23 04:58:34,353 - DSM_MultiModelExp_llm_rag_ollama:llama3.3:70b-8k - INFO - Raw Response: final response = [[1, 1, 0, 1, 1, 1],[1, 1, 1, 1, 0, 0],[0, 1, 1, 1, 0, 0],[1, 1, 1, 1, 1, 1],[1, 0, 0, 1, 1, 1],[1, 0, 0, 1, 1, 1]]
2025-02-23 04:58:34,353 - DSM_MultiModelExp_llm_rag_ollama:llama3.3:70b-8k - INFO - Response: final response = [[1, 1, 0, 1, 1, 1],[1, 1, 1, 1, 0, 0],[0, 1, 1, 1, 0, 0],[1, 1, 1, 1, 1, 1],[1, 0, 0, 1, 1, 1],[1, 0, 0, 1, 1, 1]]
2025-02-23 04:58:34,355 - DSM_MultiModelExp_llm_rag_ollama:llama3.3:70b-8k - INFO - Matrix: [[1, 1, 0, 1, 1, 1], [1, 1, 1, 1, 0, 0], [0, 1, 1, 1, 0, 0], [1, 1, 1, 1, 1, 1], [1, 0, 0, 1, 1, 1], [1, 0, 0, 1, 1, 1]]
2025-02-23 04:58:34,355 - DSM_MultiModelExp_llm_rag_ollama:llama3.3:70b-8k - INFO - Final Matrix:
[[1, 1, 0, 1, 1, 1], [1, 1, 1, 1, 0, 0], [0, 1, 1, 1, 0, 0], [1, 1, 1, 1, 1, 1], [1, 0, 0, 1, 1, 1], [1, 0, 0, 1, 1, 1]]
2025-02-23 04:58:34,356 - DSM_MultiModelExp_llm_rag_ollama:llama3.3:70b-8k - INFO - --------------------------------------------------
2025-02-23 04:58:34,357 - DSM_MultiModelExp_llm_rag_ollama:llama3.3:70b-8k - INFO - Matrix from response.
2025-02-23 04:58:34,358 - DSM_MultiModelExp_llm_rag_ollama:llama3.3:70b-8k - INFO - At run 5/5
2025-02-23 04:58:34,359 - DSM_MultiModelExp_llm_rag_ollama:llama3.3:70b-8k - INFO - Matrix: [[1, 1, 0, 1, 1, 1], [1, 1, 1, 1, 0, 0], [0, 1, 1, 1, 0, 0], [1, 1, 1, 1, 1, 1], [1, 0, 0, 1, 1, 1], [1, 0, 0, 1, 1, 1]]
2025-02-23 04:58:34,360 - DSM_MultiModelExp_llm_rag_ollama:llama3.3:70b-8k - INFO - --------------------------------------------------
2025-02-23 04:58:44,371 - DSM_MultiModelExp_llm_rag_ollama:llama3.3:70b-8k - INFO - Duration of reference combination {'R2': [{'path': '../data/use_cases_large/CubeSat/reference_pdfs/R2_combined.pdf'}], 'R3': [{'path': '../data/use_cases_large/CubeSat/reference_pdfs/R3_combined.pdf'}]}: 0:01:40.195432
2025-02-23 04:58:44,372 - DSM_MultiModelExp_llm_rag_ollama:llama3.3:70b-8k - INFO - ++++++++++++++++++++++++++++++++++++++++++++++++++++++++++++++++++++++++++++++++++++++++++++++++++++
2025-02-23 04:58:44,374 - DSM_MultiModelExp_llm_rag_ollama:llama3.3:70b-8k - INFO - Run 1/5
2025-02-23 04:58:44,412 - DSM_MultiModelExp_llm_rag_ollama:llama3.3:70b-8k - INFO - DEBUG: Initializing RAGInference.
2025-02-23 04:58:44,412 - DSM_MultiModelExp_llm_rag_ollama:llama3.3:70b-8k - INFO - Using R-type: ['R1', 'R2', 'R3']
2025-02-23 04:58:44,413 - DSM_MultiModelExp_llm_rag_ollama:llama3.3:70b-8k - INFO - Using embedding model: text-embedding-3-small
2025-02-23 04:58:44,448 - DSM_MultiModelExp_llm_rag_ollama:llama3.3:70b-8k - INFO - VectorStoreManager initialized
2025-02-23 04:58:44,449 - DSM_MultiModelExp_llm_rag_ollama:llama3.3:70b-8k - INFO - Set database path to: xLM_DSM/data/vectorstore/CubeSat/llm_rag/text-embedding-3-small
2025-02-23 04:58:44,458 - DSM_MultiModelExp_llm_rag_ollama:llama3.3:70b-8k - INFO - Collection count: 2320
2025-02-23 04:58:44,463 - DSM_MultiModelExp_llm_rag_ollama:llama3.3:70b-8k - INFO - Initialized RAG inference for system: CubeSat (nanosatellite)
2025-02-23 04:58:44,463 - DSM_MultiModelExp_llm_rag_ollama:llama3.3:70b-8k - INFO - Initialized DSM for system: CubeSat (nanosatellite)
2025-02-23 04:58:44,464 - DSM_MultiModelExp_llm_rag_ollama:llama3.3:70b-8k - INFO - Inference model: ollama:llama3.3:70b-8k
2025-02-23 04:58:44,466 - DSM_MultiModelExp_llm_rag_ollama:llama3.3:70b-8k - INFO - Prompt (attempt 1/3): 
            Please identify the major components of CubeSat (nanosatellite) in the engineering based on hierarchical whole-part relationships.             
            The number of components must be 6 and must be a list of strings.             
            Please do not identify similar components that will work together under subsystem level since our interest is to identify the major components that form the core architecture of the system.             
            Here is an example of the components for made-up system:             
            final response = [ "component 1", "component 2", "component 3", "component 4", "component 5" ]             
            IMPORTANT: THE FORMAT OF THE OUTPUT MUST BE AS A LIST OF STRINGS ONLY SIMILAR TO THE ONE ABOVE (NO LATEX, NO CODE, NO DESCRIPTION, OR OTHER ENCODINGS).              
2025-02-23 04:58:48,450 - DSM_MultiModelExp_llm_rag_ollama:llama3.3:70b-8k - INFO - Number of documents retrieved: 4
2025-02-23 04:58:48,452 - DSM_MultiModelExp_llm_rag_ollama:llama3.3:70b-8k - INFO - Documents used for this query:
2025-02-23 04:58:48,452 - DSM_MultiModelExp_llm_rag_ollama:llama3.3:70b-8k - INFO - File: ../data/use_cases_large/CubeSat/reference_pdfs/R2_combined.pdf
2025-02-23 04:58:48,453 - DSM_MultiModelExp_llm_rag_ollama:llama3.3:70b-8k - INFO - Page: 527
2025-02-23 04:58:48,454 - DSM_MultiModelExp_llm_rag_ollama:llama3.3:70b-8k - INFO - Content: 7 Conclusions
In this chapter an overview of best practices during the structural system design and
manufacturing has been presented. In particular, attention has been focused on the def-
inition of t ...
2025-02-23 04:58:48,455 - DSM_MultiModelExp_llm_rag_ollama:llama3.3:70b-8k - INFO - File: ../data/use_cases_large/CubeSat/reference_pdfs/R2_combined.pdf
2025-02-23 04:58:48,456 - DSM_MultiModelExp_llm_rag_ollama:llama3.3:70b-8k - INFO - Page: 510
2025-02-23 04:58:48,457 - DSM_MultiModelExp_llm_rag_ollama:llama3.3:70b-8k - INFO - Content: sidered a CubeSat. Nevertheless, some of the constraints that dictate the structural
design are derived from the mission and systems requirements. For this reason, it
is important to give the CubeSat  ...
2025-02-23 04:58:48,458 - DSM_MultiModelExp_llm_rag_ollama:llama3.3:70b-8k - INFO - File: ../data/use_cases_large/CubeSat/reference_pdfs/R2_combined.pdf
2025-02-23 04:58:48,459 - DSM_MultiModelExp_llm_rag_ollama:llama3.3:70b-8k - INFO - Page: 369
2025-02-23 04:58:48,460 - DSM_MultiModelExp_llm_rag_ollama:llama3.3:70b-8k - INFO - Content: l
performance requirements
l
system scalability requirements
2. Space segment
l
constellation requirements
l
spacecraft requirements
l
general requirements
l
payload requirements
3. Ground segment
l
g ...
2025-02-23 04:58:48,461 - DSM_MultiModelExp_llm_rag_ollama:llama3.3:70b-8k - INFO - File: ../data/use_cases_large/CubeSat/reference_pdfs/R1_combined.pdf
2025-02-23 04:58:48,462 - DSM_MultiModelExp_llm_rag_ollama:llama3.3:70b-8k - INFO - Page: 0
2025-02-23 04:58:48,463 - DSM_MultiModelExp_llm_rag_ollama:llama3.3:70b-8k - INFO - Content: high grade commercial-off-the-shelf (COTS) components for
design, development, has resulted in targeting these class
of satellites for low Earth orbit missions. With the use of
high grade COTS based t ...
2025-02-23 04:58:48,464 - DSM_MultiModelExp_llm_rag_ollama:llama3.3:70b-8k - INFO - Raw Response: Space segment, Ground segment, User segment, Primary structure, Secondary structure, Subsystem requirements document
2025-02-23 04:58:48,465 - DSM_MultiModelExp_llm_rag_ollama:llama3.3:70b-8k - ERROR - Error parsing component list: No valid matrix found in response
2025-02-23 04:58:48,466 - DSM_MultiModelExp_llm_rag_ollama:llama3.3:70b-8k - ERROR - Erroneous raw response: Space segment, Ground segment, User segment, Primary structure, Secondary structure, Subsystem requirements document
2025-02-23 04:58:48,467 - DSM_MultiModelExp_llm_rag_ollama:llama3.3:70b-8k - WARNING - Retrying component identification (attempt 2/3)
2025-02-23 04:58:48,468 - DSM_MultiModelExp_llm_rag_ollama:llama3.3:70b-8k - INFO - Prompt (attempt 2/3): 
            Please identify the major components of CubeSat (nanosatellite) in the engineering based on hierarchical whole-part relationships.             
            The number of components must be 6 and must be a list of strings.             
            Please do not identify similar components that will work together under subsystem level since our interest is to identify the major components that form the core architecture of the system.             
            Here is an example of the components for made-up system:             
            final response = [ "component 1", "component 2", "component 3", "component 4", "component 5" ]             
            IMPORTANT: THE FORMAT OF THE OUTPUT MUST BE AS A LIST OF STRINGS ONLY SIMILAR TO THE ONE ABOVE (NO LATEX, NO CODE, NO DESCRIPTION, OR OTHER ENCODINGS).              
2025-02-23 04:58:50,597 - DSM_MultiModelExp_llm_rag_ollama:llama3.3:70b-8k - INFO - Number of documents retrieved: 4
2025-02-23 04:58:50,610 - DSM_MultiModelExp_llm_rag_ollama:llama3.3:70b-8k - INFO - Documents used for this query:
2025-02-23 04:58:50,611 - DSM_MultiModelExp_llm_rag_ollama:llama3.3:70b-8k - INFO - File: ../data/use_cases_large/CubeSat/reference_pdfs/R2_combined.pdf
2025-02-23 04:58:50,612 - DSM_MultiModelExp_llm_rag_ollama:llama3.3:70b-8k - INFO - Page: 527
2025-02-23 04:58:50,613 - DSM_MultiModelExp_llm_rag_ollama:llama3.3:70b-8k - INFO - Content: 7 Conclusions
In this chapter an overview of best practices during the structural system design and
manufacturing has been presented. In particular, attention has been focused on the def-
inition of t ...
2025-02-23 04:58:50,614 - DSM_MultiModelExp_llm_rag_ollama:llama3.3:70b-8k - INFO - File: ../data/use_cases_large/CubeSat/reference_pdfs/R2_combined.pdf
2025-02-23 04:58:50,614 - DSM_MultiModelExp_llm_rag_ollama:llama3.3:70b-8k - INFO - Page: 510
2025-02-23 04:58:50,615 - DSM_MultiModelExp_llm_rag_ollama:llama3.3:70b-8k - INFO - Content: sidered a CubeSat. Nevertheless, some of the constraints that dictate the structural
design are derived from the mission and systems requirements. For this reason, it
is important to give the CubeSat  ...
2025-02-23 04:58:50,617 - DSM_MultiModelExp_llm_rag_ollama:llama3.3:70b-8k - INFO - File: ../data/use_cases_large/CubeSat/reference_pdfs/R2_combined.pdf
2025-02-23 04:58:50,618 - DSM_MultiModelExp_llm_rag_ollama:llama3.3:70b-8k - INFO - Page: 369
2025-02-23 04:58:50,618 - DSM_MultiModelExp_llm_rag_ollama:llama3.3:70b-8k - INFO - Content: l
performance requirements
l
system scalability requirements
2. Space segment
l
constellation requirements
l
spacecraft requirements
l
general requirements
l
payload requirements
3. Ground segment
l
g ...
2025-02-23 04:58:50,619 - DSM_MultiModelExp_llm_rag_ollama:llama3.3:70b-8k - INFO - File: ../data/use_cases_large/CubeSat/reference_pdfs/R1_combined.pdf
2025-02-23 04:58:50,620 - DSM_MultiModelExp_llm_rag_ollama:llama3.3:70b-8k - INFO - Page: 0
2025-02-23 04:58:50,621 - DSM_MultiModelExp_llm_rag_ollama:llama3.3:70b-8k - INFO - Content: high grade commercial-off-the-shelf (COTS) components for
design, development, has resulted in targeting these class
of satellites for low Earth orbit missions. With the use of
high grade COTS based t ...
2025-02-23 04:58:50,622 - DSM_MultiModelExp_llm_rag_ollama:llama3.3:70b-8k - INFO - Raw Response: Space segment, Ground segment, User segment, Primary structure, Secondary structure, Subsystem requirements document
2025-02-23 04:58:50,623 - DSM_MultiModelExp_llm_rag_ollama:llama3.3:70b-8k - ERROR - Error parsing component list: No valid matrix found in response
2025-02-23 04:58:50,624 - DSM_MultiModelExp_llm_rag_ollama:llama3.3:70b-8k - ERROR - Erroneous raw response: Space segment, Ground segment, User segment, Primary structure, Secondary structure, Subsystem requirements document
2025-02-23 04:58:50,625 - DSM_MultiModelExp_llm_rag_ollama:llama3.3:70b-8k - WARNING - Retrying component identification (attempt 3/3)
2025-02-23 04:58:50,626 - DSM_MultiModelExp_llm_rag_ollama:llama3.3:70b-8k - INFO - Prompt (attempt 3/3): 
            Please identify the major components of CubeSat (nanosatellite) in the engineering based on hierarchical whole-part relationships.             
            The number of components must be 6 and must be a list of strings.             
            Please do not identify similar components that will work together under subsystem level since our interest is to identify the major components that form the core architecture of the system.             
            Here is an example of the components for made-up system:             
            final response = [ "component 1", "component 2", "component 3", "component 4", "component 5" ]             
            IMPORTANT: THE FORMAT OF THE OUTPUT MUST BE AS A LIST OF STRINGS ONLY SIMILAR TO THE ONE ABOVE (NO LATEX, NO CODE, NO DESCRIPTION, OR OTHER ENCODINGS).              
2025-02-23 04:58:52,695 - DSM_MultiModelExp_llm_rag_ollama:llama3.3:70b-8k - INFO - Number of documents retrieved: 4
2025-02-23 04:58:52,696 - DSM_MultiModelExp_llm_rag_ollama:llama3.3:70b-8k - INFO - Documents used for this query:
2025-02-23 04:58:52,697 - DSM_MultiModelExp_llm_rag_ollama:llama3.3:70b-8k - INFO - File: ../data/use_cases_large/CubeSat/reference_pdfs/R2_combined.pdf
2025-02-23 04:58:52,697 - DSM_MultiModelExp_llm_rag_ollama:llama3.3:70b-8k - INFO - Page: 527
2025-02-23 04:58:52,698 - DSM_MultiModelExp_llm_rag_ollama:llama3.3:70b-8k - INFO - Content: 7 Conclusions
In this chapter an overview of best practices during the structural system design and
manufacturing has been presented. In particular, attention has been focused on the def-
inition of t ...
2025-02-23 04:58:52,700 - DSM_MultiModelExp_llm_rag_ollama:llama3.3:70b-8k - INFO - File: ../data/use_cases_large/CubeSat/reference_pdfs/R2_combined.pdf
2025-02-23 04:58:52,701 - DSM_MultiModelExp_llm_rag_ollama:llama3.3:70b-8k - INFO - Page: 510
2025-02-23 04:58:52,702 - DSM_MultiModelExp_llm_rag_ollama:llama3.3:70b-8k - INFO - Content: sidered a CubeSat. Nevertheless, some of the constraints that dictate the structural
design are derived from the mission and systems requirements. For this reason, it
is important to give the CubeSat  ...
2025-02-23 04:58:52,703 - DSM_MultiModelExp_llm_rag_ollama:llama3.3:70b-8k - INFO - File: ../data/use_cases_large/CubeSat/reference_pdfs/R2_combined.pdf
2025-02-23 04:58:52,703 - DSM_MultiModelExp_llm_rag_ollama:llama3.3:70b-8k - INFO - Page: 369
2025-02-23 04:58:52,704 - DSM_MultiModelExp_llm_rag_ollama:llama3.3:70b-8k - INFO - Content: l
performance requirements
l
system scalability requirements
2. Space segment
l
constellation requirements
l
spacecraft requirements
l
general requirements
l
payload requirements
3. Ground segment
l
g ...
2025-02-23 04:58:52,705 - DSM_MultiModelExp_llm_rag_ollama:llama3.3:70b-8k - INFO - File: ../data/use_cases_large/CubeSat/reference_pdfs/R1_combined.pdf
2025-02-23 04:58:52,706 - DSM_MultiModelExp_llm_rag_ollama:llama3.3:70b-8k - INFO - Page: 0
2025-02-23 04:58:52,707 - DSM_MultiModelExp_llm_rag_ollama:llama3.3:70b-8k - INFO - Content: high grade commercial-off-the-shelf (COTS) components for
design, development, has resulted in targeting these class
of satellites for low Earth orbit missions. With the use of
high grade COTS based t ...
2025-02-23 04:58:52,708 - DSM_MultiModelExp_llm_rag_ollama:llama3.3:70b-8k - INFO - Raw Response: Space segment, Ground segment, User segment, Primary structure, Secondary structure, Subsystem requirements document
2025-02-23 04:58:52,709 - DSM_MultiModelExp_llm_rag_ollama:llama3.3:70b-8k - ERROR - Error parsing component list: No valid matrix found in response
2025-02-23 04:58:52,710 - DSM_MultiModelExp_llm_rag_ollama:llama3.3:70b-8k - ERROR - Erroneous raw response: Space segment, Ground segment, User segment, Primary structure, Secondary structure, Subsystem requirements document
2025-02-23 04:58:52,711 - DSM_MultiModelExp_llm_rag_ollama:llama3.3:70b-8k - ERROR - Error identifying components: Could not extract valid component list after 3 attempts
2025-02-23 04:58:52,712 - DSM_MultiModelExp_llm_rag_ollama:llama3.3:70b-8k - ERROR - Error identifying components: Could not extract valid component list after 3 attempts
2025-02-23 04:58:52,713 - DSM_MultiModelExp_llm_rag_ollama:llama3.3:70b-8k - WARNING - Retrying due to error (attempt 3/3)
2025-02-23 04:58:52,714 - DSM_MultiModelExp_llm_rag_ollama:llama3.3:70b-8k - INFO - Prompt (attempt 3/3): 
            Please identify the major components of CubeSat (nanosatellite) in the engineering based on hierarchical whole-part relationships.             
            The number of components must be 6 and must be a list of strings.             
            Please do not identify similar components that will work together under subsystem level since our interest is to identify the major components that form the core architecture of the system.             
            Here is an example of the components for made-up system:             
            final response = [ "component 1", "component 2", "component 3", "component 4", "component 5" ]             
            IMPORTANT: THE FORMAT OF THE OUTPUT MUST BE AS A LIST OF STRINGS ONLY SIMILAR TO THE ONE ABOVE (NO LATEX, NO CODE, NO DESCRIPTION, OR OTHER ENCODINGS).              
2025-02-23 04:58:54,835 - DSM_MultiModelExp_llm_rag_ollama:llama3.3:70b-8k - INFO - Number of documents retrieved: 4
2025-02-23 04:58:54,836 - DSM_MultiModelExp_llm_rag_ollama:llama3.3:70b-8k - INFO - Documents used for this query:
2025-02-23 04:58:54,837 - DSM_MultiModelExp_llm_rag_ollama:llama3.3:70b-8k - INFO - File: ../data/use_cases_large/CubeSat/reference_pdfs/R2_combined.pdf
2025-02-23 04:58:54,838 - DSM_MultiModelExp_llm_rag_ollama:llama3.3:70b-8k - INFO - Page: 527
2025-02-23 04:58:54,839 - DSM_MultiModelExp_llm_rag_ollama:llama3.3:70b-8k - INFO - Content: 7 Conclusions
In this chapter an overview of best practices during the structural system design and
manufacturing has been presented. In particular, attention has been focused on the def-
inition of t ...
2025-02-23 04:58:54,839 - DSM_MultiModelExp_llm_rag_ollama:llama3.3:70b-8k - INFO - File: ../data/use_cases_large/CubeSat/reference_pdfs/R2_combined.pdf
2025-02-23 04:58:54,841 - DSM_MultiModelExp_llm_rag_ollama:llama3.3:70b-8k - INFO - Page: 510
2025-02-23 04:58:54,842 - DSM_MultiModelExp_llm_rag_ollama:llama3.3:70b-8k - INFO - Content: sidered a CubeSat. Nevertheless, some of the constraints that dictate the structural
design are derived from the mission and systems requirements. For this reason, it
is important to give the CubeSat  ...
2025-02-23 04:58:54,843 - DSM_MultiModelExp_llm_rag_ollama:llama3.3:70b-8k - INFO - File: ../data/use_cases_large/CubeSat/reference_pdfs/R2_combined.pdf
2025-02-23 04:58:54,844 - DSM_MultiModelExp_llm_rag_ollama:llama3.3:70b-8k - INFO - Page: 369
2025-02-23 04:58:54,844 - DSM_MultiModelExp_llm_rag_ollama:llama3.3:70b-8k - INFO - Content: l
performance requirements
l
system scalability requirements
2. Space segment
l
constellation requirements
l
spacecraft requirements
l
general requirements
l
payload requirements
3. Ground segment
l
g ...
2025-02-23 04:58:54,846 - DSM_MultiModelExp_llm_rag_ollama:llama3.3:70b-8k - INFO - File: ../data/use_cases_large/CubeSat/reference_pdfs/R1_combined.pdf
2025-02-23 04:58:54,847 - DSM_MultiModelExp_llm_rag_ollama:llama3.3:70b-8k - INFO - Page: 0
2025-02-23 04:58:54,848 - DSM_MultiModelExp_llm_rag_ollama:llama3.3:70b-8k - INFO - Content: high grade commercial-off-the-shelf (COTS) components for
design, development, has resulted in targeting these class
of satellites for low Earth orbit missions. With the use of
high grade COTS based t ...
2025-02-23 04:58:54,849 - DSM_MultiModelExp_llm_rag_ollama:llama3.3:70b-8k - INFO - Raw Response: Space segment, Ground segment, User segment, Primary structure, Secondary structure, Subsystem requirements document
2025-02-23 04:58:54,849 - DSM_MultiModelExp_llm_rag_ollama:llama3.3:70b-8k - ERROR - Error parsing component list: No valid matrix found in response
2025-02-23 04:58:54,850 - DSM_MultiModelExp_llm_rag_ollama:llama3.3:70b-8k - ERROR - Erroneous raw response: Space segment, Ground segment, User segment, Primary structure, Secondary structure, Subsystem requirements document
2025-02-23 04:58:54,851 - DSM_MultiModelExp_llm_rag_ollama:llama3.3:70b-8k - ERROR - Error identifying components: Could not extract valid component list after 3 attempts
2025-02-23 04:58:54,852 - DSM_MultiModelExp_llm_rag_ollama:llama3.3:70b-8k - ERROR - Error identifying components: Could not extract valid component list after 3 attempts
2025-02-23 04:58:54,853 - DSM_MultiModelExp_llm_rag_ollama:llama3.3:70b-8k - WARNING - Retrying due to error (attempt 2/3)
2025-02-23 04:58:54,854 - DSM_MultiModelExp_llm_rag_ollama:llama3.3:70b-8k - INFO - Prompt (attempt 2/3): 
            Please identify the major components of CubeSat (nanosatellite) in the engineering based on hierarchical whole-part relationships.             
            The number of components must be 6 and must be a list of strings.             
            Please do not identify similar components that will work together under subsystem level since our interest is to identify the major components that form the core architecture of the system.             
            Here is an example of the components for made-up system:             
            final response = [ "component 1", "component 2", "component 3", "component 4", "component 5" ]             
            IMPORTANT: THE FORMAT OF THE OUTPUT MUST BE AS A LIST OF STRINGS ONLY SIMILAR TO THE ONE ABOVE (NO LATEX, NO CODE, NO DESCRIPTION, OR OTHER ENCODINGS).              
2025-02-23 04:58:57,039 - DSM_MultiModelExp_llm_rag_ollama:llama3.3:70b-8k - INFO - Number of documents retrieved: 4
2025-02-23 04:58:57,040 - DSM_MultiModelExp_llm_rag_ollama:llama3.3:70b-8k - INFO - Documents used for this query:
2025-02-23 04:58:57,041 - DSM_MultiModelExp_llm_rag_ollama:llama3.3:70b-8k - INFO - File: ../data/use_cases_large/CubeSat/reference_pdfs/R2_combined.pdf
2025-02-23 04:58:57,042 - DSM_MultiModelExp_llm_rag_ollama:llama3.3:70b-8k - INFO - Page: 527
2025-02-23 04:58:57,043 - DSM_MultiModelExp_llm_rag_ollama:llama3.3:70b-8k - INFO - Content: 7 Conclusions
In this chapter an overview of best practices during the structural system design and
manufacturing has been presented. In particular, attention has been focused on the def-
inition of t ...
2025-02-23 04:58:57,043 - DSM_MultiModelExp_llm_rag_ollama:llama3.3:70b-8k - INFO - File: ../data/use_cases_large/CubeSat/reference_pdfs/R2_combined.pdf
2025-02-23 04:58:57,045 - DSM_MultiModelExp_llm_rag_ollama:llama3.3:70b-8k - INFO - Page: 510
2025-02-23 04:58:57,046 - DSM_MultiModelExp_llm_rag_ollama:llama3.3:70b-8k - INFO - Content: sidered a CubeSat. Nevertheless, some of the constraints that dictate the structural
design are derived from the mission and systems requirements. For this reason, it
is important to give the CubeSat  ...
2025-02-23 04:58:57,046 - DSM_MultiModelExp_llm_rag_ollama:llama3.3:70b-8k - INFO - File: ../data/use_cases_large/CubeSat/reference_pdfs/R2_combined.pdf
2025-02-23 04:58:57,048 - DSM_MultiModelExp_llm_rag_ollama:llama3.3:70b-8k - INFO - Page: 369
2025-02-23 04:58:57,049 - DSM_MultiModelExp_llm_rag_ollama:llama3.3:70b-8k - INFO - Content: l
performance requirements
l
system scalability requirements
2. Space segment
l
constellation requirements
l
spacecraft requirements
l
general requirements
l
payload requirements
3. Ground segment
l
g ...
2025-02-23 04:58:57,050 - DSM_MultiModelExp_llm_rag_ollama:llama3.3:70b-8k - INFO - File: ../data/use_cases_large/CubeSat/reference_pdfs/R1_combined.pdf
2025-02-23 04:58:57,050 - DSM_MultiModelExp_llm_rag_ollama:llama3.3:70b-8k - INFO - Page: 0
2025-02-23 04:58:57,051 - DSM_MultiModelExp_llm_rag_ollama:llama3.3:70b-8k - INFO - Content: high grade commercial-off-the-shelf (COTS) components for
design, development, has resulted in targeting these class
of satellites for low Earth orbit missions. With the use of
high grade COTS based t ...
2025-02-23 04:58:57,052 - DSM_MultiModelExp_llm_rag_ollama:llama3.3:70b-8k - INFO - Raw Response: Space segment, Ground segment, User segment, Primary structure, Secondary structure, Subsystem requirements document
2025-02-23 04:58:57,053 - DSM_MultiModelExp_llm_rag_ollama:llama3.3:70b-8k - ERROR - Error parsing component list: No valid matrix found in response
2025-02-23 04:58:57,054 - DSM_MultiModelExp_llm_rag_ollama:llama3.3:70b-8k - ERROR - Erroneous raw response: Space segment, Ground segment, User segment, Primary structure, Secondary structure, Subsystem requirements document
2025-02-23 04:58:57,055 - DSM_MultiModelExp_llm_rag_ollama:llama3.3:70b-8k - WARNING - Retrying component identification (attempt 3/3)
2025-02-23 04:58:57,056 - DSM_MultiModelExp_llm_rag_ollama:llama3.3:70b-8k - INFO - Prompt (attempt 3/3): 
            Please identify the major components of CubeSat (nanosatellite) in the engineering based on hierarchical whole-part relationships.             
            The number of components must be 6 and must be a list of strings.             
            Please do not identify similar components that will work together under subsystem level since our interest is to identify the major components that form the core architecture of the system.             
            Here is an example of the components for made-up system:             
            final response = [ "component 1", "component 2", "component 3", "component 4", "component 5" ]             
            IMPORTANT: THE FORMAT OF THE OUTPUT MUST BE AS A LIST OF STRINGS ONLY SIMILAR TO THE ONE ABOVE (NO LATEX, NO CODE, NO DESCRIPTION, OR OTHER ENCODINGS).              
2025-02-23 04:58:59,158 - DSM_MultiModelExp_llm_rag_ollama:llama3.3:70b-8k - INFO - Number of documents retrieved: 4
2025-02-23 04:58:59,159 - DSM_MultiModelExp_llm_rag_ollama:llama3.3:70b-8k - INFO - Documents used for this query:
2025-02-23 04:58:59,160 - DSM_MultiModelExp_llm_rag_ollama:llama3.3:70b-8k - INFO - File: ../data/use_cases_large/CubeSat/reference_pdfs/R2_combined.pdf
2025-02-23 04:58:59,161 - DSM_MultiModelExp_llm_rag_ollama:llama3.3:70b-8k - INFO - Page: 527
2025-02-23 04:58:59,162 - DSM_MultiModelExp_llm_rag_ollama:llama3.3:70b-8k - INFO - Content: 7 Conclusions
In this chapter an overview of best practices during the structural system design and
manufacturing has been presented. In particular, attention has been focused on the def-
inition of t ...
2025-02-23 04:58:59,163 - DSM_MultiModelExp_llm_rag_ollama:llama3.3:70b-8k - INFO - File: ../data/use_cases_large/CubeSat/reference_pdfs/R2_combined.pdf
2025-02-23 04:58:59,164 - DSM_MultiModelExp_llm_rag_ollama:llama3.3:70b-8k - INFO - Page: 510
2025-02-23 04:58:59,165 - DSM_MultiModelExp_llm_rag_ollama:llama3.3:70b-8k - INFO - Content: sidered a CubeSat. Nevertheless, some of the constraints that dictate the structural
design are derived from the mission and systems requirements. For this reason, it
is important to give the CubeSat  ...
2025-02-23 04:58:59,166 - DSM_MultiModelExp_llm_rag_ollama:llama3.3:70b-8k - INFO - File: ../data/use_cases_large/CubeSat/reference_pdfs/R2_combined.pdf
2025-02-23 04:58:59,167 - DSM_MultiModelExp_llm_rag_ollama:llama3.3:70b-8k - INFO - Page: 369
2025-02-23 04:58:59,168 - DSM_MultiModelExp_llm_rag_ollama:llama3.3:70b-8k - INFO - Content: l
performance requirements
l
system scalability requirements
2. Space segment
l
constellation requirements
l
spacecraft requirements
l
general requirements
l
payload requirements
3. Ground segment
l
g ...
2025-02-23 04:58:59,169 - DSM_MultiModelExp_llm_rag_ollama:llama3.3:70b-8k - INFO - File: ../data/use_cases_large/CubeSat/reference_pdfs/R1_combined.pdf
2025-02-23 04:58:59,169 - DSM_MultiModelExp_llm_rag_ollama:llama3.3:70b-8k - INFO - Page: 0
2025-02-23 04:58:59,170 - DSM_MultiModelExp_llm_rag_ollama:llama3.3:70b-8k - INFO - Content: high grade commercial-off-the-shelf (COTS) components for
design, development, has resulted in targeting these class
of satellites for low Earth orbit missions. With the use of
high grade COTS based t ...
2025-02-23 04:58:59,171 - DSM_MultiModelExp_llm_rag_ollama:llama3.3:70b-8k - INFO - Raw Response: Space segment, Ground segment, User segment, Primary structure, Secondary structure, Subsystem requirements document
2025-02-23 04:58:59,172 - DSM_MultiModelExp_llm_rag_ollama:llama3.3:70b-8k - ERROR - Error parsing component list: No valid matrix found in response
2025-02-23 04:58:59,173 - DSM_MultiModelExp_llm_rag_ollama:llama3.3:70b-8k - ERROR - Erroneous raw response: Space segment, Ground segment, User segment, Primary structure, Secondary structure, Subsystem requirements document
2025-02-23 04:58:59,173 - DSM_MultiModelExp_llm_rag_ollama:llama3.3:70b-8k - ERROR - Error identifying components: Could not extract valid component list after 3 attempts
2025-02-23 04:58:59,174 - DSM_MultiModelExp_llm_rag_ollama:llama3.3:70b-8k - ERROR - Error identifying components: Could not extract valid component list after 3 attempts
2025-02-23 04:58:59,175 - DSM_MultiModelExp_llm_rag_ollama:llama3.3:70b-8k - WARNING - Retrying due to error (attempt 3/3)
2025-02-23 04:58:59,176 - DSM_MultiModelExp_llm_rag_ollama:llama3.3:70b-8k - INFO - Prompt (attempt 3/3): 
            Please identify the major components of CubeSat (nanosatellite) in the engineering based on hierarchical whole-part relationships.             
            The number of components must be 6 and must be a list of strings.             
            Please do not identify similar components that will work together under subsystem level since our interest is to identify the major components that form the core architecture of the system.             
            Here is an example of the components for made-up system:             
            final response = [ "component 1", "component 2", "component 3", "component 4", "component 5" ]             
            IMPORTANT: THE FORMAT OF THE OUTPUT MUST BE AS A LIST OF STRINGS ONLY SIMILAR TO THE ONE ABOVE (NO LATEX, NO CODE, NO DESCRIPTION, OR OTHER ENCODINGS).              
2025-02-23 04:59:01,144 - DSM_MultiModelExp_llm_rag_ollama:llama3.3:70b-8k - INFO - Number of documents retrieved: 4
2025-02-23 04:59:01,145 - DSM_MultiModelExp_llm_rag_ollama:llama3.3:70b-8k - INFO - Documents used for this query:
2025-02-23 04:59:01,146 - DSM_MultiModelExp_llm_rag_ollama:llama3.3:70b-8k - INFO - File: ../data/use_cases_large/CubeSat/reference_pdfs/R2_combined.pdf
2025-02-23 04:59:01,147 - DSM_MultiModelExp_llm_rag_ollama:llama3.3:70b-8k - INFO - Page: 527
2025-02-23 04:59:01,148 - DSM_MultiModelExp_llm_rag_ollama:llama3.3:70b-8k - INFO - Content: 7 Conclusions
In this chapter an overview of best practices during the structural system design and
manufacturing has been presented. In particular, attention has been focused on the def-
inition of t ...
2025-02-23 04:59:01,149 - DSM_MultiModelExp_llm_rag_ollama:llama3.3:70b-8k - INFO - File: ../data/use_cases_large/CubeSat/reference_pdfs/R2_combined.pdf
2025-02-23 04:59:01,150 - DSM_MultiModelExp_llm_rag_ollama:llama3.3:70b-8k - INFO - Page: 510
2025-02-23 04:59:01,151 - DSM_MultiModelExp_llm_rag_ollama:llama3.3:70b-8k - INFO - Content: sidered a CubeSat. Nevertheless, some of the constraints that dictate the structural
design are derived from the mission and systems requirements. For this reason, it
is important to give the CubeSat  ...
2025-02-23 04:59:01,152 - DSM_MultiModelExp_llm_rag_ollama:llama3.3:70b-8k - INFO - File: ../data/use_cases_large/CubeSat/reference_pdfs/R2_combined.pdf
2025-02-23 04:59:01,153 - DSM_MultiModelExp_llm_rag_ollama:llama3.3:70b-8k - INFO - Page: 369
2025-02-23 04:59:01,154 - DSM_MultiModelExp_llm_rag_ollama:llama3.3:70b-8k - INFO - Content: l
performance requirements
l
system scalability requirements
2. Space segment
l
constellation requirements
l
spacecraft requirements
l
general requirements
l
payload requirements
3. Ground segment
l
g ...
2025-02-23 04:59:01,155 - DSM_MultiModelExp_llm_rag_ollama:llama3.3:70b-8k - INFO - File: ../data/use_cases_large/CubeSat/reference_pdfs/R1_combined.pdf
2025-02-23 04:59:01,156 - DSM_MultiModelExp_llm_rag_ollama:llama3.3:70b-8k - INFO - Page: 0
2025-02-23 04:59:01,157 - DSM_MultiModelExp_llm_rag_ollama:llama3.3:70b-8k - INFO - Content: high grade commercial-off-the-shelf (COTS) components for
design, development, has resulted in targeting these class
of satellites for low Earth orbit missions. With the use of
high grade COTS based t ...
2025-02-23 04:59:01,158 - DSM_MultiModelExp_llm_rag_ollama:llama3.3:70b-8k - INFO - Raw Response: Space segment, Ground segment, User segment, Primary structure, Secondary structure, Subsystem requirements document
2025-02-23 04:59:01,158 - DSM_MultiModelExp_llm_rag_ollama:llama3.3:70b-8k - ERROR - Error parsing component list: No valid matrix found in response
2025-02-23 04:59:01,159 - DSM_MultiModelExp_llm_rag_ollama:llama3.3:70b-8k - ERROR - Erroneous raw response: Space segment, Ground segment, User segment, Primary structure, Secondary structure, Subsystem requirements document
2025-02-23 04:59:01,160 - DSM_MultiModelExp_llm_rag_ollama:llama3.3:70b-8k - ERROR - Error identifying components: Could not extract valid component list after 3 attempts
2025-02-23 04:59:01,161 - DSM_MultiModelExp_llm_rag_ollama:llama3.3:70b-8k - INFO - Run 2/5
2025-02-23 04:59:01,197 - DSM_MultiModelExp_llm_rag_ollama:llama3.3:70b-8k - INFO - DEBUG: Initializing RAGInference.
2025-02-23 04:59:01,198 - DSM_MultiModelExp_llm_rag_ollama:llama3.3:70b-8k - INFO - Using R-type: ['R1', 'R2', 'R3']
2025-02-23 04:59:01,199 - DSM_MultiModelExp_llm_rag_ollama:llama3.3:70b-8k - INFO - Using embedding model: text-embedding-3-small
2025-02-23 04:59:01,232 - DSM_MultiModelExp_llm_rag_ollama:llama3.3:70b-8k - INFO - VectorStoreManager initialized
2025-02-23 04:59:01,233 - DSM_MultiModelExp_llm_rag_ollama:llama3.3:70b-8k - INFO - Set database path to: xLM_DSM/data/vectorstore/CubeSat/llm_rag/text-embedding-3-small
2025-02-23 04:59:01,241 - DSM_MultiModelExp_llm_rag_ollama:llama3.3:70b-8k - INFO - Collection count: 2320
2025-02-23 04:59:01,244 - DSM_MultiModelExp_llm_rag_ollama:llama3.3:70b-8k - INFO - Initialized RAG inference for system: CubeSat (nanosatellite)
2025-02-23 04:59:01,245 - DSM_MultiModelExp_llm_rag_ollama:llama3.3:70b-8k - INFO - Initialized DSM for system: CubeSat (nanosatellite)
2025-02-23 04:59:01,246 - DSM_MultiModelExp_llm_rag_ollama:llama3.3:70b-8k - INFO - Inference model: ollama:llama3.3:70b-8k
2025-02-23 04:59:01,247 - DSM_MultiModelExp_llm_rag_ollama:llama3.3:70b-8k - INFO - Predicted Components: ['Power System', 'Communication System', 'Navigation System', 'Computer System', 'Mechanical Structure', 'Thermal Control System']
2025-02-23 04:59:01,247 - DSM_MultiModelExp_llm_rag_ollama:llama3.3:70b-8k - INFO - Number of components: 6
2025-02-23 04:59:01,248 - DSM_MultiModelExp_llm_rag_ollama:llama3.3:70b-8k - INFO - Predicted components for query: ['Power System', 'Communication System', 'Navigation System', 'Computer System', 'Mechanical Structure', 'Thermal Control System']
2025-02-23 04:59:01,249 - DSM_MultiModelExp_llm_rag_ollama:llama3.3:70b-8k - INFO - Query: 
        Please identify system-level hierarchical whole-part relationships between the components of CubeSat (nanosatellite), as listed below, and represent them in a Design Structure Matrix (DSM) format.          
        The relationships should be articulated in plain English, capturing the essence of their interactions.         
        Here is the list of subsystems/components to analyze: ['Power System', 'Communication System', 'Navigation System', 'Computer System', 'Mechanical Structure', 'Thermal Control System']         
        The DSM should clearly indicate the interactions between these components as 1 exist and 0 does not exist, considering both the presence and nature of these connections.         
        Present the output in a square matrix format (number of rows and columns MUST be the same as the number of components = 6 for this example), with rows and columns labeled accordingly.         
        Diagonal elements should be 1 in DSM matrix since each component interacts with itself.         
        If you don't know the answer, just write 2 for the specific cell that you are unsure of. A worst case scenario of the **as a list of lists** shown below (diagonal elements are 1 and rest are 2). Don't make up an answer.         
        final response = [[1, 2, 2, 2, 2, 2, 2],[2, 1, 2, 2, 2, 2, 2],[2, 2, 1, 2, 2, 2, 2],[2, 2, 2, 1, 2, 2, 2],[2, 2, 2, 2, 1, 2, 2],[2, 2, 2, 2, 2, 1, 2],[2, 2, 2, 2, 2, 2, 1]] for 7 components         
        final response = [[1, 2, 2],[2, 1, 2],[2, 2, 1]] for 3 components         
        IMPORTANT: Your response must **ONLY** contain a valid **as a list of lists** in the following example format 7x7 matrix.         
        The below list of lists is just an example format of a response. **Replace** the values with your **actual analysis** while providing your response with parameter of 'final response'.        
        final response = [[1, 0, 0, 0, 0, 0, 0],[0, 1, 0, 0, 0, 0, 0],[0, 0, 1, 0, 0, 0, 0],   [0, 0, 0, 1, 0, 0, 0],[0, 0, 0, 0, 1, 0, 0],[0, 0, 0, 0, 0, 1, 0],[0, 0, 0, 0, 0, 0, 1]] for 7 components         
        final response = [[1, 0, 0],[0, 1, 0],[0, 0, 1]] for 3 components         
        IMPORTANT: THE FORMAT OF THE OUTPUT MUST BE AS LIST OF LISTS ONLY SIMILAR TO THE ONE ABOVE (NO LATEX, CODE, OR OTHER ENCODINGS).
        
2025-02-23 04:59:13,402 - DSM_MultiModelExp_llm_rag_ollama:llama3.3:70b-8k - INFO - Number of documents retrieved: 4
2025-02-23 04:59:13,404 - DSM_MultiModelExp_llm_rag_ollama:llama3.3:70b-8k - INFO - Documents used for this query:
2025-02-23 04:59:13,404 - DSM_MultiModelExp_llm_rag_ollama:llama3.3:70b-8k - INFO - File: ../data/use_cases_large/CubeSat/reference_pdfs/R1_combined.pdf
2025-02-23 04:59:13,405 - DSM_MultiModelExp_llm_rag_ollama:llama3.3:70b-8k - INFO - Page: 0
2025-02-23 04:59:13,406 - DSM_MultiModelExp_llm_rag_ollama:llama3.3:70b-8k - INFO - Content: that then facilitate a bottom-up development and fabrication
process. Some of the design tools (e.g., N2 diagram) described
in NASAs Systems Engineering Handbook are utilized early in
the design phase ...
2025-02-23 04:59:13,407 - DSM_MultiModelExp_llm_rag_ollama:llama3.3:70b-8k - INFO - File: ../data/use_cases_large/CubeSat/reference_pdfs/R2_combined.pdf
2025-02-23 04:59:13,408 - DSM_MultiModelExp_llm_rag_ollama:llama3.3:70b-8k - INFO - Page: 13
2025-02-23 04:59:13,409 - DSM_MultiModelExp_llm_rag_ollama:llama3.3:70b-8k - INFO - Content: 5 Introduction to Design Structure Matrix Methods 
of the next section). Here we begin by adopting the original DSM convention with inputs 
in rows (IR) and outputs in columns. Later we also present e ...
2025-02-23 04:59:13,410 - DSM_MultiModelExp_llm_rag_ollama:llama3.3:70b-8k - INFO - File: ../data/use_cases_large/CubeSat/reference_pdfs/R1_combined.pdf
2025-02-23 04:59:13,411 - DSM_MultiModelExp_llm_rag_ollama:llama3.3:70b-8k - INFO - Page: 15
2025-02-23 04:59:13,412 - DSM_MultiModelExp_llm_rag_ollama:llama3.3:70b-8k - INFO - Content: ing point. The focus shifts now from system level (CubeSat 
mass, power production, form factor) to subsystem selec -
tions. Prior to going through the refinement part, the user 
is required to fill i ...
2025-02-23 04:59:13,413 - DSM_MultiModelExp_llm_rag_ollama:llama3.3:70b-8k - INFO - File: ../data/use_cases_large/CubeSat/reference_pdfs/R2_combined.pdf
2025-02-23 04:59:13,414 - DSM_MultiModelExp_llm_rag_ollama:llama3.3:70b-8k - INFO - Page: 12
2025-02-23 04:59:13,415 - DSM_MultiModelExp_llm_rag_ollama:llama3.3:70b-8k - INFO - Content: 4 Chapter 1 
DSM, many find it easy to think of the cells along the diagonal of the matrix as represent­
ing the system elements- analogous to the nodes in the digraph model. To keep the 
matrix diagr ...
2025-02-23 04:59:13,416 - DSM_MultiModelExp_llm_rag_ollama:llama3.3:70b-8k - INFO - Raw Response: final response = [[1, 1, 0, 1, 1, 0],[1, 1, 1, 1, 0, 0],[0, 1, 1, 0, 0, 1],[1, 1, 0, 1, 1, 0],[1, 0, 0, 1, 1, 1],[0, 0, 1, 0, 1, 1]]
2025-02-23 04:59:13,417 - DSM_MultiModelExp_llm_rag_ollama:llama3.3:70b-8k - INFO - Response: final response = [[1, 1, 0, 1, 1, 0],[1, 1, 1, 1, 0, 0],[0, 1, 1, 0, 0, 1],[1, 1, 0, 1, 1, 0],[1, 0, 0, 1, 1, 1],[0, 0, 1, 0, 1, 1]]
2025-02-23 04:59:13,418 - DSM_MultiModelExp_llm_rag_ollama:llama3.3:70b-8k - INFO - Matrix: [[1, 1, 0, 1, 1, 0], [1, 1, 1, 1, 0, 0], [0, 1, 1, 0, 0, 1], [1, 1, 0, 1, 1, 0], [1, 0, 0, 1, 1, 1], [0, 0, 1, 0, 1, 1]]
2025-02-23 04:59:13,419 - DSM_MultiModelExp_llm_rag_ollama:llama3.3:70b-8k - INFO - Final Matrix:
[[1, 1, 0, 1, 1, 0], [1, 1, 1, 1, 0, 0], [0, 1, 1, 0, 0, 1], [1, 1, 0, 1, 1, 0], [1, 0, 0, 1, 1, 1], [0, 0, 1, 0, 1, 1]]
2025-02-23 04:59:13,420 - DSM_MultiModelExp_llm_rag_ollama:llama3.3:70b-8k - INFO - --------------------------------------------------
2025-02-23 04:59:13,421 - DSM_MultiModelExp_llm_rag_ollama:llama3.3:70b-8k - INFO - Matrix from response.
2025-02-23 04:59:13,421 - DSM_MultiModelExp_llm_rag_ollama:llama3.3:70b-8k - INFO - At run 2/5
2025-02-23 04:59:13,422 - DSM_MultiModelExp_llm_rag_ollama:llama3.3:70b-8k - INFO - Matrix: [[1, 1, 0, 1, 1, 0], [1, 1, 1, 1, 0, 0], [0, 1, 1, 0, 0, 1], [1, 1, 0, 1, 1, 0], [1, 0, 0, 1, 1, 1], [0, 0, 1, 0, 1, 1]]
2025-02-23 04:59:13,423 - DSM_MultiModelExp_llm_rag_ollama:llama3.3:70b-8k - INFO - --------------------------------------------------
2025-02-23 04:59:23,434 - DSM_MultiModelExp_llm_rag_ollama:llama3.3:70b-8k - INFO - Run 3/5
2025-02-23 04:59:23,470 - DSM_MultiModelExp_llm_rag_ollama:llama3.3:70b-8k - INFO - DEBUG: Initializing RAGInference.
2025-02-23 04:59:23,471 - DSM_MultiModelExp_llm_rag_ollama:llama3.3:70b-8k - INFO - Using R-type: ['R1', 'R2', 'R3']
2025-02-23 04:59:23,472 - DSM_MultiModelExp_llm_rag_ollama:llama3.3:70b-8k - INFO - Using embedding model: text-embedding-3-small
2025-02-23 04:59:23,505 - DSM_MultiModelExp_llm_rag_ollama:llama3.3:70b-8k - INFO - VectorStoreManager initialized
2025-02-23 04:59:23,506 - DSM_MultiModelExp_llm_rag_ollama:llama3.3:70b-8k - INFO - Set database path to: xLM_DSM/data/vectorstore/CubeSat/llm_rag/text-embedding-3-small
2025-02-23 04:59:23,514 - DSM_MultiModelExp_llm_rag_ollama:llama3.3:70b-8k - INFO - Collection count: 2320
2025-02-23 04:59:23,517 - DSM_MultiModelExp_llm_rag_ollama:llama3.3:70b-8k - INFO - Initialized RAG inference for system: CubeSat (nanosatellite)
2025-02-23 04:59:23,518 - DSM_MultiModelExp_llm_rag_ollama:llama3.3:70b-8k - INFO - Initialized DSM for system: CubeSat (nanosatellite)
2025-02-23 04:59:23,518 - DSM_MultiModelExp_llm_rag_ollama:llama3.3:70b-8k - INFO - Inference model: ollama:llama3.3:70b-8k
2025-02-23 04:59:23,519 - DSM_MultiModelExp_llm_rag_ollama:llama3.3:70b-8k - INFO - Predicted Components: ['Power System', 'Communication System', 'Navigation System', 'Computer System', 'Mechanical Structure', 'Thermal Control System']
2025-02-23 04:59:23,520 - DSM_MultiModelExp_llm_rag_ollama:llama3.3:70b-8k - INFO - Number of components: 6
2025-02-23 04:59:23,521 - DSM_MultiModelExp_llm_rag_ollama:llama3.3:70b-8k - INFO - Predicted components for query: ['Power System', 'Communication System', 'Navigation System', 'Computer System', 'Mechanical Structure', 'Thermal Control System']
2025-02-23 04:59:23,521 - DSM_MultiModelExp_llm_rag_ollama:llama3.3:70b-8k - INFO - Query: 
        Please identify system-level hierarchical whole-part relationships between the components of CubeSat (nanosatellite), as listed below, and represent them in a Design Structure Matrix (DSM) format.          
        The relationships should be articulated in plain English, capturing the essence of their interactions.         
        Here is the list of subsystems/components to analyze: ['Power System', 'Communication System', 'Navigation System', 'Computer System', 'Mechanical Structure', 'Thermal Control System']         
        The DSM should clearly indicate the interactions between these components as 1 exist and 0 does not exist, considering both the presence and nature of these connections.         
        Present the output in a square matrix format (number of rows and columns MUST be the same as the number of components = 6 for this example), with rows and columns labeled accordingly.         
        Diagonal elements should be 1 in DSM matrix since each component interacts with itself.         
        If you don't know the answer, just write 2 for the specific cell that you are unsure of. A worst case scenario of the **as a list of lists** shown below (diagonal elements are 1 and rest are 2). Don't make up an answer.         
        final response = [[1, 2, 2, 2, 2, 2, 2],[2, 1, 2, 2, 2, 2, 2],[2, 2, 1, 2, 2, 2, 2],[2, 2, 2, 1, 2, 2, 2],[2, 2, 2, 2, 1, 2, 2],[2, 2, 2, 2, 2, 1, 2],[2, 2, 2, 2, 2, 2, 1]] for 7 components         
        final response = [[1, 2, 2],[2, 1, 2],[2, 2, 1]] for 3 components         
        IMPORTANT: Your response must **ONLY** contain a valid **as a list of lists** in the following example format 7x7 matrix.         
        The below list of lists is just an example format of a response. **Replace** the values with your **actual analysis** while providing your response with parameter of 'final response'.        
        final response = [[1, 0, 0, 0, 0, 0, 0],[0, 1, 0, 0, 0, 0, 0],[0, 0, 1, 0, 0, 0, 0],   [0, 0, 0, 1, 0, 0, 0],[0, 0, 0, 0, 1, 0, 0],[0, 0, 0, 0, 0, 1, 0],[0, 0, 0, 0, 0, 0, 1]] for 7 components         
        final response = [[1, 0, 0],[0, 1, 0],[0, 0, 1]] for 3 components         
        IMPORTANT: THE FORMAT OF THE OUTPUT MUST BE AS LIST OF LISTS ONLY SIMILAR TO THE ONE ABOVE (NO LATEX, CODE, OR OTHER ENCODINGS).
        
2025-02-23 04:59:33,814 - DSM_MultiModelExp_llm_rag_ollama:llama3.3:70b-8k - INFO - Number of documents retrieved: 4
2025-02-23 04:59:33,815 - DSM_MultiModelExp_llm_rag_ollama:llama3.3:70b-8k - INFO - Documents used for this query:
2025-02-23 04:59:33,816 - DSM_MultiModelExp_llm_rag_ollama:llama3.3:70b-8k - INFO - File: ../data/use_cases_large/CubeSat/reference_pdfs/R1_combined.pdf
2025-02-23 04:59:33,817 - DSM_MultiModelExp_llm_rag_ollama:llama3.3:70b-8k - INFO - Page: 0
2025-02-23 04:59:33,818 - DSM_MultiModelExp_llm_rag_ollama:llama3.3:70b-8k - INFO - Content: that then facilitate a bottom-up development and fabrication
process. Some of the design tools (e.g., N2 diagram) described
in NASAs Systems Engineering Handbook are utilized early in
the design phase ...
2025-02-23 04:59:33,819 - DSM_MultiModelExp_llm_rag_ollama:llama3.3:70b-8k - INFO - File: ../data/use_cases_large/CubeSat/reference_pdfs/R2_combined.pdf
2025-02-23 04:59:33,821 - DSM_MultiModelExp_llm_rag_ollama:llama3.3:70b-8k - INFO - Page: 13
2025-02-23 04:59:33,821 - DSM_MultiModelExp_llm_rag_ollama:llama3.3:70b-8k - INFO - Content: 5 Introduction to Design Structure Matrix Methods 
of the next section). Here we begin by adopting the original DSM convention with inputs 
in rows (IR) and outputs in columns. Later we also present e ...
2025-02-23 04:59:33,822 - DSM_MultiModelExp_llm_rag_ollama:llama3.3:70b-8k - INFO - File: ../data/use_cases_large/CubeSat/reference_pdfs/R1_combined.pdf
2025-02-23 04:59:33,823 - DSM_MultiModelExp_llm_rag_ollama:llama3.3:70b-8k - INFO - Page: 15
2025-02-23 04:59:33,824 - DSM_MultiModelExp_llm_rag_ollama:llama3.3:70b-8k - INFO - Content: ing point. The focus shifts now from system level (CubeSat 
mass, power production, form factor) to subsystem selec -
tions. Prior to going through the refinement part, the user 
is required to fill i ...
2025-02-23 04:59:33,825 - DSM_MultiModelExp_llm_rag_ollama:llama3.3:70b-8k - INFO - File: ../data/use_cases_large/CubeSat/reference_pdfs/R2_combined.pdf
2025-02-23 04:59:33,826 - DSM_MultiModelExp_llm_rag_ollama:llama3.3:70b-8k - INFO - Page: 12
2025-02-23 04:59:33,827 - DSM_MultiModelExp_llm_rag_ollama:llama3.3:70b-8k - INFO - Content: 4 Chapter 1 
DSM, many find it easy to think of the cells along the diagonal of the matrix as represent­
ing the system elements- analogous to the nodes in the digraph model. To keep the 
matrix diagr ...
2025-02-23 04:59:33,828 - DSM_MultiModelExp_llm_rag_ollama:llama3.3:70b-8k - INFO - Raw Response: final response = [[1, 1, 0, 1, 1, 0],[1, 1, 1, 1, 0, 0],[0, 1, 1, 0, 0, 1],[1, 1, 0, 1, 1, 0],[1, 0, 0, 1, 1, 1],[0, 0, 1, 0, 1, 1]]
2025-02-23 04:59:33,828 - DSM_MultiModelExp_llm_rag_ollama:llama3.3:70b-8k - INFO - Response: final response = [[1, 1, 0, 1, 1, 0],[1, 1, 1, 1, 0, 0],[0, 1, 1, 0, 0, 1],[1, 1, 0, 1, 1, 0],[1, 0, 0, 1, 1, 1],[0, 0, 1, 0, 1, 1]]
2025-02-23 04:59:33,829 - DSM_MultiModelExp_llm_rag_ollama:llama3.3:70b-8k - INFO - Matrix: [[1, 1, 0, 1, 1, 0], [1, 1, 1, 1, 0, 0], [0, 1, 1, 0, 0, 1], [1, 1, 0, 1, 1, 0], [1, 0, 0, 1, 1, 1], [0, 0, 1, 0, 1, 1]]
2025-02-23 04:59:33,831 - DSM_MultiModelExp_llm_rag_ollama:llama3.3:70b-8k - INFO - Final Matrix:
[[1, 1, 0, 1, 1, 0], [1, 1, 1, 1, 0, 0], [0, 1, 1, 0, 0, 1], [1, 1, 0, 1, 1, 0], [1, 0, 0, 1, 1, 1], [0, 0, 1, 0, 1, 1]]
2025-02-23 04:59:33,831 - DSM_MultiModelExp_llm_rag_ollama:llama3.3:70b-8k - INFO - --------------------------------------------------
2025-02-23 04:59:33,832 - DSM_MultiModelExp_llm_rag_ollama:llama3.3:70b-8k - INFO - Matrix from response.
2025-02-23 04:59:33,833 - DSM_MultiModelExp_llm_rag_ollama:llama3.3:70b-8k - INFO - At run 3/5
2025-02-23 04:59:33,834 - DSM_MultiModelExp_llm_rag_ollama:llama3.3:70b-8k - INFO - Matrix: [[1, 1, 0, 1, 1, 0], [1, 1, 1, 1, 0, 0], [0, 1, 1, 0, 0, 1], [1, 1, 0, 1, 1, 0], [1, 0, 0, 1, 1, 1], [0, 0, 1, 0, 1, 1]]
2025-02-23 04:59:33,835 - DSM_MultiModelExp_llm_rag_ollama:llama3.3:70b-8k - INFO - --------------------------------------------------
2025-02-23 04:59:43,846 - DSM_MultiModelExp_llm_rag_ollama:llama3.3:70b-8k - INFO - Run 4/5
2025-02-23 04:59:43,881 - DSM_MultiModelExp_llm_rag_ollama:llama3.3:70b-8k - INFO - DEBUG: Initializing RAGInference.
2025-02-23 04:59:43,882 - DSM_MultiModelExp_llm_rag_ollama:llama3.3:70b-8k - INFO - Using R-type: ['R1', 'R2', 'R3']
2025-02-23 04:59:43,883 - DSM_MultiModelExp_llm_rag_ollama:llama3.3:70b-8k - INFO - Using embedding model: text-embedding-3-small
2025-02-23 04:59:43,917 - DSM_MultiModelExp_llm_rag_ollama:llama3.3:70b-8k - INFO - VectorStoreManager initialized
2025-02-23 04:59:43,918 - DSM_MultiModelExp_llm_rag_ollama:llama3.3:70b-8k - INFO - Set database path to: xLM_DSM/data/vectorstore/CubeSat/llm_rag/text-embedding-3-small
2025-02-23 04:59:43,926 - DSM_MultiModelExp_llm_rag_ollama:llama3.3:70b-8k - INFO - Collection count: 2320
2025-02-23 04:59:43,930 - DSM_MultiModelExp_llm_rag_ollama:llama3.3:70b-8k - INFO - Initialized RAG inference for system: CubeSat (nanosatellite)
2025-02-23 04:59:43,930 - DSM_MultiModelExp_llm_rag_ollama:llama3.3:70b-8k - INFO - Initialized DSM for system: CubeSat (nanosatellite)
2025-02-23 04:59:43,931 - DSM_MultiModelExp_llm_rag_ollama:llama3.3:70b-8k - INFO - Inference model: ollama:llama3.3:70b-8k
2025-02-23 04:59:43,932 - DSM_MultiModelExp_llm_rag_ollama:llama3.3:70b-8k - INFO - Predicted Components: ['Power System', 'Communication System', 'Navigation System', 'Computer System', 'Mechanical Structure', 'Thermal Control System']
2025-02-23 04:59:43,934 - DSM_MultiModelExp_llm_rag_ollama:llama3.3:70b-8k - INFO - Number of components: 6
2025-02-23 04:59:43,934 - DSM_MultiModelExp_llm_rag_ollama:llama3.3:70b-8k - INFO - Predicted components for query: ['Power System', 'Communication System', 'Navigation System', 'Computer System', 'Mechanical Structure', 'Thermal Control System']
2025-02-23 04:59:43,935 - DSM_MultiModelExp_llm_rag_ollama:llama3.3:70b-8k - INFO - Query: 
        Please identify system-level hierarchical whole-part relationships between the components of CubeSat (nanosatellite), as listed below, and represent them in a Design Structure Matrix (DSM) format.          
        The relationships should be articulated in plain English, capturing the essence of their interactions.         
        Here is the list of subsystems/components to analyze: ['Power System', 'Communication System', 'Navigation System', 'Computer System', 'Mechanical Structure', 'Thermal Control System']         
        The DSM should clearly indicate the interactions between these components as 1 exist and 0 does not exist, considering both the presence and nature of these connections.         
        Present the output in a square matrix format (number of rows and columns MUST be the same as the number of components = 6 for this example), with rows and columns labeled accordingly.         
        Diagonal elements should be 1 in DSM matrix since each component interacts with itself.         
        If you don't know the answer, just write 2 for the specific cell that you are unsure of. A worst case scenario of the **as a list of lists** shown below (diagonal elements are 1 and rest are 2). Don't make up an answer.         
        final response = [[1, 2, 2, 2, 2, 2, 2],[2, 1, 2, 2, 2, 2, 2],[2, 2, 1, 2, 2, 2, 2],[2, 2, 2, 1, 2, 2, 2],[2, 2, 2, 2, 1, 2, 2],[2, 2, 2, 2, 2, 1, 2],[2, 2, 2, 2, 2, 2, 1]] for 7 components         
        final response = [[1, 2, 2],[2, 1, 2],[2, 2, 1]] for 3 components         
        IMPORTANT: Your response must **ONLY** contain a valid **as a list of lists** in the following example format 7x7 matrix.         
        The below list of lists is just an example format of a response. **Replace** the values with your **actual analysis** while providing your response with parameter of 'final response'.        
        final response = [[1, 0, 0, 0, 0, 0, 0],[0, 1, 0, 0, 0, 0, 0],[0, 0, 1, 0, 0, 0, 0],   [0, 0, 0, 1, 0, 0, 0],[0, 0, 0, 0, 1, 0, 0],[0, 0, 0, 0, 0, 1, 0],[0, 0, 0, 0, 0, 0, 1]] for 7 components         
        final response = [[1, 0, 0],[0, 1, 0],[0, 0, 1]] for 3 components         
        IMPORTANT: THE FORMAT OF THE OUTPUT MUST BE AS LIST OF LISTS ONLY SIMILAR TO THE ONE ABOVE (NO LATEX, CODE, OR OTHER ENCODINGS).
        
2025-02-23 04:59:53,646 - DSM_MultiModelExp_llm_rag_ollama:llama3.3:70b-8k - INFO - Number of documents retrieved: 4
2025-02-23 04:59:53,647 - DSM_MultiModelExp_llm_rag_ollama:llama3.3:70b-8k - INFO - Documents used for this query:
2025-02-23 04:59:53,648 - DSM_MultiModelExp_llm_rag_ollama:llama3.3:70b-8k - INFO - File: ../data/use_cases_large/CubeSat/reference_pdfs/R1_combined.pdf
2025-02-23 04:59:53,649 - DSM_MultiModelExp_llm_rag_ollama:llama3.3:70b-8k - INFO - Page: 0
2025-02-23 04:59:53,650 - DSM_MultiModelExp_llm_rag_ollama:llama3.3:70b-8k - INFO - Content: that then facilitate a bottom-up development and fabrication
process. Some of the design tools (e.g., N2 diagram) described
in NASAs Systems Engineering Handbook are utilized early in
the design phase ...
2025-02-23 04:59:53,651 - DSM_MultiModelExp_llm_rag_ollama:llama3.3:70b-8k - INFO - File: ../data/use_cases_large/CubeSat/reference_pdfs/R2_combined.pdf
2025-02-23 04:59:53,652 - DSM_MultiModelExp_llm_rag_ollama:llama3.3:70b-8k - INFO - Page: 13
2025-02-23 04:59:53,653 - DSM_MultiModelExp_llm_rag_ollama:llama3.3:70b-8k - INFO - Content: 5 Introduction to Design Structure Matrix Methods 
of the next section). Here we begin by adopting the original DSM convention with inputs 
in rows (IR) and outputs in columns. Later we also present e ...
2025-02-23 04:59:53,654 - DSM_MultiModelExp_llm_rag_ollama:llama3.3:70b-8k - INFO - File: ../data/use_cases_large/CubeSat/reference_pdfs/R1_combined.pdf
2025-02-23 04:59:53,655 - DSM_MultiModelExp_llm_rag_ollama:llama3.3:70b-8k - INFO - Page: 15
2025-02-23 04:59:53,656 - DSM_MultiModelExp_llm_rag_ollama:llama3.3:70b-8k - INFO - Content: ing point. The focus shifts now from system level (CubeSat 
mass, power production, form factor) to subsystem selec -
tions. Prior to going through the refinement part, the user 
is required to fill i ...
2025-02-23 04:59:53,657 - DSM_MultiModelExp_llm_rag_ollama:llama3.3:70b-8k - INFO - File: ../data/use_cases_large/CubeSat/reference_pdfs/R2_combined.pdf
2025-02-23 04:59:53,658 - DSM_MultiModelExp_llm_rag_ollama:llama3.3:70b-8k - INFO - Page: 12
2025-02-23 04:59:53,658 - DSM_MultiModelExp_llm_rag_ollama:llama3.3:70b-8k - INFO - Content: 4 Chapter 1 
DSM, many find it easy to think of the cells along the diagonal of the matrix as represent­
ing the system elements- analogous to the nodes in the digraph model. To keep the 
matrix diagr ...
2025-02-23 04:59:53,660 - DSM_MultiModelExp_llm_rag_ollama:llama3.3:70b-8k - INFO - Raw Response: final response = [[1, 1, 0, 1, 1, 0],[1, 1, 1, 1, 0, 0],[0, 1, 1, 0, 0, 1],[1, 1, 0, 1, 1, 0],[1, 0, 0, 1, 1, 1],[0, 0, 1, 0, 1, 1]]
2025-02-23 04:59:53,660 - DSM_MultiModelExp_llm_rag_ollama:llama3.3:70b-8k - INFO - Response: final response = [[1, 1, 0, 1, 1, 0],[1, 1, 1, 1, 0, 0],[0, 1, 1, 0, 0, 1],[1, 1, 0, 1, 1, 0],[1, 0, 0, 1, 1, 1],[0, 0, 1, 0, 1, 1]]
2025-02-23 04:59:53,662 - DSM_MultiModelExp_llm_rag_ollama:llama3.3:70b-8k - INFO - Matrix: [[1, 1, 0, 1, 1, 0], [1, 1, 1, 1, 0, 0], [0, 1, 1, 0, 0, 1], [1, 1, 0, 1, 1, 0], [1, 0, 0, 1, 1, 1], [0, 0, 1, 0, 1, 1]]
2025-02-23 04:59:53,662 - DSM_MultiModelExp_llm_rag_ollama:llama3.3:70b-8k - INFO - Final Matrix:
[[1, 1, 0, 1, 1, 0], [1, 1, 1, 1, 0, 0], [0, 1, 1, 0, 0, 1], [1, 1, 0, 1, 1, 0], [1, 0, 0, 1, 1, 1], [0, 0, 1, 0, 1, 1]]
2025-02-23 04:59:53,663 - DSM_MultiModelExp_llm_rag_ollama:llama3.3:70b-8k - INFO - --------------------------------------------------
2025-02-23 04:59:53,664 - DSM_MultiModelExp_llm_rag_ollama:llama3.3:70b-8k - INFO - Matrix from response.
2025-02-23 04:59:53,665 - DSM_MultiModelExp_llm_rag_ollama:llama3.3:70b-8k - INFO - At run 4/5
2025-02-23 04:59:53,666 - DSM_MultiModelExp_llm_rag_ollama:llama3.3:70b-8k - INFO - Matrix: [[1, 1, 0, 1, 1, 0], [1, 1, 1, 1, 0, 0], [0, 1, 1, 0, 0, 1], [1, 1, 0, 1, 1, 0], [1, 0, 0, 1, 1, 1], [0, 0, 1, 0, 1, 1]]
2025-02-23 04:59:53,666 - DSM_MultiModelExp_llm_rag_ollama:llama3.3:70b-8k - INFO - --------------------------------------------------
2025-02-23 05:00:03,678 - DSM_MultiModelExp_llm_rag_ollama:llama3.3:70b-8k - INFO - Run 5/5
2025-02-23 05:00:03,717 - DSM_MultiModelExp_llm_rag_ollama:llama3.3:70b-8k - INFO - DEBUG: Initializing RAGInference.
2025-02-23 05:00:03,718 - DSM_MultiModelExp_llm_rag_ollama:llama3.3:70b-8k - INFO - Using R-type: ['R1', 'R2', 'R3']
2025-02-23 05:00:03,719 - DSM_MultiModelExp_llm_rag_ollama:llama3.3:70b-8k - INFO - Using embedding model: text-embedding-3-small
2025-02-23 05:00:03,754 - DSM_MultiModelExp_llm_rag_ollama:llama3.3:70b-8k - INFO - VectorStoreManager initialized
2025-02-23 05:00:03,755 - DSM_MultiModelExp_llm_rag_ollama:llama3.3:70b-8k - INFO - Set database path to: xLM_DSM/data/vectorstore/CubeSat/llm_rag/text-embedding-3-small
2025-02-23 05:00:03,764 - DSM_MultiModelExp_llm_rag_ollama:llama3.3:70b-8k - INFO - Collection count: 2320
2025-02-23 05:00:03,767 - DSM_MultiModelExp_llm_rag_ollama:llama3.3:70b-8k - INFO - Initialized RAG inference for system: CubeSat (nanosatellite)
2025-02-23 05:00:03,768 - DSM_MultiModelExp_llm_rag_ollama:llama3.3:70b-8k - INFO - Initialized DSM for system: CubeSat (nanosatellite)
2025-02-23 05:00:03,769 - DSM_MultiModelExp_llm_rag_ollama:llama3.3:70b-8k - INFO - Inference model: ollama:llama3.3:70b-8k
2025-02-23 05:00:03,770 - DSM_MultiModelExp_llm_rag_ollama:llama3.3:70b-8k - INFO - Predicted Components: ['Power System', 'Communication System', 'Navigation System', 'Computer System', 'Mechanical Structure', 'Thermal Control System']
2025-02-23 05:00:03,771 - DSM_MultiModelExp_llm_rag_ollama:llama3.3:70b-8k - INFO - Number of components: 6
2025-02-23 05:00:03,772 - DSM_MultiModelExp_llm_rag_ollama:llama3.3:70b-8k - INFO - Predicted components for query: ['Power System', 'Communication System', 'Navigation System', 'Computer System', 'Mechanical Structure', 'Thermal Control System']
2025-02-23 05:00:03,773 - DSM_MultiModelExp_llm_rag_ollama:llama3.3:70b-8k - INFO - Query: 
        Please identify system-level hierarchical whole-part relationships between the components of CubeSat (nanosatellite), as listed below, and represent them in a Design Structure Matrix (DSM) format.          
        The relationships should be articulated in plain English, capturing the essence of their interactions.         
        Here is the list of subsystems/components to analyze: ['Power System', 'Communication System', 'Navigation System', 'Computer System', 'Mechanical Structure', 'Thermal Control System']         
        The DSM should clearly indicate the interactions between these components as 1 exist and 0 does not exist, considering both the presence and nature of these connections.         
        Present the output in a square matrix format (number of rows and columns MUST be the same as the number of components = 6 for this example), with rows and columns labeled accordingly.         
        Diagonal elements should be 1 in DSM matrix since each component interacts with itself.         
        If you don't know the answer, just write 2 for the specific cell that you are unsure of. A worst case scenario of the **as a list of lists** shown below (diagonal elements are 1 and rest are 2). Don't make up an answer.         
        final response = [[1, 2, 2, 2, 2, 2, 2],[2, 1, 2, 2, 2, 2, 2],[2, 2, 1, 2, 2, 2, 2],[2, 2, 2, 1, 2, 2, 2],[2, 2, 2, 2, 1, 2, 2],[2, 2, 2, 2, 2, 1, 2],[2, 2, 2, 2, 2, 2, 1]] for 7 components         
        final response = [[1, 2, 2],[2, 1, 2],[2, 2, 1]] for 3 components         
        IMPORTANT: Your response must **ONLY** contain a valid **as a list of lists** in the following example format 7x7 matrix.         
        The below list of lists is just an example format of a response. **Replace** the values with your **actual analysis** while providing your response with parameter of 'final response'.        
        final response = [[1, 0, 0, 0, 0, 0, 0],[0, 1, 0, 0, 0, 0, 0],[0, 0, 1, 0, 0, 0, 0],   [0, 0, 0, 1, 0, 0, 0],[0, 0, 0, 0, 1, 0, 0],[0, 0, 0, 0, 0, 1, 0],[0, 0, 0, 0, 0, 0, 1]] for 7 components         
        final response = [[1, 0, 0],[0, 1, 0],[0, 0, 1]] for 3 components         
        IMPORTANT: THE FORMAT OF THE OUTPUT MUST BE AS LIST OF LISTS ONLY SIMILAR TO THE ONE ABOVE (NO LATEX, CODE, OR OTHER ENCODINGS).
        
2025-02-23 05:00:13,549 - DSM_MultiModelExp_llm_rag_ollama:llama3.3:70b-8k - INFO - Number of documents retrieved: 4
2025-02-23 05:00:13,550 - DSM_MultiModelExp_llm_rag_ollama:llama3.3:70b-8k - INFO - Documents used for this query:
2025-02-23 05:00:13,551 - DSM_MultiModelExp_llm_rag_ollama:llama3.3:70b-8k - INFO - File: ../data/use_cases_large/CubeSat/reference_pdfs/R1_combined.pdf
2025-02-23 05:00:13,553 - DSM_MultiModelExp_llm_rag_ollama:llama3.3:70b-8k - INFO - Page: 0
2025-02-23 05:00:13,553 - DSM_MultiModelExp_llm_rag_ollama:llama3.3:70b-8k - INFO - Content: that then facilitate a bottom-up development and fabrication
process. Some of the design tools (e.g., N2 diagram) described
in NASAs Systems Engineering Handbook are utilized early in
the design phase ...
2025-02-23 05:00:13,554 - DSM_MultiModelExp_llm_rag_ollama:llama3.3:70b-8k - INFO - File: ../data/use_cases_large/CubeSat/reference_pdfs/R2_combined.pdf
2025-02-23 05:00:13,555 - DSM_MultiModelExp_llm_rag_ollama:llama3.3:70b-8k - INFO - Page: 13
2025-02-23 05:00:13,557 - DSM_MultiModelExp_llm_rag_ollama:llama3.3:70b-8k - INFO - Content: 5 Introduction to Design Structure Matrix Methods 
of the next section). Here we begin by adopting the original DSM convention with inputs 
in rows (IR) and outputs in columns. Later we also present e ...
2025-02-23 05:00:13,557 - DSM_MultiModelExp_llm_rag_ollama:llama3.3:70b-8k - INFO - File: ../data/use_cases_large/CubeSat/reference_pdfs/R1_combined.pdf
2025-02-23 05:00:13,558 - DSM_MultiModelExp_llm_rag_ollama:llama3.3:70b-8k - INFO - Page: 15
2025-02-23 05:00:13,559 - DSM_MultiModelExp_llm_rag_ollama:llama3.3:70b-8k - INFO - Content: ing point. The focus shifts now from system level (CubeSat 
mass, power production, form factor) to subsystem selec -
tions. Prior to going through the refinement part, the user 
is required to fill i ...
2025-02-23 05:00:13,560 - DSM_MultiModelExp_llm_rag_ollama:llama3.3:70b-8k - INFO - File: ../data/use_cases_large/CubeSat/reference_pdfs/R2_combined.pdf
2025-02-23 05:00:13,561 - DSM_MultiModelExp_llm_rag_ollama:llama3.3:70b-8k - INFO - Page: 12
2025-02-23 05:00:13,562 - DSM_MultiModelExp_llm_rag_ollama:llama3.3:70b-8k - INFO - Content: 4 Chapter 1 
DSM, many find it easy to think of the cells along the diagonal of the matrix as represent­
ing the system elements- analogous to the nodes in the digraph model. To keep the 
matrix diagr ...
2025-02-23 05:00:13,563 - DSM_MultiModelExp_llm_rag_ollama:llama3.3:70b-8k - INFO - Raw Response: final response = [[1, 1, 0, 1, 1, 0],[1, 1, 1, 1, 0, 0],[0, 1, 1, 0, 0, 1],[1, 1, 0, 1, 1, 0],[1, 0, 0, 1, 1, 1],[0, 0, 1, 0, 1, 1]]
2025-02-23 05:00:13,563 - DSM_MultiModelExp_llm_rag_ollama:llama3.3:70b-8k - INFO - Response: final response = [[1, 1, 0, 1, 1, 0],[1, 1, 1, 1, 0, 0],[0, 1, 1, 0, 0, 1],[1, 1, 0, 1, 1, 0],[1, 0, 0, 1, 1, 1],[0, 0, 1, 0, 1, 1]]
2025-02-23 05:00:13,565 - DSM_MultiModelExp_llm_rag_ollama:llama3.3:70b-8k - INFO - Matrix: [[1, 1, 0, 1, 1, 0], [1, 1, 1, 1, 0, 0], [0, 1, 1, 0, 0, 1], [1, 1, 0, 1, 1, 0], [1, 0, 0, 1, 1, 1], [0, 0, 1, 0, 1, 1]]
2025-02-23 05:00:13,565 - DSM_MultiModelExp_llm_rag_ollama:llama3.3:70b-8k - INFO - Final Matrix:
[[1, 1, 0, 1, 1, 0], [1, 1, 1, 1, 0, 0], [0, 1, 1, 0, 0, 1], [1, 1, 0, 1, 1, 0], [1, 0, 0, 1, 1, 1], [0, 0, 1, 0, 1, 1]]
2025-02-23 05:00:13,566 - DSM_MultiModelExp_llm_rag_ollama:llama3.3:70b-8k - INFO - --------------------------------------------------
2025-02-23 05:00:13,567 - DSM_MultiModelExp_llm_rag_ollama:llama3.3:70b-8k - INFO - Matrix from response.
2025-02-23 05:00:13,568 - DSM_MultiModelExp_llm_rag_ollama:llama3.3:70b-8k - INFO - At run 5/5
2025-02-23 05:00:13,569 - DSM_MultiModelExp_llm_rag_ollama:llama3.3:70b-8k - INFO - Matrix: [[1, 1, 0, 1, 1, 0], [1, 1, 1, 1, 0, 0], [0, 1, 1, 0, 0, 1], [1, 1, 0, 1, 1, 0], [1, 0, 0, 1, 1, 1], [0, 0, 1, 0, 1, 1]]
2025-02-23 05:00:13,570 - DSM_MultiModelExp_llm_rag_ollama:llama3.3:70b-8k - INFO - --------------------------------------------------
2025-02-23 05:00:23,580 - DSM_MultiModelExp_llm_rag_ollama:llama3.3:70b-8k - INFO - Duration of reference combination {'R1': [{'path': '../data/use_cases_large/CubeSat/reference_pdfs/R1_combined.pdf'}], 'R2': [{'path': '../data/use_cases_large/CubeSat/reference_pdfs/R2_combined.pdf'}], 'R3': [{'path': '../data/use_cases_large/CubeSat/reference_pdfs/R3_combined.pdf'}]}: 0:01:39.206570
2025-02-23 05:00:23,581 - DSM_MultiModelExp_llm_rag_ollama:llama3.3:70b-8k - INFO - ++++++++++++++++++++++++++++++++++++++++++++++++++++++++++++++++++++++++++++++++++++++++++++++++++++
2025-02-23 05:00:23,583 - DSM_MultiModelExp_llm_rag_ollama:llama3.3:70b-8k - INFO - 
==================================================
2025-02-23 05:00:23,584 - DSM_MultiModelExp_llm_rag_ollama:llama3.3:70b-8k - INFO - Average DSM Matrix for model: ollama:llama3.3:70b-8k
2025-02-23 05:00:23,584 - DSM_MultiModelExp_llm_rag_ollama:llama3.3:70b-8k - INFO - End of log reference type(s): ['R1']
2025-02-23 05:00:23,586 - DSM_MultiModelExp_llm_rag_ollama:llama3.3:70b-8k - INFO - Saving results to: ../output/experiment_llm_rag_ollama:llama3.3:70b-8k_20250223-044727/llm_rag_refs_R1
2025-02-23 05:00:23,589 - DSM_MultiModelExp_llm_rag_ollama:llama3.3:70b-8k - INFO - 
Average Matrix:
                        Power System  Communication System  Navigation System  Computer System  Mechanical Structure  Thermal Control System
Power System                       1                     1                  0                1                     1                       0
Communication System               1                     1                  0                1                     1                       0
Navigation System                  0                     0                  1                0                     0                       1
Computer System                    1                     1                  0                1                     1                       0
Mechanical Structure               1                     1                  0                1                     1                       0
Thermal Control System             0                     0                  1                0                     0                       1
2025-02-23 05:00:23,590 - DSM_MultiModelExp_llm_rag_ollama:llama3.3:70b-8k - INFO - 
Components: ['Power System', 'Communication System', 'Navigation System', 'Computer System', 'Mechanical Structure', 'Thermal Control System']
2025-02-23 05:00:23,591 - DSM_MultiModelExp_llm_rag_ollama:llama3.3:70b-8k - INFO - ==================================================

2025-02-23 05:00:23,593 - DSM_MultiModelExp_llm_rag_ollama:llama3.3:70b-8k - INFO - Saved CSV to: ../output/experiment_llm_rag_ollama:llama3.3:70b-8k_20250223-044727/llm_rag_refs_R1/average_matrix_20250223-044727.csv
2025-02-23 05:00:23,594 - DSM_MultiModelExp_llm_rag_ollama:llama3.3:70b-8k - INFO - Saved JSON to: ../output/experiment_llm_rag_ollama:llama3.3:70b-8k_20250223-044727/llm_rag_refs_R1/detailed_results_20250223-044727.json
2025-02-23 05:00:23,845 - DSM_MultiModelExp_llm_rag_ollama:llama3.3:70b-8k - INFO - Saved visualization to: ../output/experiment_llm_rag_ollama:llama3.3:70b-8k_20250223-044727/llm_rag_refs_R1/average_matrix_20250223-044727.png
2025-02-23 05:00:23,846 - DSM_MultiModelExp_llm_rag_ollama:llama3.3:70b-8k - INFO - 
==================================================
2025-02-23 05:00:23,846 - DSM_MultiModelExp_llm_rag_ollama:llama3.3:70b-8k - INFO - Average DSM Matrix for model: ollama:llama3.3:70b-8k
2025-02-23 05:00:23,847 - DSM_MultiModelExp_llm_rag_ollama:llama3.3:70b-8k - INFO - End of log reference type(s): ['R2']
2025-02-23 05:00:23,848 - DSM_MultiModelExp_llm_rag_ollama:llama3.3:70b-8k - INFO - Saving results to: ../output/experiment_llm_rag_ollama:llama3.3:70b-8k_20250223-044727/llm_rag_refs_R2
2025-02-23 05:00:23,850 - DSM_MultiModelExp_llm_rag_ollama:llama3.3:70b-8k - INFO - 
Average Matrix:
                        Power System  Communication System  Navigation System  Computer System  Mechanical Structure  Thermal Control System
Power System                       1                     1                  0                1                     1                       1
Communication System               1                     1                  1                1                     0                       0
Navigation System                  0                     1                  1                1                     0                       0
Computer System                    1                     1                  1                1                     1                       1
Mechanical Structure               1                     0                  0                1                     1                       1
Thermal Control System             1                     0                  0                1                     1                       1
2025-02-23 05:00:23,850 - DSM_MultiModelExp_llm_rag_ollama:llama3.3:70b-8k - INFO - 
Components: ['Power System', 'Communication System', 'Navigation System', 'Computer System', 'Mechanical Structure', 'Thermal Control System']
2025-02-23 05:00:23,851 - DSM_MultiModelExp_llm_rag_ollama:llama3.3:70b-8k - INFO - ==================================================

2025-02-23 05:00:23,853 - DSM_MultiModelExp_llm_rag_ollama:llama3.3:70b-8k - INFO - Saved CSV to: ../output/experiment_llm_rag_ollama:llama3.3:70b-8k_20250223-044727/llm_rag_refs_R2/average_matrix_20250223-044727.csv
2025-02-23 05:00:23,853 - DSM_MultiModelExp_llm_rag_ollama:llama3.3:70b-8k - INFO - Saved JSON to: ../output/experiment_llm_rag_ollama:llama3.3:70b-8k_20250223-044727/llm_rag_refs_R2/detailed_results_20250223-044727.json
2025-02-23 05:00:24,068 - DSM_MultiModelExp_llm_rag_ollama:llama3.3:70b-8k - INFO - Saved visualization to: ../output/experiment_llm_rag_ollama:llama3.3:70b-8k_20250223-044727/llm_rag_refs_R2/average_matrix_20250223-044727.png
2025-02-23 05:00:24,069 - DSM_MultiModelExp_llm_rag_ollama:llama3.3:70b-8k - INFO - 
==================================================
2025-02-23 05:00:24,070 - DSM_MultiModelExp_llm_rag_ollama:llama3.3:70b-8k - INFO - Average DSM Matrix for model: ollama:llama3.3:70b-8k
2025-02-23 05:00:24,070 - DSM_MultiModelExp_llm_rag_ollama:llama3.3:70b-8k - INFO - End of log reference type(s): ['R3']
2025-02-23 05:00:24,071 - DSM_MultiModelExp_llm_rag_ollama:llama3.3:70b-8k - INFO - Saving results to: ../output/experiment_llm_rag_ollama:llama3.3:70b-8k_20250223-044727/llm_rag_refs_R3
2025-02-23 05:00:24,073 - DSM_MultiModelExp_llm_rag_ollama:llama3.3:70b-8k - INFO - 
Average Matrix:
                        Payload  Power System  Communication System  Structural System  Thermal Control System  Propulsion System
Payload                       1             1                     1                  1                       1                  0
Power System                  1             1                     1                  1                       1                  0
Communication System          1             1                     1                  1                       1                  0
Structural System             1             1                     1                  1                       1                  0
Thermal Control System        1             1                     1                  1                       1                  0
Propulsion System             0             0                     0                  0                       0                  1
2025-02-23 05:00:24,074 - DSM_MultiModelExp_llm_rag_ollama:llama3.3:70b-8k - INFO - 
Components: ['Payload', 'Power System', 'Communication System', 'Structural System', 'Thermal Control System', 'Propulsion System']
2025-02-23 05:00:24,074 - DSM_MultiModelExp_llm_rag_ollama:llama3.3:70b-8k - INFO - ==================================================

2025-02-23 05:00:24,076 - DSM_MultiModelExp_llm_rag_ollama:llama3.3:70b-8k - INFO - Saved CSV to: ../output/experiment_llm_rag_ollama:llama3.3:70b-8k_20250223-044727/llm_rag_refs_R3/average_matrix_20250223-044727.csv
2025-02-23 05:00:24,077 - DSM_MultiModelExp_llm_rag_ollama:llama3.3:70b-8k - INFO - Saved JSON to: ../output/experiment_llm_rag_ollama:llama3.3:70b-8k_20250223-044727/llm_rag_refs_R3/detailed_results_20250223-044727.json
2025-02-23 05:00:24,292 - DSM_MultiModelExp_llm_rag_ollama:llama3.3:70b-8k - INFO - Saved visualization to: ../output/experiment_llm_rag_ollama:llama3.3:70b-8k_20250223-044727/llm_rag_refs_R3/average_matrix_20250223-044727.png
2025-02-23 05:00:24,293 - DSM_MultiModelExp_llm_rag_ollama:llama3.3:70b-8k - INFO - 
==================================================
2025-02-23 05:00:24,294 - DSM_MultiModelExp_llm_rag_ollama:llama3.3:70b-8k - INFO - Average DSM Matrix for model: ollama:llama3.3:70b-8k
2025-02-23 05:00:24,294 - DSM_MultiModelExp_llm_rag_ollama:llama3.3:70b-8k - INFO - End of log reference type(s): ['R1', 'R2']
2025-02-23 05:00:24,296 - DSM_MultiModelExp_llm_rag_ollama:llama3.3:70b-8k - INFO - Saving results to: ../output/experiment_llm_rag_ollama:llama3.3:70b-8k_20250223-044727/llm_rag_refs_R1_R2
2025-02-23 05:00:24,298 - DSM_MultiModelExp_llm_rag_ollama:llama3.3:70b-8k - INFO - 
Average Matrix:
                        Payload  Power System  Communication System  Structural System  Thermal Control System  Propulsion System
Payload                       1             1                     1                  1                       1                  1
Power System                  1             1                     1                  0                       1                  0
Communication System          1             1                     1                  1                       1                  1
Structural System             1             0                     1                  1                       1                  1
Thermal Control System        1             1                     1                  1                       1                  1
Propulsion System             1             0                     1                  1                       1                  1
2025-02-23 05:00:24,298 - DSM_MultiModelExp_llm_rag_ollama:llama3.3:70b-8k - INFO - 
Components: ['Payload', 'Power System', 'Communication System', 'Structural System', 'Thermal Control System', 'Propulsion System']
2025-02-23 05:00:24,299 - DSM_MultiModelExp_llm_rag_ollama:llama3.3:70b-8k - INFO - ==================================================

2025-02-23 05:00:24,301 - DSM_MultiModelExp_llm_rag_ollama:llama3.3:70b-8k - INFO - Saved CSV to: ../output/experiment_llm_rag_ollama:llama3.3:70b-8k_20250223-044727/llm_rag_refs_R1_R2/average_matrix_20250223-044727.csv
2025-02-23 05:00:24,302 - DSM_MultiModelExp_llm_rag_ollama:llama3.3:70b-8k - INFO - Saved JSON to: ../output/experiment_llm_rag_ollama:llama3.3:70b-8k_20250223-044727/llm_rag_refs_R1_R2/detailed_results_20250223-044727.json
2025-02-23 05:00:24,515 - DSM_MultiModelExp_llm_rag_ollama:llama3.3:70b-8k - INFO - Saved visualization to: ../output/experiment_llm_rag_ollama:llama3.3:70b-8k_20250223-044727/llm_rag_refs_R1_R2/average_matrix_20250223-044727.png
2025-02-23 05:00:24,516 - DSM_MultiModelExp_llm_rag_ollama:llama3.3:70b-8k - INFO - 
==================================================
2025-02-23 05:00:24,517 - DSM_MultiModelExp_llm_rag_ollama:llama3.3:70b-8k - INFO - Average DSM Matrix for model: ollama:llama3.3:70b-8k
2025-02-23 05:00:24,518 - DSM_MultiModelExp_llm_rag_ollama:llama3.3:70b-8k - INFO - End of log reference type(s): ['R1', 'R3']
2025-02-23 05:00:24,519 - DSM_MultiModelExp_llm_rag_ollama:llama3.3:70b-8k - INFO - Saving results to: ../output/experiment_llm_rag_ollama:llama3.3:70b-8k_20250223-044727/llm_rag_refs_R1_R3
2025-02-23 05:00:24,521 - DSM_MultiModelExp_llm_rag_ollama:llama3.3:70b-8k - INFO - 
Average Matrix:
                        Power System  Communication System  Navigation System  Computer System  Mechanical Structure  Thermal Control System
Power System                       1                     1                  0                1                     1                       0
Communication System               1                     1                  0                1                     1                       0
Navigation System                  0                     0                  1                0                     0                       1
Computer System                    1                     1                  0                1                     1                       0
Mechanical Structure               1                     1                  0                1                     1                       0
Thermal Control System             0                     0                  1                0                     0                       1
2025-02-23 05:00:24,521 - DSM_MultiModelExp_llm_rag_ollama:llama3.3:70b-8k - INFO - 
Components: ['Power System', 'Communication System', 'Navigation System', 'Computer System', 'Mechanical Structure', 'Thermal Control System']
2025-02-23 05:00:24,522 - DSM_MultiModelExp_llm_rag_ollama:llama3.3:70b-8k - INFO - ==================================================

2025-02-23 05:00:24,524 - DSM_MultiModelExp_llm_rag_ollama:llama3.3:70b-8k - INFO - Saved CSV to: ../output/experiment_llm_rag_ollama:llama3.3:70b-8k_20250223-044727/llm_rag_refs_R1_R3/average_matrix_20250223-044727.csv
2025-02-23 05:00:24,525 - DSM_MultiModelExp_llm_rag_ollama:llama3.3:70b-8k - INFO - Saved JSON to: ../output/experiment_llm_rag_ollama:llama3.3:70b-8k_20250223-044727/llm_rag_refs_R1_R3/detailed_results_20250223-044727.json
2025-02-23 05:00:24,739 - DSM_MultiModelExp_llm_rag_ollama:llama3.3:70b-8k - INFO - Saved visualization to: ../output/experiment_llm_rag_ollama:llama3.3:70b-8k_20250223-044727/llm_rag_refs_R1_R3/average_matrix_20250223-044727.png
2025-02-23 05:00:24,740 - DSM_MultiModelExp_llm_rag_ollama:llama3.3:70b-8k - INFO - 
==================================================
2025-02-23 05:00:24,741 - DSM_MultiModelExp_llm_rag_ollama:llama3.3:70b-8k - INFO - Average DSM Matrix for model: ollama:llama3.3:70b-8k
2025-02-23 05:00:24,741 - DSM_MultiModelExp_llm_rag_ollama:llama3.3:70b-8k - INFO - End of log reference type(s): ['R2', 'R3']
2025-02-23 05:00:24,743 - DSM_MultiModelExp_llm_rag_ollama:llama3.3:70b-8k - INFO - Saving results to: ../output/experiment_llm_rag_ollama:llama3.3:70b-8k_20250223-044727/llm_rag_refs_R2_R3
2025-02-23 05:00:24,745 - DSM_MultiModelExp_llm_rag_ollama:llama3.3:70b-8k - INFO - 
Average Matrix:
                        Power System  Communication System  Navigation System  Computer System  Mechanical Structure  Thermal Control System
Power System                       1                     1                  0                1                     1                       1
Communication System               1                     1                  1                1                     0                       0
Navigation System                  0                     1                  1                1                     0                       0
Computer System                    1                     1                  1                1                     1                       1
Mechanical Structure               1                     0                  0                1                     1                       1
Thermal Control System             1                     0                  0                1                     1                       1
2025-02-23 05:00:24,746 - DSM_MultiModelExp_llm_rag_ollama:llama3.3:70b-8k - INFO - 
Components: ['Power System', 'Communication System', 'Navigation System', 'Computer System', 'Mechanical Structure', 'Thermal Control System']
2025-02-23 05:00:24,746 - DSM_MultiModelExp_llm_rag_ollama:llama3.3:70b-8k - INFO - ==================================================

2025-02-23 05:00:24,748 - DSM_MultiModelExp_llm_rag_ollama:llama3.3:70b-8k - INFO - Saved CSV to: ../output/experiment_llm_rag_ollama:llama3.3:70b-8k_20250223-044727/llm_rag_refs_R2_R3/average_matrix_20250223-044727.csv
2025-02-23 05:00:24,749 - DSM_MultiModelExp_llm_rag_ollama:llama3.3:70b-8k - INFO - Saved JSON to: ../output/experiment_llm_rag_ollama:llama3.3:70b-8k_20250223-044727/llm_rag_refs_R2_R3/detailed_results_20250223-044727.json
2025-02-23 05:00:24,964 - DSM_MultiModelExp_llm_rag_ollama:llama3.3:70b-8k - INFO - Saved visualization to: ../output/experiment_llm_rag_ollama:llama3.3:70b-8k_20250223-044727/llm_rag_refs_R2_R3/average_matrix_20250223-044727.png
2025-02-23 05:00:24,965 - DSM_MultiModelExp_llm_rag_ollama:llama3.3:70b-8k - INFO - 
==================================================
2025-02-23 05:00:24,965 - DSM_MultiModelExp_llm_rag_ollama:llama3.3:70b-8k - INFO - Average DSM Matrix for model: ollama:llama3.3:70b-8k
2025-02-23 05:00:24,966 - DSM_MultiModelExp_llm_rag_ollama:llama3.3:70b-8k - INFO - End of log reference type(s): ['R1', 'R2', 'R3']
2025-02-23 05:00:24,967 - DSM_MultiModelExp_llm_rag_ollama:llama3.3:70b-8k - INFO - Saving results to: ../output/experiment_llm_rag_ollama:llama3.3:70b-8k_20250223-044727/llm_rag_refs_R1_R2_R3
2025-02-23 05:00:24,969 - DSM_MultiModelExp_llm_rag_ollama:llama3.3:70b-8k - INFO - 
Average Matrix:
                        Power System  Communication System  Navigation System  Computer System  Mechanical Structure  Thermal Control System
Power System                       1                     1                  0                1                     1                       0
Communication System               1                     1                  1                1                     0                       0
Navigation System                  0                     1                  1                0                     0                       1
Computer System                    1                     1                  0                1                     1                       0
Mechanical Structure               1                     0                  0                1                     1                       1
Thermal Control System             0                     0                  1                0                     1                       1
2025-02-23 05:00:24,970 - DSM_MultiModelExp_llm_rag_ollama:llama3.3:70b-8k - INFO - 
Components: ['Power System', 'Communication System', 'Navigation System', 'Computer System', 'Mechanical Structure', 'Thermal Control System']
2025-02-23 05:00:24,971 - DSM_MultiModelExp_llm_rag_ollama:llama3.3:70b-8k - INFO - ==================================================

2025-02-23 05:00:24,972 - DSM_MultiModelExp_llm_rag_ollama:llama3.3:70b-8k - INFO - Saved CSV to: ../output/experiment_llm_rag_ollama:llama3.3:70b-8k_20250223-044727/llm_rag_refs_R1_R2_R3/average_matrix_20250223-044727.csv
2025-02-23 05:00:24,974 - DSM_MultiModelExp_llm_rag_ollama:llama3.3:70b-8k - INFO - Saved JSON to: ../output/experiment_llm_rag_ollama:llama3.3:70b-8k_20250223-044727/llm_rag_refs_R1_R2_R3/detailed_results_20250223-044727.json
2025-02-23 05:00:25,188 - DSM_MultiModelExp_llm_rag_ollama:llama3.3:70b-8k - INFO - Saved visualization to: ../output/experiment_llm_rag_ollama:llama3.3:70b-8k_20250223-044727/llm_rag_refs_R1_R2_R3/average_matrix_20250223-044727.png
2025-02-23 05:00:25,190 - DSM_MultiModelExp_llm_rag_ollama:llama3.3:70b-8k - INFO - Duration of experiment for ollama:llama3.3:70b-8k in llm_rag inference type: 0:12:58
