2025-02-16 15:19:29,474 - DSM_MultiModelExp_llm_rag_ollama:llama3.3:70b-8k - INFO - Run 1/5
2025-02-16 15:19:29,510 - DSM_MultiModelExp_llm_rag_ollama:llama3.3:70b-8k - INFO - DEBUG: Initializing RAGInference.
2025-02-16 15:19:29,511 - DSM_MultiModelExp_llm_rag_ollama:llama3.3:70b-8k - INFO - Using R-type: ['R1']
2025-02-16 15:19:29,512 - DSM_MultiModelExp_llm_rag_ollama:llama3.3:70b-8k - INFO - Using embedding model: text-embedding-3-small
2025-02-16 15:19:29,546 - DSM_MultiModelExp_llm_rag_ollama:llama3.3:70b-8k - INFO - VectorStoreManager initialized
2025-02-16 15:19:29,547 - DSM_MultiModelExp_llm_rag_ollama:llama3.3:70b-8k - INFO - Set database path to: xLM_DSM/data/vectorstore/CubeSat/llm_rag/text-embedding-3-small
2025-02-16 15:19:29,555 - DSM_MultiModelExp_llm_rag_ollama:llama3.3:70b-8k - INFO - Collection count: 2320
2025-02-16 15:19:29,558 - DSM_MultiModelExp_llm_rag_ollama:llama3.3:70b-8k - INFO - Initialized RAG inference for system: CubeSat
2025-02-16 15:19:29,559 - DSM_MultiModelExp_llm_rag_ollama:llama3.3:70b-8k - INFO - Initialized DSM for system: CubeSat
2025-02-16 15:19:29,560 - DSM_MultiModelExp_llm_rag_ollama:llama3.3:70b-8k - INFO - Inference model: ollama:llama3.3:70b-8k
2025-02-16 15:20:15,527 - DSM_MultiModelExp_llm_rag_ollama:llama3.3:70b-8k - INFO - Number of documents retrieved: 2
2025-02-16 15:20:15,528 - DSM_MultiModelExp_llm_rag_ollama:llama3.3:70b-8k - INFO - Documents used for this query:
2025-02-16 15:20:15,529 - DSM_MultiModelExp_llm_rag_ollama:llama3.3:70b-8k - INFO - File: ../data/use_cases_large/CubeSat/reference_pdfs/R1_combined.pdf
2025-02-16 15:20:15,530 - DSM_MultiModelExp_llm_rag_ollama:llama3.3:70b-8k - INFO - Page: 15
2025-02-16 15:20:15,531 - DSM_MultiModelExp_llm_rag_ollama:llama3.3:70b-8k - INFO - Content: • Propulsion subsystem.
• Electric power subsystem (EPS).
• Structure subsystem.
• OBC subsystem.
• TT &C subsystem.
• Thermal subsystem.
Excluding the payload subsystem, in which the refinement is 
c ...
2025-02-16 15:20:15,532 - DSM_MultiModelExp_llm_rag_ollama:llama3.3:70b-8k - INFO - File: ../data/use_cases_large/CubeSat/reference_pdfs/R1_combined.pdf
2025-02-16 15:20:15,532 - DSM_MultiModelExp_llm_rag_ollama:llama3.3:70b-8k - INFO - Page: 15
2025-02-16 15:20:15,534 - DSM_MultiModelExp_llm_rag_ollama:llama3.3:70b-8k - INFO - Content: ing point. The focus shifts now from system level (CubeSat 
mass, power production, form factor) to subsystem selec -
tions. Prior to going through the refinement part, the user 
is required to fill i ...
2025-02-16 15:20:15,535 - DSM_MultiModelExp_llm_rag_ollama:llama3.3:70b-8k - INFO - Raw Response: final response = [
        [1, 1, 1, 1, 1, 1],
        [1, 1, 0, 0, 1, 1],
        [1, 0, 1, 1, 0, 0],
        [1, 0, 1, 1, 0, 0],
        [1, 1, 0, 0, 1, 0],
        [1, 1, 0, 0, 0, 1]
    ]
2025-02-16 15:20:15,536 - DSM_MultiModelExp_llm_rag_ollama:llama3.3:70b-8k - INFO - Query: 
    Please identify system-level proximity relationships (in contact) between the components of CubeSat (nanosatellite), as listed below, and represent them in a Design Structure Matrix (DSM) format.  
    The relationships should be articulated in plain English, capturing the essence of their interactions. 
    Here is the list of subsystems/components to analyze: ['Spacecraft', 'Guidance, Navigation, and Control (GNC) Subsystem', 'Propulsion Subsystem', 'Power Subsystem', 'Reaction Wheel', 'GNC Software'] 
    The DSM should clearly indicate the interactions between these components as 1 exist and 0 does not exist, considering both the presence and nature of these connections.         
    Present the output in a square matrix format (number of rows and columns MUST be the same as the number of components = 6 for this example), with rows and columns labeled accordingly. 
    Diagonal elements should be 1 in DSM matrix since each component interacts with itself. 
    If you don't know the answer, just write 2 for the specific cell that you are unsure of. A worst case scenario of the **as a list of lists** shown below (diagonal elements are 1 and rest are 2). Don't make up an answer.     final response = [
        [1, 2, 2, 2, 2, 2],
        [2, 1, 2, 2, 2, 2],
        [2, 2, 1, 2, 2, 2],
        [2, 2, 2, 1, 2, 2],
        [2, 2, 2, 2, 1, 2],
        [2, 2, 2, 2, 2, 1]
    ]

    IMPORTANT: Your response must **ONLY** contain a valid **as a list of lists** in the following example format 7x7 matrix.     
    The below list of lists is just an example format of your response. **Replace** the values with your **actual analysis** while providing your response with parameter of 'final response'.    
    final response = [
        [1, 0, 0, 0, 0, 0],
        [0, 1, 0, 0, 0, 0],
        [0, 0, 1, 0, 0, 0],
        [0, 0, 0, 1, 0, 0],
        [0, 0, 0, 0, 1, 0],
        [0, 0, 0, 0, 0, 1]
    ]

    IMPORTANT: THE FORMAT OF THE OUTPUT MUST BE AS LIST OF LISTS ONLY SIMILAR TO THE ONE ABOVE (NO LATEX, CODE, OR OTHER ENCODINGS).
    
2025-02-16 15:20:15,537 - DSM_MultiModelExp_llm_rag_ollama:llama3.3:70b-8k - INFO - Response: final response = [
        [1, 1, 1, 1, 1, 1],
        [1, 1, 0, 0, 1, 1],
        [1, 0, 1, 1, 0, 0],
        [1, 0, 1, 1, 0, 0],
        [1, 1, 0, 0, 1, 0],
        [1, 1, 0, 0, 0, 1]
    ]
2025-02-16 15:20:15,538 - DSM_MultiModelExp_llm_rag_ollama:llama3.3:70b-8k - INFO - Matrix: [[1, 1, 1, 1, 1, 1], [1, 1, 0, 0, 1, 1], [1, 0, 1, 1, 0, 0], [1, 0, 1, 1, 0, 0], [1, 1, 0, 0, 1, 0], [1, 1, 0, 0, 0, 1]]
2025-02-16 15:20:15,539 - DSM_MultiModelExp_llm_rag_ollama:llama3.3:70b-8k - INFO - Matrix from response.
2025-02-16 15:20:15,540 - DSM_MultiModelExp_llm_rag_ollama:llama3.3:70b-8k - INFO - At run 1/5
2025-02-16 15:20:15,540 - DSM_MultiModelExp_llm_rag_ollama:llama3.3:70b-8k - INFO - Matrix: [[1, 1, 1, 1, 1, 1], [1, 1, 0, 0, 1, 1], [1, 0, 1, 1, 0, 0], [1, 0, 1, 1, 0, 0], [1, 1, 0, 0, 1, 0], [1, 1, 0, 0, 0, 1]]
2025-02-16 15:20:15,542 - DSM_MultiModelExp_llm_rag_ollama:llama3.3:70b-8k - INFO - --------------------------------------------------
2025-02-16 15:20:25,553 - DSM_MultiModelExp_llm_rag_ollama:llama3.3:70b-8k - INFO - Run 2/5
2025-02-16 15:20:25,592 - DSM_MultiModelExp_llm_rag_ollama:llama3.3:70b-8k - INFO - DEBUG: Initializing RAGInference.
2025-02-16 15:20:25,593 - DSM_MultiModelExp_llm_rag_ollama:llama3.3:70b-8k - INFO - Using R-type: ['R1']
2025-02-16 15:20:25,594 - DSM_MultiModelExp_llm_rag_ollama:llama3.3:70b-8k - INFO - Using embedding model: text-embedding-3-small
2025-02-16 15:20:25,629 - DSM_MultiModelExp_llm_rag_ollama:llama3.3:70b-8k - INFO - VectorStoreManager initialized
2025-02-16 15:20:25,630 - DSM_MultiModelExp_llm_rag_ollama:llama3.3:70b-8k - INFO - Set database path to: xLM_DSM/data/vectorstore/CubeSat/llm_rag/text-embedding-3-small
2025-02-16 15:20:25,639 - DSM_MultiModelExp_llm_rag_ollama:llama3.3:70b-8k - INFO - Collection count: 2320
2025-02-16 15:20:25,642 - DSM_MultiModelExp_llm_rag_ollama:llama3.3:70b-8k - INFO - Initialized RAG inference for system: CubeSat
2025-02-16 15:20:25,643 - DSM_MultiModelExp_llm_rag_ollama:llama3.3:70b-8k - INFO - Initialized DSM for system: CubeSat
2025-02-16 15:20:25,644 - DSM_MultiModelExp_llm_rag_ollama:llama3.3:70b-8k - INFO - Inference model: ollama:llama3.3:70b-8k
2025-02-16 15:20:36,150 - DSM_MultiModelExp_llm_rag_ollama:llama3.3:70b-8k - INFO - Number of documents retrieved: 2
2025-02-16 15:20:36,151 - DSM_MultiModelExp_llm_rag_ollama:llama3.3:70b-8k - INFO - Documents used for this query:
2025-02-16 15:20:36,152 - DSM_MultiModelExp_llm_rag_ollama:llama3.3:70b-8k - INFO - File: ../data/use_cases_large/CubeSat/reference_pdfs/R1_combined.pdf
2025-02-16 15:20:36,153 - DSM_MultiModelExp_llm_rag_ollama:llama3.3:70b-8k - INFO - Page: 15
2025-02-16 15:20:36,154 - DSM_MultiModelExp_llm_rag_ollama:llama3.3:70b-8k - INFO - Content: • Propulsion subsystem.
• Electric power subsystem (EPS).
• Structure subsystem.
• OBC subsystem.
• TT &C subsystem.
• Thermal subsystem.
Excluding the payload subsystem, in which the refinement is 
c ...
2025-02-16 15:20:36,154 - DSM_MultiModelExp_llm_rag_ollama:llama3.3:70b-8k - INFO - File: ../data/use_cases_large/CubeSat/reference_pdfs/R1_combined.pdf
2025-02-16 15:20:36,155 - DSM_MultiModelExp_llm_rag_ollama:llama3.3:70b-8k - INFO - Page: 15
2025-02-16 15:20:36,156 - DSM_MultiModelExp_llm_rag_ollama:llama3.3:70b-8k - INFO - Content: ing point. The focus shifts now from system level (CubeSat 
mass, power production, form factor) to subsystem selec -
tions. Prior to going through the refinement part, the user 
is required to fill i ...
2025-02-16 15:20:36,156 - DSM_MultiModelExp_llm_rag_ollama:llama3.3:70b-8k - INFO - Raw Response: final response = [
        [1, 1, 1, 1, 1, 1],
        [1, 1, 0, 0, 1, 1],
        [1, 0, 1, 1, 0, 0],
        [1, 0, 1, 1, 0, 0],
        [1, 1, 0, 0, 1, 0],
        [1, 1, 0, 0, 0, 1]
    ]
2025-02-16 15:20:36,157 - DSM_MultiModelExp_llm_rag_ollama:llama3.3:70b-8k - INFO - Query: 
    Please identify system-level proximity relationships (in contact) between the components of CubeSat (nanosatellite), as listed below, and represent them in a Design Structure Matrix (DSM) format.  
    The relationships should be articulated in plain English, capturing the essence of their interactions. 
    Here is the list of subsystems/components to analyze: ['Spacecraft', 'Guidance, Navigation, and Control (GNC) Subsystem', 'Propulsion Subsystem', 'Power Subsystem', 'Reaction Wheel', 'GNC Software'] 
    The DSM should clearly indicate the interactions between these components as 1 exist and 0 does not exist, considering both the presence and nature of these connections.         
    Present the output in a square matrix format (number of rows and columns MUST be the same as the number of components = 6 for this example), with rows and columns labeled accordingly. 
    Diagonal elements should be 1 in DSM matrix since each component interacts with itself. 
    If you don't know the answer, just write 2 for the specific cell that you are unsure of. A worst case scenario of the **as a list of lists** shown below (diagonal elements are 1 and rest are 2). Don't make up an answer.     final response = [
        [1, 2, 2, 2, 2, 2],
        [2, 1, 2, 2, 2, 2],
        [2, 2, 1, 2, 2, 2],
        [2, 2, 2, 1, 2, 2],
        [2, 2, 2, 2, 1, 2],
        [2, 2, 2, 2, 2, 1]
    ]

    IMPORTANT: Your response must **ONLY** contain a valid **as a list of lists** in the following example format 7x7 matrix.     
    The below list of lists is just an example format of your response. **Replace** the values with your **actual analysis** while providing your response with parameter of 'final response'.    
    final response = [
        [1, 0, 0, 0, 0, 0],
        [0, 1, 0, 0, 0, 0],
        [0, 0, 1, 0, 0, 0],
        [0, 0, 0, 1, 0, 0],
        [0, 0, 0, 0, 1, 0],
        [0, 0, 0, 0, 0, 1]
    ]

    IMPORTANT: THE FORMAT OF THE OUTPUT MUST BE AS LIST OF LISTS ONLY SIMILAR TO THE ONE ABOVE (NO LATEX, CODE, OR OTHER ENCODINGS).
    
2025-02-16 15:20:36,158 - DSM_MultiModelExp_llm_rag_ollama:llama3.3:70b-8k - INFO - Response: final response = [
        [1, 1, 1, 1, 1, 1],
        [1, 1, 0, 0, 1, 1],
        [1, 0, 1, 1, 0, 0],
        [1, 0, 1, 1, 0, 0],
        [1, 1, 0, 0, 1, 0],
        [1, 1, 0, 0, 0, 1]
    ]
2025-02-16 15:20:36,158 - DSM_MultiModelExp_llm_rag_ollama:llama3.3:70b-8k - INFO - Matrix: [[1, 1, 1, 1, 1, 1], [1, 1, 0, 0, 1, 1], [1, 0, 1, 1, 0, 0], [1, 0, 1, 1, 0, 0], [1, 1, 0, 0, 1, 0], [1, 1, 0, 0, 0, 1]]
2025-02-16 15:20:36,161 - DSM_MultiModelExp_llm_rag_ollama:llama3.3:70b-8k - INFO - Matrix from response.
2025-02-16 15:20:36,161 - DSM_MultiModelExp_llm_rag_ollama:llama3.3:70b-8k - INFO - At run 2/5
2025-02-16 15:20:36,162 - DSM_MultiModelExp_llm_rag_ollama:llama3.3:70b-8k - INFO - Matrix: [[1, 1, 1, 1, 1, 1], [1, 1, 0, 0, 1, 1], [1, 0, 1, 1, 0, 0], [1, 0, 1, 1, 0, 0], [1, 1, 0, 0, 1, 0], [1, 1, 0, 0, 0, 1]]
2025-02-16 15:20:36,163 - DSM_MultiModelExp_llm_rag_ollama:llama3.3:70b-8k - INFO - --------------------------------------------------
2025-02-16 15:20:46,174 - DSM_MultiModelExp_llm_rag_ollama:llama3.3:70b-8k - INFO - Run 3/5
2025-02-16 15:20:46,210 - DSM_MultiModelExp_llm_rag_ollama:llama3.3:70b-8k - INFO - DEBUG: Initializing RAGInference.
2025-02-16 15:20:46,211 - DSM_MultiModelExp_llm_rag_ollama:llama3.3:70b-8k - INFO - Using R-type: ['R1']
2025-02-16 15:20:46,213 - DSM_MultiModelExp_llm_rag_ollama:llama3.3:70b-8k - INFO - Using embedding model: text-embedding-3-small
2025-02-16 15:20:46,247 - DSM_MultiModelExp_llm_rag_ollama:llama3.3:70b-8k - INFO - VectorStoreManager initialized
2025-02-16 15:20:46,248 - DSM_MultiModelExp_llm_rag_ollama:llama3.3:70b-8k - INFO - Set database path to: xLM_DSM/data/vectorstore/CubeSat/llm_rag/text-embedding-3-small
2025-02-16 15:20:46,256 - DSM_MultiModelExp_llm_rag_ollama:llama3.3:70b-8k - INFO - Collection count: 2320
2025-02-16 15:20:46,260 - DSM_MultiModelExp_llm_rag_ollama:llama3.3:70b-8k - INFO - Initialized RAG inference for system: CubeSat
2025-02-16 15:20:46,261 - DSM_MultiModelExp_llm_rag_ollama:llama3.3:70b-8k - INFO - Initialized DSM for system: CubeSat
2025-02-16 15:20:46,262 - DSM_MultiModelExp_llm_rag_ollama:llama3.3:70b-8k - INFO - Inference model: ollama:llama3.3:70b-8k
2025-02-16 15:20:57,150 - DSM_MultiModelExp_llm_rag_ollama:llama3.3:70b-8k - INFO - Number of documents retrieved: 2
2025-02-16 15:20:57,151 - DSM_MultiModelExp_llm_rag_ollama:llama3.3:70b-8k - INFO - Documents used for this query:
2025-02-16 15:20:57,152 - DSM_MultiModelExp_llm_rag_ollama:llama3.3:70b-8k - INFO - File: ../data/use_cases_large/CubeSat/reference_pdfs/R1_combined.pdf
2025-02-16 15:20:57,153 - DSM_MultiModelExp_llm_rag_ollama:llama3.3:70b-8k - INFO - Page: 15
2025-02-16 15:20:57,154 - DSM_MultiModelExp_llm_rag_ollama:llama3.3:70b-8k - INFO - Content: • Propulsion subsystem.
• Electric power subsystem (EPS).
• Structure subsystem.
• OBC subsystem.
• TT &C subsystem.
• Thermal subsystem.
Excluding the payload subsystem, in which the refinement is 
c ...
2025-02-16 15:20:57,156 - DSM_MultiModelExp_llm_rag_ollama:llama3.3:70b-8k - INFO - File: ../data/use_cases_large/CubeSat/reference_pdfs/R1_combined.pdf
2025-02-16 15:20:57,156 - DSM_MultiModelExp_llm_rag_ollama:llama3.3:70b-8k - INFO - Page: 15
2025-02-16 15:20:57,157 - DSM_MultiModelExp_llm_rag_ollama:llama3.3:70b-8k - INFO - Content: ing point. The focus shifts now from system level (CubeSat 
mass, power production, form factor) to subsystem selec -
tions. Prior to going through the refinement part, the user 
is required to fill i ...
2025-02-16 15:20:57,158 - DSM_MultiModelExp_llm_rag_ollama:llama3.3:70b-8k - INFO - Raw Response: final response = [
        [1, 1, 1, 1, 1, 1],
        [1, 1, 0, 0, 1, 1],
        [1, 0, 1, 1, 0, 0],
        [1, 0, 1, 1, 0, 0],
        [1, 1, 0, 0, 1, 0],
        [1, 1, 0, 0, 0, 1]
    ]
2025-02-16 15:20:57,159 - DSM_MultiModelExp_llm_rag_ollama:llama3.3:70b-8k - INFO - Query: 
    Please identify system-level proximity relationships (in contact) between the components of CubeSat (nanosatellite), as listed below, and represent them in a Design Structure Matrix (DSM) format.  
    The relationships should be articulated in plain English, capturing the essence of their interactions. 
    Here is the list of subsystems/components to analyze: ['Spacecraft', 'Guidance, Navigation, and Control (GNC) Subsystem', 'Propulsion Subsystem', 'Power Subsystem', 'Reaction Wheel', 'GNC Software'] 
    The DSM should clearly indicate the interactions between these components as 1 exist and 0 does not exist, considering both the presence and nature of these connections.         
    Present the output in a square matrix format (number of rows and columns MUST be the same as the number of components = 6 for this example), with rows and columns labeled accordingly. 
    Diagonal elements should be 1 in DSM matrix since each component interacts with itself. 
    If you don't know the answer, just write 2 for the specific cell that you are unsure of. A worst case scenario of the **as a list of lists** shown below (diagonal elements are 1 and rest are 2). Don't make up an answer.     final response = [
        [1, 2, 2, 2, 2, 2],
        [2, 1, 2, 2, 2, 2],
        [2, 2, 1, 2, 2, 2],
        [2, 2, 2, 1, 2, 2],
        [2, 2, 2, 2, 1, 2],
        [2, 2, 2, 2, 2, 1]
    ]

    IMPORTANT: Your response must **ONLY** contain a valid **as a list of lists** in the following example format 7x7 matrix.     
    The below list of lists is just an example format of your response. **Replace** the values with your **actual analysis** while providing your response with parameter of 'final response'.    
    final response = [
        [1, 0, 0, 0, 0, 0],
        [0, 1, 0, 0, 0, 0],
        [0, 0, 1, 0, 0, 0],
        [0, 0, 0, 1, 0, 0],
        [0, 0, 0, 0, 1, 0],
        [0, 0, 0, 0, 0, 1]
    ]

    IMPORTANT: THE FORMAT OF THE OUTPUT MUST BE AS LIST OF LISTS ONLY SIMILAR TO THE ONE ABOVE (NO LATEX, CODE, OR OTHER ENCODINGS).
    
2025-02-16 15:20:57,160 - DSM_MultiModelExp_llm_rag_ollama:llama3.3:70b-8k - INFO - Response: final response = [
        [1, 1, 1, 1, 1, 1],
        [1, 1, 0, 0, 1, 1],
        [1, 0, 1, 1, 0, 0],
        [1, 0, 1, 1, 0, 0],
        [1, 1, 0, 0, 1, 0],
        [1, 1, 0, 0, 0, 1]
    ]
2025-02-16 15:20:57,161 - DSM_MultiModelExp_llm_rag_ollama:llama3.3:70b-8k - INFO - Matrix: [[1, 1, 1, 1, 1, 1], [1, 1, 0, 0, 1, 1], [1, 0, 1, 1, 0, 0], [1, 0, 1, 1, 0, 0], [1, 1, 0, 0, 1, 0], [1, 1, 0, 0, 0, 1]]
2025-02-16 15:20:57,162 - DSM_MultiModelExp_llm_rag_ollama:llama3.3:70b-8k - INFO - Matrix from response.
2025-02-16 15:20:57,163 - DSM_MultiModelExp_llm_rag_ollama:llama3.3:70b-8k - INFO - At run 3/5
2025-02-16 15:20:57,164 - DSM_MultiModelExp_llm_rag_ollama:llama3.3:70b-8k - INFO - Matrix: [[1, 1, 1, 1, 1, 1], [1, 1, 0, 0, 1, 1], [1, 0, 1, 1, 0, 0], [1, 0, 1, 1, 0, 0], [1, 1, 0, 0, 1, 0], [1, 1, 0, 0, 0, 1]]
2025-02-16 15:20:57,165 - DSM_MultiModelExp_llm_rag_ollama:llama3.3:70b-8k - INFO - --------------------------------------------------
2025-02-16 15:21:07,176 - DSM_MultiModelExp_llm_rag_ollama:llama3.3:70b-8k - INFO - Run 4/5
2025-02-16 15:21:07,212 - DSM_MultiModelExp_llm_rag_ollama:llama3.3:70b-8k - INFO - DEBUG: Initializing RAGInference.
2025-02-16 15:21:07,213 - DSM_MultiModelExp_llm_rag_ollama:llama3.3:70b-8k - INFO - Using R-type: ['R1']
2025-02-16 15:21:07,213 - DSM_MultiModelExp_llm_rag_ollama:llama3.3:70b-8k - INFO - Using embedding model: text-embedding-3-small
2025-02-16 15:21:07,248 - DSM_MultiModelExp_llm_rag_ollama:llama3.3:70b-8k - INFO - VectorStoreManager initialized
2025-02-16 15:21:07,249 - DSM_MultiModelExp_llm_rag_ollama:llama3.3:70b-8k - INFO - Set database path to: xLM_DSM/data/vectorstore/CubeSat/llm_rag/text-embedding-3-small
2025-02-16 15:21:07,257 - DSM_MultiModelExp_llm_rag_ollama:llama3.3:70b-8k - INFO - Collection count: 2320
2025-02-16 15:21:07,260 - DSM_MultiModelExp_llm_rag_ollama:llama3.3:70b-8k - INFO - Initialized RAG inference for system: CubeSat
2025-02-16 15:21:07,261 - DSM_MultiModelExp_llm_rag_ollama:llama3.3:70b-8k - INFO - Initialized DSM for system: CubeSat
2025-02-16 15:21:07,262 - DSM_MultiModelExp_llm_rag_ollama:llama3.3:70b-8k - INFO - Inference model: ollama:llama3.3:70b-8k
2025-02-16 15:21:18,114 - DSM_MultiModelExp_llm_rag_ollama:llama3.3:70b-8k - INFO - Number of documents retrieved: 2
2025-02-16 15:21:18,115 - DSM_MultiModelExp_llm_rag_ollama:llama3.3:70b-8k - INFO - Documents used for this query:
2025-02-16 15:21:18,115 - DSM_MultiModelExp_llm_rag_ollama:llama3.3:70b-8k - INFO - File: ../data/use_cases_large/CubeSat/reference_pdfs/R1_combined.pdf
2025-02-16 15:21:18,116 - DSM_MultiModelExp_llm_rag_ollama:llama3.3:70b-8k - INFO - Page: 15
2025-02-16 15:21:18,117 - DSM_MultiModelExp_llm_rag_ollama:llama3.3:70b-8k - INFO - Content: • Propulsion subsystem.
• Electric power subsystem (EPS).
• Structure subsystem.
• OBC subsystem.
• TT &C subsystem.
• Thermal subsystem.
Excluding the payload subsystem, in which the refinement is 
c ...
2025-02-16 15:21:18,118 - DSM_MultiModelExp_llm_rag_ollama:llama3.3:70b-8k - INFO - File: ../data/use_cases_large/CubeSat/reference_pdfs/R1_combined.pdf
2025-02-16 15:21:18,119 - DSM_MultiModelExp_llm_rag_ollama:llama3.3:70b-8k - INFO - Page: 15
2025-02-16 15:21:18,120 - DSM_MultiModelExp_llm_rag_ollama:llama3.3:70b-8k - INFO - Content: ing point. The focus shifts now from system level (CubeSat 
mass, power production, form factor) to subsystem selec -
tions. Prior to going through the refinement part, the user 
is required to fill i ...
2025-02-16 15:21:18,121 - DSM_MultiModelExp_llm_rag_ollama:llama3.3:70b-8k - INFO - Raw Response: final response = [
        [1, 1, 1, 1, 1, 1],
        [1, 1, 0, 0, 1, 1],
        [1, 0, 1, 1, 0, 0],
        [1, 0, 1, 1, 0, 0],
        [1, 1, 0, 0, 1, 0],
        [1, 1, 0, 0, 0, 1]
    ]
2025-02-16 15:21:18,121 - DSM_MultiModelExp_llm_rag_ollama:llama3.3:70b-8k - INFO - Query: 
    Please identify system-level proximity relationships (in contact) between the components of CubeSat (nanosatellite), as listed below, and represent them in a Design Structure Matrix (DSM) format.  
    The relationships should be articulated in plain English, capturing the essence of their interactions. 
    Here is the list of subsystems/components to analyze: ['Spacecraft', 'Guidance, Navigation, and Control (GNC) Subsystem', 'Propulsion Subsystem', 'Power Subsystem', 'Reaction Wheel', 'GNC Software'] 
    The DSM should clearly indicate the interactions between these components as 1 exist and 0 does not exist, considering both the presence and nature of these connections.         
    Present the output in a square matrix format (number of rows and columns MUST be the same as the number of components = 6 for this example), with rows and columns labeled accordingly. 
    Diagonal elements should be 1 in DSM matrix since each component interacts with itself. 
    If you don't know the answer, just write 2 for the specific cell that you are unsure of. A worst case scenario of the **as a list of lists** shown below (diagonal elements are 1 and rest are 2). Don't make up an answer.     final response = [
        [1, 2, 2, 2, 2, 2],
        [2, 1, 2, 2, 2, 2],
        [2, 2, 1, 2, 2, 2],
        [2, 2, 2, 1, 2, 2],
        [2, 2, 2, 2, 1, 2],
        [2, 2, 2, 2, 2, 1]
    ]

    IMPORTANT: Your response must **ONLY** contain a valid **as a list of lists** in the following example format 7x7 matrix.     
    The below list of lists is just an example format of your response. **Replace** the values with your **actual analysis** while providing your response with parameter of 'final response'.    
    final response = [
        [1, 0, 0, 0, 0, 0],
        [0, 1, 0, 0, 0, 0],
        [0, 0, 1, 0, 0, 0],
        [0, 0, 0, 1, 0, 0],
        [0, 0, 0, 0, 1, 0],
        [0, 0, 0, 0, 0, 1]
    ]

    IMPORTANT: THE FORMAT OF THE OUTPUT MUST BE AS LIST OF LISTS ONLY SIMILAR TO THE ONE ABOVE (NO LATEX, CODE, OR OTHER ENCODINGS).
    
2025-02-16 15:21:18,122 - DSM_MultiModelExp_llm_rag_ollama:llama3.3:70b-8k - INFO - Response: final response = [
        [1, 1, 1, 1, 1, 1],
        [1, 1, 0, 0, 1, 1],
        [1, 0, 1, 1, 0, 0],
        [1, 0, 1, 1, 0, 0],
        [1, 1, 0, 0, 1, 0],
        [1, 1, 0, 0, 0, 1]
    ]
2025-02-16 15:21:18,123 - DSM_MultiModelExp_llm_rag_ollama:llama3.3:70b-8k - INFO - Matrix: [[1, 1, 1, 1, 1, 1], [1, 1, 0, 0, 1, 1], [1, 0, 1, 1, 0, 0], [1, 0, 1, 1, 0, 0], [1, 1, 0, 0, 1, 0], [1, 1, 0, 0, 0, 1]]
2025-02-16 15:21:18,124 - DSM_MultiModelExp_llm_rag_ollama:llama3.3:70b-8k - INFO - Matrix from response.
2025-02-16 15:21:18,124 - DSM_MultiModelExp_llm_rag_ollama:llama3.3:70b-8k - INFO - At run 4/5
2025-02-16 15:21:18,125 - DSM_MultiModelExp_llm_rag_ollama:llama3.3:70b-8k - INFO - Matrix: [[1, 1, 1, 1, 1, 1], [1, 1, 0, 0, 1, 1], [1, 0, 1, 1, 0, 0], [1, 0, 1, 1, 0, 0], [1, 1, 0, 0, 1, 0], [1, 1, 0, 0, 0, 1]]
2025-02-16 15:21:18,125 - DSM_MultiModelExp_llm_rag_ollama:llama3.3:70b-8k - INFO - --------------------------------------------------
2025-02-16 15:21:28,138 - DSM_MultiModelExp_llm_rag_ollama:llama3.3:70b-8k - INFO - Run 5/5
2025-02-16 15:21:28,173 - DSM_MultiModelExp_llm_rag_ollama:llama3.3:70b-8k - INFO - DEBUG: Initializing RAGInference.
2025-02-16 15:21:28,174 - DSM_MultiModelExp_llm_rag_ollama:llama3.3:70b-8k - INFO - Using R-type: ['R1']
2025-02-16 15:21:28,175 - DSM_MultiModelExp_llm_rag_ollama:llama3.3:70b-8k - INFO - Using embedding model: text-embedding-3-small
2025-02-16 15:21:28,208 - DSM_MultiModelExp_llm_rag_ollama:llama3.3:70b-8k - INFO - VectorStoreManager initialized
2025-02-16 15:21:28,209 - DSM_MultiModelExp_llm_rag_ollama:llama3.3:70b-8k - INFO - Set database path to: xLM_DSM/data/vectorstore/CubeSat/llm_rag/text-embedding-3-small
2025-02-16 15:21:28,217 - DSM_MultiModelExp_llm_rag_ollama:llama3.3:70b-8k - INFO - Collection count: 2320
2025-02-16 15:21:28,220 - DSM_MultiModelExp_llm_rag_ollama:llama3.3:70b-8k - INFO - Initialized RAG inference for system: CubeSat
2025-02-16 15:21:28,221 - DSM_MultiModelExp_llm_rag_ollama:llama3.3:70b-8k - INFO - Initialized DSM for system: CubeSat
2025-02-16 15:21:28,222 - DSM_MultiModelExp_llm_rag_ollama:llama3.3:70b-8k - INFO - Inference model: ollama:llama3.3:70b-8k
2025-02-16 15:21:39,028 - DSM_MultiModelExp_llm_rag_ollama:llama3.3:70b-8k - INFO - Number of documents retrieved: 2
2025-02-16 15:21:39,028 - DSM_MultiModelExp_llm_rag_ollama:llama3.3:70b-8k - INFO - Documents used for this query:
2025-02-16 15:21:39,029 - DSM_MultiModelExp_llm_rag_ollama:llama3.3:70b-8k - INFO - File: ../data/use_cases_large/CubeSat/reference_pdfs/R1_combined.pdf
2025-02-16 15:21:39,029 - DSM_MultiModelExp_llm_rag_ollama:llama3.3:70b-8k - INFO - Page: 15
2025-02-16 15:21:39,030 - DSM_MultiModelExp_llm_rag_ollama:llama3.3:70b-8k - INFO - Content: • Propulsion subsystem.
• Electric power subsystem (EPS).
• Structure subsystem.
• OBC subsystem.
• TT &C subsystem.
• Thermal subsystem.
Excluding the payload subsystem, in which the refinement is 
c ...
2025-02-16 15:21:39,030 - DSM_MultiModelExp_llm_rag_ollama:llama3.3:70b-8k - INFO - File: ../data/use_cases_large/CubeSat/reference_pdfs/R1_combined.pdf
2025-02-16 15:21:39,031 - DSM_MultiModelExp_llm_rag_ollama:llama3.3:70b-8k - INFO - Page: 15
2025-02-16 15:21:39,031 - DSM_MultiModelExp_llm_rag_ollama:llama3.3:70b-8k - INFO - Content: ing point. The focus shifts now from system level (CubeSat 
mass, power production, form factor) to subsystem selec -
tions. Prior to going through the refinement part, the user 
is required to fill i ...
2025-02-16 15:21:39,032 - DSM_MultiModelExp_llm_rag_ollama:llama3.3:70b-8k - INFO - Raw Response: final response = [
        [1, 1, 1, 1, 1, 1],
        [1, 1, 0, 0, 1, 1],
        [1, 0, 1, 1, 0, 0],
        [1, 0, 1, 1, 0, 0],
        [1, 1, 0, 0, 1, 0],
        [1, 1, 0, 0, 0, 1]
    ]
2025-02-16 15:21:39,032 - DSM_MultiModelExp_llm_rag_ollama:llama3.3:70b-8k - INFO - Query: 
    Please identify system-level proximity relationships (in contact) between the components of CubeSat (nanosatellite), as listed below, and represent them in a Design Structure Matrix (DSM) format.  
    The relationships should be articulated in plain English, capturing the essence of their interactions. 
    Here is the list of subsystems/components to analyze: ['Spacecraft', 'Guidance, Navigation, and Control (GNC) Subsystem', 'Propulsion Subsystem', 'Power Subsystem', 'Reaction Wheel', 'GNC Software'] 
    The DSM should clearly indicate the interactions between these components as 1 exist and 0 does not exist, considering both the presence and nature of these connections.         
    Present the output in a square matrix format (number of rows and columns MUST be the same as the number of components = 6 for this example), with rows and columns labeled accordingly. 
    Diagonal elements should be 1 in DSM matrix since each component interacts with itself. 
    If you don't know the answer, just write 2 for the specific cell that you are unsure of. A worst case scenario of the **as a list of lists** shown below (diagonal elements are 1 and rest are 2). Don't make up an answer.     final response = [
        [1, 2, 2, 2, 2, 2],
        [2, 1, 2, 2, 2, 2],
        [2, 2, 1, 2, 2, 2],
        [2, 2, 2, 1, 2, 2],
        [2, 2, 2, 2, 1, 2],
        [2, 2, 2, 2, 2, 1]
    ]

    IMPORTANT: Your response must **ONLY** contain a valid **as a list of lists** in the following example format 7x7 matrix.     
    The below list of lists is just an example format of your response. **Replace** the values with your **actual analysis** while providing your response with parameter of 'final response'.    
    final response = [
        [1, 0, 0, 0, 0, 0],
        [0, 1, 0, 0, 0, 0],
        [0, 0, 1, 0, 0, 0],
        [0, 0, 0, 1, 0, 0],
        [0, 0, 0, 0, 1, 0],
        [0, 0, 0, 0, 0, 1]
    ]

    IMPORTANT: THE FORMAT OF THE OUTPUT MUST BE AS LIST OF LISTS ONLY SIMILAR TO THE ONE ABOVE (NO LATEX, CODE, OR OTHER ENCODINGS).
    
2025-02-16 15:21:39,033 - DSM_MultiModelExp_llm_rag_ollama:llama3.3:70b-8k - INFO - Response: final response = [
        [1, 1, 1, 1, 1, 1],
        [1, 1, 0, 0, 1, 1],
        [1, 0, 1, 1, 0, 0],
        [1, 0, 1, 1, 0, 0],
        [1, 1, 0, 0, 1, 0],
        [1, 1, 0, 0, 0, 1]
    ]
2025-02-16 15:21:39,033 - DSM_MultiModelExp_llm_rag_ollama:llama3.3:70b-8k - INFO - Matrix: [[1, 1, 1, 1, 1, 1], [1, 1, 0, 0, 1, 1], [1, 0, 1, 1, 0, 0], [1, 0, 1, 1, 0, 0], [1, 1, 0, 0, 1, 0], [1, 1, 0, 0, 0, 1]]
2025-02-16 15:21:39,034 - DSM_MultiModelExp_llm_rag_ollama:llama3.3:70b-8k - INFO - Matrix from response.
2025-02-16 15:21:39,034 - DSM_MultiModelExp_llm_rag_ollama:llama3.3:70b-8k - INFO - At run 5/5
2025-02-16 15:21:39,035 - DSM_MultiModelExp_llm_rag_ollama:llama3.3:70b-8k - INFO - Matrix: [[1, 1, 1, 1, 1, 1], [1, 1, 0, 0, 1, 1], [1, 0, 1, 1, 0, 0], [1, 0, 1, 1, 0, 0], [1, 1, 0, 0, 1, 0], [1, 1, 0, 0, 0, 1]]
2025-02-16 15:21:39,035 - DSM_MultiModelExp_llm_rag_ollama:llama3.3:70b-8k - INFO - --------------------------------------------------
2025-02-16 15:21:49,046 - DSM_MultiModelExp_llm_rag_ollama:llama3.3:70b-8k - INFO - Duration of reference combination {'R1': [{'path': '../data/use_cases_large/CubeSat/reference_pdfs/R1_combined.pdf'}]}: 0:02:19.571719
2025-02-16 15:21:49,046 - DSM_MultiModelExp_llm_rag_ollama:llama3.3:70b-8k - INFO - ++++++++++++++++++++++++++++++++++++++++++++++++++++++++++++++++++++++++++++++++++++++++++++++++++++
2025-02-16 15:21:49,047 - DSM_MultiModelExp_llm_rag_ollama:llama3.3:70b-8k - INFO - Run 1/5
2025-02-16 15:21:49,094 - DSM_MultiModelExp_llm_rag_ollama:llama3.3:70b-8k - INFO - DEBUG: Initializing RAGInference.
2025-02-16 15:21:49,095 - DSM_MultiModelExp_llm_rag_ollama:llama3.3:70b-8k - INFO - Using R-type: ['R2']
2025-02-16 15:21:49,096 - DSM_MultiModelExp_llm_rag_ollama:llama3.3:70b-8k - INFO - Using embedding model: text-embedding-3-small
2025-02-16 15:21:49,130 - DSM_MultiModelExp_llm_rag_ollama:llama3.3:70b-8k - INFO - VectorStoreManager initialized
2025-02-16 15:21:49,131 - DSM_MultiModelExp_llm_rag_ollama:llama3.3:70b-8k - INFO - Set database path to: xLM_DSM/data/vectorstore/CubeSat/llm_rag/text-embedding-3-small
2025-02-16 15:21:49,139 - DSM_MultiModelExp_llm_rag_ollama:llama3.3:70b-8k - INFO - Collection count: 2320
2025-02-16 15:21:49,142 - DSM_MultiModelExp_llm_rag_ollama:llama3.3:70b-8k - INFO - Initialized RAG inference for system: CubeSat
2025-02-16 15:21:49,143 - DSM_MultiModelExp_llm_rag_ollama:llama3.3:70b-8k - INFO - Initialized DSM for system: CubeSat
2025-02-16 15:21:49,143 - DSM_MultiModelExp_llm_rag_ollama:llama3.3:70b-8k - INFO - Inference model: ollama:llama3.3:70b-8k
2025-02-16 15:22:01,864 - DSM_MultiModelExp_llm_rag_ollama:llama3.3:70b-8k - INFO - Number of documents retrieved: 2
2025-02-16 15:22:01,865 - DSM_MultiModelExp_llm_rag_ollama:llama3.3:70b-8k - INFO - Documents used for this query:
2025-02-16 15:22:01,866 - DSM_MultiModelExp_llm_rag_ollama:llama3.3:70b-8k - INFO - File: ../data/use_cases_large/CubeSat/reference_pdfs/R2_combined.pdf
2025-02-16 15:22:01,867 - DSM_MultiModelExp_llm_rag_ollama:llama3.3:70b-8k - INFO - Page: 527
2025-02-16 15:22:01,868 - DSM_MultiModelExp_llm_rag_ollama:llama3.3:70b-8k - INFO - Content: 7 Conclusions
In this chapter an overview of best practices during the structural system design and
manufacturing has been presented. In particular, attention has been focused on the def-
inition of t ...
2025-02-16 15:22:01,869 - DSM_MultiModelExp_llm_rag_ollama:llama3.3:70b-8k - INFO - File: ../data/use_cases_large/CubeSat/reference_pdfs/R2_combined.pdf
2025-02-16 15:22:01,870 - DSM_MultiModelExp_llm_rag_ollama:llama3.3:70b-8k - INFO - Page: 369
2025-02-16 15:22:01,871 - DSM_MultiModelExp_llm_rag_ollama:llama3.3:70b-8k - INFO - Content: l
performance requirements
l
system scalability requirements
2. Space segment
l
constellation requirements
l
spacecraft requirements
l
general requirements
l
payload requirements
3. Ground segment
l
g ...
2025-02-16 15:22:01,872 - DSM_MultiModelExp_llm_rag_ollama:llama3.3:70b-8k - INFO - Raw Response: final response = [
        [1, 1, 1, 1, 1, 1],
        [1, 1, 0, 0, 1, 1],
        [1, 0, 1, 1, 0, 0],
        [1, 0, 1, 1, 1, 0],
        [1, 1, 0, 1, 1, 0],
        [1, 1, 0, 0, 0, 1]
    ]
2025-02-16 15:22:01,872 - DSM_MultiModelExp_llm_rag_ollama:llama3.3:70b-8k - INFO - Query: 
    Please identify system-level proximity relationships (in contact) between the components of CubeSat (nanosatellite), as listed below, and represent them in a Design Structure Matrix (DSM) format.  
    The relationships should be articulated in plain English, capturing the essence of their interactions. 
    Here is the list of subsystems/components to analyze: ['Spacecraft', 'Guidance, Navigation, and Control (GNC) Subsystem', 'Propulsion Subsystem', 'Power Subsystem', 'Reaction Wheel', 'GNC Software'] 
    The DSM should clearly indicate the interactions between these components as 1 exist and 0 does not exist, considering both the presence and nature of these connections.         
    Present the output in a square matrix format (number of rows and columns MUST be the same as the number of components = 6 for this example), with rows and columns labeled accordingly. 
    Diagonal elements should be 1 in DSM matrix since each component interacts with itself. 
    If you don't know the answer, just write 2 for the specific cell that you are unsure of. A worst case scenario of the **as a list of lists** shown below (diagonal elements are 1 and rest are 2). Don't make up an answer.     final response = [
        [1, 2, 2, 2, 2, 2],
        [2, 1, 2, 2, 2, 2],
        [2, 2, 1, 2, 2, 2],
        [2, 2, 2, 1, 2, 2],
        [2, 2, 2, 2, 1, 2],
        [2, 2, 2, 2, 2, 1]
    ]

    IMPORTANT: Your response must **ONLY** contain a valid **as a list of lists** in the following example format 7x7 matrix.     
    The below list of lists is just an example format of your response. **Replace** the values with your **actual analysis** while providing your response with parameter of 'final response'.    
    final response = [
        [1, 0, 0, 0, 0, 0],
        [0, 1, 0, 0, 0, 0],
        [0, 0, 1, 0, 0, 0],
        [0, 0, 0, 1, 0, 0],
        [0, 0, 0, 0, 1, 0],
        [0, 0, 0, 0, 0, 1]
    ]

    IMPORTANT: THE FORMAT OF THE OUTPUT MUST BE AS LIST OF LISTS ONLY SIMILAR TO THE ONE ABOVE (NO LATEX, CODE, OR OTHER ENCODINGS).
    
2025-02-16 15:22:01,873 - DSM_MultiModelExp_llm_rag_ollama:llama3.3:70b-8k - INFO - Response: final response = [
        [1, 1, 1, 1, 1, 1],
        [1, 1, 0, 0, 1, 1],
        [1, 0, 1, 1, 0, 0],
        [1, 0, 1, 1, 1, 0],
        [1, 1, 0, 1, 1, 0],
        [1, 1, 0, 0, 0, 1]
    ]
2025-02-16 15:22:01,875 - DSM_MultiModelExp_llm_rag_ollama:llama3.3:70b-8k - INFO - Matrix: [[1, 1, 1, 1, 1, 1], [1, 1, 0, 0, 1, 1], [1, 0, 1, 1, 0, 0], [1, 0, 1, 1, 1, 0], [1, 1, 0, 1, 1, 0], [1, 1, 0, 0, 0, 1]]
2025-02-16 15:22:01,875 - DSM_MultiModelExp_llm_rag_ollama:llama3.3:70b-8k - INFO - Matrix from response.
2025-02-16 15:22:01,876 - DSM_MultiModelExp_llm_rag_ollama:llama3.3:70b-8k - INFO - At run 1/5
2025-02-16 15:22:01,877 - DSM_MultiModelExp_llm_rag_ollama:llama3.3:70b-8k - INFO - Matrix: [[1, 1, 1, 1, 1, 1], [1, 1, 0, 0, 1, 1], [1, 0, 1, 1, 0, 0], [1, 0, 1, 1, 1, 0], [1, 1, 0, 1, 1, 0], [1, 1, 0, 0, 0, 1]]
2025-02-16 15:22:01,878 - DSM_MultiModelExp_llm_rag_ollama:llama3.3:70b-8k - INFO - --------------------------------------------------
2025-02-16 15:22:11,889 - DSM_MultiModelExp_llm_rag_ollama:llama3.3:70b-8k - INFO - Run 2/5
2025-02-16 15:22:11,925 - DSM_MultiModelExp_llm_rag_ollama:llama3.3:70b-8k - INFO - DEBUG: Initializing RAGInference.
2025-02-16 15:22:11,926 - DSM_MultiModelExp_llm_rag_ollama:llama3.3:70b-8k - INFO - Using R-type: ['R2']
2025-02-16 15:22:11,927 - DSM_MultiModelExp_llm_rag_ollama:llama3.3:70b-8k - INFO - Using embedding model: text-embedding-3-small
2025-02-16 15:22:11,963 - DSM_MultiModelExp_llm_rag_ollama:llama3.3:70b-8k - INFO - VectorStoreManager initialized
2025-02-16 15:22:11,964 - DSM_MultiModelExp_llm_rag_ollama:llama3.3:70b-8k - INFO - Set database path to: xLM_DSM/data/vectorstore/CubeSat/llm_rag/text-embedding-3-small
2025-02-16 15:22:11,973 - DSM_MultiModelExp_llm_rag_ollama:llama3.3:70b-8k - INFO - Collection count: 2320
2025-02-16 15:22:11,976 - DSM_MultiModelExp_llm_rag_ollama:llama3.3:70b-8k - INFO - Initialized RAG inference for system: CubeSat
2025-02-16 15:22:11,976 - DSM_MultiModelExp_llm_rag_ollama:llama3.3:70b-8k - INFO - Initialized DSM for system: CubeSat
2025-02-16 15:22:11,977 - DSM_MultiModelExp_llm_rag_ollama:llama3.3:70b-8k - INFO - Inference model: ollama:llama3.3:70b-8k
2025-02-16 15:22:22,656 - DSM_MultiModelExp_llm_rag_ollama:llama3.3:70b-8k - INFO - Number of documents retrieved: 2
2025-02-16 15:22:22,657 - DSM_MultiModelExp_llm_rag_ollama:llama3.3:70b-8k - INFO - Documents used for this query:
2025-02-16 15:22:22,658 - DSM_MultiModelExp_llm_rag_ollama:llama3.3:70b-8k - INFO - File: ../data/use_cases_large/CubeSat/reference_pdfs/R2_combined.pdf
2025-02-16 15:22:22,659 - DSM_MultiModelExp_llm_rag_ollama:llama3.3:70b-8k - INFO - Page: 527
2025-02-16 15:22:22,660 - DSM_MultiModelExp_llm_rag_ollama:llama3.3:70b-8k - INFO - Content: 7 Conclusions
In this chapter an overview of best practices during the structural system design and
manufacturing has been presented. In particular, attention has been focused on the def-
inition of t ...
2025-02-16 15:22:22,661 - DSM_MultiModelExp_llm_rag_ollama:llama3.3:70b-8k - INFO - File: ../data/use_cases_large/CubeSat/reference_pdfs/R2_combined.pdf
2025-02-16 15:22:22,662 - DSM_MultiModelExp_llm_rag_ollama:llama3.3:70b-8k - INFO - Page: 369
2025-02-16 15:22:22,663 - DSM_MultiModelExp_llm_rag_ollama:llama3.3:70b-8k - INFO - Content: l
performance requirements
l
system scalability requirements
2. Space segment
l
constellation requirements
l
spacecraft requirements
l
general requirements
l
payload requirements
3. Ground segment
l
g ...
2025-02-16 15:22:22,664 - DSM_MultiModelExp_llm_rag_ollama:llama3.3:70b-8k - INFO - Raw Response: final response = [
        [1, 1, 1, 1, 1, 1],
        [1, 1, 0, 0, 1, 1],
        [1, 0, 1, 1, 0, 0],
        [1, 0, 1, 1, 1, 0],
        [1, 1, 0, 1, 1, 0],
        [1, 1, 0, 0, 0, 1]
    ]
2025-02-16 15:22:22,665 - DSM_MultiModelExp_llm_rag_ollama:llama3.3:70b-8k - INFO - Query: 
    Please identify system-level proximity relationships (in contact) between the components of CubeSat (nanosatellite), as listed below, and represent them in a Design Structure Matrix (DSM) format.  
    The relationships should be articulated in plain English, capturing the essence of their interactions. 
    Here is the list of subsystems/components to analyze: ['Spacecraft', 'Guidance, Navigation, and Control (GNC) Subsystem', 'Propulsion Subsystem', 'Power Subsystem', 'Reaction Wheel', 'GNC Software'] 
    The DSM should clearly indicate the interactions between these components as 1 exist and 0 does not exist, considering both the presence and nature of these connections.         
    Present the output in a square matrix format (number of rows and columns MUST be the same as the number of components = 6 for this example), with rows and columns labeled accordingly. 
    Diagonal elements should be 1 in DSM matrix since each component interacts with itself. 
    If you don't know the answer, just write 2 for the specific cell that you are unsure of. A worst case scenario of the **as a list of lists** shown below (diagonal elements are 1 and rest are 2). Don't make up an answer.     final response = [
        [1, 2, 2, 2, 2, 2],
        [2, 1, 2, 2, 2, 2],
        [2, 2, 1, 2, 2, 2],
        [2, 2, 2, 1, 2, 2],
        [2, 2, 2, 2, 1, 2],
        [2, 2, 2, 2, 2, 1]
    ]

    IMPORTANT: Your response must **ONLY** contain a valid **as a list of lists** in the following example format 7x7 matrix.     
    The below list of lists is just an example format of your response. **Replace** the values with your **actual analysis** while providing your response with parameter of 'final response'.    
    final response = [
        [1, 0, 0, 0, 0, 0],
        [0, 1, 0, 0, 0, 0],
        [0, 0, 1, 0, 0, 0],
        [0, 0, 0, 1, 0, 0],
        [0, 0, 0, 0, 1, 0],
        [0, 0, 0, 0, 0, 1]
    ]

    IMPORTANT: THE FORMAT OF THE OUTPUT MUST BE AS LIST OF LISTS ONLY SIMILAR TO THE ONE ABOVE (NO LATEX, CODE, OR OTHER ENCODINGS).
    
2025-02-16 15:22:22,667 - DSM_MultiModelExp_llm_rag_ollama:llama3.3:70b-8k - INFO - Response: final response = [
        [1, 1, 1, 1, 1, 1],
        [1, 1, 0, 0, 1, 1],
        [1, 0, 1, 1, 0, 0],
        [1, 0, 1, 1, 1, 0],
        [1, 1, 0, 1, 1, 0],
        [1, 1, 0, 0, 0, 1]
    ]
2025-02-16 15:22:22,668 - DSM_MultiModelExp_llm_rag_ollama:llama3.3:70b-8k - INFO - Matrix: [[1, 1, 1, 1, 1, 1], [1, 1, 0, 0, 1, 1], [1, 0, 1, 1, 0, 0], [1, 0, 1, 1, 1, 0], [1, 1, 0, 1, 1, 0], [1, 1, 0, 0, 0, 1]]
2025-02-16 15:22:22,669 - DSM_MultiModelExp_llm_rag_ollama:llama3.3:70b-8k - INFO - Matrix from response.
2025-02-16 15:22:22,670 - DSM_MultiModelExp_llm_rag_ollama:llama3.3:70b-8k - INFO - At run 2/5
2025-02-16 15:22:22,671 - DSM_MultiModelExp_llm_rag_ollama:llama3.3:70b-8k - INFO - Matrix: [[1, 1, 1, 1, 1, 1], [1, 1, 0, 0, 1, 1], [1, 0, 1, 1, 0, 0], [1, 0, 1, 1, 1, 0], [1, 1, 0, 1, 1, 0], [1, 1, 0, 0, 0, 1]]
2025-02-16 15:22:22,672 - DSM_MultiModelExp_llm_rag_ollama:llama3.3:70b-8k - INFO - --------------------------------------------------
2025-02-16 15:22:32,683 - DSM_MultiModelExp_llm_rag_ollama:llama3.3:70b-8k - INFO - Run 3/5
2025-02-16 15:22:32,723 - DSM_MultiModelExp_llm_rag_ollama:llama3.3:70b-8k - INFO - DEBUG: Initializing RAGInference.
2025-02-16 15:22:32,723 - DSM_MultiModelExp_llm_rag_ollama:llama3.3:70b-8k - INFO - Using R-type: ['R2']
2025-02-16 15:22:32,724 - DSM_MultiModelExp_llm_rag_ollama:llama3.3:70b-8k - INFO - Using embedding model: text-embedding-3-small
2025-02-16 15:22:32,760 - DSM_MultiModelExp_llm_rag_ollama:llama3.3:70b-8k - INFO - VectorStoreManager initialized
2025-02-16 15:22:32,761 - DSM_MultiModelExp_llm_rag_ollama:llama3.3:70b-8k - INFO - Set database path to: xLM_DSM/data/vectorstore/CubeSat/llm_rag/text-embedding-3-small
2025-02-16 15:22:32,769 - DSM_MultiModelExp_llm_rag_ollama:llama3.3:70b-8k - INFO - Collection count: 2320
2025-02-16 15:22:32,773 - DSM_MultiModelExp_llm_rag_ollama:llama3.3:70b-8k - INFO - Initialized RAG inference for system: CubeSat
2025-02-16 15:22:32,773 - DSM_MultiModelExp_llm_rag_ollama:llama3.3:70b-8k - INFO - Initialized DSM for system: CubeSat
2025-02-16 15:22:32,774 - DSM_MultiModelExp_llm_rag_ollama:llama3.3:70b-8k - INFO - Inference model: ollama:llama3.3:70b-8k
2025-02-16 15:22:43,535 - DSM_MultiModelExp_llm_rag_ollama:llama3.3:70b-8k - INFO - Number of documents retrieved: 2
2025-02-16 15:22:43,536 - DSM_MultiModelExp_llm_rag_ollama:llama3.3:70b-8k - INFO - Documents used for this query:
2025-02-16 15:22:43,537 - DSM_MultiModelExp_llm_rag_ollama:llama3.3:70b-8k - INFO - File: ../data/use_cases_large/CubeSat/reference_pdfs/R2_combined.pdf
2025-02-16 15:22:43,538 - DSM_MultiModelExp_llm_rag_ollama:llama3.3:70b-8k - INFO - Page: 527
2025-02-16 15:22:43,539 - DSM_MultiModelExp_llm_rag_ollama:llama3.3:70b-8k - INFO - Content: 7 Conclusions
In this chapter an overview of best practices during the structural system design and
manufacturing has been presented. In particular, attention has been focused on the def-
inition of t ...
2025-02-16 15:22:43,541 - DSM_MultiModelExp_llm_rag_ollama:llama3.3:70b-8k - INFO - File: ../data/use_cases_large/CubeSat/reference_pdfs/R2_combined.pdf
2025-02-16 15:22:43,541 - DSM_MultiModelExp_llm_rag_ollama:llama3.3:70b-8k - INFO - Page: 369
2025-02-16 15:22:43,542 - DSM_MultiModelExp_llm_rag_ollama:llama3.3:70b-8k - INFO - Content: l
performance requirements
l
system scalability requirements
2. Space segment
l
constellation requirements
l
spacecraft requirements
l
general requirements
l
payload requirements
3. Ground segment
l
g ...
2025-02-16 15:22:43,543 - DSM_MultiModelExp_llm_rag_ollama:llama3.3:70b-8k - INFO - Raw Response: final response = [
        [1, 1, 1, 1, 1, 1],
        [1, 1, 0, 0, 1, 1],
        [1, 0, 1, 1, 0, 0],
        [1, 0, 1, 1, 1, 0],
        [1, 1, 0, 1, 1, 0],
        [1, 1, 0, 0, 0, 1]
    ]
2025-02-16 15:22:43,544 - DSM_MultiModelExp_llm_rag_ollama:llama3.3:70b-8k - INFO - Query: 
    Please identify system-level proximity relationships (in contact) between the components of CubeSat (nanosatellite), as listed below, and represent them in a Design Structure Matrix (DSM) format.  
    The relationships should be articulated in plain English, capturing the essence of their interactions. 
    Here is the list of subsystems/components to analyze: ['Spacecraft', 'Guidance, Navigation, and Control (GNC) Subsystem', 'Propulsion Subsystem', 'Power Subsystem', 'Reaction Wheel', 'GNC Software'] 
    The DSM should clearly indicate the interactions between these components as 1 exist and 0 does not exist, considering both the presence and nature of these connections.         
    Present the output in a square matrix format (number of rows and columns MUST be the same as the number of components = 6 for this example), with rows and columns labeled accordingly. 
    Diagonal elements should be 1 in DSM matrix since each component interacts with itself. 
    If you don't know the answer, just write 2 for the specific cell that you are unsure of. A worst case scenario of the **as a list of lists** shown below (diagonal elements are 1 and rest are 2). Don't make up an answer.     final response = [
        [1, 2, 2, 2, 2, 2],
        [2, 1, 2, 2, 2, 2],
        [2, 2, 1, 2, 2, 2],
        [2, 2, 2, 1, 2, 2],
        [2, 2, 2, 2, 1, 2],
        [2, 2, 2, 2, 2, 1]
    ]

    IMPORTANT: Your response must **ONLY** contain a valid **as a list of lists** in the following example format 7x7 matrix.     
    The below list of lists is just an example format of your response. **Replace** the values with your **actual analysis** while providing your response with parameter of 'final response'.    
    final response = [
        [1, 0, 0, 0, 0, 0],
        [0, 1, 0, 0, 0, 0],
        [0, 0, 1, 0, 0, 0],
        [0, 0, 0, 1, 0, 0],
        [0, 0, 0, 0, 1, 0],
        [0, 0, 0, 0, 0, 1]
    ]

    IMPORTANT: THE FORMAT OF THE OUTPUT MUST BE AS LIST OF LISTS ONLY SIMILAR TO THE ONE ABOVE (NO LATEX, CODE, OR OTHER ENCODINGS).
    
2025-02-16 15:22:43,546 - DSM_MultiModelExp_llm_rag_ollama:llama3.3:70b-8k - INFO - Response: final response = [
        [1, 1, 1, 1, 1, 1],
        [1, 1, 0, 0, 1, 1],
        [1, 0, 1, 1, 0, 0],
        [1, 0, 1, 1, 1, 0],
        [1, 1, 0, 1, 1, 0],
        [1, 1, 0, 0, 0, 1]
    ]
2025-02-16 15:22:43,547 - DSM_MultiModelExp_llm_rag_ollama:llama3.3:70b-8k - INFO - Matrix: [[1, 1, 1, 1, 1, 1], [1, 1, 0, 0, 1, 1], [1, 0, 1, 1, 0, 0], [1, 0, 1, 1, 1, 0], [1, 1, 0, 1, 1, 0], [1, 1, 0, 0, 0, 1]]
2025-02-16 15:22:43,548 - DSM_MultiModelExp_llm_rag_ollama:llama3.3:70b-8k - INFO - Matrix from response.
2025-02-16 15:22:43,549 - DSM_MultiModelExp_llm_rag_ollama:llama3.3:70b-8k - INFO - At run 3/5
2025-02-16 15:22:43,549 - DSM_MultiModelExp_llm_rag_ollama:llama3.3:70b-8k - INFO - Matrix: [[1, 1, 1, 1, 1, 1], [1, 1, 0, 0, 1, 1], [1, 0, 1, 1, 0, 0], [1, 0, 1, 1, 1, 0], [1, 1, 0, 1, 1, 0], [1, 1, 0, 0, 0, 1]]
2025-02-16 15:22:43,550 - DSM_MultiModelExp_llm_rag_ollama:llama3.3:70b-8k - INFO - --------------------------------------------------
2025-02-16 15:22:53,561 - DSM_MultiModelExp_llm_rag_ollama:llama3.3:70b-8k - INFO - Run 4/5
2025-02-16 15:22:53,599 - DSM_MultiModelExp_llm_rag_ollama:llama3.3:70b-8k - INFO - DEBUG: Initializing RAGInference.
2025-02-16 15:22:53,599 - DSM_MultiModelExp_llm_rag_ollama:llama3.3:70b-8k - INFO - Using R-type: ['R2']
2025-02-16 15:22:53,600 - DSM_MultiModelExp_llm_rag_ollama:llama3.3:70b-8k - INFO - Using embedding model: text-embedding-3-small
2025-02-16 15:22:53,636 - DSM_MultiModelExp_llm_rag_ollama:llama3.3:70b-8k - INFO - VectorStoreManager initialized
2025-02-16 15:22:53,637 - DSM_MultiModelExp_llm_rag_ollama:llama3.3:70b-8k - INFO - Set database path to: xLM_DSM/data/vectorstore/CubeSat/llm_rag/text-embedding-3-small
2025-02-16 15:22:53,645 - DSM_MultiModelExp_llm_rag_ollama:llama3.3:70b-8k - INFO - Collection count: 2320
2025-02-16 15:22:53,649 - DSM_MultiModelExp_llm_rag_ollama:llama3.3:70b-8k - INFO - Initialized RAG inference for system: CubeSat
2025-02-16 15:22:53,650 - DSM_MultiModelExp_llm_rag_ollama:llama3.3:70b-8k - INFO - Initialized DSM for system: CubeSat
2025-02-16 15:22:53,650 - DSM_MultiModelExp_llm_rag_ollama:llama3.3:70b-8k - INFO - Inference model: ollama:llama3.3:70b-8k
2025-02-16 15:23:04,383 - DSM_MultiModelExp_llm_rag_ollama:llama3.3:70b-8k - INFO - Number of documents retrieved: 2
2025-02-16 15:23:04,384 - DSM_MultiModelExp_llm_rag_ollama:llama3.3:70b-8k - INFO - Documents used for this query:
2025-02-16 15:23:04,385 - DSM_MultiModelExp_llm_rag_ollama:llama3.3:70b-8k - INFO - File: ../data/use_cases_large/CubeSat/reference_pdfs/R2_combined.pdf
2025-02-16 15:23:04,386 - DSM_MultiModelExp_llm_rag_ollama:llama3.3:70b-8k - INFO - Page: 527
2025-02-16 15:23:04,387 - DSM_MultiModelExp_llm_rag_ollama:llama3.3:70b-8k - INFO - Content: 7 Conclusions
In this chapter an overview of best practices during the structural system design and
manufacturing has been presented. In particular, attention has been focused on the def-
inition of t ...
2025-02-16 15:23:04,389 - DSM_MultiModelExp_llm_rag_ollama:llama3.3:70b-8k - INFO - File: ../data/use_cases_large/CubeSat/reference_pdfs/R2_combined.pdf
2025-02-16 15:23:04,390 - DSM_MultiModelExp_llm_rag_ollama:llama3.3:70b-8k - INFO - Page: 369
2025-02-16 15:23:04,390 - DSM_MultiModelExp_llm_rag_ollama:llama3.3:70b-8k - INFO - Content: l
performance requirements
l
system scalability requirements
2. Space segment
l
constellation requirements
l
spacecraft requirements
l
general requirements
l
payload requirements
3. Ground segment
l
g ...
2025-02-16 15:23:04,392 - DSM_MultiModelExp_llm_rag_ollama:llama3.3:70b-8k - INFO - Raw Response: final response = [
        [1, 1, 1, 1, 1, 1],
        [1, 1, 0, 0, 1, 1],
        [1, 0, 1, 1, 0, 0],
        [1, 0, 1, 1, 1, 0],
        [1, 1, 0, 1, 1, 0],
        [1, 1, 0, 0, 0, 1]
    ]
2025-02-16 15:23:04,393 - DSM_MultiModelExp_llm_rag_ollama:llama3.3:70b-8k - INFO - Query: 
    Please identify system-level proximity relationships (in contact) between the components of CubeSat (nanosatellite), as listed below, and represent them in a Design Structure Matrix (DSM) format.  
    The relationships should be articulated in plain English, capturing the essence of their interactions. 
    Here is the list of subsystems/components to analyze: ['Spacecraft', 'Guidance, Navigation, and Control (GNC) Subsystem', 'Propulsion Subsystem', 'Power Subsystem', 'Reaction Wheel', 'GNC Software'] 
    The DSM should clearly indicate the interactions between these components as 1 exist and 0 does not exist, considering both the presence and nature of these connections.         
    Present the output in a square matrix format (number of rows and columns MUST be the same as the number of components = 6 for this example), with rows and columns labeled accordingly. 
    Diagonal elements should be 1 in DSM matrix since each component interacts with itself. 
    If you don't know the answer, just write 2 for the specific cell that you are unsure of. A worst case scenario of the **as a list of lists** shown below (diagonal elements are 1 and rest are 2). Don't make up an answer.     final response = [
        [1, 2, 2, 2, 2, 2],
        [2, 1, 2, 2, 2, 2],
        [2, 2, 1, 2, 2, 2],
        [2, 2, 2, 1, 2, 2],
        [2, 2, 2, 2, 1, 2],
        [2, 2, 2, 2, 2, 1]
    ]

    IMPORTANT: Your response must **ONLY** contain a valid **as a list of lists** in the following example format 7x7 matrix.     
    The below list of lists is just an example format of your response. **Replace** the values with your **actual analysis** while providing your response with parameter of 'final response'.    
    final response = [
        [1, 0, 0, 0, 0, 0],
        [0, 1, 0, 0, 0, 0],
        [0, 0, 1, 0, 0, 0],
        [0, 0, 0, 1, 0, 0],
        [0, 0, 0, 0, 1, 0],
        [0, 0, 0, 0, 0, 1]
    ]

    IMPORTANT: THE FORMAT OF THE OUTPUT MUST BE AS LIST OF LISTS ONLY SIMILAR TO THE ONE ABOVE (NO LATEX, CODE, OR OTHER ENCODINGS).
    
2025-02-16 15:23:04,394 - DSM_MultiModelExp_llm_rag_ollama:llama3.3:70b-8k - INFO - Response: final response = [
        [1, 1, 1, 1, 1, 1],
        [1, 1, 0, 0, 1, 1],
        [1, 0, 1, 1, 0, 0],
        [1, 0, 1, 1, 1, 0],
        [1, 1, 0, 1, 1, 0],
        [1, 1, 0, 0, 0, 1]
    ]
2025-02-16 15:23:04,395 - DSM_MultiModelExp_llm_rag_ollama:llama3.3:70b-8k - INFO - Matrix: [[1, 1, 1, 1, 1, 1], [1, 1, 0, 0, 1, 1], [1, 0, 1, 1, 0, 0], [1, 0, 1, 1, 1, 0], [1, 1, 0, 1, 1, 0], [1, 1, 0, 0, 0, 1]]
2025-02-16 15:23:04,396 - DSM_MultiModelExp_llm_rag_ollama:llama3.3:70b-8k - INFO - Matrix from response.
2025-02-16 15:23:04,396 - DSM_MultiModelExp_llm_rag_ollama:llama3.3:70b-8k - INFO - At run 4/5
2025-02-16 15:23:04,397 - DSM_MultiModelExp_llm_rag_ollama:llama3.3:70b-8k - INFO - Matrix: [[1, 1, 1, 1, 1, 1], [1, 1, 0, 0, 1, 1], [1, 0, 1, 1, 0, 0], [1, 0, 1, 1, 1, 0], [1, 1, 0, 1, 1, 0], [1, 1, 0, 0, 0, 1]]
2025-02-16 15:23:04,398 - DSM_MultiModelExp_llm_rag_ollama:llama3.3:70b-8k - INFO - --------------------------------------------------
2025-02-16 15:23:14,409 - DSM_MultiModelExp_llm_rag_ollama:llama3.3:70b-8k - INFO - Run 5/5
2025-02-16 15:23:14,448 - DSM_MultiModelExp_llm_rag_ollama:llama3.3:70b-8k - INFO - DEBUG: Initializing RAGInference.
2025-02-16 15:23:14,450 - DSM_MultiModelExp_llm_rag_ollama:llama3.3:70b-8k - INFO - Using R-type: ['R2']
2025-02-16 15:23:14,450 - DSM_MultiModelExp_llm_rag_ollama:llama3.3:70b-8k - INFO - Using embedding model: text-embedding-3-small
2025-02-16 15:23:14,486 - DSM_MultiModelExp_llm_rag_ollama:llama3.3:70b-8k - INFO - VectorStoreManager initialized
2025-02-16 15:23:14,487 - DSM_MultiModelExp_llm_rag_ollama:llama3.3:70b-8k - INFO - Set database path to: xLM_DSM/data/vectorstore/CubeSat/llm_rag/text-embedding-3-small
2025-02-16 15:23:14,495 - DSM_MultiModelExp_llm_rag_ollama:llama3.3:70b-8k - INFO - Collection count: 2320
2025-02-16 15:23:14,499 - DSM_MultiModelExp_llm_rag_ollama:llama3.3:70b-8k - INFO - Initialized RAG inference for system: CubeSat
2025-02-16 15:23:14,500 - DSM_MultiModelExp_llm_rag_ollama:llama3.3:70b-8k - INFO - Initialized DSM for system: CubeSat
2025-02-16 15:23:14,500 - DSM_MultiModelExp_llm_rag_ollama:llama3.3:70b-8k - INFO - Inference model: ollama:llama3.3:70b-8k
2025-02-16 15:23:25,108 - DSM_MultiModelExp_llm_rag_ollama:llama3.3:70b-8k - INFO - Number of documents retrieved: 2
2025-02-16 15:23:25,109 - DSM_MultiModelExp_llm_rag_ollama:llama3.3:70b-8k - INFO - Documents used for this query:
2025-02-16 15:23:25,110 - DSM_MultiModelExp_llm_rag_ollama:llama3.3:70b-8k - INFO - File: ../data/use_cases_large/CubeSat/reference_pdfs/R2_combined.pdf
2025-02-16 15:23:25,110 - DSM_MultiModelExp_llm_rag_ollama:llama3.3:70b-8k - INFO - Page: 527
2025-02-16 15:23:25,111 - DSM_MultiModelExp_llm_rag_ollama:llama3.3:70b-8k - INFO - Content: 7 Conclusions
In this chapter an overview of best practices during the structural system design and
manufacturing has been presented. In particular, attention has been focused on the def-
inition of t ...
2025-02-16 15:23:25,112 - DSM_MultiModelExp_llm_rag_ollama:llama3.3:70b-8k - INFO - File: ../data/use_cases_large/CubeSat/reference_pdfs/R2_combined.pdf
2025-02-16 15:23:25,113 - DSM_MultiModelExp_llm_rag_ollama:llama3.3:70b-8k - INFO - Page: 369
2025-02-16 15:23:25,114 - DSM_MultiModelExp_llm_rag_ollama:llama3.3:70b-8k - INFO - Content: l
performance requirements
l
system scalability requirements
2. Space segment
l
constellation requirements
l
spacecraft requirements
l
general requirements
l
payload requirements
3. Ground segment
l
g ...
2025-02-16 15:23:25,115 - DSM_MultiModelExp_llm_rag_ollama:llama3.3:70b-8k - INFO - Raw Response: final response = [
        [1, 1, 1, 1, 1, 1],
        [1, 1, 0, 0, 1, 1],
        [1, 0, 1, 1, 0, 0],
        [1, 0, 1, 1, 1, 0],
        [1, 1, 0, 1, 1, 0],
        [1, 1, 0, 0, 0, 1]
    ]
2025-02-16 15:23:25,115 - DSM_MultiModelExp_llm_rag_ollama:llama3.3:70b-8k - INFO - Query: 
    Please identify system-level proximity relationships (in contact) between the components of CubeSat (nanosatellite), as listed below, and represent them in a Design Structure Matrix (DSM) format.  
    The relationships should be articulated in plain English, capturing the essence of their interactions. 
    Here is the list of subsystems/components to analyze: ['Spacecraft', 'Guidance, Navigation, and Control (GNC) Subsystem', 'Propulsion Subsystem', 'Power Subsystem', 'Reaction Wheel', 'GNC Software'] 
    The DSM should clearly indicate the interactions between these components as 1 exist and 0 does not exist, considering both the presence and nature of these connections.         
    Present the output in a square matrix format (number of rows and columns MUST be the same as the number of components = 6 for this example), with rows and columns labeled accordingly. 
    Diagonal elements should be 1 in DSM matrix since each component interacts with itself. 
    If you don't know the answer, just write 2 for the specific cell that you are unsure of. A worst case scenario of the **as a list of lists** shown below (diagonal elements are 1 and rest are 2). Don't make up an answer.     final response = [
        [1, 2, 2, 2, 2, 2],
        [2, 1, 2, 2, 2, 2],
        [2, 2, 1, 2, 2, 2],
        [2, 2, 2, 1, 2, 2],
        [2, 2, 2, 2, 1, 2],
        [2, 2, 2, 2, 2, 1]
    ]

    IMPORTANT: Your response must **ONLY** contain a valid **as a list of lists** in the following example format 7x7 matrix.     
    The below list of lists is just an example format of your response. **Replace** the values with your **actual analysis** while providing your response with parameter of 'final response'.    
    final response = [
        [1, 0, 0, 0, 0, 0],
        [0, 1, 0, 0, 0, 0],
        [0, 0, 1, 0, 0, 0],
        [0, 0, 0, 1, 0, 0],
        [0, 0, 0, 0, 1, 0],
        [0, 0, 0, 0, 0, 1]
    ]

    IMPORTANT: THE FORMAT OF THE OUTPUT MUST BE AS LIST OF LISTS ONLY SIMILAR TO THE ONE ABOVE (NO LATEX, CODE, OR OTHER ENCODINGS).
    
2025-02-16 15:23:25,116 - DSM_MultiModelExp_llm_rag_ollama:llama3.3:70b-8k - INFO - Response: final response = [
        [1, 1, 1, 1, 1, 1],
        [1, 1, 0, 0, 1, 1],
        [1, 0, 1, 1, 0, 0],
        [1, 0, 1, 1, 1, 0],
        [1, 1, 0, 1, 1, 0],
        [1, 1, 0, 0, 0, 1]
    ]
2025-02-16 15:23:25,117 - DSM_MultiModelExp_llm_rag_ollama:llama3.3:70b-8k - INFO - Matrix: [[1, 1, 1, 1, 1, 1], [1, 1, 0, 0, 1, 1], [1, 0, 1, 1, 0, 0], [1, 0, 1, 1, 1, 0], [1, 1, 0, 1, 1, 0], [1, 1, 0, 0, 0, 1]]
2025-02-16 15:23:25,118 - DSM_MultiModelExp_llm_rag_ollama:llama3.3:70b-8k - INFO - Matrix from response.
2025-02-16 15:23:25,118 - DSM_MultiModelExp_llm_rag_ollama:llama3.3:70b-8k - INFO - At run 5/5
2025-02-16 15:23:25,119 - DSM_MultiModelExp_llm_rag_ollama:llama3.3:70b-8k - INFO - Matrix: [[1, 1, 1, 1, 1, 1], [1, 1, 0, 0, 1, 1], [1, 0, 1, 1, 0, 0], [1, 0, 1, 1, 1, 0], [1, 1, 0, 1, 1, 0], [1, 1, 0, 0, 0, 1]]
2025-02-16 15:23:25,120 - DSM_MultiModelExp_llm_rag_ollama:llama3.3:70b-8k - INFO - --------------------------------------------------
2025-02-16 15:23:35,131 - DSM_MultiModelExp_llm_rag_ollama:llama3.3:70b-8k - INFO - Duration of reference combination {'R2': [{'path': '../data/use_cases_large/CubeSat/reference_pdfs/R2_combined.pdf'}]}: 0:01:46.083688
2025-02-16 15:23:35,132 - DSM_MultiModelExp_llm_rag_ollama:llama3.3:70b-8k - INFO - ++++++++++++++++++++++++++++++++++++++++++++++++++++++++++++++++++++++++++++++++++++++++++++++++++++
2025-02-16 15:23:35,133 - DSM_MultiModelExp_llm_rag_ollama:llama3.3:70b-8k - INFO - Run 1/5
2025-02-16 15:23:35,172 - DSM_MultiModelExp_llm_rag_ollama:llama3.3:70b-8k - INFO - DEBUG: Initializing RAGInference.
2025-02-16 15:23:35,173 - DSM_MultiModelExp_llm_rag_ollama:llama3.3:70b-8k - INFO - Using R-type: ['R3']
2025-02-16 15:23:35,173 - DSM_MultiModelExp_llm_rag_ollama:llama3.3:70b-8k - INFO - Using embedding model: text-embedding-3-small
2025-02-16 15:23:35,210 - DSM_MultiModelExp_llm_rag_ollama:llama3.3:70b-8k - INFO - VectorStoreManager initialized
2025-02-16 15:23:35,210 - DSM_MultiModelExp_llm_rag_ollama:llama3.3:70b-8k - INFO - Set database path to: xLM_DSM/data/vectorstore/CubeSat/llm_rag/text-embedding-3-small
2025-02-16 15:23:35,219 - DSM_MultiModelExp_llm_rag_ollama:llama3.3:70b-8k - INFO - Collection count: 2320
2025-02-16 15:23:35,222 - DSM_MultiModelExp_llm_rag_ollama:llama3.3:70b-8k - INFO - Initialized RAG inference for system: CubeSat
2025-02-16 15:23:35,223 - DSM_MultiModelExp_llm_rag_ollama:llama3.3:70b-8k - INFO - Initialized DSM for system: CubeSat
2025-02-16 15:23:35,224 - DSM_MultiModelExp_llm_rag_ollama:llama3.3:70b-8k - INFO - Inference model: ollama:llama3.3:70b-8k
2025-02-16 15:23:47,776 - DSM_MultiModelExp_llm_rag_ollama:llama3.3:70b-8k - INFO - Number of documents retrieved: 2
2025-02-16 15:23:47,777 - DSM_MultiModelExp_llm_rag_ollama:llama3.3:70b-8k - INFO - Documents used for this query:
2025-02-16 15:23:47,778 - DSM_MultiModelExp_llm_rag_ollama:llama3.3:70b-8k - INFO - File: ../data/use_cases_large/CubeSat/reference_pdfs/R3_combined.pdf
2025-02-16 15:23:47,779 - DSM_MultiModelExp_llm_rag_ollama:llama3.3:70b-8k - INFO - Page: 1
2025-02-16 15:23:47,780 - DSM_MultiModelExp_llm_rag_ollama:llama3.3:70b-8k - INFO - Content: CubeSats (www.cubesat.org) are small satellites 10 cm on a side that typically are put into low earth
orbit. If you are a student or teacher, you will want to check out the Ardusat site (www.ardsat.co ...
2025-02-16 15:23:47,781 - DSM_MultiModelExp_llm_rag_ollama:llama3.3:70b-8k - INFO - File: ../data/use_cases_large/CubeSat/reference_pdfs/R3_combined.pdf
2025-02-16 15:23:47,781 - DSM_MultiModelExp_llm_rag_ollama:llama3.3:70b-8k - INFO - Page: 1
2025-02-16 15:23:47,783 - DSM_MultiModelExp_llm_rag_ollama:llama3.3:70b-8k - INFO - Content: you wish.
This intermediate level project lets you explore all aspects of the satellite design process from the
building of the CubeSat model itself, to programming the Arduino-based electronics and r ...
2025-02-16 15:23:47,784 - DSM_MultiModelExp_llm_rag_ollama:llama3.3:70b-8k - INFO - Raw Response: final response = [
        [1, 1, 1, 1, 1, 1],
        [1, 1, 0, 0, 1, 1],
        [1, 0, 1, 1, 0, 0],
        [1, 0, 1, 1, 0, 0],
        [1, 1, 0, 0, 1, 0],
        [1, 1, 0, 0, 0, 1]
    ]
2025-02-16 15:23:47,785 - DSM_MultiModelExp_llm_rag_ollama:llama3.3:70b-8k - INFO - Query: 
    Please identify system-level proximity relationships (in contact) between the components of CubeSat (nanosatellite), as listed below, and represent them in a Design Structure Matrix (DSM) format.  
    The relationships should be articulated in plain English, capturing the essence of their interactions. 
    Here is the list of subsystems/components to analyze: ['Spacecraft', 'Guidance, Navigation, and Control (GNC) Subsystem', 'Propulsion Subsystem', 'Power Subsystem', 'Reaction Wheel', 'GNC Software'] 
    The DSM should clearly indicate the interactions between these components as 1 exist and 0 does not exist, considering both the presence and nature of these connections.         
    Present the output in a square matrix format (number of rows and columns MUST be the same as the number of components = 6 for this example), with rows and columns labeled accordingly. 
    Diagonal elements should be 1 in DSM matrix since each component interacts with itself. 
    If you don't know the answer, just write 2 for the specific cell that you are unsure of. A worst case scenario of the **as a list of lists** shown below (diagonal elements are 1 and rest are 2). Don't make up an answer.     final response = [
        [1, 2, 2, 2, 2, 2],
        [2, 1, 2, 2, 2, 2],
        [2, 2, 1, 2, 2, 2],
        [2, 2, 2, 1, 2, 2],
        [2, 2, 2, 2, 1, 2],
        [2, 2, 2, 2, 2, 1]
    ]

    IMPORTANT: Your response must **ONLY** contain a valid **as a list of lists** in the following example format 7x7 matrix.     
    The below list of lists is just an example format of your response. **Replace** the values with your **actual analysis** while providing your response with parameter of 'final response'.    
    final response = [
        [1, 0, 0, 0, 0, 0],
        [0, 1, 0, 0, 0, 0],
        [0, 0, 1, 0, 0, 0],
        [0, 0, 0, 1, 0, 0],
        [0, 0, 0, 0, 1, 0],
        [0, 0, 0, 0, 0, 1]
    ]

    IMPORTANT: THE FORMAT OF THE OUTPUT MUST BE AS LIST OF LISTS ONLY SIMILAR TO THE ONE ABOVE (NO LATEX, CODE, OR OTHER ENCODINGS).
    
2025-02-16 15:23:47,786 - DSM_MultiModelExp_llm_rag_ollama:llama3.3:70b-8k - INFO - Response: final response = [
        [1, 1, 1, 1, 1, 1],
        [1, 1, 0, 0, 1, 1],
        [1, 0, 1, 1, 0, 0],
        [1, 0, 1, 1, 0, 0],
        [1, 1, 0, 0, 1, 0],
        [1, 1, 0, 0, 0, 1]
    ]
2025-02-16 15:23:47,787 - DSM_MultiModelExp_llm_rag_ollama:llama3.3:70b-8k - INFO - Matrix: [[1, 1, 1, 1, 1, 1], [1, 1, 0, 0, 1, 1], [1, 0, 1, 1, 0, 0], [1, 0, 1, 1, 0, 0], [1, 1, 0, 0, 1, 0], [1, 1, 0, 0, 0, 1]]
2025-02-16 15:23:47,788 - DSM_MultiModelExp_llm_rag_ollama:llama3.3:70b-8k - INFO - Matrix from response.
2025-02-16 15:23:47,789 - DSM_MultiModelExp_llm_rag_ollama:llama3.3:70b-8k - INFO - At run 1/5
2025-02-16 15:23:47,789 - DSM_MultiModelExp_llm_rag_ollama:llama3.3:70b-8k - INFO - Matrix: [[1, 1, 1, 1, 1, 1], [1, 1, 0, 0, 1, 1], [1, 0, 1, 1, 0, 0], [1, 0, 1, 1, 0, 0], [1, 1, 0, 0, 1, 0], [1, 1, 0, 0, 0, 1]]
2025-02-16 15:23:47,790 - DSM_MultiModelExp_llm_rag_ollama:llama3.3:70b-8k - INFO - --------------------------------------------------
2025-02-16 15:23:57,802 - DSM_MultiModelExp_llm_rag_ollama:llama3.3:70b-8k - INFO - Run 2/5
2025-02-16 15:23:57,840 - DSM_MultiModelExp_llm_rag_ollama:llama3.3:70b-8k - INFO - DEBUG: Initializing RAGInference.
2025-02-16 15:23:57,841 - DSM_MultiModelExp_llm_rag_ollama:llama3.3:70b-8k - INFO - Using R-type: ['R3']
2025-02-16 15:23:57,841 - DSM_MultiModelExp_llm_rag_ollama:llama3.3:70b-8k - INFO - Using embedding model: text-embedding-3-small
2025-02-16 15:23:57,877 - DSM_MultiModelExp_llm_rag_ollama:llama3.3:70b-8k - INFO - VectorStoreManager initialized
2025-02-16 15:23:57,878 - DSM_MultiModelExp_llm_rag_ollama:llama3.3:70b-8k - INFO - Set database path to: xLM_DSM/data/vectorstore/CubeSat/llm_rag/text-embedding-3-small
2025-02-16 15:23:57,886 - DSM_MultiModelExp_llm_rag_ollama:llama3.3:70b-8k - INFO - Collection count: 2320
2025-02-16 15:23:57,890 - DSM_MultiModelExp_llm_rag_ollama:llama3.3:70b-8k - INFO - Initialized RAG inference for system: CubeSat
2025-02-16 15:23:57,891 - DSM_MultiModelExp_llm_rag_ollama:llama3.3:70b-8k - INFO - Initialized DSM for system: CubeSat
2025-02-16 15:23:57,892 - DSM_MultiModelExp_llm_rag_ollama:llama3.3:70b-8k - INFO - Inference model: ollama:llama3.3:70b-8k
2025-02-16 15:24:08,524 - DSM_MultiModelExp_llm_rag_ollama:llama3.3:70b-8k - INFO - Number of documents retrieved: 2
2025-02-16 15:24:08,525 - DSM_MultiModelExp_llm_rag_ollama:llama3.3:70b-8k - INFO - Documents used for this query:
2025-02-16 15:24:08,526 - DSM_MultiModelExp_llm_rag_ollama:llama3.3:70b-8k - INFO - File: ../data/use_cases_large/CubeSat/reference_pdfs/R3_combined.pdf
2025-02-16 15:24:08,527 - DSM_MultiModelExp_llm_rag_ollama:llama3.3:70b-8k - INFO - Page: 1
2025-02-16 15:24:08,528 - DSM_MultiModelExp_llm_rag_ollama:llama3.3:70b-8k - INFO - Content: CubeSats (www.cubesat.org) are small satellites 10 cm on a side that typically are put into low earth
orbit. If you are a student or teacher, you will want to check out the Ardusat site (www.ardsat.co ...
2025-02-16 15:24:08,528 - DSM_MultiModelExp_llm_rag_ollama:llama3.3:70b-8k - INFO - File: ../data/use_cases_large/CubeSat/reference_pdfs/R3_combined.pdf
2025-02-16 15:24:08,529 - DSM_MultiModelExp_llm_rag_ollama:llama3.3:70b-8k - INFO - Page: 1
2025-02-16 15:24:08,530 - DSM_MultiModelExp_llm_rag_ollama:llama3.3:70b-8k - INFO - Content: you wish.
This intermediate level project lets you explore all aspects of the satellite design process from the
building of the CubeSat model itself, to programming the Arduino-based electronics and r ...
2025-02-16 15:24:08,531 - DSM_MultiModelExp_llm_rag_ollama:llama3.3:70b-8k - INFO - Raw Response: final response = [
        [1, 1, 1, 1, 1, 1],
        [1, 1, 0, 0, 1, 1],
        [1, 0, 1, 1, 0, 0],
        [1, 0, 1, 1, 0, 0],
        [1, 1, 0, 0, 1, 0],
        [1, 1, 0, 0, 0, 1]
    ]
2025-02-16 15:24:08,532 - DSM_MultiModelExp_llm_rag_ollama:llama3.3:70b-8k - INFO - Query: 
    Please identify system-level proximity relationships (in contact) between the components of CubeSat (nanosatellite), as listed below, and represent them in a Design Structure Matrix (DSM) format.  
    The relationships should be articulated in plain English, capturing the essence of their interactions. 
    Here is the list of subsystems/components to analyze: ['Spacecraft', 'Guidance, Navigation, and Control (GNC) Subsystem', 'Propulsion Subsystem', 'Power Subsystem', 'Reaction Wheel', 'GNC Software'] 
    The DSM should clearly indicate the interactions between these components as 1 exist and 0 does not exist, considering both the presence and nature of these connections.         
    Present the output in a square matrix format (number of rows and columns MUST be the same as the number of components = 6 for this example), with rows and columns labeled accordingly. 
    Diagonal elements should be 1 in DSM matrix since each component interacts with itself. 
    If you don't know the answer, just write 2 for the specific cell that you are unsure of. A worst case scenario of the **as a list of lists** shown below (diagonal elements are 1 and rest are 2). Don't make up an answer.     final response = [
        [1, 2, 2, 2, 2, 2],
        [2, 1, 2, 2, 2, 2],
        [2, 2, 1, 2, 2, 2],
        [2, 2, 2, 1, 2, 2],
        [2, 2, 2, 2, 1, 2],
        [2, 2, 2, 2, 2, 1]
    ]

    IMPORTANT: Your response must **ONLY** contain a valid **as a list of lists** in the following example format 7x7 matrix.     
    The below list of lists is just an example format of your response. **Replace** the values with your **actual analysis** while providing your response with parameter of 'final response'.    
    final response = [
        [1, 0, 0, 0, 0, 0],
        [0, 1, 0, 0, 0, 0],
        [0, 0, 1, 0, 0, 0],
        [0, 0, 0, 1, 0, 0],
        [0, 0, 0, 0, 1, 0],
        [0, 0, 0, 0, 0, 1]
    ]

    IMPORTANT: THE FORMAT OF THE OUTPUT MUST BE AS LIST OF LISTS ONLY SIMILAR TO THE ONE ABOVE (NO LATEX, CODE, OR OTHER ENCODINGS).
    
2025-02-16 15:24:08,533 - DSM_MultiModelExp_llm_rag_ollama:llama3.3:70b-8k - INFO - Response: final response = [
        [1, 1, 1, 1, 1, 1],
        [1, 1, 0, 0, 1, 1],
        [1, 0, 1, 1, 0, 0],
        [1, 0, 1, 1, 0, 0],
        [1, 1, 0, 0, 1, 0],
        [1, 1, 0, 0, 0, 1]
    ]
2025-02-16 15:24:08,534 - DSM_MultiModelExp_llm_rag_ollama:llama3.3:70b-8k - INFO - Matrix: [[1, 1, 1, 1, 1, 1], [1, 1, 0, 0, 1, 1], [1, 0, 1, 1, 0, 0], [1, 0, 1, 1, 0, 0], [1, 1, 0, 0, 1, 0], [1, 1, 0, 0, 0, 1]]
2025-02-16 15:24:08,535 - DSM_MultiModelExp_llm_rag_ollama:llama3.3:70b-8k - INFO - Matrix from response.
2025-02-16 15:24:08,536 - DSM_MultiModelExp_llm_rag_ollama:llama3.3:70b-8k - INFO - At run 2/5
2025-02-16 15:24:08,537 - DSM_MultiModelExp_llm_rag_ollama:llama3.3:70b-8k - INFO - Matrix: [[1, 1, 1, 1, 1, 1], [1, 1, 0, 0, 1, 1], [1, 0, 1, 1, 0, 0], [1, 0, 1, 1, 0, 0], [1, 1, 0, 0, 1, 0], [1, 1, 0, 0, 0, 1]]
2025-02-16 15:24:08,537 - DSM_MultiModelExp_llm_rag_ollama:llama3.3:70b-8k - INFO - --------------------------------------------------
2025-02-16 15:24:18,548 - DSM_MultiModelExp_llm_rag_ollama:llama3.3:70b-8k - INFO - Run 3/5
2025-02-16 15:24:18,585 - DSM_MultiModelExp_llm_rag_ollama:llama3.3:70b-8k - INFO - DEBUG: Initializing RAGInference.
2025-02-16 15:24:18,585 - DSM_MultiModelExp_llm_rag_ollama:llama3.3:70b-8k - INFO - Using R-type: ['R3']
2025-02-16 15:24:18,586 - DSM_MultiModelExp_llm_rag_ollama:llama3.3:70b-8k - INFO - Using embedding model: text-embedding-3-small
2025-02-16 15:24:18,621 - DSM_MultiModelExp_llm_rag_ollama:llama3.3:70b-8k - INFO - VectorStoreManager initialized
2025-02-16 15:24:18,622 - DSM_MultiModelExp_llm_rag_ollama:llama3.3:70b-8k - INFO - Set database path to: xLM_DSM/data/vectorstore/CubeSat/llm_rag/text-embedding-3-small
2025-02-16 15:24:18,630 - DSM_MultiModelExp_llm_rag_ollama:llama3.3:70b-8k - INFO - Collection count: 2320
2025-02-16 15:24:18,633 - DSM_MultiModelExp_llm_rag_ollama:llama3.3:70b-8k - INFO - Initialized RAG inference for system: CubeSat
2025-02-16 15:24:18,634 - DSM_MultiModelExp_llm_rag_ollama:llama3.3:70b-8k - INFO - Initialized DSM for system: CubeSat
2025-02-16 15:24:18,634 - DSM_MultiModelExp_llm_rag_ollama:llama3.3:70b-8k - INFO - Inference model: ollama:llama3.3:70b-8k
2025-02-16 15:24:29,671 - DSM_MultiModelExp_llm_rag_ollama:llama3.3:70b-8k - INFO - Number of documents retrieved: 2
2025-02-16 15:24:29,672 - DSM_MultiModelExp_llm_rag_ollama:llama3.3:70b-8k - INFO - Documents used for this query:
2025-02-16 15:24:29,673 - DSM_MultiModelExp_llm_rag_ollama:llama3.3:70b-8k - INFO - File: ../data/use_cases_large/CubeSat/reference_pdfs/R3_combined.pdf
2025-02-16 15:24:29,675 - DSM_MultiModelExp_llm_rag_ollama:llama3.3:70b-8k - INFO - Page: 1
2025-02-16 15:24:29,676 - DSM_MultiModelExp_llm_rag_ollama:llama3.3:70b-8k - INFO - Content: CubeSats (www.cubesat.org) are small satellites 10 cm on a side that typically are put into low earth
orbit. If you are a student or teacher, you will want to check out the Ardusat site (www.ardsat.co ...
2025-02-16 15:24:29,676 - DSM_MultiModelExp_llm_rag_ollama:llama3.3:70b-8k - INFO - File: ../data/use_cases_large/CubeSat/reference_pdfs/R3_combined.pdf
2025-02-16 15:24:29,677 - DSM_MultiModelExp_llm_rag_ollama:llama3.3:70b-8k - INFO - Page: 1
2025-02-16 15:24:29,678 - DSM_MultiModelExp_llm_rag_ollama:llama3.3:70b-8k - INFO - Content: you wish.
This intermediate level project lets you explore all aspects of the satellite design process from the
building of the CubeSat model itself, to programming the Arduino-based electronics and r ...
2025-02-16 15:24:29,679 - DSM_MultiModelExp_llm_rag_ollama:llama3.3:70b-8k - INFO - Raw Response: final response = [
        [1, 1, 1, 1, 1, 1],
        [1, 1, 0, 0, 1, 1],
        [1, 0, 1, 1, 0, 0],
        [1, 0, 1, 1, 0, 0],
        [1, 1, 0, 0, 1, 0],
        [1, 1, 0, 0, 0, 1]
    ]
2025-02-16 15:24:29,680 - DSM_MultiModelExp_llm_rag_ollama:llama3.3:70b-8k - INFO - Query: 
    Please identify system-level proximity relationships (in contact) between the components of CubeSat (nanosatellite), as listed below, and represent them in a Design Structure Matrix (DSM) format.  
    The relationships should be articulated in plain English, capturing the essence of their interactions. 
    Here is the list of subsystems/components to analyze: ['Spacecraft', 'Guidance, Navigation, and Control (GNC) Subsystem', 'Propulsion Subsystem', 'Power Subsystem', 'Reaction Wheel', 'GNC Software'] 
    The DSM should clearly indicate the interactions between these components as 1 exist and 0 does not exist, considering both the presence and nature of these connections.         
    Present the output in a square matrix format (number of rows and columns MUST be the same as the number of components = 6 for this example), with rows and columns labeled accordingly. 
    Diagonal elements should be 1 in DSM matrix since each component interacts with itself. 
    If you don't know the answer, just write 2 for the specific cell that you are unsure of. A worst case scenario of the **as a list of lists** shown below (diagonal elements are 1 and rest are 2). Don't make up an answer.     final response = [
        [1, 2, 2, 2, 2, 2],
        [2, 1, 2, 2, 2, 2],
        [2, 2, 1, 2, 2, 2],
        [2, 2, 2, 1, 2, 2],
        [2, 2, 2, 2, 1, 2],
        [2, 2, 2, 2, 2, 1]
    ]

    IMPORTANT: Your response must **ONLY** contain a valid **as a list of lists** in the following example format 7x7 matrix.     
    The below list of lists is just an example format of your response. **Replace** the values with your **actual analysis** while providing your response with parameter of 'final response'.    
    final response = [
        [1, 0, 0, 0, 0, 0],
        [0, 1, 0, 0, 0, 0],
        [0, 0, 1, 0, 0, 0],
        [0, 0, 0, 1, 0, 0],
        [0, 0, 0, 0, 1, 0],
        [0, 0, 0, 0, 0, 1]
    ]

    IMPORTANT: THE FORMAT OF THE OUTPUT MUST BE AS LIST OF LISTS ONLY SIMILAR TO THE ONE ABOVE (NO LATEX, CODE, OR OTHER ENCODINGS).
    
2025-02-16 15:24:29,681 - DSM_MultiModelExp_llm_rag_ollama:llama3.3:70b-8k - INFO - Response: final response = [
        [1, 1, 1, 1, 1, 1],
        [1, 1, 0, 0, 1, 1],
        [1, 0, 1, 1, 0, 0],
        [1, 0, 1, 1, 0, 0],
        [1, 1, 0, 0, 1, 0],
        [1, 1, 0, 0, 0, 1]
    ]
2025-02-16 15:24:29,682 - DSM_MultiModelExp_llm_rag_ollama:llama3.3:70b-8k - INFO - Matrix: [[1, 1, 1, 1, 1, 1], [1, 1, 0, 0, 1, 1], [1, 0, 1, 1, 0, 0], [1, 0, 1, 1, 0, 0], [1, 1, 0, 0, 1, 0], [1, 1, 0, 0, 0, 1]]
2025-02-16 15:24:29,683 - DSM_MultiModelExp_llm_rag_ollama:llama3.3:70b-8k - INFO - Matrix from response.
2025-02-16 15:24:29,684 - DSM_MultiModelExp_llm_rag_ollama:llama3.3:70b-8k - INFO - At run 3/5
2025-02-16 15:24:29,684 - DSM_MultiModelExp_llm_rag_ollama:llama3.3:70b-8k - INFO - Matrix: [[1, 1, 1, 1, 1, 1], [1, 1, 0, 0, 1, 1], [1, 0, 1, 1, 0, 0], [1, 0, 1, 1, 0, 0], [1, 1, 0, 0, 1, 0], [1, 1, 0, 0, 0, 1]]
2025-02-16 15:24:29,685 - DSM_MultiModelExp_llm_rag_ollama:llama3.3:70b-8k - INFO - --------------------------------------------------
2025-02-16 15:24:39,696 - DSM_MultiModelExp_llm_rag_ollama:llama3.3:70b-8k - INFO - Run 4/5
2025-02-16 15:24:39,734 - DSM_MultiModelExp_llm_rag_ollama:llama3.3:70b-8k - INFO - DEBUG: Initializing RAGInference.
2025-02-16 15:24:39,735 - DSM_MultiModelExp_llm_rag_ollama:llama3.3:70b-8k - INFO - Using R-type: ['R3']
2025-02-16 15:24:39,736 - DSM_MultiModelExp_llm_rag_ollama:llama3.3:70b-8k - INFO - Using embedding model: text-embedding-3-small
2025-02-16 15:24:39,771 - DSM_MultiModelExp_llm_rag_ollama:llama3.3:70b-8k - INFO - VectorStoreManager initialized
2025-02-16 15:24:39,772 - DSM_MultiModelExp_llm_rag_ollama:llama3.3:70b-8k - INFO - Set database path to: xLM_DSM/data/vectorstore/CubeSat/llm_rag/text-embedding-3-small
2025-02-16 15:24:39,781 - DSM_MultiModelExp_llm_rag_ollama:llama3.3:70b-8k - INFO - Collection count: 2320
2025-02-16 15:24:39,784 - DSM_MultiModelExp_llm_rag_ollama:llama3.3:70b-8k - INFO - Initialized RAG inference for system: CubeSat
2025-02-16 15:24:39,785 - DSM_MultiModelExp_llm_rag_ollama:llama3.3:70b-8k - INFO - Initialized DSM for system: CubeSat
2025-02-16 15:24:39,785 - DSM_MultiModelExp_llm_rag_ollama:llama3.3:70b-8k - INFO - Inference model: ollama:llama3.3:70b-8k
2025-02-16 15:24:50,508 - DSM_MultiModelExp_llm_rag_ollama:llama3.3:70b-8k - INFO - Number of documents retrieved: 2
2025-02-16 15:24:50,509 - DSM_MultiModelExp_llm_rag_ollama:llama3.3:70b-8k - INFO - Documents used for this query:
2025-02-16 15:24:50,510 - DSM_MultiModelExp_llm_rag_ollama:llama3.3:70b-8k - INFO - File: ../data/use_cases_large/CubeSat/reference_pdfs/R3_combined.pdf
2025-02-16 15:24:50,511 - DSM_MultiModelExp_llm_rag_ollama:llama3.3:70b-8k - INFO - Page: 1
2025-02-16 15:24:50,512 - DSM_MultiModelExp_llm_rag_ollama:llama3.3:70b-8k - INFO - Content: CubeSats (www.cubesat.org) are small satellites 10 cm on a side that typically are put into low earth
orbit. If you are a student or teacher, you will want to check out the Ardusat site (www.ardsat.co ...
2025-02-16 15:24:50,513 - DSM_MultiModelExp_llm_rag_ollama:llama3.3:70b-8k - INFO - File: ../data/use_cases_large/CubeSat/reference_pdfs/R3_combined.pdf
2025-02-16 15:24:50,514 - DSM_MultiModelExp_llm_rag_ollama:llama3.3:70b-8k - INFO - Page: 1
2025-02-16 15:24:50,515 - DSM_MultiModelExp_llm_rag_ollama:llama3.3:70b-8k - INFO - Content: you wish.
This intermediate level project lets you explore all aspects of the satellite design process from the
building of the CubeSat model itself, to programming the Arduino-based electronics and r ...
2025-02-16 15:24:50,516 - DSM_MultiModelExp_llm_rag_ollama:llama3.3:70b-8k - INFO - Raw Response: final response = [
        [1, 1, 1, 1, 1, 1],
        [1, 1, 0, 0, 1, 1],
        [1, 0, 1, 1, 0, 0],
        [1, 0, 1, 1, 0, 0],
        [1, 1, 0, 0, 1, 0],
        [1, 1, 0, 0, 0, 1]
    ]
2025-02-16 15:24:50,517 - DSM_MultiModelExp_llm_rag_ollama:llama3.3:70b-8k - INFO - Query: 
    Please identify system-level proximity relationships (in contact) between the components of CubeSat (nanosatellite), as listed below, and represent them in a Design Structure Matrix (DSM) format.  
    The relationships should be articulated in plain English, capturing the essence of their interactions. 
    Here is the list of subsystems/components to analyze: ['Spacecraft', 'Guidance, Navigation, and Control (GNC) Subsystem', 'Propulsion Subsystem', 'Power Subsystem', 'Reaction Wheel', 'GNC Software'] 
    The DSM should clearly indicate the interactions between these components as 1 exist and 0 does not exist, considering both the presence and nature of these connections.         
    Present the output in a square matrix format (number of rows and columns MUST be the same as the number of components = 6 for this example), with rows and columns labeled accordingly. 
    Diagonal elements should be 1 in DSM matrix since each component interacts with itself. 
    If you don't know the answer, just write 2 for the specific cell that you are unsure of. A worst case scenario of the **as a list of lists** shown below (diagonal elements are 1 and rest are 2). Don't make up an answer.     final response = [
        [1, 2, 2, 2, 2, 2],
        [2, 1, 2, 2, 2, 2],
        [2, 2, 1, 2, 2, 2],
        [2, 2, 2, 1, 2, 2],
        [2, 2, 2, 2, 1, 2],
        [2, 2, 2, 2, 2, 1]
    ]

    IMPORTANT: Your response must **ONLY** contain a valid **as a list of lists** in the following example format 7x7 matrix.     
    The below list of lists is just an example format of your response. **Replace** the values with your **actual analysis** while providing your response with parameter of 'final response'.    
    final response = [
        [1, 0, 0, 0, 0, 0],
        [0, 1, 0, 0, 0, 0],
        [0, 0, 1, 0, 0, 0],
        [0, 0, 0, 1, 0, 0],
        [0, 0, 0, 0, 1, 0],
        [0, 0, 0, 0, 0, 1]
    ]

    IMPORTANT: THE FORMAT OF THE OUTPUT MUST BE AS LIST OF LISTS ONLY SIMILAR TO THE ONE ABOVE (NO LATEX, CODE, OR OTHER ENCODINGS).
    
2025-02-16 15:24:50,518 - DSM_MultiModelExp_llm_rag_ollama:llama3.3:70b-8k - INFO - Response: final response = [
        [1, 1, 1, 1, 1, 1],
        [1, 1, 0, 0, 1, 1],
        [1, 0, 1, 1, 0, 0],
        [1, 0, 1, 1, 0, 0],
        [1, 1, 0, 0, 1, 0],
        [1, 1, 0, 0, 0, 1]
    ]
2025-02-16 15:24:50,519 - DSM_MultiModelExp_llm_rag_ollama:llama3.3:70b-8k - INFO - Matrix: [[1, 1, 1, 1, 1, 1], [1, 1, 0, 0, 1, 1], [1, 0, 1, 1, 0, 0], [1, 0, 1, 1, 0, 0], [1, 1, 0, 0, 1, 0], [1, 1, 0, 0, 0, 1]]
2025-02-16 15:24:50,519 - DSM_MultiModelExp_llm_rag_ollama:llama3.3:70b-8k - INFO - Matrix from response.
2025-02-16 15:24:50,521 - DSM_MultiModelExp_llm_rag_ollama:llama3.3:70b-8k - INFO - At run 4/5
2025-02-16 15:24:50,521 - DSM_MultiModelExp_llm_rag_ollama:llama3.3:70b-8k - INFO - Matrix: [[1, 1, 1, 1, 1, 1], [1, 1, 0, 0, 1, 1], [1, 0, 1, 1, 0, 0], [1, 0, 1, 1, 0, 0], [1, 1, 0, 0, 1, 0], [1, 1, 0, 0, 0, 1]]
2025-02-16 15:24:50,522 - DSM_MultiModelExp_llm_rag_ollama:llama3.3:70b-8k - INFO - --------------------------------------------------
2025-02-16 15:25:00,533 - DSM_MultiModelExp_llm_rag_ollama:llama3.3:70b-8k - INFO - Run 5/5
2025-02-16 15:25:00,571 - DSM_MultiModelExp_llm_rag_ollama:llama3.3:70b-8k - INFO - DEBUG: Initializing RAGInference.
2025-02-16 15:25:00,572 - DSM_MultiModelExp_llm_rag_ollama:llama3.3:70b-8k - INFO - Using R-type: ['R3']
2025-02-16 15:25:00,573 - DSM_MultiModelExp_llm_rag_ollama:llama3.3:70b-8k - INFO - Using embedding model: text-embedding-3-small
2025-02-16 15:25:00,608 - DSM_MultiModelExp_llm_rag_ollama:llama3.3:70b-8k - INFO - VectorStoreManager initialized
2025-02-16 15:25:00,609 - DSM_MultiModelExp_llm_rag_ollama:llama3.3:70b-8k - INFO - Set database path to: xLM_DSM/data/vectorstore/CubeSat/llm_rag/text-embedding-3-small
2025-02-16 15:25:00,618 - DSM_MultiModelExp_llm_rag_ollama:llama3.3:70b-8k - INFO - Collection count: 2320
2025-02-16 15:25:00,621 - DSM_MultiModelExp_llm_rag_ollama:llama3.3:70b-8k - INFO - Initialized RAG inference for system: CubeSat
2025-02-16 15:25:00,622 - DSM_MultiModelExp_llm_rag_ollama:llama3.3:70b-8k - INFO - Initialized DSM for system: CubeSat
2025-02-16 15:25:00,623 - DSM_MultiModelExp_llm_rag_ollama:llama3.3:70b-8k - INFO - Inference model: ollama:llama3.3:70b-8k
2025-02-16 15:25:11,873 - DSM_MultiModelExp_llm_rag_ollama:llama3.3:70b-8k - INFO - Number of documents retrieved: 2
2025-02-16 15:25:11,874 - DSM_MultiModelExp_llm_rag_ollama:llama3.3:70b-8k - INFO - Documents used for this query:
2025-02-16 15:25:11,875 - DSM_MultiModelExp_llm_rag_ollama:llama3.3:70b-8k - INFO - File: ../data/use_cases_large/CubeSat/reference_pdfs/R3_combined.pdf
2025-02-16 15:25:11,876 - DSM_MultiModelExp_llm_rag_ollama:llama3.3:70b-8k - INFO - Page: 1
2025-02-16 15:25:11,876 - DSM_MultiModelExp_llm_rag_ollama:llama3.3:70b-8k - INFO - Content: CubeSats (www.cubesat.org) are small satellites 10 cm on a side that typically are put into low earth
orbit. If you are a student or teacher, you will want to check out the Ardusat site (www.ardsat.co ...
2025-02-16 15:25:11,877 - DSM_MultiModelExp_llm_rag_ollama:llama3.3:70b-8k - INFO - File: ../data/use_cases_large/CubeSat/reference_pdfs/R3_combined.pdf
2025-02-16 15:25:11,878 - DSM_MultiModelExp_llm_rag_ollama:llama3.3:70b-8k - INFO - Page: 1
2025-02-16 15:25:11,880 - DSM_MultiModelExp_llm_rag_ollama:llama3.3:70b-8k - INFO - Content: you wish.
This intermediate level project lets you explore all aspects of the satellite design process from the
building of the CubeSat model itself, to programming the Arduino-based electronics and r ...
2025-02-16 15:25:11,880 - DSM_MultiModelExp_llm_rag_ollama:llama3.3:70b-8k - INFO - Raw Response: final response = [
        [1, 1, 1, 1, 1, 1],
        [1, 1, 0, 0, 1, 1],
        [1, 0, 1, 1, 0, 0],
        [1, 0, 1, 1, 0, 0],
        [1, 1, 0, 0, 1, 0],
        [1, 1, 0, 0, 0, 1]
    ]
2025-02-16 15:25:11,881 - DSM_MultiModelExp_llm_rag_ollama:llama3.3:70b-8k - INFO - Query: 
    Please identify system-level proximity relationships (in contact) between the components of CubeSat (nanosatellite), as listed below, and represent them in a Design Structure Matrix (DSM) format.  
    The relationships should be articulated in plain English, capturing the essence of their interactions. 
    Here is the list of subsystems/components to analyze: ['Spacecraft', 'Guidance, Navigation, and Control (GNC) Subsystem', 'Propulsion Subsystem', 'Power Subsystem', 'Reaction Wheel', 'GNC Software'] 
    The DSM should clearly indicate the interactions between these components as 1 exist and 0 does not exist, considering both the presence and nature of these connections.         
    Present the output in a square matrix format (number of rows and columns MUST be the same as the number of components = 6 for this example), with rows and columns labeled accordingly. 
    Diagonal elements should be 1 in DSM matrix since each component interacts with itself. 
    If you don't know the answer, just write 2 for the specific cell that you are unsure of. A worst case scenario of the **as a list of lists** shown below (diagonal elements are 1 and rest are 2). Don't make up an answer.     final response = [
        [1, 2, 2, 2, 2, 2],
        [2, 1, 2, 2, 2, 2],
        [2, 2, 1, 2, 2, 2],
        [2, 2, 2, 1, 2, 2],
        [2, 2, 2, 2, 1, 2],
        [2, 2, 2, 2, 2, 1]
    ]

    IMPORTANT: Your response must **ONLY** contain a valid **as a list of lists** in the following example format 7x7 matrix.     
    The below list of lists is just an example format of your response. **Replace** the values with your **actual analysis** while providing your response with parameter of 'final response'.    
    final response = [
        [1, 0, 0, 0, 0, 0],
        [0, 1, 0, 0, 0, 0],
        [0, 0, 1, 0, 0, 0],
        [0, 0, 0, 1, 0, 0],
        [0, 0, 0, 0, 1, 0],
        [0, 0, 0, 0, 0, 1]
    ]

    IMPORTANT: THE FORMAT OF THE OUTPUT MUST BE AS LIST OF LISTS ONLY SIMILAR TO THE ONE ABOVE (NO LATEX, CODE, OR OTHER ENCODINGS).
    
2025-02-16 15:25:11,882 - DSM_MultiModelExp_llm_rag_ollama:llama3.3:70b-8k - INFO - Response: final response = [
        [1, 1, 1, 1, 1, 1],
        [1, 1, 0, 0, 1, 1],
        [1, 0, 1, 1, 0, 0],
        [1, 0, 1, 1, 0, 0],
        [1, 1, 0, 0, 1, 0],
        [1, 1, 0, 0, 0, 1]
    ]
2025-02-16 15:25:11,883 - DSM_MultiModelExp_llm_rag_ollama:llama3.3:70b-8k - INFO - Matrix: [[1, 1, 1, 1, 1, 1], [1, 1, 0, 0, 1, 1], [1, 0, 1, 1, 0, 0], [1, 0, 1, 1, 0, 0], [1, 1, 0, 0, 1, 0], [1, 1, 0, 0, 0, 1]]
2025-02-16 15:25:11,884 - DSM_MultiModelExp_llm_rag_ollama:llama3.3:70b-8k - INFO - Matrix from response.
2025-02-16 15:25:11,885 - DSM_MultiModelExp_llm_rag_ollama:llama3.3:70b-8k - INFO - At run 5/5
2025-02-16 15:25:11,885 - DSM_MultiModelExp_llm_rag_ollama:llama3.3:70b-8k - INFO - Matrix: [[1, 1, 1, 1, 1, 1], [1, 1, 0, 0, 1, 1], [1, 0, 1, 1, 0, 0], [1, 0, 1, 1, 0, 0], [1, 1, 0, 0, 1, 0], [1, 1, 0, 0, 0, 1]]
2025-02-16 15:25:11,886 - DSM_MultiModelExp_llm_rag_ollama:llama3.3:70b-8k - INFO - --------------------------------------------------
2025-02-16 15:25:21,897 - DSM_MultiModelExp_llm_rag_ollama:llama3.3:70b-8k - INFO - Duration of reference combination {'R3': [{'path': '../data/use_cases_large/CubeSat/reference_pdfs/R3_combined.pdf'}]}: 0:01:46.763610
2025-02-16 15:25:21,898 - DSM_MultiModelExp_llm_rag_ollama:llama3.3:70b-8k - INFO - ++++++++++++++++++++++++++++++++++++++++++++++++++++++++++++++++++++++++++++++++++++++++++++++++++++
2025-02-16 15:25:21,900 - DSM_MultiModelExp_llm_rag_ollama:llama3.3:70b-8k - INFO - Run 1/5
2025-02-16 15:25:21,937 - DSM_MultiModelExp_llm_rag_ollama:llama3.3:70b-8k - INFO - DEBUG: Initializing RAGInference.
2025-02-16 15:25:21,938 - DSM_MultiModelExp_llm_rag_ollama:llama3.3:70b-8k - INFO - Using R-type: ['R1', 'R2']
2025-02-16 15:25:21,939 - DSM_MultiModelExp_llm_rag_ollama:llama3.3:70b-8k - INFO - Using embedding model: text-embedding-3-small
2025-02-16 15:25:21,976 - DSM_MultiModelExp_llm_rag_ollama:llama3.3:70b-8k - INFO - VectorStoreManager initialized
2025-02-16 15:25:21,977 - DSM_MultiModelExp_llm_rag_ollama:llama3.3:70b-8k - INFO - Set database path to: xLM_DSM/data/vectorstore/CubeSat/llm_rag/text-embedding-3-small
2025-02-16 15:25:21,985 - DSM_MultiModelExp_llm_rag_ollama:llama3.3:70b-8k - INFO - Collection count: 2320
2025-02-16 15:25:21,988 - DSM_MultiModelExp_llm_rag_ollama:llama3.3:70b-8k - INFO - Initialized RAG inference for system: CubeSat
2025-02-16 15:25:21,989 - DSM_MultiModelExp_llm_rag_ollama:llama3.3:70b-8k - INFO - Initialized DSM for system: CubeSat
2025-02-16 15:25:21,989 - DSM_MultiModelExp_llm_rag_ollama:llama3.3:70b-8k - INFO - Inference model: ollama:llama3.3:70b-8k
2025-02-16 15:25:34,846 - DSM_MultiModelExp_llm_rag_ollama:llama3.3:70b-8k - INFO - Number of documents retrieved: 2
2025-02-16 15:25:34,847 - DSM_MultiModelExp_llm_rag_ollama:llama3.3:70b-8k - INFO - Documents used for this query:
2025-02-16 15:25:34,848 - DSM_MultiModelExp_llm_rag_ollama:llama3.3:70b-8k - INFO - File: ../data/use_cases_large/CubeSat/reference_pdfs/R1_combined.pdf
2025-02-16 15:25:34,849 - DSM_MultiModelExp_llm_rag_ollama:llama3.3:70b-8k - INFO - Page: 15
2025-02-16 15:25:34,850 - DSM_MultiModelExp_llm_rag_ollama:llama3.3:70b-8k - INFO - Content: • Propulsion subsystem.
• Electric power subsystem (EPS).
• Structure subsystem.
• OBC subsystem.
• TT &C subsystem.
• Thermal subsystem.
Excluding the payload subsystem, in which the refinement is 
c ...
2025-02-16 15:25:34,851 - DSM_MultiModelExp_llm_rag_ollama:llama3.3:70b-8k - INFO - File: ../data/use_cases_large/CubeSat/reference_pdfs/R1_combined.pdf
2025-02-16 15:25:34,852 - DSM_MultiModelExp_llm_rag_ollama:llama3.3:70b-8k - INFO - Page: 15
2025-02-16 15:25:34,852 - DSM_MultiModelExp_llm_rag_ollama:llama3.3:70b-8k - INFO - Content: ing point. The focus shifts now from system level (CubeSat 
mass, power production, form factor) to subsystem selec -
tions. Prior to going through the refinement part, the user 
is required to fill i ...
2025-02-16 15:25:34,854 - DSM_MultiModelExp_llm_rag_ollama:llama3.3:70b-8k - INFO - Raw Response: final response = [
        [1, 1, 1, 1, 1, 1],
        [1, 1, 0, 0, 1, 1],
        [1, 0, 1, 1, 0, 0],
        [1, 0, 1, 1, 0, 0],
        [1, 1, 0, 0, 1, 0],
        [1, 1, 0, 0, 0, 1]
    ]
2025-02-16 15:25:34,855 - DSM_MultiModelExp_llm_rag_ollama:llama3.3:70b-8k - INFO - Query: 
    Please identify system-level proximity relationships (in contact) between the components of CubeSat (nanosatellite), as listed below, and represent them in a Design Structure Matrix (DSM) format.  
    The relationships should be articulated in plain English, capturing the essence of their interactions. 
    Here is the list of subsystems/components to analyze: ['Spacecraft', 'Guidance, Navigation, and Control (GNC) Subsystem', 'Propulsion Subsystem', 'Power Subsystem', 'Reaction Wheel', 'GNC Software'] 
    The DSM should clearly indicate the interactions between these components as 1 exist and 0 does not exist, considering both the presence and nature of these connections.         
    Present the output in a square matrix format (number of rows and columns MUST be the same as the number of components = 6 for this example), with rows and columns labeled accordingly. 
    Diagonal elements should be 1 in DSM matrix since each component interacts with itself. 
    If you don't know the answer, just write 2 for the specific cell that you are unsure of. A worst case scenario of the **as a list of lists** shown below (diagonal elements are 1 and rest are 2). Don't make up an answer.     final response = [
        [1, 2, 2, 2, 2, 2],
        [2, 1, 2, 2, 2, 2],
        [2, 2, 1, 2, 2, 2],
        [2, 2, 2, 1, 2, 2],
        [2, 2, 2, 2, 1, 2],
        [2, 2, 2, 2, 2, 1]
    ]

    IMPORTANT: Your response must **ONLY** contain a valid **as a list of lists** in the following example format 7x7 matrix.     
    The below list of lists is just an example format of your response. **Replace** the values with your **actual analysis** while providing your response with parameter of 'final response'.    
    final response = [
        [1, 0, 0, 0, 0, 0],
        [0, 1, 0, 0, 0, 0],
        [0, 0, 1, 0, 0, 0],
        [0, 0, 0, 1, 0, 0],
        [0, 0, 0, 0, 1, 0],
        [0, 0, 0, 0, 0, 1]
    ]

    IMPORTANT: THE FORMAT OF THE OUTPUT MUST BE AS LIST OF LISTS ONLY SIMILAR TO THE ONE ABOVE (NO LATEX, CODE, OR OTHER ENCODINGS).
    
2025-02-16 15:25:34,855 - DSM_MultiModelExp_llm_rag_ollama:llama3.3:70b-8k - INFO - Response: final response = [
        [1, 1, 1, 1, 1, 1],
        [1, 1, 0, 0, 1, 1],
        [1, 0, 1, 1, 0, 0],
        [1, 0, 1, 1, 0, 0],
        [1, 1, 0, 0, 1, 0],
        [1, 1, 0, 0, 0, 1]
    ]
2025-02-16 15:25:34,857 - DSM_MultiModelExp_llm_rag_ollama:llama3.3:70b-8k - INFO - Matrix: [[1, 1, 1, 1, 1, 1], [1, 1, 0, 0, 1, 1], [1, 0, 1, 1, 0, 0], [1, 0, 1, 1, 0, 0], [1, 1, 0, 0, 1, 0], [1, 1, 0, 0, 0, 1]]
2025-02-16 15:25:34,857 - DSM_MultiModelExp_llm_rag_ollama:llama3.3:70b-8k - INFO - Matrix from response.
2025-02-16 15:25:34,858 - DSM_MultiModelExp_llm_rag_ollama:llama3.3:70b-8k - INFO - At run 1/5
2025-02-16 15:25:34,859 - DSM_MultiModelExp_llm_rag_ollama:llama3.3:70b-8k - INFO - Matrix: [[1, 1, 1, 1, 1, 1], [1, 1, 0, 0, 1, 1], [1, 0, 1, 1, 0, 0], [1, 0, 1, 1, 0, 0], [1, 1, 0, 0, 1, 0], [1, 1, 0, 0, 0, 1]]
2025-02-16 15:25:34,860 - DSM_MultiModelExp_llm_rag_ollama:llama3.3:70b-8k - INFO - --------------------------------------------------
2025-02-16 15:25:44,871 - DSM_MultiModelExp_llm_rag_ollama:llama3.3:70b-8k - INFO - Run 2/5
2025-02-16 15:25:44,908 - DSM_MultiModelExp_llm_rag_ollama:llama3.3:70b-8k - INFO - DEBUG: Initializing RAGInference.
2025-02-16 15:25:44,909 - DSM_MultiModelExp_llm_rag_ollama:llama3.3:70b-8k - INFO - Using R-type: ['R1', 'R2']
2025-02-16 15:25:44,910 - DSM_MultiModelExp_llm_rag_ollama:llama3.3:70b-8k - INFO - Using embedding model: text-embedding-3-small
2025-02-16 15:25:44,944 - DSM_MultiModelExp_llm_rag_ollama:llama3.3:70b-8k - INFO - VectorStoreManager initialized
2025-02-16 15:25:44,945 - DSM_MultiModelExp_llm_rag_ollama:llama3.3:70b-8k - INFO - Set database path to: xLM_DSM/data/vectorstore/CubeSat/llm_rag/text-embedding-3-small
2025-02-16 15:25:44,953 - DSM_MultiModelExp_llm_rag_ollama:llama3.3:70b-8k - INFO - Collection count: 2320
2025-02-16 15:25:44,956 - DSM_MultiModelExp_llm_rag_ollama:llama3.3:70b-8k - INFO - Initialized RAG inference for system: CubeSat
2025-02-16 15:25:44,957 - DSM_MultiModelExp_llm_rag_ollama:llama3.3:70b-8k - INFO - Initialized DSM for system: CubeSat
2025-02-16 15:25:44,958 - DSM_MultiModelExp_llm_rag_ollama:llama3.3:70b-8k - INFO - Inference model: ollama:llama3.3:70b-8k
2025-02-16 15:25:55,873 - DSM_MultiModelExp_llm_rag_ollama:llama3.3:70b-8k - INFO - Number of documents retrieved: 2
2025-02-16 15:25:55,875 - DSM_MultiModelExp_llm_rag_ollama:llama3.3:70b-8k - INFO - Documents used for this query:
2025-02-16 15:25:55,876 - DSM_MultiModelExp_llm_rag_ollama:llama3.3:70b-8k - INFO - File: ../data/use_cases_large/CubeSat/reference_pdfs/R1_combined.pdf
2025-02-16 15:25:55,877 - DSM_MultiModelExp_llm_rag_ollama:llama3.3:70b-8k - INFO - Page: 15
2025-02-16 15:25:55,877 - DSM_MultiModelExp_llm_rag_ollama:llama3.3:70b-8k - INFO - Content: • Propulsion subsystem.
• Electric power subsystem (EPS).
• Structure subsystem.
• OBC subsystem.
• TT &C subsystem.
• Thermal subsystem.
Excluding the payload subsystem, in which the refinement is 
c ...
2025-02-16 15:25:55,878 - DSM_MultiModelExp_llm_rag_ollama:llama3.3:70b-8k - INFO - File: ../data/use_cases_large/CubeSat/reference_pdfs/R1_combined.pdf
2025-02-16 15:25:55,879 - DSM_MultiModelExp_llm_rag_ollama:llama3.3:70b-8k - INFO - Page: 15
2025-02-16 15:25:55,880 - DSM_MultiModelExp_llm_rag_ollama:llama3.3:70b-8k - INFO - Content: ing point. The focus shifts now from system level (CubeSat 
mass, power production, form factor) to subsystem selec -
tions. Prior to going through the refinement part, the user 
is required to fill i ...
2025-02-16 15:25:55,881 - DSM_MultiModelExp_llm_rag_ollama:llama3.3:70b-8k - INFO - Raw Response: final response = [
        [1, 1, 1, 1, 1, 1],
        [1, 1, 0, 0, 1, 1],
        [1, 0, 1, 1, 0, 0],
        [1, 0, 1, 1, 0, 0],
        [1, 1, 0, 0, 1, 0],
        [1, 1, 0, 0, 0, 1]
    ]
2025-02-16 15:25:55,881 - DSM_MultiModelExp_llm_rag_ollama:llama3.3:70b-8k - INFO - Query: 
    Please identify system-level proximity relationships (in contact) between the components of CubeSat (nanosatellite), as listed below, and represent them in a Design Structure Matrix (DSM) format.  
    The relationships should be articulated in plain English, capturing the essence of their interactions. 
    Here is the list of subsystems/components to analyze: ['Spacecraft', 'Guidance, Navigation, and Control (GNC) Subsystem', 'Propulsion Subsystem', 'Power Subsystem', 'Reaction Wheel', 'GNC Software'] 
    The DSM should clearly indicate the interactions between these components as 1 exist and 0 does not exist, considering both the presence and nature of these connections.         
    Present the output in a square matrix format (number of rows and columns MUST be the same as the number of components = 6 for this example), with rows and columns labeled accordingly. 
    Diagonal elements should be 1 in DSM matrix since each component interacts with itself. 
    If you don't know the answer, just write 2 for the specific cell that you are unsure of. A worst case scenario of the **as a list of lists** shown below (diagonal elements are 1 and rest are 2). Don't make up an answer.     final response = [
        [1, 2, 2, 2, 2, 2],
        [2, 1, 2, 2, 2, 2],
        [2, 2, 1, 2, 2, 2],
        [2, 2, 2, 1, 2, 2],
        [2, 2, 2, 2, 1, 2],
        [2, 2, 2, 2, 2, 1]
    ]

    IMPORTANT: Your response must **ONLY** contain a valid **as a list of lists** in the following example format 7x7 matrix.     
    The below list of lists is just an example format of your response. **Replace** the values with your **actual analysis** while providing your response with parameter of 'final response'.    
    final response = [
        [1, 0, 0, 0, 0, 0],
        [0, 1, 0, 0, 0, 0],
        [0, 0, 1, 0, 0, 0],
        [0, 0, 0, 1, 0, 0],
        [0, 0, 0, 0, 1, 0],
        [0, 0, 0, 0, 0, 1]
    ]

    IMPORTANT: THE FORMAT OF THE OUTPUT MUST BE AS LIST OF LISTS ONLY SIMILAR TO THE ONE ABOVE (NO LATEX, CODE, OR OTHER ENCODINGS).
    
2025-02-16 15:25:55,882 - DSM_MultiModelExp_llm_rag_ollama:llama3.3:70b-8k - INFO - Response: final response = [
        [1, 1, 1, 1, 1, 1],
        [1, 1, 0, 0, 1, 1],
        [1, 0, 1, 1, 0, 0],
        [1, 0, 1, 1, 0, 0],
        [1, 1, 0, 0, 1, 0],
        [1, 1, 0, 0, 0, 1]
    ]
2025-02-16 15:25:55,883 - DSM_MultiModelExp_llm_rag_ollama:llama3.3:70b-8k - INFO - Matrix: [[1, 1, 1, 1, 1, 1], [1, 1, 0, 0, 1, 1], [1, 0, 1, 1, 0, 0], [1, 0, 1, 1, 0, 0], [1, 1, 0, 0, 1, 0], [1, 1, 0, 0, 0, 1]]
2025-02-16 15:25:55,884 - DSM_MultiModelExp_llm_rag_ollama:llama3.3:70b-8k - INFO - Matrix from response.
2025-02-16 15:25:55,884 - DSM_MultiModelExp_llm_rag_ollama:llama3.3:70b-8k - INFO - At run 2/5
2025-02-16 15:25:55,885 - DSM_MultiModelExp_llm_rag_ollama:llama3.3:70b-8k - INFO - Matrix: [[1, 1, 1, 1, 1, 1], [1, 1, 0, 0, 1, 1], [1, 0, 1, 1, 0, 0], [1, 0, 1, 1, 0, 0], [1, 1, 0, 0, 1, 0], [1, 1, 0, 0, 0, 1]]
2025-02-16 15:25:55,887 - DSM_MultiModelExp_llm_rag_ollama:llama3.3:70b-8k - INFO - --------------------------------------------------
2025-02-16 15:26:05,897 - DSM_MultiModelExp_llm_rag_ollama:llama3.3:70b-8k - INFO - Run 3/5
2025-02-16 15:26:05,933 - DSM_MultiModelExp_llm_rag_ollama:llama3.3:70b-8k - INFO - DEBUG: Initializing RAGInference.
2025-02-16 15:26:05,934 - DSM_MultiModelExp_llm_rag_ollama:llama3.3:70b-8k - INFO - Using R-type: ['R1', 'R2']
2025-02-16 15:26:05,935 - DSM_MultiModelExp_llm_rag_ollama:llama3.3:70b-8k - INFO - Using embedding model: text-embedding-3-small
2025-02-16 15:26:05,970 - DSM_MultiModelExp_llm_rag_ollama:llama3.3:70b-8k - INFO - VectorStoreManager initialized
2025-02-16 15:26:05,971 - DSM_MultiModelExp_llm_rag_ollama:llama3.3:70b-8k - INFO - Set database path to: xLM_DSM/data/vectorstore/CubeSat/llm_rag/text-embedding-3-small
2025-02-16 15:26:05,979 - DSM_MultiModelExp_llm_rag_ollama:llama3.3:70b-8k - INFO - Collection count: 2320
2025-02-16 15:26:05,983 - DSM_MultiModelExp_llm_rag_ollama:llama3.3:70b-8k - INFO - Initialized RAG inference for system: CubeSat
2025-02-16 15:26:05,984 - DSM_MultiModelExp_llm_rag_ollama:llama3.3:70b-8k - INFO - Initialized DSM for system: CubeSat
2025-02-16 15:26:05,984 - DSM_MultiModelExp_llm_rag_ollama:llama3.3:70b-8k - INFO - Inference model: ollama:llama3.3:70b-8k
2025-02-16 15:26:17,036 - DSM_MultiModelExp_llm_rag_ollama:llama3.3:70b-8k - INFO - Number of documents retrieved: 2
2025-02-16 15:26:17,037 - DSM_MultiModelExp_llm_rag_ollama:llama3.3:70b-8k - INFO - Documents used for this query:
2025-02-16 15:26:17,038 - DSM_MultiModelExp_llm_rag_ollama:llama3.3:70b-8k - INFO - File: ../data/use_cases_large/CubeSat/reference_pdfs/R1_combined.pdf
2025-02-16 15:26:17,039 - DSM_MultiModelExp_llm_rag_ollama:llama3.3:70b-8k - INFO - Page: 15
2025-02-16 15:26:17,040 - DSM_MultiModelExp_llm_rag_ollama:llama3.3:70b-8k - INFO - Content: • Propulsion subsystem.
• Electric power subsystem (EPS).
• Structure subsystem.
• OBC subsystem.
• TT &C subsystem.
• Thermal subsystem.
Excluding the payload subsystem, in which the refinement is 
c ...
2025-02-16 15:26:17,041 - DSM_MultiModelExp_llm_rag_ollama:llama3.3:70b-8k - INFO - File: ../data/use_cases_large/CubeSat/reference_pdfs/R1_combined.pdf
2025-02-16 15:26:17,042 - DSM_MultiModelExp_llm_rag_ollama:llama3.3:70b-8k - INFO - Page: 15
2025-02-16 15:26:17,043 - DSM_MultiModelExp_llm_rag_ollama:llama3.3:70b-8k - INFO - Content: ing point. The focus shifts now from system level (CubeSat 
mass, power production, form factor) to subsystem selec -
tions. Prior to going through the refinement part, the user 
is required to fill i ...
2025-02-16 15:26:17,044 - DSM_MultiModelExp_llm_rag_ollama:llama3.3:70b-8k - INFO - Raw Response: final response = [
        [1, 1, 1, 1, 1, 1],
        [1, 1, 0, 0, 1, 1],
        [1, 0, 1, 1, 0, 0],
        [1, 0, 1, 1, 0, 0],
        [1, 1, 0, 0, 1, 0],
        [1, 1, 0, 0, 0, 1]
    ]
2025-02-16 15:26:17,045 - DSM_MultiModelExp_llm_rag_ollama:llama3.3:70b-8k - INFO - Query: 
    Please identify system-level proximity relationships (in contact) between the components of CubeSat (nanosatellite), as listed below, and represent them in a Design Structure Matrix (DSM) format.  
    The relationships should be articulated in plain English, capturing the essence of their interactions. 
    Here is the list of subsystems/components to analyze: ['Spacecraft', 'Guidance, Navigation, and Control (GNC) Subsystem', 'Propulsion Subsystem', 'Power Subsystem', 'Reaction Wheel', 'GNC Software'] 
    The DSM should clearly indicate the interactions between these components as 1 exist and 0 does not exist, considering both the presence and nature of these connections.         
    Present the output in a square matrix format (number of rows and columns MUST be the same as the number of components = 6 for this example), with rows and columns labeled accordingly. 
    Diagonal elements should be 1 in DSM matrix since each component interacts with itself. 
    If you don't know the answer, just write 2 for the specific cell that you are unsure of. A worst case scenario of the **as a list of lists** shown below (diagonal elements are 1 and rest are 2). Don't make up an answer.     final response = [
        [1, 2, 2, 2, 2, 2],
        [2, 1, 2, 2, 2, 2],
        [2, 2, 1, 2, 2, 2],
        [2, 2, 2, 1, 2, 2],
        [2, 2, 2, 2, 1, 2],
        [2, 2, 2, 2, 2, 1]
    ]

    IMPORTANT: Your response must **ONLY** contain a valid **as a list of lists** in the following example format 7x7 matrix.     
    The below list of lists is just an example format of your response. **Replace** the values with your **actual analysis** while providing your response with parameter of 'final response'.    
    final response = [
        [1, 0, 0, 0, 0, 0],
        [0, 1, 0, 0, 0, 0],
        [0, 0, 1, 0, 0, 0],
        [0, 0, 0, 1, 0, 0],
        [0, 0, 0, 0, 1, 0],
        [0, 0, 0, 0, 0, 1]
    ]

    IMPORTANT: THE FORMAT OF THE OUTPUT MUST BE AS LIST OF LISTS ONLY SIMILAR TO THE ONE ABOVE (NO LATEX, CODE, OR OTHER ENCODINGS).
    
2025-02-16 15:26:17,046 - DSM_MultiModelExp_llm_rag_ollama:llama3.3:70b-8k - INFO - Response: final response = [
        [1, 1, 1, 1, 1, 1],
        [1, 1, 0, 0, 1, 1],
        [1, 0, 1, 1, 0, 0],
        [1, 0, 1, 1, 0, 0],
        [1, 1, 0, 0, 1, 0],
        [1, 1, 0, 0, 0, 1]
    ]
2025-02-16 15:26:17,047 - DSM_MultiModelExp_llm_rag_ollama:llama3.3:70b-8k - INFO - Matrix: [[1, 1, 1, 1, 1, 1], [1, 1, 0, 0, 1, 1], [1, 0, 1, 1, 0, 0], [1, 0, 1, 1, 0, 0], [1, 1, 0, 0, 1, 0], [1, 1, 0, 0, 0, 1]]
2025-02-16 15:26:17,048 - DSM_MultiModelExp_llm_rag_ollama:llama3.3:70b-8k - INFO - Matrix from response.
2025-02-16 15:26:17,049 - DSM_MultiModelExp_llm_rag_ollama:llama3.3:70b-8k - INFO - At run 3/5
2025-02-16 15:26:17,049 - DSM_MultiModelExp_llm_rag_ollama:llama3.3:70b-8k - INFO - Matrix: [[1, 1, 1, 1, 1, 1], [1, 1, 0, 0, 1, 1], [1, 0, 1, 1, 0, 0], [1, 0, 1, 1, 0, 0], [1, 1, 0, 0, 1, 0], [1, 1, 0, 0, 0, 1]]
2025-02-16 15:26:17,050 - DSM_MultiModelExp_llm_rag_ollama:llama3.3:70b-8k - INFO - --------------------------------------------------
2025-02-16 15:26:27,062 - DSM_MultiModelExp_llm_rag_ollama:llama3.3:70b-8k - INFO - Run 4/5
2025-02-16 15:26:27,098 - DSM_MultiModelExp_llm_rag_ollama:llama3.3:70b-8k - INFO - DEBUG: Initializing RAGInference.
2025-02-16 15:26:27,100 - DSM_MultiModelExp_llm_rag_ollama:llama3.3:70b-8k - INFO - Using R-type: ['R1', 'R2']
2025-02-16 15:26:27,100 - DSM_MultiModelExp_llm_rag_ollama:llama3.3:70b-8k - INFO - Using embedding model: text-embedding-3-small
2025-02-16 15:26:27,135 - DSM_MultiModelExp_llm_rag_ollama:llama3.3:70b-8k - INFO - VectorStoreManager initialized
2025-02-16 15:26:27,136 - DSM_MultiModelExp_llm_rag_ollama:llama3.3:70b-8k - INFO - Set database path to: xLM_DSM/data/vectorstore/CubeSat/llm_rag/text-embedding-3-small
2025-02-16 15:26:27,145 - DSM_MultiModelExp_llm_rag_ollama:llama3.3:70b-8k - INFO - Collection count: 2320
2025-02-16 15:26:27,148 - DSM_MultiModelExp_llm_rag_ollama:llama3.3:70b-8k - INFO - Initialized RAG inference for system: CubeSat
2025-02-16 15:26:27,149 - DSM_MultiModelExp_llm_rag_ollama:llama3.3:70b-8k - INFO - Initialized DSM for system: CubeSat
2025-02-16 15:26:27,149 - DSM_MultiModelExp_llm_rag_ollama:llama3.3:70b-8k - INFO - Inference model: ollama:llama3.3:70b-8k
2025-02-16 15:26:37,888 - DSM_MultiModelExp_llm_rag_ollama:llama3.3:70b-8k - INFO - Number of documents retrieved: 2
2025-02-16 15:26:37,889 - DSM_MultiModelExp_llm_rag_ollama:llama3.3:70b-8k - INFO - Documents used for this query:
2025-02-16 15:26:37,890 - DSM_MultiModelExp_llm_rag_ollama:llama3.3:70b-8k - INFO - File: ../data/use_cases_large/CubeSat/reference_pdfs/R1_combined.pdf
2025-02-16 15:26:37,891 - DSM_MultiModelExp_llm_rag_ollama:llama3.3:70b-8k - INFO - Page: 15
2025-02-16 15:26:37,892 - DSM_MultiModelExp_llm_rag_ollama:llama3.3:70b-8k - INFO - Content: • Propulsion subsystem.
• Electric power subsystem (EPS).
• Structure subsystem.
• OBC subsystem.
• TT &C subsystem.
• Thermal subsystem.
Excluding the payload subsystem, in which the refinement is 
c ...
2025-02-16 15:26:37,893 - DSM_MultiModelExp_llm_rag_ollama:llama3.3:70b-8k - INFO - File: ../data/use_cases_large/CubeSat/reference_pdfs/R1_combined.pdf
2025-02-16 15:26:37,894 - DSM_MultiModelExp_llm_rag_ollama:llama3.3:70b-8k - INFO - Page: 15
2025-02-16 15:26:37,895 - DSM_MultiModelExp_llm_rag_ollama:llama3.3:70b-8k - INFO - Content: ing point. The focus shifts now from system level (CubeSat 
mass, power production, form factor) to subsystem selec -
tions. Prior to going through the refinement part, the user 
is required to fill i ...
2025-02-16 15:26:37,897 - DSM_MultiModelExp_llm_rag_ollama:llama3.3:70b-8k - INFO - Raw Response: final response = [
        [1, 1, 1, 1, 1, 1],
        [1, 1, 0, 0, 1, 1],
        [1, 0, 1, 1, 0, 0],
        [1, 0, 1, 1, 0, 0],
        [1, 1, 0, 0, 1, 0],
        [1, 1, 0, 0, 0, 1]
    ]
2025-02-16 15:26:37,897 - DSM_MultiModelExp_llm_rag_ollama:llama3.3:70b-8k - INFO - Query: 
    Please identify system-level proximity relationships (in contact) between the components of CubeSat (nanosatellite), as listed below, and represent them in a Design Structure Matrix (DSM) format.  
    The relationships should be articulated in plain English, capturing the essence of their interactions. 
    Here is the list of subsystems/components to analyze: ['Spacecraft', 'Guidance, Navigation, and Control (GNC) Subsystem', 'Propulsion Subsystem', 'Power Subsystem', 'Reaction Wheel', 'GNC Software'] 
    The DSM should clearly indicate the interactions between these components as 1 exist and 0 does not exist, considering both the presence and nature of these connections.         
    Present the output in a square matrix format (number of rows and columns MUST be the same as the number of components = 6 for this example), with rows and columns labeled accordingly. 
    Diagonal elements should be 1 in DSM matrix since each component interacts with itself. 
    If you don't know the answer, just write 2 for the specific cell that you are unsure of. A worst case scenario of the **as a list of lists** shown below (diagonal elements are 1 and rest are 2). Don't make up an answer.     final response = [
        [1, 2, 2, 2, 2, 2],
        [2, 1, 2, 2, 2, 2],
        [2, 2, 1, 2, 2, 2],
        [2, 2, 2, 1, 2, 2],
        [2, 2, 2, 2, 1, 2],
        [2, 2, 2, 2, 2, 1]
    ]

    IMPORTANT: Your response must **ONLY** contain a valid **as a list of lists** in the following example format 7x7 matrix.     
    The below list of lists is just an example format of your response. **Replace** the values with your **actual analysis** while providing your response with parameter of 'final response'.    
    final response = [
        [1, 0, 0, 0, 0, 0],
        [0, 1, 0, 0, 0, 0],
        [0, 0, 1, 0, 0, 0],
        [0, 0, 0, 1, 0, 0],
        [0, 0, 0, 0, 1, 0],
        [0, 0, 0, 0, 0, 1]
    ]

    IMPORTANT: THE FORMAT OF THE OUTPUT MUST BE AS LIST OF LISTS ONLY SIMILAR TO THE ONE ABOVE (NO LATEX, CODE, OR OTHER ENCODINGS).
    
2025-02-16 15:26:37,898 - DSM_MultiModelExp_llm_rag_ollama:llama3.3:70b-8k - INFO - Response: final response = [
        [1, 1, 1, 1, 1, 1],
        [1, 1, 0, 0, 1, 1],
        [1, 0, 1, 1, 0, 0],
        [1, 0, 1, 1, 0, 0],
        [1, 1, 0, 0, 1, 0],
        [1, 1, 0, 0, 0, 1]
    ]
2025-02-16 15:26:37,899 - DSM_MultiModelExp_llm_rag_ollama:llama3.3:70b-8k - INFO - Matrix: [[1, 1, 1, 1, 1, 1], [1, 1, 0, 0, 1, 1], [1, 0, 1, 1, 0, 0], [1, 0, 1, 1, 0, 0], [1, 1, 0, 0, 1, 0], [1, 1, 0, 0, 0, 1]]
2025-02-16 15:26:37,901 - DSM_MultiModelExp_llm_rag_ollama:llama3.3:70b-8k - INFO - Matrix from response.
2025-02-16 15:26:37,902 - DSM_MultiModelExp_llm_rag_ollama:llama3.3:70b-8k - INFO - At run 4/5
2025-02-16 15:26:37,902 - DSM_MultiModelExp_llm_rag_ollama:llama3.3:70b-8k - INFO - Matrix: [[1, 1, 1, 1, 1, 1], [1, 1, 0, 0, 1, 1], [1, 0, 1, 1, 0, 0], [1, 0, 1, 1, 0, 0], [1, 1, 0, 0, 1, 0], [1, 1, 0, 0, 0, 1]]
2025-02-16 15:26:37,903 - DSM_MultiModelExp_llm_rag_ollama:llama3.3:70b-8k - INFO - --------------------------------------------------
2025-02-16 15:26:47,914 - DSM_MultiModelExp_llm_rag_ollama:llama3.3:70b-8k - INFO - Run 5/5
2025-02-16 15:26:47,952 - DSM_MultiModelExp_llm_rag_ollama:llama3.3:70b-8k - INFO - DEBUG: Initializing RAGInference.
2025-02-16 15:26:47,952 - DSM_MultiModelExp_llm_rag_ollama:llama3.3:70b-8k - INFO - Using R-type: ['R1', 'R2']
2025-02-16 15:26:47,953 - DSM_MultiModelExp_llm_rag_ollama:llama3.3:70b-8k - INFO - Using embedding model: text-embedding-3-small
2025-02-16 15:26:47,990 - DSM_MultiModelExp_llm_rag_ollama:llama3.3:70b-8k - INFO - VectorStoreManager initialized
2025-02-16 15:26:47,990 - DSM_MultiModelExp_llm_rag_ollama:llama3.3:70b-8k - INFO - Set database path to: xLM_DSM/data/vectorstore/CubeSat/llm_rag/text-embedding-3-small
2025-02-16 15:26:47,999 - DSM_MultiModelExp_llm_rag_ollama:llama3.3:70b-8k - INFO - Collection count: 2320
2025-02-16 15:26:48,002 - DSM_MultiModelExp_llm_rag_ollama:llama3.3:70b-8k - INFO - Initialized RAG inference for system: CubeSat
2025-02-16 15:26:48,003 - DSM_MultiModelExp_llm_rag_ollama:llama3.3:70b-8k - INFO - Initialized DSM for system: CubeSat
2025-02-16 15:26:48,004 - DSM_MultiModelExp_llm_rag_ollama:llama3.3:70b-8k - INFO - Inference model: ollama:llama3.3:70b-8k
2025-02-16 15:26:59,116 - DSM_MultiModelExp_llm_rag_ollama:llama3.3:70b-8k - INFO - Number of documents retrieved: 2
2025-02-16 15:26:59,117 - DSM_MultiModelExp_llm_rag_ollama:llama3.3:70b-8k - INFO - Documents used for this query:
2025-02-16 15:26:59,118 - DSM_MultiModelExp_llm_rag_ollama:llama3.3:70b-8k - INFO - File: ../data/use_cases_large/CubeSat/reference_pdfs/R1_combined.pdf
2025-02-16 15:26:59,119 - DSM_MultiModelExp_llm_rag_ollama:llama3.3:70b-8k - INFO - Page: 15
2025-02-16 15:26:59,120 - DSM_MultiModelExp_llm_rag_ollama:llama3.3:70b-8k - INFO - Content: • Propulsion subsystem.
• Electric power subsystem (EPS).
• Structure subsystem.
• OBC subsystem.
• TT &C subsystem.
• Thermal subsystem.
Excluding the payload subsystem, in which the refinement is 
c ...
2025-02-16 15:26:59,120 - DSM_MultiModelExp_llm_rag_ollama:llama3.3:70b-8k - INFO - File: ../data/use_cases_large/CubeSat/reference_pdfs/R1_combined.pdf
2025-02-16 15:26:59,121 - DSM_MultiModelExp_llm_rag_ollama:llama3.3:70b-8k - INFO - Page: 15
2025-02-16 15:26:59,123 - DSM_MultiModelExp_llm_rag_ollama:llama3.3:70b-8k - INFO - Content: ing point. The focus shifts now from system level (CubeSat 
mass, power production, form factor) to subsystem selec -
tions. Prior to going through the refinement part, the user 
is required to fill i ...
2025-02-16 15:26:59,123 - DSM_MultiModelExp_llm_rag_ollama:llama3.3:70b-8k - INFO - Raw Response: final response = [
        [1, 1, 1, 1, 1, 1],
        [1, 1, 0, 0, 1, 1],
        [1, 0, 1, 1, 0, 0],
        [1, 0, 1, 1, 0, 0],
        [1, 1, 0, 0, 1, 0],
        [1, 1, 0, 0, 0, 1]
    ]
2025-02-16 15:26:59,125 - DSM_MultiModelExp_llm_rag_ollama:llama3.3:70b-8k - INFO - Query: 
    Please identify system-level proximity relationships (in contact) between the components of CubeSat (nanosatellite), as listed below, and represent them in a Design Structure Matrix (DSM) format.  
    The relationships should be articulated in plain English, capturing the essence of their interactions. 
    Here is the list of subsystems/components to analyze: ['Spacecraft', 'Guidance, Navigation, and Control (GNC) Subsystem', 'Propulsion Subsystem', 'Power Subsystem', 'Reaction Wheel', 'GNC Software'] 
    The DSM should clearly indicate the interactions between these components as 1 exist and 0 does not exist, considering both the presence and nature of these connections.         
    Present the output in a square matrix format (number of rows and columns MUST be the same as the number of components = 6 for this example), with rows and columns labeled accordingly. 
    Diagonal elements should be 1 in DSM matrix since each component interacts with itself. 
    If you don't know the answer, just write 2 for the specific cell that you are unsure of. A worst case scenario of the **as a list of lists** shown below (diagonal elements are 1 and rest are 2). Don't make up an answer.     final response = [
        [1, 2, 2, 2, 2, 2],
        [2, 1, 2, 2, 2, 2],
        [2, 2, 1, 2, 2, 2],
        [2, 2, 2, 1, 2, 2],
        [2, 2, 2, 2, 1, 2],
        [2, 2, 2, 2, 2, 1]
    ]

    IMPORTANT: Your response must **ONLY** contain a valid **as a list of lists** in the following example format 7x7 matrix.     
    The below list of lists is just an example format of your response. **Replace** the values with your **actual analysis** while providing your response with parameter of 'final response'.    
    final response = [
        [1, 0, 0, 0, 0, 0],
        [0, 1, 0, 0, 0, 0],
        [0, 0, 1, 0, 0, 0],
        [0, 0, 0, 1, 0, 0],
        [0, 0, 0, 0, 1, 0],
        [0, 0, 0, 0, 0, 1]
    ]

    IMPORTANT: THE FORMAT OF THE OUTPUT MUST BE AS LIST OF LISTS ONLY SIMILAR TO THE ONE ABOVE (NO LATEX, CODE, OR OTHER ENCODINGS).
    
2025-02-16 15:26:59,126 - DSM_MultiModelExp_llm_rag_ollama:llama3.3:70b-8k - INFO - Response: final response = [
        [1, 1, 1, 1, 1, 1],
        [1, 1, 0, 0, 1, 1],
        [1, 0, 1, 1, 0, 0],
        [1, 0, 1, 1, 0, 0],
        [1, 1, 0, 0, 1, 0],
        [1, 1, 0, 0, 0, 1]
    ]
2025-02-16 15:26:59,127 - DSM_MultiModelExp_llm_rag_ollama:llama3.3:70b-8k - INFO - Matrix: [[1, 1, 1, 1, 1, 1], [1, 1, 0, 0, 1, 1], [1, 0, 1, 1, 0, 0], [1, 0, 1, 1, 0, 0], [1, 1, 0, 0, 1, 0], [1, 1, 0, 0, 0, 1]]
2025-02-16 15:26:59,128 - DSM_MultiModelExp_llm_rag_ollama:llama3.3:70b-8k - INFO - Matrix from response.
2025-02-16 15:26:59,128 - DSM_MultiModelExp_llm_rag_ollama:llama3.3:70b-8k - INFO - At run 5/5
2025-02-16 15:26:59,129 - DSM_MultiModelExp_llm_rag_ollama:llama3.3:70b-8k - INFO - Matrix: [[1, 1, 1, 1, 1, 1], [1, 1, 0, 0, 1, 1], [1, 0, 1, 1, 0, 0], [1, 0, 1, 1, 0, 0], [1, 1, 0, 0, 1, 0], [1, 1, 0, 0, 0, 1]]
2025-02-16 15:26:59,130 - DSM_MultiModelExp_llm_rag_ollama:llama3.3:70b-8k - INFO - --------------------------------------------------
2025-02-16 15:27:09,142 - DSM_MultiModelExp_llm_rag_ollama:llama3.3:70b-8k - INFO - Duration of reference combination {'R1': [{'path': '../data/use_cases_large/CubeSat/reference_pdfs/R1_combined.pdf'}], 'R2': [{'path': '../data/use_cases_large/CubeSat/reference_pdfs/R2_combined.pdf'}]}: 0:01:47.241948
2025-02-16 15:27:09,143 - DSM_MultiModelExp_llm_rag_ollama:llama3.3:70b-8k - INFO - ++++++++++++++++++++++++++++++++++++++++++++++++++++++++++++++++++++++++++++++++++++++++++++++++++++
2025-02-16 15:27:09,144 - DSM_MultiModelExp_llm_rag_ollama:llama3.3:70b-8k - INFO - Run 1/5
2025-02-16 15:27:09,181 - DSM_MultiModelExp_llm_rag_ollama:llama3.3:70b-8k - INFO - DEBUG: Initializing RAGInference.
2025-02-16 15:27:09,182 - DSM_MultiModelExp_llm_rag_ollama:llama3.3:70b-8k - INFO - Using R-type: ['R1', 'R3']
2025-02-16 15:27:09,182 - DSM_MultiModelExp_llm_rag_ollama:llama3.3:70b-8k - INFO - Using embedding model: text-embedding-3-small
2025-02-16 15:27:09,218 - DSM_MultiModelExp_llm_rag_ollama:llama3.3:70b-8k - INFO - VectorStoreManager initialized
2025-02-16 15:27:09,218 - DSM_MultiModelExp_llm_rag_ollama:llama3.3:70b-8k - INFO - Set database path to: xLM_DSM/data/vectorstore/CubeSat/llm_rag/text-embedding-3-small
2025-02-16 15:27:09,227 - DSM_MultiModelExp_llm_rag_ollama:llama3.3:70b-8k - INFO - Collection count: 2320
2025-02-16 15:27:09,230 - DSM_MultiModelExp_llm_rag_ollama:llama3.3:70b-8k - INFO - Initialized RAG inference for system: CubeSat
2025-02-16 15:27:09,231 - DSM_MultiModelExp_llm_rag_ollama:llama3.3:70b-8k - INFO - Initialized DSM for system: CubeSat
2025-02-16 15:27:09,232 - DSM_MultiModelExp_llm_rag_ollama:llama3.3:70b-8k - INFO - Inference model: ollama:llama3.3:70b-8k
2025-02-16 15:27:20,902 - DSM_MultiModelExp_llm_rag_ollama:llama3.3:70b-8k - INFO - Number of documents retrieved: 2
2025-02-16 15:27:20,903 - DSM_MultiModelExp_llm_rag_ollama:llama3.3:70b-8k - INFO - Documents used for this query:
2025-02-16 15:27:20,904 - DSM_MultiModelExp_llm_rag_ollama:llama3.3:70b-8k - INFO - File: ../data/use_cases_large/CubeSat/reference_pdfs/R1_combined.pdf
2025-02-16 15:27:20,905 - DSM_MultiModelExp_llm_rag_ollama:llama3.3:70b-8k - INFO - Page: 15
2025-02-16 15:27:20,906 - DSM_MultiModelExp_llm_rag_ollama:llama3.3:70b-8k - INFO - Content: • Propulsion subsystem.
• Electric power subsystem (EPS).
• Structure subsystem.
• OBC subsystem.
• TT &C subsystem.
• Thermal subsystem.
Excluding the payload subsystem, in which the refinement is 
c ...
2025-02-16 15:27:20,907 - DSM_MultiModelExp_llm_rag_ollama:llama3.3:70b-8k - INFO - File: ../data/use_cases_large/CubeSat/reference_pdfs/R1_combined.pdf
2025-02-16 15:27:20,908 - DSM_MultiModelExp_llm_rag_ollama:llama3.3:70b-8k - INFO - Page: 15
2025-02-16 15:27:20,909 - DSM_MultiModelExp_llm_rag_ollama:llama3.3:70b-8k - INFO - Content: ing point. The focus shifts now from system level (CubeSat 
mass, power production, form factor) to subsystem selec -
tions. Prior to going through the refinement part, the user 
is required to fill i ...
2025-02-16 15:27:20,910 - DSM_MultiModelExp_llm_rag_ollama:llama3.3:70b-8k - INFO - Raw Response: final response = [
        [1, 1, 1, 1, 1, 1],
        [1, 1, 0, 0, 1, 1],
        [1, 0, 1, 1, 0, 0],
        [1, 0, 1, 1, 0, 0],
        [1, 1, 0, 0, 1, 0],
        [1, 1, 0, 0, 0, 1]
    ]
2025-02-16 15:27:20,911 - DSM_MultiModelExp_llm_rag_ollama:llama3.3:70b-8k - INFO - Query: 
    Please identify system-level proximity relationships (in contact) between the components of CubeSat (nanosatellite), as listed below, and represent them in a Design Structure Matrix (DSM) format.  
    The relationships should be articulated in plain English, capturing the essence of their interactions. 
    Here is the list of subsystems/components to analyze: ['Spacecraft', 'Guidance, Navigation, and Control (GNC) Subsystem', 'Propulsion Subsystem', 'Power Subsystem', 'Reaction Wheel', 'GNC Software'] 
    The DSM should clearly indicate the interactions between these components as 1 exist and 0 does not exist, considering both the presence and nature of these connections.         
    Present the output in a square matrix format (number of rows and columns MUST be the same as the number of components = 6 for this example), with rows and columns labeled accordingly. 
    Diagonal elements should be 1 in DSM matrix since each component interacts with itself. 
    If you don't know the answer, just write 2 for the specific cell that you are unsure of. A worst case scenario of the **as a list of lists** shown below (diagonal elements are 1 and rest are 2). Don't make up an answer.     final response = [
        [1, 2, 2, 2, 2, 2],
        [2, 1, 2, 2, 2, 2],
        [2, 2, 1, 2, 2, 2],
        [2, 2, 2, 1, 2, 2],
        [2, 2, 2, 2, 1, 2],
        [2, 2, 2, 2, 2, 1]
    ]

    IMPORTANT: Your response must **ONLY** contain a valid **as a list of lists** in the following example format 7x7 matrix.     
    The below list of lists is just an example format of your response. **Replace** the values with your **actual analysis** while providing your response with parameter of 'final response'.    
    final response = [
        [1, 0, 0, 0, 0, 0],
        [0, 1, 0, 0, 0, 0],
        [0, 0, 1, 0, 0, 0],
        [0, 0, 0, 1, 0, 0],
        [0, 0, 0, 0, 1, 0],
        [0, 0, 0, 0, 0, 1]
    ]

    IMPORTANT: THE FORMAT OF THE OUTPUT MUST BE AS LIST OF LISTS ONLY SIMILAR TO THE ONE ABOVE (NO LATEX, CODE, OR OTHER ENCODINGS).
    
2025-02-16 15:27:20,912 - DSM_MultiModelExp_llm_rag_ollama:llama3.3:70b-8k - INFO - Response: final response = [
        [1, 1, 1, 1, 1, 1],
        [1, 1, 0, 0, 1, 1],
        [1, 0, 1, 1, 0, 0],
        [1, 0, 1, 1, 0, 0],
        [1, 1, 0, 0, 1, 0],
        [1, 1, 0, 0, 0, 1]
    ]
2025-02-16 15:27:20,913 - DSM_MultiModelExp_llm_rag_ollama:llama3.3:70b-8k - INFO - Matrix: [[1, 1, 1, 1, 1, 1], [1, 1, 0, 0, 1, 1], [1, 0, 1, 1, 0, 0], [1, 0, 1, 1, 0, 0], [1, 1, 0, 0, 1, 0], [1, 1, 0, 0, 0, 1]]
2025-02-16 15:27:20,914 - DSM_MultiModelExp_llm_rag_ollama:llama3.3:70b-8k - INFO - Matrix from response.
2025-02-16 15:27:20,915 - DSM_MultiModelExp_llm_rag_ollama:llama3.3:70b-8k - INFO - At run 1/5
2025-02-16 15:27:20,915 - DSM_MultiModelExp_llm_rag_ollama:llama3.3:70b-8k - INFO - Matrix: [[1, 1, 1, 1, 1, 1], [1, 1, 0, 0, 1, 1], [1, 0, 1, 1, 0, 0], [1, 0, 1, 1, 0, 0], [1, 1, 0, 0, 1, 0], [1, 1, 0, 0, 0, 1]]
2025-02-16 15:27:20,916 - DSM_MultiModelExp_llm_rag_ollama:llama3.3:70b-8k - INFO - --------------------------------------------------
2025-02-16 15:27:30,927 - DSM_MultiModelExp_llm_rag_ollama:llama3.3:70b-8k - INFO - Run 2/5
2025-02-16 15:27:30,956 - DSM_MultiModelExp_llm_rag_ollama:llama3.3:70b-8k - INFO - DEBUG: Initializing RAGInference.
2025-02-16 15:27:30,957 - DSM_MultiModelExp_llm_rag_ollama:llama3.3:70b-8k - INFO - Using R-type: ['R1', 'R3']
2025-02-16 15:27:30,958 - DSM_MultiModelExp_llm_rag_ollama:llama3.3:70b-8k - INFO - Using embedding model: text-embedding-3-small
2025-02-16 15:27:30,986 - DSM_MultiModelExp_llm_rag_ollama:llama3.3:70b-8k - INFO - VectorStoreManager initialized
2025-02-16 15:27:30,987 - DSM_MultiModelExp_llm_rag_ollama:llama3.3:70b-8k - INFO - Set database path to: xLM_DSM/data/vectorstore/CubeSat/llm_rag/text-embedding-3-small
2025-02-16 15:27:30,995 - DSM_MultiModelExp_llm_rag_ollama:llama3.3:70b-8k - INFO - Collection count: 2320
2025-02-16 15:27:30,999 - DSM_MultiModelExp_llm_rag_ollama:llama3.3:70b-8k - INFO - Initialized RAG inference for system: CubeSat
2025-02-16 15:27:30,999 - DSM_MultiModelExp_llm_rag_ollama:llama3.3:70b-8k - INFO - Initialized DSM for system: CubeSat
2025-02-16 15:27:31,000 - DSM_MultiModelExp_llm_rag_ollama:llama3.3:70b-8k - INFO - Inference model: ollama:llama3.3:70b-8k
2025-02-16 15:27:42,404 - DSM_MultiModelExp_llm_rag_ollama:llama3.3:70b-8k - INFO - Number of documents retrieved: 2
2025-02-16 15:27:42,406 - DSM_MultiModelExp_llm_rag_ollama:llama3.3:70b-8k - INFO - Documents used for this query:
2025-02-16 15:27:42,407 - DSM_MultiModelExp_llm_rag_ollama:llama3.3:70b-8k - INFO - File: ../data/use_cases_large/CubeSat/reference_pdfs/R1_combined.pdf
2025-02-16 15:27:42,407 - DSM_MultiModelExp_llm_rag_ollama:llama3.3:70b-8k - INFO - Page: 15
2025-02-16 15:27:42,408 - DSM_MultiModelExp_llm_rag_ollama:llama3.3:70b-8k - INFO - Content: • Propulsion subsystem.
• Electric power subsystem (EPS).
• Structure subsystem.
• OBC subsystem.
• TT &C subsystem.
• Thermal subsystem.
Excluding the payload subsystem, in which the refinement is 
c ...
2025-02-16 15:27:42,410 - DSM_MultiModelExp_llm_rag_ollama:llama3.3:70b-8k - INFO - File: ../data/use_cases_large/CubeSat/reference_pdfs/R1_combined.pdf
2025-02-16 15:27:42,411 - DSM_MultiModelExp_llm_rag_ollama:llama3.3:70b-8k - INFO - Page: 15
2025-02-16 15:27:42,411 - DSM_MultiModelExp_llm_rag_ollama:llama3.3:70b-8k - INFO - Content: ing point. The focus shifts now from system level (CubeSat 
mass, power production, form factor) to subsystem selec -
tions. Prior to going through the refinement part, the user 
is required to fill i ...
2025-02-16 15:27:42,412 - DSM_MultiModelExp_llm_rag_ollama:llama3.3:70b-8k - INFO - Raw Response: final response = [
        [1, 1, 1, 1, 1, 1],
        [1, 1, 0, 0, 1, 1],
        [1, 0, 1, 1, 0, 0],
        [1, 0, 1, 1, 0, 0],
        [1, 1, 0, 0, 1, 0],
        [1, 1, 0, 0, 0, 1]
    ]
2025-02-16 15:27:42,413 - DSM_MultiModelExp_llm_rag_ollama:llama3.3:70b-8k - INFO - Query: 
    Please identify system-level proximity relationships (in contact) between the components of CubeSat (nanosatellite), as listed below, and represent them in a Design Structure Matrix (DSM) format.  
    The relationships should be articulated in plain English, capturing the essence of their interactions. 
    Here is the list of subsystems/components to analyze: ['Spacecraft', 'Guidance, Navigation, and Control (GNC) Subsystem', 'Propulsion Subsystem', 'Power Subsystem', 'Reaction Wheel', 'GNC Software'] 
    The DSM should clearly indicate the interactions between these components as 1 exist and 0 does not exist, considering both the presence and nature of these connections.         
    Present the output in a square matrix format (number of rows and columns MUST be the same as the number of components = 6 for this example), with rows and columns labeled accordingly. 
    Diagonal elements should be 1 in DSM matrix since each component interacts with itself. 
    If you don't know the answer, just write 2 for the specific cell that you are unsure of. A worst case scenario of the **as a list of lists** shown below (diagonal elements are 1 and rest are 2). Don't make up an answer.     final response = [
        [1, 2, 2, 2, 2, 2],
        [2, 1, 2, 2, 2, 2],
        [2, 2, 1, 2, 2, 2],
        [2, 2, 2, 1, 2, 2],
        [2, 2, 2, 2, 1, 2],
        [2, 2, 2, 2, 2, 1]
    ]

    IMPORTANT: Your response must **ONLY** contain a valid **as a list of lists** in the following example format 7x7 matrix.     
    The below list of lists is just an example format of your response. **Replace** the values with your **actual analysis** while providing your response with parameter of 'final response'.    
    final response = [
        [1, 0, 0, 0, 0, 0],
        [0, 1, 0, 0, 0, 0],
        [0, 0, 1, 0, 0, 0],
        [0, 0, 0, 1, 0, 0],
        [0, 0, 0, 0, 1, 0],
        [0, 0, 0, 0, 0, 1]
    ]

    IMPORTANT: THE FORMAT OF THE OUTPUT MUST BE AS LIST OF LISTS ONLY SIMILAR TO THE ONE ABOVE (NO LATEX, CODE, OR OTHER ENCODINGS).
    
2025-02-16 15:27:42,414 - DSM_MultiModelExp_llm_rag_ollama:llama3.3:70b-8k - INFO - Response: final response = [
        [1, 1, 1, 1, 1, 1],
        [1, 1, 0, 0, 1, 1],
        [1, 0, 1, 1, 0, 0],
        [1, 0, 1, 1, 0, 0],
        [1, 1, 0, 0, 1, 0],
        [1, 1, 0, 0, 0, 1]
    ]
2025-02-16 15:27:42,415 - DSM_MultiModelExp_llm_rag_ollama:llama3.3:70b-8k - INFO - Matrix: [[1, 1, 1, 1, 1, 1], [1, 1, 0, 0, 1, 1], [1, 0, 1, 1, 0, 0], [1, 0, 1, 1, 0, 0], [1, 1, 0, 0, 1, 0], [1, 1, 0, 0, 0, 1]]
2025-02-16 15:27:42,416 - DSM_MultiModelExp_llm_rag_ollama:llama3.3:70b-8k - INFO - Matrix from response.
2025-02-16 15:27:42,417 - DSM_MultiModelExp_llm_rag_ollama:llama3.3:70b-8k - INFO - At run 2/5
2025-02-16 15:27:42,418 - DSM_MultiModelExp_llm_rag_ollama:llama3.3:70b-8k - INFO - Matrix: [[1, 1, 1, 1, 1, 1], [1, 1, 0, 0, 1, 1], [1, 0, 1, 1, 0, 0], [1, 0, 1, 1, 0, 0], [1, 1, 0, 0, 1, 0], [1, 1, 0, 0, 0, 1]]
2025-02-16 15:27:42,419 - DSM_MultiModelExp_llm_rag_ollama:llama3.3:70b-8k - INFO - --------------------------------------------------
2025-02-16 15:27:52,430 - DSM_MultiModelExp_llm_rag_ollama:llama3.3:70b-8k - INFO - Run 3/5
2025-02-16 15:27:52,468 - DSM_MultiModelExp_llm_rag_ollama:llama3.3:70b-8k - INFO - DEBUG: Initializing RAGInference.
2025-02-16 15:27:52,469 - DSM_MultiModelExp_llm_rag_ollama:llama3.3:70b-8k - INFO - Using R-type: ['R1', 'R3']
2025-02-16 15:27:52,470 - DSM_MultiModelExp_llm_rag_ollama:llama3.3:70b-8k - INFO - Using embedding model: text-embedding-3-small
2025-02-16 15:27:52,505 - DSM_MultiModelExp_llm_rag_ollama:llama3.3:70b-8k - INFO - VectorStoreManager initialized
2025-02-16 15:27:52,506 - DSM_MultiModelExp_llm_rag_ollama:llama3.3:70b-8k - INFO - Set database path to: xLM_DSM/data/vectorstore/CubeSat/llm_rag/text-embedding-3-small
2025-02-16 15:27:52,515 - DSM_MultiModelExp_llm_rag_ollama:llama3.3:70b-8k - INFO - Collection count: 2320
2025-02-16 15:27:52,518 - DSM_MultiModelExp_llm_rag_ollama:llama3.3:70b-8k - INFO - Initialized RAG inference for system: CubeSat
2025-02-16 15:27:52,519 - DSM_MultiModelExp_llm_rag_ollama:llama3.3:70b-8k - INFO - Initialized DSM for system: CubeSat
2025-02-16 15:27:52,520 - DSM_MultiModelExp_llm_rag_ollama:llama3.3:70b-8k - INFO - Inference model: ollama:llama3.3:70b-8k
2025-02-16 15:28:02,988 - DSM_MultiModelExp_llm_rag_ollama:llama3.3:70b-8k - INFO - Number of documents retrieved: 2
2025-02-16 15:28:02,989 - DSM_MultiModelExp_llm_rag_ollama:llama3.3:70b-8k - INFO - Documents used for this query:
2025-02-16 15:28:02,990 - DSM_MultiModelExp_llm_rag_ollama:llama3.3:70b-8k - INFO - File: ../data/use_cases_large/CubeSat/reference_pdfs/R1_combined.pdf
2025-02-16 15:28:02,990 - DSM_MultiModelExp_llm_rag_ollama:llama3.3:70b-8k - INFO - Page: 15
2025-02-16 15:28:02,991 - DSM_MultiModelExp_llm_rag_ollama:llama3.3:70b-8k - INFO - Content: • Propulsion subsystem.
• Electric power subsystem (EPS).
• Structure subsystem.
• OBC subsystem.
• TT &C subsystem.
• Thermal subsystem.
Excluding the payload subsystem, in which the refinement is 
c ...
2025-02-16 15:28:02,991 - DSM_MultiModelExp_llm_rag_ollama:llama3.3:70b-8k - INFO - File: ../data/use_cases_large/CubeSat/reference_pdfs/R1_combined.pdf
2025-02-16 15:28:02,992 - DSM_MultiModelExp_llm_rag_ollama:llama3.3:70b-8k - INFO - Page: 15
2025-02-16 15:28:02,992 - DSM_MultiModelExp_llm_rag_ollama:llama3.3:70b-8k - INFO - Content: ing point. The focus shifts now from system level (CubeSat 
mass, power production, form factor) to subsystem selec -
tions. Prior to going through the refinement part, the user 
is required to fill i ...
2025-02-16 15:28:02,993 - DSM_MultiModelExp_llm_rag_ollama:llama3.3:70b-8k - INFO - Raw Response: final response = [
        [1, 1, 1, 1, 1, 1],
        [1, 1, 0, 0, 1, 1],
        [1, 0, 1, 1, 0, 0],
        [1, 0, 1, 1, 0, 0],
        [1, 1, 0, 0, 1, 0],
        [1, 1, 0, 0, 0, 1]
    ]
2025-02-16 15:28:02,993 - DSM_MultiModelExp_llm_rag_ollama:llama3.3:70b-8k - INFO - Query: 
    Please identify system-level proximity relationships (in contact) between the components of CubeSat (nanosatellite), as listed below, and represent them in a Design Structure Matrix (DSM) format.  
    The relationships should be articulated in plain English, capturing the essence of their interactions. 
    Here is the list of subsystems/components to analyze: ['Spacecraft', 'Guidance, Navigation, and Control (GNC) Subsystem', 'Propulsion Subsystem', 'Power Subsystem', 'Reaction Wheel', 'GNC Software'] 
    The DSM should clearly indicate the interactions between these components as 1 exist and 0 does not exist, considering both the presence and nature of these connections.         
    Present the output in a square matrix format (number of rows and columns MUST be the same as the number of components = 6 for this example), with rows and columns labeled accordingly. 
    Diagonal elements should be 1 in DSM matrix since each component interacts with itself. 
    If you don't know the answer, just write 2 for the specific cell that you are unsure of. A worst case scenario of the **as a list of lists** shown below (diagonal elements are 1 and rest are 2). Don't make up an answer.     final response = [
        [1, 2, 2, 2, 2, 2],
        [2, 1, 2, 2, 2, 2],
        [2, 2, 1, 2, 2, 2],
        [2, 2, 2, 1, 2, 2],
        [2, 2, 2, 2, 1, 2],
        [2, 2, 2, 2, 2, 1]
    ]

    IMPORTANT: Your response must **ONLY** contain a valid **as a list of lists** in the following example format 7x7 matrix.     
    The below list of lists is just an example format of your response. **Replace** the values with your **actual analysis** while providing your response with parameter of 'final response'.    
    final response = [
        [1, 0, 0, 0, 0, 0],
        [0, 1, 0, 0, 0, 0],
        [0, 0, 1, 0, 0, 0],
        [0, 0, 0, 1, 0, 0],
        [0, 0, 0, 0, 1, 0],
        [0, 0, 0, 0, 0, 1]
    ]

    IMPORTANT: THE FORMAT OF THE OUTPUT MUST BE AS LIST OF LISTS ONLY SIMILAR TO THE ONE ABOVE (NO LATEX, CODE, OR OTHER ENCODINGS).
    
2025-02-16 15:28:02,994 - DSM_MultiModelExp_llm_rag_ollama:llama3.3:70b-8k - INFO - Response: final response = [
        [1, 1, 1, 1, 1, 1],
        [1, 1, 0, 0, 1, 1],
        [1, 0, 1, 1, 0, 0],
        [1, 0, 1, 1, 0, 0],
        [1, 1, 0, 0, 1, 0],
        [1, 1, 0, 0, 0, 1]
    ]
2025-02-16 15:28:02,995 - DSM_MultiModelExp_llm_rag_ollama:llama3.3:70b-8k - INFO - Matrix: [[1, 1, 1, 1, 1, 1], [1, 1, 0, 0, 1, 1], [1, 0, 1, 1, 0, 0], [1, 0, 1, 1, 0, 0], [1, 1, 0, 0, 1, 0], [1, 1, 0, 0, 0, 1]]
2025-02-16 15:28:02,995 - DSM_MultiModelExp_llm_rag_ollama:llama3.3:70b-8k - INFO - Matrix from response.
2025-02-16 15:28:02,996 - DSM_MultiModelExp_llm_rag_ollama:llama3.3:70b-8k - INFO - At run 3/5
2025-02-16 15:28:02,996 - DSM_MultiModelExp_llm_rag_ollama:llama3.3:70b-8k - INFO - Matrix: [[1, 1, 1, 1, 1, 1], [1, 1, 0, 0, 1, 1], [1, 0, 1, 1, 0, 0], [1, 0, 1, 1, 0, 0], [1, 1, 0, 0, 1, 0], [1, 1, 0, 0, 0, 1]]
2025-02-16 15:28:02,997 - DSM_MultiModelExp_llm_rag_ollama:llama3.3:70b-8k - INFO - --------------------------------------------------
2025-02-16 15:28:13,007 - DSM_MultiModelExp_llm_rag_ollama:llama3.3:70b-8k - INFO - Run 4/5
2025-02-16 15:28:13,050 - DSM_MultiModelExp_llm_rag_ollama:llama3.3:70b-8k - INFO - DEBUG: Initializing RAGInference.
2025-02-16 15:28:13,051 - DSM_MultiModelExp_llm_rag_ollama:llama3.3:70b-8k - INFO - Using R-type: ['R1', 'R3']
2025-02-16 15:28:13,052 - DSM_MultiModelExp_llm_rag_ollama:llama3.3:70b-8k - INFO - Using embedding model: text-embedding-3-small
2025-02-16 15:28:13,085 - DSM_MultiModelExp_llm_rag_ollama:llama3.3:70b-8k - INFO - VectorStoreManager initialized
2025-02-16 15:28:13,086 - DSM_MultiModelExp_llm_rag_ollama:llama3.3:70b-8k - INFO - Set database path to: xLM_DSM/data/vectorstore/CubeSat/llm_rag/text-embedding-3-small
2025-02-16 15:28:13,095 - DSM_MultiModelExp_llm_rag_ollama:llama3.3:70b-8k - INFO - Collection count: 2320
2025-02-16 15:28:13,098 - DSM_MultiModelExp_llm_rag_ollama:llama3.3:70b-8k - INFO - Initialized RAG inference for system: CubeSat
2025-02-16 15:28:13,099 - DSM_MultiModelExp_llm_rag_ollama:llama3.3:70b-8k - INFO - Initialized DSM for system: CubeSat
2025-02-16 15:28:13,099 - DSM_MultiModelExp_llm_rag_ollama:llama3.3:70b-8k - INFO - Inference model: ollama:llama3.3:70b-8k
2025-02-16 15:28:24,183 - DSM_MultiModelExp_llm_rag_ollama:llama3.3:70b-8k - INFO - Number of documents retrieved: 2
2025-02-16 15:28:24,184 - DSM_MultiModelExp_llm_rag_ollama:llama3.3:70b-8k - INFO - Documents used for this query:
2025-02-16 15:28:24,185 - DSM_MultiModelExp_llm_rag_ollama:llama3.3:70b-8k - INFO - File: ../data/use_cases_large/CubeSat/reference_pdfs/R1_combined.pdf
2025-02-16 15:28:24,186 - DSM_MultiModelExp_llm_rag_ollama:llama3.3:70b-8k - INFO - Page: 15
2025-02-16 15:28:24,187 - DSM_MultiModelExp_llm_rag_ollama:llama3.3:70b-8k - INFO - Content: • Propulsion subsystem.
• Electric power subsystem (EPS).
• Structure subsystem.
• OBC subsystem.
• TT &C subsystem.
• Thermal subsystem.
Excluding the payload subsystem, in which the refinement is 
c ...
2025-02-16 15:28:24,188 - DSM_MultiModelExp_llm_rag_ollama:llama3.3:70b-8k - INFO - File: ../data/use_cases_large/CubeSat/reference_pdfs/R1_combined.pdf
2025-02-16 15:28:24,189 - DSM_MultiModelExp_llm_rag_ollama:llama3.3:70b-8k - INFO - Page: 15
2025-02-16 15:28:24,190 - DSM_MultiModelExp_llm_rag_ollama:llama3.3:70b-8k - INFO - Content: ing point. The focus shifts now from system level (CubeSat 
mass, power production, form factor) to subsystem selec -
tions. Prior to going through the refinement part, the user 
is required to fill i ...
2025-02-16 15:28:24,191 - DSM_MultiModelExp_llm_rag_ollama:llama3.3:70b-8k - INFO - Raw Response: final response = [
        [1, 1, 1, 1, 1, 1],
        [1, 1, 0, 0, 1, 1],
        [1, 0, 1, 1, 0, 0],
        [1, 0, 1, 1, 0, 0],
        [1, 1, 0, 0, 1, 0],
        [1, 1, 0, 0, 0, 1]
    ]
2025-02-16 15:28:24,192 - DSM_MultiModelExp_llm_rag_ollama:llama3.3:70b-8k - INFO - Query: 
    Please identify system-level proximity relationships (in contact) between the components of CubeSat (nanosatellite), as listed below, and represent them in a Design Structure Matrix (DSM) format.  
    The relationships should be articulated in plain English, capturing the essence of their interactions. 
    Here is the list of subsystems/components to analyze: ['Spacecraft', 'Guidance, Navigation, and Control (GNC) Subsystem', 'Propulsion Subsystem', 'Power Subsystem', 'Reaction Wheel', 'GNC Software'] 
    The DSM should clearly indicate the interactions between these components as 1 exist and 0 does not exist, considering both the presence and nature of these connections.         
    Present the output in a square matrix format (number of rows and columns MUST be the same as the number of components = 6 for this example), with rows and columns labeled accordingly. 
    Diagonal elements should be 1 in DSM matrix since each component interacts with itself. 
    If you don't know the answer, just write 2 for the specific cell that you are unsure of. A worst case scenario of the **as a list of lists** shown below (diagonal elements are 1 and rest are 2). Don't make up an answer.     final response = [
        [1, 2, 2, 2, 2, 2],
        [2, 1, 2, 2, 2, 2],
        [2, 2, 1, 2, 2, 2],
        [2, 2, 2, 1, 2, 2],
        [2, 2, 2, 2, 1, 2],
        [2, 2, 2, 2, 2, 1]
    ]

    IMPORTANT: Your response must **ONLY** contain a valid **as a list of lists** in the following example format 7x7 matrix.     
    The below list of lists is just an example format of your response. **Replace** the values with your **actual analysis** while providing your response with parameter of 'final response'.    
    final response = [
        [1, 0, 0, 0, 0, 0],
        [0, 1, 0, 0, 0, 0],
        [0, 0, 1, 0, 0, 0],
        [0, 0, 0, 1, 0, 0],
        [0, 0, 0, 0, 1, 0],
        [0, 0, 0, 0, 0, 1]
    ]

    IMPORTANT: THE FORMAT OF THE OUTPUT MUST BE AS LIST OF LISTS ONLY SIMILAR TO THE ONE ABOVE (NO LATEX, CODE, OR OTHER ENCODINGS).
    
2025-02-16 15:28:24,193 - DSM_MultiModelExp_llm_rag_ollama:llama3.3:70b-8k - INFO - Response: final response = [
        [1, 1, 1, 1, 1, 1],
        [1, 1, 0, 0, 1, 1],
        [1, 0, 1, 1, 0, 0],
        [1, 0, 1, 1, 0, 0],
        [1, 1, 0, 0, 1, 0],
        [1, 1, 0, 0, 0, 1]
    ]
2025-02-16 15:28:24,194 - DSM_MultiModelExp_llm_rag_ollama:llama3.3:70b-8k - INFO - Matrix: [[1, 1, 1, 1, 1, 1], [1, 1, 0, 0, 1, 1], [1, 0, 1, 1, 0, 0], [1, 0, 1, 1, 0, 0], [1, 1, 0, 0, 1, 0], [1, 1, 0, 0, 0, 1]]
2025-02-16 15:28:24,195 - DSM_MultiModelExp_llm_rag_ollama:llama3.3:70b-8k - INFO - Matrix from response.
2025-02-16 15:28:24,196 - DSM_MultiModelExp_llm_rag_ollama:llama3.3:70b-8k - INFO - At run 4/5
2025-02-16 15:28:24,197 - DSM_MultiModelExp_llm_rag_ollama:llama3.3:70b-8k - INFO - Matrix: [[1, 1, 1, 1, 1, 1], [1, 1, 0, 0, 1, 1], [1, 0, 1, 1, 0, 0], [1, 0, 1, 1, 0, 0], [1, 1, 0, 0, 1, 0], [1, 1, 0, 0, 0, 1]]
2025-02-16 15:28:24,198 - DSM_MultiModelExp_llm_rag_ollama:llama3.3:70b-8k - INFO - --------------------------------------------------
2025-02-16 15:28:34,209 - DSM_MultiModelExp_llm_rag_ollama:llama3.3:70b-8k - INFO - Run 5/5
2025-02-16 15:28:34,245 - DSM_MultiModelExp_llm_rag_ollama:llama3.3:70b-8k - INFO - DEBUG: Initializing RAGInference.
2025-02-16 15:28:34,245 - DSM_MultiModelExp_llm_rag_ollama:llama3.3:70b-8k - INFO - Using R-type: ['R1', 'R3']
2025-02-16 15:28:34,247 - DSM_MultiModelExp_llm_rag_ollama:llama3.3:70b-8k - INFO - Using embedding model: text-embedding-3-small
2025-02-16 15:28:34,282 - DSM_MultiModelExp_llm_rag_ollama:llama3.3:70b-8k - INFO - VectorStoreManager initialized
2025-02-16 15:28:34,282 - DSM_MultiModelExp_llm_rag_ollama:llama3.3:70b-8k - INFO - Set database path to: xLM_DSM/data/vectorstore/CubeSat/llm_rag/text-embedding-3-small
2025-02-16 15:28:34,293 - DSM_MultiModelExp_llm_rag_ollama:llama3.3:70b-8k - INFO - Collection count: 2320
2025-02-16 15:28:34,297 - DSM_MultiModelExp_llm_rag_ollama:llama3.3:70b-8k - INFO - Initialized RAG inference for system: CubeSat
2025-02-16 15:28:34,298 - DSM_MultiModelExp_llm_rag_ollama:llama3.3:70b-8k - INFO - Initialized DSM for system: CubeSat
2025-02-16 15:28:34,298 - DSM_MultiModelExp_llm_rag_ollama:llama3.3:70b-8k - INFO - Inference model: ollama:llama3.3:70b-8k
2025-02-16 15:28:45,507 - DSM_MultiModelExp_llm_rag_ollama:llama3.3:70b-8k - INFO - Number of documents retrieved: 2
2025-02-16 15:28:45,509 - DSM_MultiModelExp_llm_rag_ollama:llama3.3:70b-8k - INFO - Documents used for this query:
2025-02-16 15:28:45,509 - DSM_MultiModelExp_llm_rag_ollama:llama3.3:70b-8k - INFO - File: ../data/use_cases_large/CubeSat/reference_pdfs/R1_combined.pdf
2025-02-16 15:28:45,510 - DSM_MultiModelExp_llm_rag_ollama:llama3.3:70b-8k - INFO - Page: 15
2025-02-16 15:28:45,511 - DSM_MultiModelExp_llm_rag_ollama:llama3.3:70b-8k - INFO - Content: • Propulsion subsystem.
• Electric power subsystem (EPS).
• Structure subsystem.
• OBC subsystem.
• TT &C subsystem.
• Thermal subsystem.
Excluding the payload subsystem, in which the refinement is 
c ...
2025-02-16 15:28:45,513 - DSM_MultiModelExp_llm_rag_ollama:llama3.3:70b-8k - INFO - File: ../data/use_cases_large/CubeSat/reference_pdfs/R1_combined.pdf
2025-02-16 15:28:45,514 - DSM_MultiModelExp_llm_rag_ollama:llama3.3:70b-8k - INFO - Page: 15
2025-02-16 15:28:45,514 - DSM_MultiModelExp_llm_rag_ollama:llama3.3:70b-8k - INFO - Content: ing point. The focus shifts now from system level (CubeSat 
mass, power production, form factor) to subsystem selec -
tions. Prior to going through the refinement part, the user 
is required to fill i ...
2025-02-16 15:28:45,515 - DSM_MultiModelExp_llm_rag_ollama:llama3.3:70b-8k - INFO - Raw Response: final response = [
        [1, 1, 1, 1, 1, 1],
        [1, 1, 0, 0, 1, 1],
        [1, 0, 1, 1, 0, 0],
        [1, 0, 1, 1, 0, 0],
        [1, 1, 0, 0, 1, 0],
        [1, 1, 0, 0, 0, 1]
    ]
2025-02-16 15:28:45,516 - DSM_MultiModelExp_llm_rag_ollama:llama3.3:70b-8k - INFO - Query: 
    Please identify system-level proximity relationships (in contact) between the components of CubeSat (nanosatellite), as listed below, and represent them in a Design Structure Matrix (DSM) format.  
    The relationships should be articulated in plain English, capturing the essence of their interactions. 
    Here is the list of subsystems/components to analyze: ['Spacecraft', 'Guidance, Navigation, and Control (GNC) Subsystem', 'Propulsion Subsystem', 'Power Subsystem', 'Reaction Wheel', 'GNC Software'] 
    The DSM should clearly indicate the interactions between these components as 1 exist and 0 does not exist, considering both the presence and nature of these connections.         
    Present the output in a square matrix format (number of rows and columns MUST be the same as the number of components = 6 for this example), with rows and columns labeled accordingly. 
    Diagonal elements should be 1 in DSM matrix since each component interacts with itself. 
    If you don't know the answer, just write 2 for the specific cell that you are unsure of. A worst case scenario of the **as a list of lists** shown below (diagonal elements are 1 and rest are 2). Don't make up an answer.     final response = [
        [1, 2, 2, 2, 2, 2],
        [2, 1, 2, 2, 2, 2],
        [2, 2, 1, 2, 2, 2],
        [2, 2, 2, 1, 2, 2],
        [2, 2, 2, 2, 1, 2],
        [2, 2, 2, 2, 2, 1]
    ]

    IMPORTANT: Your response must **ONLY** contain a valid **as a list of lists** in the following example format 7x7 matrix.     
    The below list of lists is just an example format of your response. **Replace** the values with your **actual analysis** while providing your response with parameter of 'final response'.    
    final response = [
        [1, 0, 0, 0, 0, 0],
        [0, 1, 0, 0, 0, 0],
        [0, 0, 1, 0, 0, 0],
        [0, 0, 0, 1, 0, 0],
        [0, 0, 0, 0, 1, 0],
        [0, 0, 0, 0, 0, 1]
    ]

    IMPORTANT: THE FORMAT OF THE OUTPUT MUST BE AS LIST OF LISTS ONLY SIMILAR TO THE ONE ABOVE (NO LATEX, CODE, OR OTHER ENCODINGS).
    
2025-02-16 15:28:45,517 - DSM_MultiModelExp_llm_rag_ollama:llama3.3:70b-8k - INFO - Response: final response = [
        [1, 1, 1, 1, 1, 1],
        [1, 1, 0, 0, 1, 1],
        [1, 0, 1, 1, 0, 0],
        [1, 0, 1, 1, 0, 0],
        [1, 1, 0, 0, 1, 0],
        [1, 1, 0, 0, 0, 1]
    ]
2025-02-16 15:28:45,518 - DSM_MultiModelExp_llm_rag_ollama:llama3.3:70b-8k - INFO - Matrix: [[1, 1, 1, 1, 1, 1], [1, 1, 0, 0, 1, 1], [1, 0, 1, 1, 0, 0], [1, 0, 1, 1, 0, 0], [1, 1, 0, 0, 1, 0], [1, 1, 0, 0, 0, 1]]
2025-02-16 15:28:45,519 - DSM_MultiModelExp_llm_rag_ollama:llama3.3:70b-8k - INFO - Matrix from response.
2025-02-16 15:28:45,520 - DSM_MultiModelExp_llm_rag_ollama:llama3.3:70b-8k - INFO - At run 5/5
2025-02-16 15:28:45,521 - DSM_MultiModelExp_llm_rag_ollama:llama3.3:70b-8k - INFO - Matrix: [[1, 1, 1, 1, 1, 1], [1, 1, 0, 0, 1, 1], [1, 0, 1, 1, 0, 0], [1, 0, 1, 1, 0, 0], [1, 1, 0, 0, 1, 0], [1, 1, 0, 0, 0, 1]]
2025-02-16 15:28:45,522 - DSM_MultiModelExp_llm_rag_ollama:llama3.3:70b-8k - INFO - --------------------------------------------------
2025-02-16 15:28:55,533 - DSM_MultiModelExp_llm_rag_ollama:llama3.3:70b-8k - INFO - Duration of reference combination {'R1': [{'path': '../data/use_cases_large/CubeSat/reference_pdfs/R1_combined.pdf'}], 'R3': [{'path': '../data/use_cases_large/CubeSat/reference_pdfs/R3_combined.pdf'}]}: 0:01:46.389342
2025-02-16 15:28:55,535 - DSM_MultiModelExp_llm_rag_ollama:llama3.3:70b-8k - INFO - ++++++++++++++++++++++++++++++++++++++++++++++++++++++++++++++++++++++++++++++++++++++++++++++++++++
2025-02-16 15:28:55,536 - DSM_MultiModelExp_llm_rag_ollama:llama3.3:70b-8k - INFO - Run 1/5
2025-02-16 15:28:55,573 - DSM_MultiModelExp_llm_rag_ollama:llama3.3:70b-8k - INFO - DEBUG: Initializing RAGInference.
2025-02-16 15:28:55,574 - DSM_MultiModelExp_llm_rag_ollama:llama3.3:70b-8k - INFO - Using R-type: ['R2', 'R3']
2025-02-16 15:28:55,575 - DSM_MultiModelExp_llm_rag_ollama:llama3.3:70b-8k - INFO - Using embedding model: text-embedding-3-small
2025-02-16 15:28:55,611 - DSM_MultiModelExp_llm_rag_ollama:llama3.3:70b-8k - INFO - VectorStoreManager initialized
2025-02-16 15:28:55,612 - DSM_MultiModelExp_llm_rag_ollama:llama3.3:70b-8k - INFO - Set database path to: xLM_DSM/data/vectorstore/CubeSat/llm_rag/text-embedding-3-small
2025-02-16 15:28:55,620 - DSM_MultiModelExp_llm_rag_ollama:llama3.3:70b-8k - INFO - Collection count: 2320
2025-02-16 15:28:55,623 - DSM_MultiModelExp_llm_rag_ollama:llama3.3:70b-8k - INFO - Initialized RAG inference for system: CubeSat
2025-02-16 15:28:55,624 - DSM_MultiModelExp_llm_rag_ollama:llama3.3:70b-8k - INFO - Initialized DSM for system: CubeSat
2025-02-16 15:28:55,625 - DSM_MultiModelExp_llm_rag_ollama:llama3.3:70b-8k - INFO - Inference model: ollama:llama3.3:70b-8k
2025-02-16 15:29:08,055 - DSM_MultiModelExp_llm_rag_ollama:llama3.3:70b-8k - INFO - Number of documents retrieved: 2
2025-02-16 15:29:08,056 - DSM_MultiModelExp_llm_rag_ollama:llama3.3:70b-8k - INFO - Documents used for this query:
2025-02-16 15:29:08,057 - DSM_MultiModelExp_llm_rag_ollama:llama3.3:70b-8k - INFO - File: ../data/use_cases_large/CubeSat/reference_pdfs/R2_combined.pdf
2025-02-16 15:29:08,058 - DSM_MultiModelExp_llm_rag_ollama:llama3.3:70b-8k - INFO - Page: 527
2025-02-16 15:29:08,058 - DSM_MultiModelExp_llm_rag_ollama:llama3.3:70b-8k - INFO - Content: 7 Conclusions
In this chapter an overview of best practices during the structural system design and
manufacturing has been presented. In particular, attention has been focused on the def-
inition of t ...
2025-02-16 15:29:08,060 - DSM_MultiModelExp_llm_rag_ollama:llama3.3:70b-8k - INFO - File: ../data/use_cases_large/CubeSat/reference_pdfs/R2_combined.pdf
2025-02-16 15:29:08,060 - DSM_MultiModelExp_llm_rag_ollama:llama3.3:70b-8k - INFO - Page: 369
2025-02-16 15:29:08,061 - DSM_MultiModelExp_llm_rag_ollama:llama3.3:70b-8k - INFO - Content: l
performance requirements
l
system scalability requirements
2. Space segment
l
constellation requirements
l
spacecraft requirements
l
general requirements
l
payload requirements
3. Ground segment
l
g ...
2025-02-16 15:29:08,062 - DSM_MultiModelExp_llm_rag_ollama:llama3.3:70b-8k - INFO - Raw Response: final response = [
        [1, 1, 1, 1, 1, 1],
        [1, 1, 0, 0, 1, 1],
        [1, 0, 1, 1, 0, 0],
        [1, 0, 1, 1, 1, 0],
        [1, 1, 0, 1, 1, 0],
        [1, 1, 0, 0, 0, 1]
    ]
2025-02-16 15:29:08,063 - DSM_MultiModelExp_llm_rag_ollama:llama3.3:70b-8k - INFO - Query: 
    Please identify system-level proximity relationships (in contact) between the components of CubeSat (nanosatellite), as listed below, and represent them in a Design Structure Matrix (DSM) format.  
    The relationships should be articulated in plain English, capturing the essence of their interactions. 
    Here is the list of subsystems/components to analyze: ['Spacecraft', 'Guidance, Navigation, and Control (GNC) Subsystem', 'Propulsion Subsystem', 'Power Subsystem', 'Reaction Wheel', 'GNC Software'] 
    The DSM should clearly indicate the interactions between these components as 1 exist and 0 does not exist, considering both the presence and nature of these connections.         
    Present the output in a square matrix format (number of rows and columns MUST be the same as the number of components = 6 for this example), with rows and columns labeled accordingly. 
    Diagonal elements should be 1 in DSM matrix since each component interacts with itself. 
    If you don't know the answer, just write 2 for the specific cell that you are unsure of. A worst case scenario of the **as a list of lists** shown below (diagonal elements are 1 and rest are 2). Don't make up an answer.     final response = [
        [1, 2, 2, 2, 2, 2],
        [2, 1, 2, 2, 2, 2],
        [2, 2, 1, 2, 2, 2],
        [2, 2, 2, 1, 2, 2],
        [2, 2, 2, 2, 1, 2],
        [2, 2, 2, 2, 2, 1]
    ]

    IMPORTANT: Your response must **ONLY** contain a valid **as a list of lists** in the following example format 7x7 matrix.     
    The below list of lists is just an example format of your response. **Replace** the values with your **actual analysis** while providing your response with parameter of 'final response'.    
    final response = [
        [1, 0, 0, 0, 0, 0],
        [0, 1, 0, 0, 0, 0],
        [0, 0, 1, 0, 0, 0],
        [0, 0, 0, 1, 0, 0],
        [0, 0, 0, 0, 1, 0],
        [0, 0, 0, 0, 0, 1]
    ]

    IMPORTANT: THE FORMAT OF THE OUTPUT MUST BE AS LIST OF LISTS ONLY SIMILAR TO THE ONE ABOVE (NO LATEX, CODE, OR OTHER ENCODINGS).
    
2025-02-16 15:29:08,064 - DSM_MultiModelExp_llm_rag_ollama:llama3.3:70b-8k - INFO - Response: final response = [
        [1, 1, 1, 1, 1, 1],
        [1, 1, 0, 0, 1, 1],
        [1, 0, 1, 1, 0, 0],
        [1, 0, 1, 1, 1, 0],
        [1, 1, 0, 1, 1, 0],
        [1, 1, 0, 0, 0, 1]
    ]
2025-02-16 15:29:08,065 - DSM_MultiModelExp_llm_rag_ollama:llama3.3:70b-8k - INFO - Matrix: [[1, 1, 1, 1, 1, 1], [1, 1, 0, 0, 1, 1], [1, 0, 1, 1, 0, 0], [1, 0, 1, 1, 1, 0], [1, 1, 0, 1, 1, 0], [1, 1, 0, 0, 0, 1]]
2025-02-16 15:29:08,065 - DSM_MultiModelExp_llm_rag_ollama:llama3.3:70b-8k - INFO - Matrix from response.
2025-02-16 15:29:08,067 - DSM_MultiModelExp_llm_rag_ollama:llama3.3:70b-8k - INFO - At run 1/5
2025-02-16 15:29:08,068 - DSM_MultiModelExp_llm_rag_ollama:llama3.3:70b-8k - INFO - Matrix: [[1, 1, 1, 1, 1, 1], [1, 1, 0, 0, 1, 1], [1, 0, 1, 1, 0, 0], [1, 0, 1, 1, 1, 0], [1, 1, 0, 1, 1, 0], [1, 1, 0, 0, 0, 1]]
2025-02-16 15:29:08,069 - DSM_MultiModelExp_llm_rag_ollama:llama3.3:70b-8k - INFO - --------------------------------------------------
2025-02-16 15:29:18,080 - DSM_MultiModelExp_llm_rag_ollama:llama3.3:70b-8k - INFO - Run 2/5
2025-02-16 15:29:18,118 - DSM_MultiModelExp_llm_rag_ollama:llama3.3:70b-8k - INFO - DEBUG: Initializing RAGInference.
2025-02-16 15:29:18,119 - DSM_MultiModelExp_llm_rag_ollama:llama3.3:70b-8k - INFO - Using R-type: ['R2', 'R3']
2025-02-16 15:29:18,119 - DSM_MultiModelExp_llm_rag_ollama:llama3.3:70b-8k - INFO - Using embedding model: text-embedding-3-small
2025-02-16 15:29:18,162 - DSM_MultiModelExp_llm_rag_ollama:llama3.3:70b-8k - INFO - VectorStoreManager initialized
2025-02-16 15:29:18,163 - DSM_MultiModelExp_llm_rag_ollama:llama3.3:70b-8k - INFO - Set database path to: xLM_DSM/data/vectorstore/CubeSat/llm_rag/text-embedding-3-small
2025-02-16 15:29:18,171 - DSM_MultiModelExp_llm_rag_ollama:llama3.3:70b-8k - INFO - Collection count: 2320
2025-02-16 15:29:18,175 - DSM_MultiModelExp_llm_rag_ollama:llama3.3:70b-8k - INFO - Initialized RAG inference for system: CubeSat
2025-02-16 15:29:18,175 - DSM_MultiModelExp_llm_rag_ollama:llama3.3:70b-8k - INFO - Initialized DSM for system: CubeSat
2025-02-16 15:29:18,176 - DSM_MultiModelExp_llm_rag_ollama:llama3.3:70b-8k - INFO - Inference model: ollama:llama3.3:70b-8k
2025-02-16 15:29:28,755 - DSM_MultiModelExp_llm_rag_ollama:llama3.3:70b-8k - INFO - Number of documents retrieved: 2
2025-02-16 15:29:28,756 - DSM_MultiModelExp_llm_rag_ollama:llama3.3:70b-8k - INFO - Documents used for this query:
2025-02-16 15:29:28,757 - DSM_MultiModelExp_llm_rag_ollama:llama3.3:70b-8k - INFO - File: ../data/use_cases_large/CubeSat/reference_pdfs/R2_combined.pdf
2025-02-16 15:29:28,758 - DSM_MultiModelExp_llm_rag_ollama:llama3.3:70b-8k - INFO - Page: 527
2025-02-16 15:29:28,759 - DSM_MultiModelExp_llm_rag_ollama:llama3.3:70b-8k - INFO - Content: 7 Conclusions
In this chapter an overview of best practices during the structural system design and
manufacturing has been presented. In particular, attention has been focused on the def-
inition of t ...
2025-02-16 15:29:28,759 - DSM_MultiModelExp_llm_rag_ollama:llama3.3:70b-8k - INFO - File: ../data/use_cases_large/CubeSat/reference_pdfs/R2_combined.pdf
2025-02-16 15:29:28,760 - DSM_MultiModelExp_llm_rag_ollama:llama3.3:70b-8k - INFO - Page: 369
2025-02-16 15:29:28,761 - DSM_MultiModelExp_llm_rag_ollama:llama3.3:70b-8k - INFO - Content: l
performance requirements
l
system scalability requirements
2. Space segment
l
constellation requirements
l
spacecraft requirements
l
general requirements
l
payload requirements
3. Ground segment
l
g ...
2025-02-16 15:29:28,761 - DSM_MultiModelExp_llm_rag_ollama:llama3.3:70b-8k - INFO - Raw Response: final response = [
        [1, 1, 1, 1, 1, 1],
        [1, 1, 0, 0, 1, 1],
        [1, 0, 1, 1, 0, 0],
        [1, 0, 1, 1, 1, 0],
        [1, 1, 0, 1, 1, 0],
        [1, 1, 0, 0, 0, 1]
    ]
2025-02-16 15:29:28,763 - DSM_MultiModelExp_llm_rag_ollama:llama3.3:70b-8k - INFO - Query: 
    Please identify system-level proximity relationships (in contact) between the components of CubeSat (nanosatellite), as listed below, and represent them in a Design Structure Matrix (DSM) format.  
    The relationships should be articulated in plain English, capturing the essence of their interactions. 
    Here is the list of subsystems/components to analyze: ['Spacecraft', 'Guidance, Navigation, and Control (GNC) Subsystem', 'Propulsion Subsystem', 'Power Subsystem', 'Reaction Wheel', 'GNC Software'] 
    The DSM should clearly indicate the interactions between these components as 1 exist and 0 does not exist, considering both the presence and nature of these connections.         
    Present the output in a square matrix format (number of rows and columns MUST be the same as the number of components = 6 for this example), with rows and columns labeled accordingly. 
    Diagonal elements should be 1 in DSM matrix since each component interacts with itself. 
    If you don't know the answer, just write 2 for the specific cell that you are unsure of. A worst case scenario of the **as a list of lists** shown below (diagonal elements are 1 and rest are 2). Don't make up an answer.     final response = [
        [1, 2, 2, 2, 2, 2],
        [2, 1, 2, 2, 2, 2],
        [2, 2, 1, 2, 2, 2],
        [2, 2, 2, 1, 2, 2],
        [2, 2, 2, 2, 1, 2],
        [2, 2, 2, 2, 2, 1]
    ]

    IMPORTANT: Your response must **ONLY** contain a valid **as a list of lists** in the following example format 7x7 matrix.     
    The below list of lists is just an example format of your response. **Replace** the values with your **actual analysis** while providing your response with parameter of 'final response'.    
    final response = [
        [1, 0, 0, 0, 0, 0],
        [0, 1, 0, 0, 0, 0],
        [0, 0, 1, 0, 0, 0],
        [0, 0, 0, 1, 0, 0],
        [0, 0, 0, 0, 1, 0],
        [0, 0, 0, 0, 0, 1]
    ]

    IMPORTANT: THE FORMAT OF THE OUTPUT MUST BE AS LIST OF LISTS ONLY SIMILAR TO THE ONE ABOVE (NO LATEX, CODE, OR OTHER ENCODINGS).
    
2025-02-16 15:29:28,763 - DSM_MultiModelExp_llm_rag_ollama:llama3.3:70b-8k - INFO - Response: final response = [
        [1, 1, 1, 1, 1, 1],
        [1, 1, 0, 0, 1, 1],
        [1, 0, 1, 1, 0, 0],
        [1, 0, 1, 1, 1, 0],
        [1, 1, 0, 1, 1, 0],
        [1, 1, 0, 0, 0, 1]
    ]
2025-02-16 15:29:28,765 - DSM_MultiModelExp_llm_rag_ollama:llama3.3:70b-8k - INFO - Matrix: [[1, 1, 1, 1, 1, 1], [1, 1, 0, 0, 1, 1], [1, 0, 1, 1, 0, 0], [1, 0, 1, 1, 1, 0], [1, 1, 0, 1, 1, 0], [1, 1, 0, 0, 0, 1]]
2025-02-16 15:29:28,766 - DSM_MultiModelExp_llm_rag_ollama:llama3.3:70b-8k - INFO - Matrix from response.
2025-02-16 15:29:28,766 - DSM_MultiModelExp_llm_rag_ollama:llama3.3:70b-8k - INFO - At run 2/5
2025-02-16 15:29:28,767 - DSM_MultiModelExp_llm_rag_ollama:llama3.3:70b-8k - INFO - Matrix: [[1, 1, 1, 1, 1, 1], [1, 1, 0, 0, 1, 1], [1, 0, 1, 1, 0, 0], [1, 0, 1, 1, 1, 0], [1, 1, 0, 1, 1, 0], [1, 1, 0, 0, 0, 1]]
2025-02-16 15:29:28,768 - DSM_MultiModelExp_llm_rag_ollama:llama3.3:70b-8k - INFO - --------------------------------------------------
2025-02-16 15:29:38,779 - DSM_MultiModelExp_llm_rag_ollama:llama3.3:70b-8k - INFO - Run 3/5
2025-02-16 15:29:38,816 - DSM_MultiModelExp_llm_rag_ollama:llama3.3:70b-8k - INFO - DEBUG: Initializing RAGInference.
2025-02-16 15:29:38,817 - DSM_MultiModelExp_llm_rag_ollama:llama3.3:70b-8k - INFO - Using R-type: ['R2', 'R3']
2025-02-16 15:29:38,818 - DSM_MultiModelExp_llm_rag_ollama:llama3.3:70b-8k - INFO - Using embedding model: text-embedding-3-small
2025-02-16 15:29:38,852 - DSM_MultiModelExp_llm_rag_ollama:llama3.3:70b-8k - INFO - VectorStoreManager initialized
2025-02-16 15:29:38,853 - DSM_MultiModelExp_llm_rag_ollama:llama3.3:70b-8k - INFO - Set database path to: xLM_DSM/data/vectorstore/CubeSat/llm_rag/text-embedding-3-small
2025-02-16 15:29:38,861 - DSM_MultiModelExp_llm_rag_ollama:llama3.3:70b-8k - INFO - Collection count: 2320
2025-02-16 15:29:38,865 - DSM_MultiModelExp_llm_rag_ollama:llama3.3:70b-8k - INFO - Initialized RAG inference for system: CubeSat
2025-02-16 15:29:38,865 - DSM_MultiModelExp_llm_rag_ollama:llama3.3:70b-8k - INFO - Initialized DSM for system: CubeSat
2025-02-16 15:29:38,866 - DSM_MultiModelExp_llm_rag_ollama:llama3.3:70b-8k - INFO - Inference model: ollama:llama3.3:70b-8k
2025-02-16 15:29:49,633 - DSM_MultiModelExp_llm_rag_ollama:llama3.3:70b-8k - INFO - Number of documents retrieved: 2
2025-02-16 15:29:49,634 - DSM_MultiModelExp_llm_rag_ollama:llama3.3:70b-8k - INFO - Documents used for this query:
2025-02-16 15:29:49,635 - DSM_MultiModelExp_llm_rag_ollama:llama3.3:70b-8k - INFO - File: ../data/use_cases_large/CubeSat/reference_pdfs/R2_combined.pdf
2025-02-16 15:29:49,636 - DSM_MultiModelExp_llm_rag_ollama:llama3.3:70b-8k - INFO - Page: 527
2025-02-16 15:29:49,637 - DSM_MultiModelExp_llm_rag_ollama:llama3.3:70b-8k - INFO - Content: 7 Conclusions
In this chapter an overview of best practices during the structural system design and
manufacturing has been presented. In particular, attention has been focused on the def-
inition of t ...
2025-02-16 15:29:49,638 - DSM_MultiModelExp_llm_rag_ollama:llama3.3:70b-8k - INFO - File: ../data/use_cases_large/CubeSat/reference_pdfs/R2_combined.pdf
2025-02-16 15:29:49,638 - DSM_MultiModelExp_llm_rag_ollama:llama3.3:70b-8k - INFO - Page: 369
2025-02-16 15:29:49,639 - DSM_MultiModelExp_llm_rag_ollama:llama3.3:70b-8k - INFO - Content: l
performance requirements
l
system scalability requirements
2. Space segment
l
constellation requirements
l
spacecraft requirements
l
general requirements
l
payload requirements
3. Ground segment
l
g ...
2025-02-16 15:29:49,640 - DSM_MultiModelExp_llm_rag_ollama:llama3.3:70b-8k - INFO - Raw Response: final response = [
        [1, 1, 1, 1, 1, 1],
        [1, 1, 0, 0, 1, 1],
        [1, 0, 1, 1, 0, 0],
        [1, 0, 1, 1, 1, 0],
        [1, 1, 0, 1, 1, 0],
        [1, 1, 0, 0, 0, 1]
    ]
2025-02-16 15:29:49,641 - DSM_MultiModelExp_llm_rag_ollama:llama3.3:70b-8k - INFO - Query: 
    Please identify system-level proximity relationships (in contact) between the components of CubeSat (nanosatellite), as listed below, and represent them in a Design Structure Matrix (DSM) format.  
    The relationships should be articulated in plain English, capturing the essence of their interactions. 
    Here is the list of subsystems/components to analyze: ['Spacecraft', 'Guidance, Navigation, and Control (GNC) Subsystem', 'Propulsion Subsystem', 'Power Subsystem', 'Reaction Wheel', 'GNC Software'] 
    The DSM should clearly indicate the interactions between these components as 1 exist and 0 does not exist, considering both the presence and nature of these connections.         
    Present the output in a square matrix format (number of rows and columns MUST be the same as the number of components = 6 for this example), with rows and columns labeled accordingly. 
    Diagonal elements should be 1 in DSM matrix since each component interacts with itself. 
    If you don't know the answer, just write 2 for the specific cell that you are unsure of. A worst case scenario of the **as a list of lists** shown below (diagonal elements are 1 and rest are 2). Don't make up an answer.     final response = [
        [1, 2, 2, 2, 2, 2],
        [2, 1, 2, 2, 2, 2],
        [2, 2, 1, 2, 2, 2],
        [2, 2, 2, 1, 2, 2],
        [2, 2, 2, 2, 1, 2],
        [2, 2, 2, 2, 2, 1]
    ]

    IMPORTANT: Your response must **ONLY** contain a valid **as a list of lists** in the following example format 7x7 matrix.     
    The below list of lists is just an example format of your response. **Replace** the values with your **actual analysis** while providing your response with parameter of 'final response'.    
    final response = [
        [1, 0, 0, 0, 0, 0],
        [0, 1, 0, 0, 0, 0],
        [0, 0, 1, 0, 0, 0],
        [0, 0, 0, 1, 0, 0],
        [0, 0, 0, 0, 1, 0],
        [0, 0, 0, 0, 0, 1]
    ]

    IMPORTANT: THE FORMAT OF THE OUTPUT MUST BE AS LIST OF LISTS ONLY SIMILAR TO THE ONE ABOVE (NO LATEX, CODE, OR OTHER ENCODINGS).
    
2025-02-16 15:29:49,642 - DSM_MultiModelExp_llm_rag_ollama:llama3.3:70b-8k - INFO - Response: final response = [
        [1, 1, 1, 1, 1, 1],
        [1, 1, 0, 0, 1, 1],
        [1, 0, 1, 1, 0, 0],
        [1, 0, 1, 1, 1, 0],
        [1, 1, 0, 1, 1, 0],
        [1, 1, 0, 0, 0, 1]
    ]
2025-02-16 15:29:49,643 - DSM_MultiModelExp_llm_rag_ollama:llama3.3:70b-8k - INFO - Matrix: [[1, 1, 1, 1, 1, 1], [1, 1, 0, 0, 1, 1], [1, 0, 1, 1, 0, 0], [1, 0, 1, 1, 1, 0], [1, 1, 0, 1, 1, 0], [1, 1, 0, 0, 0, 1]]
2025-02-16 15:29:49,644 - DSM_MultiModelExp_llm_rag_ollama:llama3.3:70b-8k - INFO - Matrix from response.
2025-02-16 15:29:49,645 - DSM_MultiModelExp_llm_rag_ollama:llama3.3:70b-8k - INFO - At run 3/5
2025-02-16 15:29:49,646 - DSM_MultiModelExp_llm_rag_ollama:llama3.3:70b-8k - INFO - Matrix: [[1, 1, 1, 1, 1, 1], [1, 1, 0, 0, 1, 1], [1, 0, 1, 1, 0, 0], [1, 0, 1, 1, 1, 0], [1, 1, 0, 1, 1, 0], [1, 1, 0, 0, 0, 1]]
2025-02-16 15:29:49,647 - DSM_MultiModelExp_llm_rag_ollama:llama3.3:70b-8k - INFO - --------------------------------------------------
2025-02-16 15:29:59,658 - DSM_MultiModelExp_llm_rag_ollama:llama3.3:70b-8k - INFO - Run 4/5
2025-02-16 15:29:59,695 - DSM_MultiModelExp_llm_rag_ollama:llama3.3:70b-8k - INFO - DEBUG: Initializing RAGInference.
2025-02-16 15:29:59,696 - DSM_MultiModelExp_llm_rag_ollama:llama3.3:70b-8k - INFO - Using R-type: ['R2', 'R3']
2025-02-16 15:29:59,697 - DSM_MultiModelExp_llm_rag_ollama:llama3.3:70b-8k - INFO - Using embedding model: text-embedding-3-small
2025-02-16 15:29:59,734 - DSM_MultiModelExp_llm_rag_ollama:llama3.3:70b-8k - INFO - VectorStoreManager initialized
2025-02-16 15:29:59,735 - DSM_MultiModelExp_llm_rag_ollama:llama3.3:70b-8k - INFO - Set database path to: xLM_DSM/data/vectorstore/CubeSat/llm_rag/text-embedding-3-small
2025-02-16 15:29:59,743 - DSM_MultiModelExp_llm_rag_ollama:llama3.3:70b-8k - INFO - Collection count: 2320
2025-02-16 15:29:59,747 - DSM_MultiModelExp_llm_rag_ollama:llama3.3:70b-8k - INFO - Initialized RAG inference for system: CubeSat
2025-02-16 15:29:59,747 - DSM_MultiModelExp_llm_rag_ollama:llama3.3:70b-8k - INFO - Initialized DSM for system: CubeSat
2025-02-16 15:29:59,748 - DSM_MultiModelExp_llm_rag_ollama:llama3.3:70b-8k - INFO - Inference model: ollama:llama3.3:70b-8k
2025-02-16 15:30:10,576 - DSM_MultiModelExp_llm_rag_ollama:llama3.3:70b-8k - INFO - Number of documents retrieved: 2
2025-02-16 15:30:10,577 - DSM_MultiModelExp_llm_rag_ollama:llama3.3:70b-8k - INFO - Documents used for this query:
2025-02-16 15:30:10,578 - DSM_MultiModelExp_llm_rag_ollama:llama3.3:70b-8k - INFO - File: ../data/use_cases_large/CubeSat/reference_pdfs/R2_combined.pdf
2025-02-16 15:30:10,579 - DSM_MultiModelExp_llm_rag_ollama:llama3.3:70b-8k - INFO - Page: 527
2025-02-16 15:30:10,579 - DSM_MultiModelExp_llm_rag_ollama:llama3.3:70b-8k - INFO - Content: 7 Conclusions
In this chapter an overview of best practices during the structural system design and
manufacturing has been presented. In particular, attention has been focused on the def-
inition of t ...
2025-02-16 15:30:10,580 - DSM_MultiModelExp_llm_rag_ollama:llama3.3:70b-8k - INFO - File: ../data/use_cases_large/CubeSat/reference_pdfs/R2_combined.pdf
2025-02-16 15:30:10,581 - DSM_MultiModelExp_llm_rag_ollama:llama3.3:70b-8k - INFO - Page: 369
2025-02-16 15:30:10,581 - DSM_MultiModelExp_llm_rag_ollama:llama3.3:70b-8k - INFO - Content: l
performance requirements
l
system scalability requirements
2. Space segment
l
constellation requirements
l
spacecraft requirements
l
general requirements
l
payload requirements
3. Ground segment
l
g ...
2025-02-16 15:30:10,583 - DSM_MultiModelExp_llm_rag_ollama:llama3.3:70b-8k - INFO - Raw Response: final response = [
        [1, 1, 1, 1, 1, 1],
        [1, 1, 0, 0, 1, 1],
        [1, 0, 1, 1, 0, 0],
        [1, 0, 1, 1, 1, 0],
        [1, 1, 0, 1, 1, 0],
        [1, 1, 0, 0, 0, 1]
    ]
2025-02-16 15:30:10,584 - DSM_MultiModelExp_llm_rag_ollama:llama3.3:70b-8k - INFO - Query: 
    Please identify system-level proximity relationships (in contact) between the components of CubeSat (nanosatellite), as listed below, and represent them in a Design Structure Matrix (DSM) format.  
    The relationships should be articulated in plain English, capturing the essence of their interactions. 
    Here is the list of subsystems/components to analyze: ['Spacecraft', 'Guidance, Navigation, and Control (GNC) Subsystem', 'Propulsion Subsystem', 'Power Subsystem', 'Reaction Wheel', 'GNC Software'] 
    The DSM should clearly indicate the interactions between these components as 1 exist and 0 does not exist, considering both the presence and nature of these connections.         
    Present the output in a square matrix format (number of rows and columns MUST be the same as the number of components = 6 for this example), with rows and columns labeled accordingly. 
    Diagonal elements should be 1 in DSM matrix since each component interacts with itself. 
    If you don't know the answer, just write 2 for the specific cell that you are unsure of. A worst case scenario of the **as a list of lists** shown below (diagonal elements are 1 and rest are 2). Don't make up an answer.     final response = [
        [1, 2, 2, 2, 2, 2],
        [2, 1, 2, 2, 2, 2],
        [2, 2, 1, 2, 2, 2],
        [2, 2, 2, 1, 2, 2],
        [2, 2, 2, 2, 1, 2],
        [2, 2, 2, 2, 2, 1]
    ]

    IMPORTANT: Your response must **ONLY** contain a valid **as a list of lists** in the following example format 7x7 matrix.     
    The below list of lists is just an example format of your response. **Replace** the values with your **actual analysis** while providing your response with parameter of 'final response'.    
    final response = [
        [1, 0, 0, 0, 0, 0],
        [0, 1, 0, 0, 0, 0],
        [0, 0, 1, 0, 0, 0],
        [0, 0, 0, 1, 0, 0],
        [0, 0, 0, 0, 1, 0],
        [0, 0, 0, 0, 0, 1]
    ]

    IMPORTANT: THE FORMAT OF THE OUTPUT MUST BE AS LIST OF LISTS ONLY SIMILAR TO THE ONE ABOVE (NO LATEX, CODE, OR OTHER ENCODINGS).
    
2025-02-16 15:30:10,585 - DSM_MultiModelExp_llm_rag_ollama:llama3.3:70b-8k - INFO - Response: final response = [
        [1, 1, 1, 1, 1, 1],
        [1, 1, 0, 0, 1, 1],
        [1, 0, 1, 1, 0, 0],
        [1, 0, 1, 1, 1, 0],
        [1, 1, 0, 1, 1, 0],
        [1, 1, 0, 0, 0, 1]
    ]
2025-02-16 15:30:10,586 - DSM_MultiModelExp_llm_rag_ollama:llama3.3:70b-8k - INFO - Matrix: [[1, 1, 1, 1, 1, 1], [1, 1, 0, 0, 1, 1], [1, 0, 1, 1, 0, 0], [1, 0, 1, 1, 1, 0], [1, 1, 0, 1, 1, 0], [1, 1, 0, 0, 0, 1]]
2025-02-16 15:30:10,587 - DSM_MultiModelExp_llm_rag_ollama:llama3.3:70b-8k - INFO - Matrix from response.
2025-02-16 15:30:10,588 - DSM_MultiModelExp_llm_rag_ollama:llama3.3:70b-8k - INFO - At run 4/5
2025-02-16 15:30:10,588 - DSM_MultiModelExp_llm_rag_ollama:llama3.3:70b-8k - INFO - Matrix: [[1, 1, 1, 1, 1, 1], [1, 1, 0, 0, 1, 1], [1, 0, 1, 1, 0, 0], [1, 0, 1, 1, 1, 0], [1, 1, 0, 1, 1, 0], [1, 1, 0, 0, 0, 1]]
2025-02-16 15:30:10,589 - DSM_MultiModelExp_llm_rag_ollama:llama3.3:70b-8k - INFO - --------------------------------------------------
2025-02-16 15:30:20,601 - DSM_MultiModelExp_llm_rag_ollama:llama3.3:70b-8k - INFO - Run 5/5
2025-02-16 15:30:20,638 - DSM_MultiModelExp_llm_rag_ollama:llama3.3:70b-8k - INFO - DEBUG: Initializing RAGInference.
2025-02-16 15:30:20,639 - DSM_MultiModelExp_llm_rag_ollama:llama3.3:70b-8k - INFO - Using R-type: ['R2', 'R3']
2025-02-16 15:30:20,640 - DSM_MultiModelExp_llm_rag_ollama:llama3.3:70b-8k - INFO - Using embedding model: text-embedding-3-small
2025-02-16 15:30:20,676 - DSM_MultiModelExp_llm_rag_ollama:llama3.3:70b-8k - INFO - VectorStoreManager initialized
2025-02-16 15:30:20,677 - DSM_MultiModelExp_llm_rag_ollama:llama3.3:70b-8k - INFO - Set database path to: xLM_DSM/data/vectorstore/CubeSat/llm_rag/text-embedding-3-small
2025-02-16 15:30:20,686 - DSM_MultiModelExp_llm_rag_ollama:llama3.3:70b-8k - INFO - Collection count: 2320
2025-02-16 15:30:20,689 - DSM_MultiModelExp_llm_rag_ollama:llama3.3:70b-8k - INFO - Initialized RAG inference for system: CubeSat
2025-02-16 15:30:20,690 - DSM_MultiModelExp_llm_rag_ollama:llama3.3:70b-8k - INFO - Initialized DSM for system: CubeSat
2025-02-16 15:30:20,690 - DSM_MultiModelExp_llm_rag_ollama:llama3.3:70b-8k - INFO - Inference model: ollama:llama3.3:70b-8k
2025-02-16 15:30:31,457 - DSM_MultiModelExp_llm_rag_ollama:llama3.3:70b-8k - INFO - Number of documents retrieved: 2
2025-02-16 15:30:31,458 - DSM_MultiModelExp_llm_rag_ollama:llama3.3:70b-8k - INFO - Documents used for this query:
2025-02-16 15:30:31,458 - DSM_MultiModelExp_llm_rag_ollama:llama3.3:70b-8k - INFO - File: ../data/use_cases_large/CubeSat/reference_pdfs/R2_combined.pdf
2025-02-16 15:30:31,459 - DSM_MultiModelExp_llm_rag_ollama:llama3.3:70b-8k - INFO - Page: 527
2025-02-16 15:30:31,459 - DSM_MultiModelExp_llm_rag_ollama:llama3.3:70b-8k - INFO - Content: 7 Conclusions
In this chapter an overview of best practices during the structural system design and
manufacturing has been presented. In particular, attention has been focused on the def-
inition of t ...
2025-02-16 15:30:31,460 - DSM_MultiModelExp_llm_rag_ollama:llama3.3:70b-8k - INFO - File: ../data/use_cases_large/CubeSat/reference_pdfs/R2_combined.pdf
2025-02-16 15:30:31,461 - DSM_MultiModelExp_llm_rag_ollama:llama3.3:70b-8k - INFO - Page: 369
2025-02-16 15:30:31,461 - DSM_MultiModelExp_llm_rag_ollama:llama3.3:70b-8k - INFO - Content: l
performance requirements
l
system scalability requirements
2. Space segment
l
constellation requirements
l
spacecraft requirements
l
general requirements
l
payload requirements
3. Ground segment
l
g ...
2025-02-16 15:30:31,461 - DSM_MultiModelExp_llm_rag_ollama:llama3.3:70b-8k - INFO - Raw Response: final response = [
        [1, 1, 1, 1, 1, 1],
        [1, 1, 0, 0, 1, 1],
        [1, 0, 1, 1, 0, 0],
        [1, 0, 1, 1, 1, 0],
        [1, 1, 0, 1, 1, 0],
        [1, 1, 0, 0, 0, 1]
    ]
2025-02-16 15:30:31,462 - DSM_MultiModelExp_llm_rag_ollama:llama3.3:70b-8k - INFO - Query: 
    Please identify system-level proximity relationships (in contact) between the components of CubeSat (nanosatellite), as listed below, and represent them in a Design Structure Matrix (DSM) format.  
    The relationships should be articulated in plain English, capturing the essence of their interactions. 
    Here is the list of subsystems/components to analyze: ['Spacecraft', 'Guidance, Navigation, and Control (GNC) Subsystem', 'Propulsion Subsystem', 'Power Subsystem', 'Reaction Wheel', 'GNC Software'] 
    The DSM should clearly indicate the interactions between these components as 1 exist and 0 does not exist, considering both the presence and nature of these connections.         
    Present the output in a square matrix format (number of rows and columns MUST be the same as the number of components = 6 for this example), with rows and columns labeled accordingly. 
    Diagonal elements should be 1 in DSM matrix since each component interacts with itself. 
    If you don't know the answer, just write 2 for the specific cell that you are unsure of. A worst case scenario of the **as a list of lists** shown below (diagonal elements are 1 and rest are 2). Don't make up an answer.     final response = [
        [1, 2, 2, 2, 2, 2],
        [2, 1, 2, 2, 2, 2],
        [2, 2, 1, 2, 2, 2],
        [2, 2, 2, 1, 2, 2],
        [2, 2, 2, 2, 1, 2],
        [2, 2, 2, 2, 2, 1]
    ]

    IMPORTANT: Your response must **ONLY** contain a valid **as a list of lists** in the following example format 7x7 matrix.     
    The below list of lists is just an example format of your response. **Replace** the values with your **actual analysis** while providing your response with parameter of 'final response'.    
    final response = [
        [1, 0, 0, 0, 0, 0],
        [0, 1, 0, 0, 0, 0],
        [0, 0, 1, 0, 0, 0],
        [0, 0, 0, 1, 0, 0],
        [0, 0, 0, 0, 1, 0],
        [0, 0, 0, 0, 0, 1]
    ]

    IMPORTANT: THE FORMAT OF THE OUTPUT MUST BE AS LIST OF LISTS ONLY SIMILAR TO THE ONE ABOVE (NO LATEX, CODE, OR OTHER ENCODINGS).
    
2025-02-16 15:30:31,463 - DSM_MultiModelExp_llm_rag_ollama:llama3.3:70b-8k - INFO - Response: final response = [
        [1, 1, 1, 1, 1, 1],
        [1, 1, 0, 0, 1, 1],
        [1, 0, 1, 1, 0, 0],
        [1, 0, 1, 1, 1, 0],
        [1, 1, 0, 1, 1, 0],
        [1, 1, 0, 0, 0, 1]
    ]
2025-02-16 15:30:31,463 - DSM_MultiModelExp_llm_rag_ollama:llama3.3:70b-8k - INFO - Matrix: [[1, 1, 1, 1, 1, 1], [1, 1, 0, 0, 1, 1], [1, 0, 1, 1, 0, 0], [1, 0, 1, 1, 1, 0], [1, 1, 0, 1, 1, 0], [1, 1, 0, 0, 0, 1]]
2025-02-16 15:30:31,464 - DSM_MultiModelExp_llm_rag_ollama:llama3.3:70b-8k - INFO - Matrix from response.
2025-02-16 15:30:31,464 - DSM_MultiModelExp_llm_rag_ollama:llama3.3:70b-8k - INFO - At run 5/5
2025-02-16 15:30:31,465 - DSM_MultiModelExp_llm_rag_ollama:llama3.3:70b-8k - INFO - Matrix: [[1, 1, 1, 1, 1, 1], [1, 1, 0, 0, 1, 1], [1, 0, 1, 1, 0, 0], [1, 0, 1, 1, 1, 0], [1, 1, 0, 1, 1, 0], [1, 1, 0, 0, 0, 1]]
2025-02-16 15:30:31,465 - DSM_MultiModelExp_llm_rag_ollama:llama3.3:70b-8k - INFO - --------------------------------------------------
2025-02-16 15:30:41,476 - DSM_MultiModelExp_llm_rag_ollama:llama3.3:70b-8k - INFO - Duration of reference combination {'R2': [{'path': '../data/use_cases_large/CubeSat/reference_pdfs/R2_combined.pdf'}], 'R3': [{'path': '../data/use_cases_large/CubeSat/reference_pdfs/R3_combined.pdf'}]}: 0:01:45.940125
2025-02-16 15:30:41,477 - DSM_MultiModelExp_llm_rag_ollama:llama3.3:70b-8k - INFO - ++++++++++++++++++++++++++++++++++++++++++++++++++++++++++++++++++++++++++++++++++++++++++++++++++++
2025-02-16 15:30:41,478 - DSM_MultiModelExp_llm_rag_ollama:llama3.3:70b-8k - INFO - Run 1/5
2025-02-16 15:30:41,516 - DSM_MultiModelExp_llm_rag_ollama:llama3.3:70b-8k - INFO - DEBUG: Initializing RAGInference.
2025-02-16 15:30:41,517 - DSM_MultiModelExp_llm_rag_ollama:llama3.3:70b-8k - INFO - Using R-type: ['R1', 'R2', 'R3']
2025-02-16 15:30:41,517 - DSM_MultiModelExp_llm_rag_ollama:llama3.3:70b-8k - INFO - Using embedding model: text-embedding-3-small
2025-02-16 15:30:41,553 - DSM_MultiModelExp_llm_rag_ollama:llama3.3:70b-8k - INFO - VectorStoreManager initialized
2025-02-16 15:30:41,554 - DSM_MultiModelExp_llm_rag_ollama:llama3.3:70b-8k - INFO - Set database path to: xLM_DSM/data/vectorstore/CubeSat/llm_rag/text-embedding-3-small
2025-02-16 15:30:41,563 - DSM_MultiModelExp_llm_rag_ollama:llama3.3:70b-8k - INFO - Collection count: 2320
2025-02-16 15:30:41,566 - DSM_MultiModelExp_llm_rag_ollama:llama3.3:70b-8k - INFO - Initialized RAG inference for system: CubeSat
2025-02-16 15:30:41,567 - DSM_MultiModelExp_llm_rag_ollama:llama3.3:70b-8k - INFO - Initialized DSM for system: CubeSat
2025-02-16 15:30:41,567 - DSM_MultiModelExp_llm_rag_ollama:llama3.3:70b-8k - INFO - Inference model: ollama:llama3.3:70b-8k
2025-02-16 15:30:54,493 - DSM_MultiModelExp_llm_rag_ollama:llama3.3:70b-8k - INFO - Number of documents retrieved: 2
2025-02-16 15:30:54,494 - DSM_MultiModelExp_llm_rag_ollama:llama3.3:70b-8k - INFO - Documents used for this query:
2025-02-16 15:30:54,495 - DSM_MultiModelExp_llm_rag_ollama:llama3.3:70b-8k - INFO - File: ../data/use_cases_large/CubeSat/reference_pdfs/R1_combined.pdf
2025-02-16 15:30:54,495 - DSM_MultiModelExp_llm_rag_ollama:llama3.3:70b-8k - INFO - Page: 15
2025-02-16 15:30:54,496 - DSM_MultiModelExp_llm_rag_ollama:llama3.3:70b-8k - INFO - Content: • Propulsion subsystem.
• Electric power subsystem (EPS).
• Structure subsystem.
• OBC subsystem.
• TT &C subsystem.
• Thermal subsystem.
Excluding the payload subsystem, in which the refinement is 
c ...
2025-02-16 15:30:54,497 - DSM_MultiModelExp_llm_rag_ollama:llama3.3:70b-8k - INFO - File: ../data/use_cases_large/CubeSat/reference_pdfs/R1_combined.pdf
2025-02-16 15:30:54,498 - DSM_MultiModelExp_llm_rag_ollama:llama3.3:70b-8k - INFO - Page: 15
2025-02-16 15:30:54,499 - DSM_MultiModelExp_llm_rag_ollama:llama3.3:70b-8k - INFO - Content: ing point. The focus shifts now from system level (CubeSat 
mass, power production, form factor) to subsystem selec -
tions. Prior to going through the refinement part, the user 
is required to fill i ...
2025-02-16 15:30:54,499 - DSM_MultiModelExp_llm_rag_ollama:llama3.3:70b-8k - INFO - Raw Response: final response = [
        [1, 1, 1, 1, 1, 1],
        [1, 1, 0, 0, 1, 1],
        [1, 0, 1, 1, 0, 0],
        [1, 0, 1, 1, 0, 0],
        [1, 1, 0, 0, 1, 0],
        [1, 1, 0, 0, 0, 1]
    ]
2025-02-16 15:30:54,500 - DSM_MultiModelExp_llm_rag_ollama:llama3.3:70b-8k - INFO - Query: 
    Please identify system-level proximity relationships (in contact) between the components of CubeSat (nanosatellite), as listed below, and represent them in a Design Structure Matrix (DSM) format.  
    The relationships should be articulated in plain English, capturing the essence of their interactions. 
    Here is the list of subsystems/components to analyze: ['Spacecraft', 'Guidance, Navigation, and Control (GNC) Subsystem', 'Propulsion Subsystem', 'Power Subsystem', 'Reaction Wheel', 'GNC Software'] 
    The DSM should clearly indicate the interactions between these components as 1 exist and 0 does not exist, considering both the presence and nature of these connections.         
    Present the output in a square matrix format (number of rows and columns MUST be the same as the number of components = 6 for this example), with rows and columns labeled accordingly. 
    Diagonal elements should be 1 in DSM matrix since each component interacts with itself. 
    If you don't know the answer, just write 2 for the specific cell that you are unsure of. A worst case scenario of the **as a list of lists** shown below (diagonal elements are 1 and rest are 2). Don't make up an answer.     final response = [
        [1, 2, 2, 2, 2, 2],
        [2, 1, 2, 2, 2, 2],
        [2, 2, 1, 2, 2, 2],
        [2, 2, 2, 1, 2, 2],
        [2, 2, 2, 2, 1, 2],
        [2, 2, 2, 2, 2, 1]
    ]

    IMPORTANT: Your response must **ONLY** contain a valid **as a list of lists** in the following example format 7x7 matrix.     
    The below list of lists is just an example format of your response. **Replace** the values with your **actual analysis** while providing your response with parameter of 'final response'.    
    final response = [
        [1, 0, 0, 0, 0, 0],
        [0, 1, 0, 0, 0, 0],
        [0, 0, 1, 0, 0, 0],
        [0, 0, 0, 1, 0, 0],
        [0, 0, 0, 0, 1, 0],
        [0, 0, 0, 0, 0, 1]
    ]

    IMPORTANT: THE FORMAT OF THE OUTPUT MUST BE AS LIST OF LISTS ONLY SIMILAR TO THE ONE ABOVE (NO LATEX, CODE, OR OTHER ENCODINGS).
    
2025-02-16 15:30:54,501 - DSM_MultiModelExp_llm_rag_ollama:llama3.3:70b-8k - INFO - Response: final response = [
        [1, 1, 1, 1, 1, 1],
        [1, 1, 0, 0, 1, 1],
        [1, 0, 1, 1, 0, 0],
        [1, 0, 1, 1, 0, 0],
        [1, 1, 0, 0, 1, 0],
        [1, 1, 0, 0, 0, 1]
    ]
2025-02-16 15:30:54,502 - DSM_MultiModelExp_llm_rag_ollama:llama3.3:70b-8k - INFO - Matrix: [[1, 1, 1, 1, 1, 1], [1, 1, 0, 0, 1, 1], [1, 0, 1, 1, 0, 0], [1, 0, 1, 1, 0, 0], [1, 1, 0, 0, 1, 0], [1, 1, 0, 0, 0, 1]]
2025-02-16 15:30:54,503 - DSM_MultiModelExp_llm_rag_ollama:llama3.3:70b-8k - INFO - Matrix from response.
2025-02-16 15:30:54,504 - DSM_MultiModelExp_llm_rag_ollama:llama3.3:70b-8k - INFO - At run 1/5
2025-02-16 15:30:54,504 - DSM_MultiModelExp_llm_rag_ollama:llama3.3:70b-8k - INFO - Matrix: [[1, 1, 1, 1, 1, 1], [1, 1, 0, 0, 1, 1], [1, 0, 1, 1, 0, 0], [1, 0, 1, 1, 0, 0], [1, 1, 0, 0, 1, 0], [1, 1, 0, 0, 0, 1]]
2025-02-16 15:30:54,505 - DSM_MultiModelExp_llm_rag_ollama:llama3.3:70b-8k - INFO - --------------------------------------------------
2025-02-16 15:31:04,516 - DSM_MultiModelExp_llm_rag_ollama:llama3.3:70b-8k - INFO - Run 2/5
2025-02-16 15:31:04,553 - DSM_MultiModelExp_llm_rag_ollama:llama3.3:70b-8k - INFO - DEBUG: Initializing RAGInference.
2025-02-16 15:31:04,554 - DSM_MultiModelExp_llm_rag_ollama:llama3.3:70b-8k - INFO - Using R-type: ['R1', 'R2', 'R3']
2025-02-16 15:31:04,554 - DSM_MultiModelExp_llm_rag_ollama:llama3.3:70b-8k - INFO - Using embedding model: text-embedding-3-small
2025-02-16 15:31:04,590 - DSM_MultiModelExp_llm_rag_ollama:llama3.3:70b-8k - INFO - VectorStoreManager initialized
2025-02-16 15:31:04,591 - DSM_MultiModelExp_llm_rag_ollama:llama3.3:70b-8k - INFO - Set database path to: xLM_DSM/data/vectorstore/CubeSat/llm_rag/text-embedding-3-small
2025-02-16 15:31:04,599 - DSM_MultiModelExp_llm_rag_ollama:llama3.3:70b-8k - INFO - Collection count: 2320
2025-02-16 15:31:04,603 - DSM_MultiModelExp_llm_rag_ollama:llama3.3:70b-8k - INFO - Initialized RAG inference for system: CubeSat
2025-02-16 15:31:04,604 - DSM_MultiModelExp_llm_rag_ollama:llama3.3:70b-8k - INFO - Initialized DSM for system: CubeSat
2025-02-16 15:31:04,604 - DSM_MultiModelExp_llm_rag_ollama:llama3.3:70b-8k - INFO - Inference model: ollama:llama3.3:70b-8k
2025-02-16 15:31:15,163 - DSM_MultiModelExp_llm_rag_ollama:llama3.3:70b-8k - INFO - Number of documents retrieved: 2
2025-02-16 15:31:15,164 - DSM_MultiModelExp_llm_rag_ollama:llama3.3:70b-8k - INFO - Documents used for this query:
2025-02-16 15:31:15,164 - DSM_MultiModelExp_llm_rag_ollama:llama3.3:70b-8k - INFO - File: ../data/use_cases_large/CubeSat/reference_pdfs/R1_combined.pdf
2025-02-16 15:31:15,165 - DSM_MultiModelExp_llm_rag_ollama:llama3.3:70b-8k - INFO - Page: 15
2025-02-16 15:31:15,165 - DSM_MultiModelExp_llm_rag_ollama:llama3.3:70b-8k - INFO - Content: • Propulsion subsystem.
• Electric power subsystem (EPS).
• Structure subsystem.
• OBC subsystem.
• TT &C subsystem.
• Thermal subsystem.
Excluding the payload subsystem, in which the refinement is 
c ...
2025-02-16 15:31:15,166 - DSM_MultiModelExp_llm_rag_ollama:llama3.3:70b-8k - INFO - File: ../data/use_cases_large/CubeSat/reference_pdfs/R1_combined.pdf
2025-02-16 15:31:15,166 - DSM_MultiModelExp_llm_rag_ollama:llama3.3:70b-8k - INFO - Page: 15
2025-02-16 15:31:15,167 - DSM_MultiModelExp_llm_rag_ollama:llama3.3:70b-8k - INFO - Content: ing point. The focus shifts now from system level (CubeSat 
mass, power production, form factor) to subsystem selec -
tions. Prior to going through the refinement part, the user 
is required to fill i ...
2025-02-16 15:31:15,167 - DSM_MultiModelExp_llm_rag_ollama:llama3.3:70b-8k - INFO - Raw Response: final response = [
        [1, 1, 1, 1, 1, 1],
        [1, 1, 0, 0, 1, 1],
        [1, 0, 1, 1, 0, 0],
        [1, 0, 1, 1, 0, 0],
        [1, 1, 0, 0, 1, 0],
        [1, 1, 0, 0, 0, 1]
    ]
2025-02-16 15:31:15,168 - DSM_MultiModelExp_llm_rag_ollama:llama3.3:70b-8k - INFO - Query: 
    Please identify system-level proximity relationships (in contact) between the components of CubeSat (nanosatellite), as listed below, and represent them in a Design Structure Matrix (DSM) format.  
    The relationships should be articulated in plain English, capturing the essence of their interactions. 
    Here is the list of subsystems/components to analyze: ['Spacecraft', 'Guidance, Navigation, and Control (GNC) Subsystem', 'Propulsion Subsystem', 'Power Subsystem', 'Reaction Wheel', 'GNC Software'] 
    The DSM should clearly indicate the interactions between these components as 1 exist and 0 does not exist, considering both the presence and nature of these connections.         
    Present the output in a square matrix format (number of rows and columns MUST be the same as the number of components = 6 for this example), with rows and columns labeled accordingly. 
    Diagonal elements should be 1 in DSM matrix since each component interacts with itself. 
    If you don't know the answer, just write 2 for the specific cell that you are unsure of. A worst case scenario of the **as a list of lists** shown below (diagonal elements are 1 and rest are 2). Don't make up an answer.     final response = [
        [1, 2, 2, 2, 2, 2],
        [2, 1, 2, 2, 2, 2],
        [2, 2, 1, 2, 2, 2],
        [2, 2, 2, 1, 2, 2],
        [2, 2, 2, 2, 1, 2],
        [2, 2, 2, 2, 2, 1]
    ]

    IMPORTANT: Your response must **ONLY** contain a valid **as a list of lists** in the following example format 7x7 matrix.     
    The below list of lists is just an example format of your response. **Replace** the values with your **actual analysis** while providing your response with parameter of 'final response'.    
    final response = [
        [1, 0, 0, 0, 0, 0],
        [0, 1, 0, 0, 0, 0],
        [0, 0, 1, 0, 0, 0],
        [0, 0, 0, 1, 0, 0],
        [0, 0, 0, 0, 1, 0],
        [0, 0, 0, 0, 0, 1]
    ]

    IMPORTANT: THE FORMAT OF THE OUTPUT MUST BE AS LIST OF LISTS ONLY SIMILAR TO THE ONE ABOVE (NO LATEX, CODE, OR OTHER ENCODINGS).
    
2025-02-16 15:31:15,169 - DSM_MultiModelExp_llm_rag_ollama:llama3.3:70b-8k - INFO - Response: final response = [
        [1, 1, 1, 1, 1, 1],
        [1, 1, 0, 0, 1, 1],
        [1, 0, 1, 1, 0, 0],
        [1, 0, 1, 1, 0, 0],
        [1, 1, 0, 0, 1, 0],
        [1, 1, 0, 0, 0, 1]
    ]
2025-02-16 15:31:15,169 - DSM_MultiModelExp_llm_rag_ollama:llama3.3:70b-8k - INFO - Matrix: [[1, 1, 1, 1, 1, 1], [1, 1, 0, 0, 1, 1], [1, 0, 1, 1, 0, 0], [1, 0, 1, 1, 0, 0], [1, 1, 0, 0, 1, 0], [1, 1, 0, 0, 0, 1]]
2025-02-16 15:31:15,170 - DSM_MultiModelExp_llm_rag_ollama:llama3.3:70b-8k - INFO - Matrix from response.
2025-02-16 15:31:15,170 - DSM_MultiModelExp_llm_rag_ollama:llama3.3:70b-8k - INFO - At run 2/5
2025-02-16 15:31:15,171 - DSM_MultiModelExp_llm_rag_ollama:llama3.3:70b-8k - INFO - Matrix: [[1, 1, 1, 1, 1, 1], [1, 1, 0, 0, 1, 1], [1, 0, 1, 1, 0, 0], [1, 0, 1, 1, 0, 0], [1, 1, 0, 0, 1, 0], [1, 1, 0, 0, 0, 1]]
2025-02-16 15:31:15,171 - DSM_MultiModelExp_llm_rag_ollama:llama3.3:70b-8k - INFO - --------------------------------------------------
2025-02-16 15:31:25,182 - DSM_MultiModelExp_llm_rag_ollama:llama3.3:70b-8k - INFO - Run 3/5
2025-02-16 15:31:25,219 - DSM_MultiModelExp_llm_rag_ollama:llama3.3:70b-8k - INFO - DEBUG: Initializing RAGInference.
2025-02-16 15:31:25,220 - DSM_MultiModelExp_llm_rag_ollama:llama3.3:70b-8k - INFO - Using R-type: ['R1', 'R2', 'R3']
2025-02-16 15:31:25,222 - DSM_MultiModelExp_llm_rag_ollama:llama3.3:70b-8k - INFO - Using embedding model: text-embedding-3-small
2025-02-16 15:31:25,257 - DSM_MultiModelExp_llm_rag_ollama:llama3.3:70b-8k - INFO - VectorStoreManager initialized
2025-02-16 15:31:25,258 - DSM_MultiModelExp_llm_rag_ollama:llama3.3:70b-8k - INFO - Set database path to: xLM_DSM/data/vectorstore/CubeSat/llm_rag/text-embedding-3-small
2025-02-16 15:31:25,266 - DSM_MultiModelExp_llm_rag_ollama:llama3.3:70b-8k - INFO - Collection count: 2320
2025-02-16 15:31:25,270 - DSM_MultiModelExp_llm_rag_ollama:llama3.3:70b-8k - INFO - Initialized RAG inference for system: CubeSat
2025-02-16 15:31:25,271 - DSM_MultiModelExp_llm_rag_ollama:llama3.3:70b-8k - INFO - Initialized DSM for system: CubeSat
2025-02-16 15:31:25,271 - DSM_MultiModelExp_llm_rag_ollama:llama3.3:70b-8k - INFO - Inference model: ollama:llama3.3:70b-8k
2025-02-16 15:31:36,079 - DSM_MultiModelExp_llm_rag_ollama:llama3.3:70b-8k - INFO - Number of documents retrieved: 2
2025-02-16 15:31:36,080 - DSM_MultiModelExp_llm_rag_ollama:llama3.3:70b-8k - INFO - Documents used for this query:
2025-02-16 15:31:36,081 - DSM_MultiModelExp_llm_rag_ollama:llama3.3:70b-8k - INFO - File: ../data/use_cases_large/CubeSat/reference_pdfs/R1_combined.pdf
2025-02-16 15:31:36,082 - DSM_MultiModelExp_llm_rag_ollama:llama3.3:70b-8k - INFO - Page: 15
2025-02-16 15:31:36,083 - DSM_MultiModelExp_llm_rag_ollama:llama3.3:70b-8k - INFO - Content: • Propulsion subsystem.
• Electric power subsystem (EPS).
• Structure subsystem.
• OBC subsystem.
• TT &C subsystem.
• Thermal subsystem.
Excluding the payload subsystem, in which the refinement is 
c ...
2025-02-16 15:31:36,083 - DSM_MultiModelExp_llm_rag_ollama:llama3.3:70b-8k - INFO - File: ../data/use_cases_large/CubeSat/reference_pdfs/R1_combined.pdf
2025-02-16 15:31:36,084 - DSM_MultiModelExp_llm_rag_ollama:llama3.3:70b-8k - INFO - Page: 15
2025-02-16 15:31:36,085 - DSM_MultiModelExp_llm_rag_ollama:llama3.3:70b-8k - INFO - Content: ing point. The focus shifts now from system level (CubeSat 
mass, power production, form factor) to subsystem selec -
tions. Prior to going through the refinement part, the user 
is required to fill i ...
2025-02-16 15:31:36,085 - DSM_MultiModelExp_llm_rag_ollama:llama3.3:70b-8k - INFO - Raw Response: final response = [
        [1, 1, 1, 1, 1, 1],
        [1, 1, 0, 0, 1, 1],
        [1, 0, 1, 1, 0, 0],
        [1, 0, 1, 1, 0, 0],
        [1, 1, 0, 0, 1, 0],
        [1, 1, 0, 0, 0, 1]
    ]
2025-02-16 15:31:36,087 - DSM_MultiModelExp_llm_rag_ollama:llama3.3:70b-8k - INFO - Query: 
    Please identify system-level proximity relationships (in contact) between the components of CubeSat (nanosatellite), as listed below, and represent them in a Design Structure Matrix (DSM) format.  
    The relationships should be articulated in plain English, capturing the essence of their interactions. 
    Here is the list of subsystems/components to analyze: ['Spacecraft', 'Guidance, Navigation, and Control (GNC) Subsystem', 'Propulsion Subsystem', 'Power Subsystem', 'Reaction Wheel', 'GNC Software'] 
    The DSM should clearly indicate the interactions between these components as 1 exist and 0 does not exist, considering both the presence and nature of these connections.         
    Present the output in a square matrix format (number of rows and columns MUST be the same as the number of components = 6 for this example), with rows and columns labeled accordingly. 
    Diagonal elements should be 1 in DSM matrix since each component interacts with itself. 
    If you don't know the answer, just write 2 for the specific cell that you are unsure of. A worst case scenario of the **as a list of lists** shown below (diagonal elements are 1 and rest are 2). Don't make up an answer.     final response = [
        [1, 2, 2, 2, 2, 2],
        [2, 1, 2, 2, 2, 2],
        [2, 2, 1, 2, 2, 2],
        [2, 2, 2, 1, 2, 2],
        [2, 2, 2, 2, 1, 2],
        [2, 2, 2, 2, 2, 1]
    ]

    IMPORTANT: Your response must **ONLY** contain a valid **as a list of lists** in the following example format 7x7 matrix.     
    The below list of lists is just an example format of your response. **Replace** the values with your **actual analysis** while providing your response with parameter of 'final response'.    
    final response = [
        [1, 0, 0, 0, 0, 0],
        [0, 1, 0, 0, 0, 0],
        [0, 0, 1, 0, 0, 0],
        [0, 0, 0, 1, 0, 0],
        [0, 0, 0, 0, 1, 0],
        [0, 0, 0, 0, 0, 1]
    ]

    IMPORTANT: THE FORMAT OF THE OUTPUT MUST BE AS LIST OF LISTS ONLY SIMILAR TO THE ONE ABOVE (NO LATEX, CODE, OR OTHER ENCODINGS).
    
2025-02-16 15:31:36,088 - DSM_MultiModelExp_llm_rag_ollama:llama3.3:70b-8k - INFO - Response: final response = [
        [1, 1, 1, 1, 1, 1],
        [1, 1, 0, 0, 1, 1],
        [1, 0, 1, 1, 0, 0],
        [1, 0, 1, 1, 0, 0],
        [1, 1, 0, 0, 1, 0],
        [1, 1, 0, 0, 0, 1]
    ]
2025-02-16 15:31:36,089 - DSM_MultiModelExp_llm_rag_ollama:llama3.3:70b-8k - INFO - Matrix: [[1, 1, 1, 1, 1, 1], [1, 1, 0, 0, 1, 1], [1, 0, 1, 1, 0, 0], [1, 0, 1, 1, 0, 0], [1, 1, 0, 0, 1, 0], [1, 1, 0, 0, 0, 1]]
2025-02-16 15:31:36,090 - DSM_MultiModelExp_llm_rag_ollama:llama3.3:70b-8k - INFO - Matrix from response.
2025-02-16 15:31:36,091 - DSM_MultiModelExp_llm_rag_ollama:llama3.3:70b-8k - INFO - At run 3/5
2025-02-16 15:31:36,091 - DSM_MultiModelExp_llm_rag_ollama:llama3.3:70b-8k - INFO - Matrix: [[1, 1, 1, 1, 1, 1], [1, 1, 0, 0, 1, 1], [1, 0, 1, 1, 0, 0], [1, 0, 1, 1, 0, 0], [1, 1, 0, 0, 1, 0], [1, 1, 0, 0, 0, 1]]
2025-02-16 15:31:36,092 - DSM_MultiModelExp_llm_rag_ollama:llama3.3:70b-8k - INFO - --------------------------------------------------
2025-02-16 15:31:46,104 - DSM_MultiModelExp_llm_rag_ollama:llama3.3:70b-8k - INFO - Run 4/5
2025-02-16 15:31:46,140 - DSM_MultiModelExp_llm_rag_ollama:llama3.3:70b-8k - INFO - DEBUG: Initializing RAGInference.
2025-02-16 15:31:46,141 - DSM_MultiModelExp_llm_rag_ollama:llama3.3:70b-8k - INFO - Using R-type: ['R1', 'R2', 'R3']
2025-02-16 15:31:46,142 - DSM_MultiModelExp_llm_rag_ollama:llama3.3:70b-8k - INFO - Using embedding model: text-embedding-3-small
2025-02-16 15:31:46,177 - DSM_MultiModelExp_llm_rag_ollama:llama3.3:70b-8k - INFO - VectorStoreManager initialized
2025-02-16 15:31:46,178 - DSM_MultiModelExp_llm_rag_ollama:llama3.3:70b-8k - INFO - Set database path to: xLM_DSM/data/vectorstore/CubeSat/llm_rag/text-embedding-3-small
2025-02-16 15:31:46,186 - DSM_MultiModelExp_llm_rag_ollama:llama3.3:70b-8k - INFO - Collection count: 2320
2025-02-16 15:31:46,190 - DSM_MultiModelExp_llm_rag_ollama:llama3.3:70b-8k - INFO - Initialized RAG inference for system: CubeSat
2025-02-16 15:31:46,190 - DSM_MultiModelExp_llm_rag_ollama:llama3.3:70b-8k - INFO - Initialized DSM for system: CubeSat
2025-02-16 15:31:46,191 - DSM_MultiModelExp_llm_rag_ollama:llama3.3:70b-8k - INFO - Inference model: ollama:llama3.3:70b-8k
2025-02-16 15:31:56,974 - DSM_MultiModelExp_llm_rag_ollama:llama3.3:70b-8k - INFO - Number of documents retrieved: 2
2025-02-16 15:31:56,975 - DSM_MultiModelExp_llm_rag_ollama:llama3.3:70b-8k - INFO - Documents used for this query:
2025-02-16 15:31:56,976 - DSM_MultiModelExp_llm_rag_ollama:llama3.3:70b-8k - INFO - File: ../data/use_cases_large/CubeSat/reference_pdfs/R1_combined.pdf
2025-02-16 15:31:56,977 - DSM_MultiModelExp_llm_rag_ollama:llama3.3:70b-8k - INFO - Page: 15
2025-02-16 15:31:56,978 - DSM_MultiModelExp_llm_rag_ollama:llama3.3:70b-8k - INFO - Content: • Propulsion subsystem.
• Electric power subsystem (EPS).
• Structure subsystem.
• OBC subsystem.
• TT &C subsystem.
• Thermal subsystem.
Excluding the payload subsystem, in which the refinement is 
c ...
2025-02-16 15:31:56,979 - DSM_MultiModelExp_llm_rag_ollama:llama3.3:70b-8k - INFO - File: ../data/use_cases_large/CubeSat/reference_pdfs/R1_combined.pdf
2025-02-16 15:31:56,980 - DSM_MultiModelExp_llm_rag_ollama:llama3.3:70b-8k - INFO - Page: 15
2025-02-16 15:31:56,981 - DSM_MultiModelExp_llm_rag_ollama:llama3.3:70b-8k - INFO - Content: ing point. The focus shifts now from system level (CubeSat 
mass, power production, form factor) to subsystem selec -
tions. Prior to going through the refinement part, the user 
is required to fill i ...
2025-02-16 15:31:56,982 - DSM_MultiModelExp_llm_rag_ollama:llama3.3:70b-8k - INFO - Raw Response: final response = [
        [1, 1, 1, 1, 1, 1],
        [1, 1, 0, 0, 1, 1],
        [1, 0, 1, 1, 0, 0],
        [1, 0, 1, 1, 0, 0],
        [1, 1, 0, 0, 1, 0],
        [1, 1, 0, 0, 0, 1]
    ]
2025-02-16 15:31:56,983 - DSM_MultiModelExp_llm_rag_ollama:llama3.3:70b-8k - INFO - Query: 
    Please identify system-level proximity relationships (in contact) between the components of CubeSat (nanosatellite), as listed below, and represent them in a Design Structure Matrix (DSM) format.  
    The relationships should be articulated in plain English, capturing the essence of their interactions. 
    Here is the list of subsystems/components to analyze: ['Spacecraft', 'Guidance, Navigation, and Control (GNC) Subsystem', 'Propulsion Subsystem', 'Power Subsystem', 'Reaction Wheel', 'GNC Software'] 
    The DSM should clearly indicate the interactions between these components as 1 exist and 0 does not exist, considering both the presence and nature of these connections.         
    Present the output in a square matrix format (number of rows and columns MUST be the same as the number of components = 6 for this example), with rows and columns labeled accordingly. 
    Diagonal elements should be 1 in DSM matrix since each component interacts with itself. 
    If you don't know the answer, just write 2 for the specific cell that you are unsure of. A worst case scenario of the **as a list of lists** shown below (diagonal elements are 1 and rest are 2). Don't make up an answer.     final response = [
        [1, 2, 2, 2, 2, 2],
        [2, 1, 2, 2, 2, 2],
        [2, 2, 1, 2, 2, 2],
        [2, 2, 2, 1, 2, 2],
        [2, 2, 2, 2, 1, 2],
        [2, 2, 2, 2, 2, 1]
    ]

    IMPORTANT: Your response must **ONLY** contain a valid **as a list of lists** in the following example format 7x7 matrix.     
    The below list of lists is just an example format of your response. **Replace** the values with your **actual analysis** while providing your response with parameter of 'final response'.    
    final response = [
        [1, 0, 0, 0, 0, 0],
        [0, 1, 0, 0, 0, 0],
        [0, 0, 1, 0, 0, 0],
        [0, 0, 0, 1, 0, 0],
        [0, 0, 0, 0, 1, 0],
        [0, 0, 0, 0, 0, 1]
    ]

    IMPORTANT: THE FORMAT OF THE OUTPUT MUST BE AS LIST OF LISTS ONLY SIMILAR TO THE ONE ABOVE (NO LATEX, CODE, OR OTHER ENCODINGS).
    
2025-02-16 15:31:56,984 - DSM_MultiModelExp_llm_rag_ollama:llama3.3:70b-8k - INFO - Response: final response = [
        [1, 1, 1, 1, 1, 1],
        [1, 1, 0, 0, 1, 1],
        [1, 0, 1, 1, 0, 0],
        [1, 0, 1, 1, 0, 0],
        [1, 1, 0, 0, 1, 0],
        [1, 1, 0, 0, 0, 1]
    ]
2025-02-16 15:31:56,985 - DSM_MultiModelExp_llm_rag_ollama:llama3.3:70b-8k - INFO - Matrix: [[1, 1, 1, 1, 1, 1], [1, 1, 0, 0, 1, 1], [1, 0, 1, 1, 0, 0], [1, 0, 1, 1, 0, 0], [1, 1, 0, 0, 1, 0], [1, 1, 0, 0, 0, 1]]
2025-02-16 15:31:56,986 - DSM_MultiModelExp_llm_rag_ollama:llama3.3:70b-8k - INFO - Matrix from response.
2025-02-16 15:31:56,986 - DSM_MultiModelExp_llm_rag_ollama:llama3.3:70b-8k - INFO - At run 4/5
2025-02-16 15:31:56,988 - DSM_MultiModelExp_llm_rag_ollama:llama3.3:70b-8k - INFO - Matrix: [[1, 1, 1, 1, 1, 1], [1, 1, 0, 0, 1, 1], [1, 0, 1, 1, 0, 0], [1, 0, 1, 1, 0, 0], [1, 1, 0, 0, 1, 0], [1, 1, 0, 0, 0, 1]]
2025-02-16 15:31:56,989 - DSM_MultiModelExp_llm_rag_ollama:llama3.3:70b-8k - INFO - --------------------------------------------------
2025-02-16 15:32:06,999 - DSM_MultiModelExp_llm_rag_ollama:llama3.3:70b-8k - INFO - Run 5/5
2025-02-16 15:32:07,036 - DSM_MultiModelExp_llm_rag_ollama:llama3.3:70b-8k - INFO - DEBUG: Initializing RAGInference.
2025-02-16 15:32:07,037 - DSM_MultiModelExp_llm_rag_ollama:llama3.3:70b-8k - INFO - Using R-type: ['R1', 'R2', 'R3']
2025-02-16 15:32:07,038 - DSM_MultiModelExp_llm_rag_ollama:llama3.3:70b-8k - INFO - Using embedding model: text-embedding-3-small
2025-02-16 15:32:07,073 - DSM_MultiModelExp_llm_rag_ollama:llama3.3:70b-8k - INFO - VectorStoreManager initialized
2025-02-16 15:32:07,074 - DSM_MultiModelExp_llm_rag_ollama:llama3.3:70b-8k - INFO - Set database path to: xLM_DSM/data/vectorstore/CubeSat/llm_rag/text-embedding-3-small
2025-02-16 15:32:07,082 - DSM_MultiModelExp_llm_rag_ollama:llama3.3:70b-8k - INFO - Collection count: 2320
2025-02-16 15:32:07,085 - DSM_MultiModelExp_llm_rag_ollama:llama3.3:70b-8k - INFO - Initialized RAG inference for system: CubeSat
2025-02-16 15:32:07,086 - DSM_MultiModelExp_llm_rag_ollama:llama3.3:70b-8k - INFO - Initialized DSM for system: CubeSat
2025-02-16 15:32:07,086 - DSM_MultiModelExp_llm_rag_ollama:llama3.3:70b-8k - INFO - Inference model: ollama:llama3.3:70b-8k
2025-02-16 15:32:17,646 - DSM_MultiModelExp_llm_rag_ollama:llama3.3:70b-8k - INFO - Number of documents retrieved: 2
2025-02-16 15:32:17,647 - DSM_MultiModelExp_llm_rag_ollama:llama3.3:70b-8k - INFO - Documents used for this query:
2025-02-16 15:32:17,648 - DSM_MultiModelExp_llm_rag_ollama:llama3.3:70b-8k - INFO - File: ../data/use_cases_large/CubeSat/reference_pdfs/R1_combined.pdf
2025-02-16 15:32:17,649 - DSM_MultiModelExp_llm_rag_ollama:llama3.3:70b-8k - INFO - Page: 15
2025-02-16 15:32:17,649 - DSM_MultiModelExp_llm_rag_ollama:llama3.3:70b-8k - INFO - Content: • Propulsion subsystem.
• Electric power subsystem (EPS).
• Structure subsystem.
• OBC subsystem.
• TT &C subsystem.
• Thermal subsystem.
Excluding the payload subsystem, in which the refinement is 
c ...
2025-02-16 15:32:17,651 - DSM_MultiModelExp_llm_rag_ollama:llama3.3:70b-8k - INFO - File: ../data/use_cases_large/CubeSat/reference_pdfs/R1_combined.pdf
2025-02-16 15:32:17,652 - DSM_MultiModelExp_llm_rag_ollama:llama3.3:70b-8k - INFO - Page: 15
2025-02-16 15:32:17,653 - DSM_MultiModelExp_llm_rag_ollama:llama3.3:70b-8k - INFO - Content: ing point. The focus shifts now from system level (CubeSat 
mass, power production, form factor) to subsystem selec -
tions. Prior to going through the refinement part, the user 
is required to fill i ...
2025-02-16 15:32:17,654 - DSM_MultiModelExp_llm_rag_ollama:llama3.3:70b-8k - INFO - Raw Response: final response = [
        [1, 1, 1, 1, 1, 1],
        [1, 1, 0, 0, 1, 1],
        [1, 0, 1, 1, 0, 0],
        [1, 0, 1, 1, 0, 0],
        [1, 1, 0, 0, 1, 0],
        [1, 1, 0, 0, 0, 1]
    ]
2025-02-16 15:32:17,654 - DSM_MultiModelExp_llm_rag_ollama:llama3.3:70b-8k - INFO - Query: 
    Please identify system-level proximity relationships (in contact) between the components of CubeSat (nanosatellite), as listed below, and represent them in a Design Structure Matrix (DSM) format.  
    The relationships should be articulated in plain English, capturing the essence of their interactions. 
    Here is the list of subsystems/components to analyze: ['Spacecraft', 'Guidance, Navigation, and Control (GNC) Subsystem', 'Propulsion Subsystem', 'Power Subsystem', 'Reaction Wheel', 'GNC Software'] 
    The DSM should clearly indicate the interactions between these components as 1 exist and 0 does not exist, considering both the presence and nature of these connections.         
    Present the output in a square matrix format (number of rows and columns MUST be the same as the number of components = 6 for this example), with rows and columns labeled accordingly. 
    Diagonal elements should be 1 in DSM matrix since each component interacts with itself. 
    If you don't know the answer, just write 2 for the specific cell that you are unsure of. A worst case scenario of the **as a list of lists** shown below (diagonal elements are 1 and rest are 2). Don't make up an answer.     final response = [
        [1, 2, 2, 2, 2, 2],
        [2, 1, 2, 2, 2, 2],
        [2, 2, 1, 2, 2, 2],
        [2, 2, 2, 1, 2, 2],
        [2, 2, 2, 2, 1, 2],
        [2, 2, 2, 2, 2, 1]
    ]

    IMPORTANT: Your response must **ONLY** contain a valid **as a list of lists** in the following example format 7x7 matrix.     
    The below list of lists is just an example format of your response. **Replace** the values with your **actual analysis** while providing your response with parameter of 'final response'.    
    final response = [
        [1, 0, 0, 0, 0, 0],
        [0, 1, 0, 0, 0, 0],
        [0, 0, 1, 0, 0, 0],
        [0, 0, 0, 1, 0, 0],
        [0, 0, 0, 0, 1, 0],
        [0, 0, 0, 0, 0, 1]
    ]

    IMPORTANT: THE FORMAT OF THE OUTPUT MUST BE AS LIST OF LISTS ONLY SIMILAR TO THE ONE ABOVE (NO LATEX, CODE, OR OTHER ENCODINGS).
    
2025-02-16 15:32:17,655 - DSM_MultiModelExp_llm_rag_ollama:llama3.3:70b-8k - INFO - Response: final response = [
        [1, 1, 1, 1, 1, 1],
        [1, 1, 0, 0, 1, 1],
        [1, 0, 1, 1, 0, 0],
        [1, 0, 1, 1, 0, 0],
        [1, 1, 0, 0, 1, 0],
        [1, 1, 0, 0, 0, 1]
    ]
2025-02-16 15:32:17,656 - DSM_MultiModelExp_llm_rag_ollama:llama3.3:70b-8k - INFO - Matrix: [[1, 1, 1, 1, 1, 1], [1, 1, 0, 0, 1, 1], [1, 0, 1, 1, 0, 0], [1, 0, 1, 1, 0, 0], [1, 1, 0, 0, 1, 0], [1, 1, 0, 0, 0, 1]]
2025-02-16 15:32:17,658 - DSM_MultiModelExp_llm_rag_ollama:llama3.3:70b-8k - INFO - Matrix from response.
2025-02-16 15:32:17,658 - DSM_MultiModelExp_llm_rag_ollama:llama3.3:70b-8k - INFO - At run 5/5
2025-02-16 15:32:17,659 - DSM_MultiModelExp_llm_rag_ollama:llama3.3:70b-8k - INFO - Matrix: [[1, 1, 1, 1, 1, 1], [1, 1, 0, 0, 1, 1], [1, 0, 1, 1, 0, 0], [1, 0, 1, 1, 0, 0], [1, 1, 0, 0, 1, 0], [1, 1, 0, 0, 0, 1]]
2025-02-16 15:32:17,660 - DSM_MultiModelExp_llm_rag_ollama:llama3.3:70b-8k - INFO - --------------------------------------------------
2025-02-16 15:32:27,671 - DSM_MultiModelExp_llm_rag_ollama:llama3.3:70b-8k - INFO - Duration of reference combination {'R1': [{'path': '../data/use_cases_large/CubeSat/reference_pdfs/R1_combined.pdf'}], 'R2': [{'path': '../data/use_cases_large/CubeSat/reference_pdfs/R2_combined.pdf'}], 'R3': [{'path': '../data/use_cases_large/CubeSat/reference_pdfs/R3_combined.pdf'}]}: 0:01:46.192683
2025-02-16 15:32:27,672 - DSM_MultiModelExp_llm_rag_ollama:llama3.3:70b-8k - INFO - ++++++++++++++++++++++++++++++++++++++++++++++++++++++++++++++++++++++++++++++++++++++++++++++++++++
2025-02-16 15:32:27,673 - DSM_MultiModelExp_llm_rag_ollama:llama3.3:70b-8k - INFO - 
==================================================
2025-02-16 15:32:27,674 - DSM_MultiModelExp_llm_rag_ollama:llama3.3:70b-8k - INFO - Average DSM Matrix for model: ollama:llama3.3:70b-8k
2025-02-16 15:32:27,675 - DSM_MultiModelExp_llm_rag_ollama:llama3.3:70b-8k - INFO - End of log reference type(s): ['R1']
2025-02-16 15:32:27,676 - DSM_MultiModelExp_llm_rag_ollama:llama3.3:70b-8k - INFO - Saving results to: ../output/experiment_llm_rag_ollama:llama3.3:70b-8k_20250216-151929/llm_rag_refs_R1
2025-02-16 15:32:27,679 - DSM_MultiModelExp_llm_rag_ollama:llama3.3:70b-8k - INFO - 
Average Matrix:
                                                   Spacecraft  Guidance, Navigation, and Control (GNC) Subsystem  Propulsion Subsystem  Power Subsystem  Reaction Wheel  GNC Software
Spacecraft                                                  1                                                  1                     1                1               1             1
Guidance, Navigation, and Control (GNC) Subsystem           1                                                  1                     0                0               1             1
Propulsion Subsystem                                        1                                                  0                     1                1               0             0
Power Subsystem                                             1                                                  0                     1                1               0             0
Reaction Wheel                                              1                                                  1                     0                0               1             0
GNC Software                                                1                                                  1                     0                0               0             1
2025-02-16 15:32:27,679 - DSM_MultiModelExp_llm_rag_ollama:llama3.3:70b-8k - INFO - 
Components: ['Spacecraft', 'Guidance, Navigation, and Control (GNC) Subsystem', 'Propulsion Subsystem', 'Power Subsystem', 'Reaction Wheel', 'GNC Software']
2025-02-16 15:32:27,680 - DSM_MultiModelExp_llm_rag_ollama:llama3.3:70b-8k - INFO - ==================================================

2025-02-16 15:32:27,682 - DSM_MultiModelExp_llm_rag_ollama:llama3.3:70b-8k - INFO - Saved CSV to: ../output/experiment_llm_rag_ollama:llama3.3:70b-8k_20250216-151929/llm_rag_refs_R1/average_matrix_20250216-151929.csv
2025-02-16 15:32:27,683 - DSM_MultiModelExp_llm_rag_ollama:llama3.3:70b-8k - INFO - Saved JSON to: ../output/experiment_llm_rag_ollama:llama3.3:70b-8k_20250216-151929/llm_rag_refs_R1/detailed_results_20250216-151929.json
2025-02-16 15:32:27,928 - DSM_MultiModelExp_llm_rag_ollama:llama3.3:70b-8k - INFO - Saved visualization to: ../output/experiment_llm_rag_ollama:llama3.3:70b-8k_20250216-151929/llm_rag_refs_R1/average_matrix_20250216-151929.png
2025-02-16 15:32:27,929 - DSM_MultiModelExp_llm_rag_ollama:llama3.3:70b-8k - INFO - 
==================================================
2025-02-16 15:32:27,929 - DSM_MultiModelExp_llm_rag_ollama:llama3.3:70b-8k - INFO - Average DSM Matrix for model: ollama:llama3.3:70b-8k
2025-02-16 15:32:27,930 - DSM_MultiModelExp_llm_rag_ollama:llama3.3:70b-8k - INFO - End of log reference type(s): ['R2']
2025-02-16 15:32:27,931 - DSM_MultiModelExp_llm_rag_ollama:llama3.3:70b-8k - INFO - Saving results to: ../output/experiment_llm_rag_ollama:llama3.3:70b-8k_20250216-151929/llm_rag_refs_R2
2025-02-16 15:32:27,933 - DSM_MultiModelExp_llm_rag_ollama:llama3.3:70b-8k - INFO - 
Average Matrix:
                                                   Spacecraft  Guidance, Navigation, and Control (GNC) Subsystem  Propulsion Subsystem  Power Subsystem  Reaction Wheel  GNC Software
Spacecraft                                                  1                                                  1                     1                1               1             1
Guidance, Navigation, and Control (GNC) Subsystem           1                                                  1                     0                0               1             1
Propulsion Subsystem                                        1                                                  0                     1                1               0             0
Power Subsystem                                             1                                                  0                     1                1               1             0
Reaction Wheel                                              1                                                  1                     0                1               1             0
GNC Software                                                1                                                  1                     0                0               0             1
2025-02-16 15:32:27,934 - DSM_MultiModelExp_llm_rag_ollama:llama3.3:70b-8k - INFO - 
Components: ['Spacecraft', 'Guidance, Navigation, and Control (GNC) Subsystem', 'Propulsion Subsystem', 'Power Subsystem', 'Reaction Wheel', 'GNC Software']
2025-02-16 15:32:27,934 - DSM_MultiModelExp_llm_rag_ollama:llama3.3:70b-8k - INFO - ==================================================

2025-02-16 15:32:27,936 - DSM_MultiModelExp_llm_rag_ollama:llama3.3:70b-8k - INFO - Saved CSV to: ../output/experiment_llm_rag_ollama:llama3.3:70b-8k_20250216-151929/llm_rag_refs_R2/average_matrix_20250216-151929.csv
2025-02-16 15:32:27,937 - DSM_MultiModelExp_llm_rag_ollama:llama3.3:70b-8k - INFO - Saved JSON to: ../output/experiment_llm_rag_ollama:llama3.3:70b-8k_20250216-151929/llm_rag_refs_R2/detailed_results_20250216-151929.json
2025-02-16 15:32:28,159 - DSM_MultiModelExp_llm_rag_ollama:llama3.3:70b-8k - INFO - Saved visualization to: ../output/experiment_llm_rag_ollama:llama3.3:70b-8k_20250216-151929/llm_rag_refs_R2/average_matrix_20250216-151929.png
2025-02-16 15:32:28,160 - DSM_MultiModelExp_llm_rag_ollama:llama3.3:70b-8k - INFO - 
==================================================
2025-02-16 15:32:28,161 - DSM_MultiModelExp_llm_rag_ollama:llama3.3:70b-8k - INFO - Average DSM Matrix for model: ollama:llama3.3:70b-8k
2025-02-16 15:32:28,162 - DSM_MultiModelExp_llm_rag_ollama:llama3.3:70b-8k - INFO - End of log reference type(s): ['R3']
2025-02-16 15:32:28,163 - DSM_MultiModelExp_llm_rag_ollama:llama3.3:70b-8k - INFO - Saving results to: ../output/experiment_llm_rag_ollama:llama3.3:70b-8k_20250216-151929/llm_rag_refs_R3
2025-02-16 15:32:28,165 - DSM_MultiModelExp_llm_rag_ollama:llama3.3:70b-8k - INFO - 
Average Matrix:
                                                   Spacecraft  Guidance, Navigation, and Control (GNC) Subsystem  Propulsion Subsystem  Power Subsystem  Reaction Wheel  GNC Software
Spacecraft                                                  1                                                  1                     1                1               1             1
Guidance, Navigation, and Control (GNC) Subsystem           1                                                  1                     0                0               1             1
Propulsion Subsystem                                        1                                                  0                     1                1               0             0
Power Subsystem                                             1                                                  0                     1                1               0             0
Reaction Wheel                                              1                                                  1                     0                0               1             0
GNC Software                                                1                                                  1                     0                0               0             1
2025-02-16 15:32:28,166 - DSM_MultiModelExp_llm_rag_ollama:llama3.3:70b-8k - INFO - 
Components: ['Spacecraft', 'Guidance, Navigation, and Control (GNC) Subsystem', 'Propulsion Subsystem', 'Power Subsystem', 'Reaction Wheel', 'GNC Software']
2025-02-16 15:32:28,166 - DSM_MultiModelExp_llm_rag_ollama:llama3.3:70b-8k - INFO - ==================================================

2025-02-16 15:32:28,168 - DSM_MultiModelExp_llm_rag_ollama:llama3.3:70b-8k - INFO - Saved CSV to: ../output/experiment_llm_rag_ollama:llama3.3:70b-8k_20250216-151929/llm_rag_refs_R3/average_matrix_20250216-151929.csv
2025-02-16 15:32:28,169 - DSM_MultiModelExp_llm_rag_ollama:llama3.3:70b-8k - INFO - Saved JSON to: ../output/experiment_llm_rag_ollama:llama3.3:70b-8k_20250216-151929/llm_rag_refs_R3/detailed_results_20250216-151929.json
2025-02-16 15:32:28,391 - DSM_MultiModelExp_llm_rag_ollama:llama3.3:70b-8k - INFO - Saved visualization to: ../output/experiment_llm_rag_ollama:llama3.3:70b-8k_20250216-151929/llm_rag_refs_R3/average_matrix_20250216-151929.png
2025-02-16 15:32:28,392 - DSM_MultiModelExp_llm_rag_ollama:llama3.3:70b-8k - INFO - 
==================================================
2025-02-16 15:32:28,392 - DSM_MultiModelExp_llm_rag_ollama:llama3.3:70b-8k - INFO - Average DSM Matrix for model: ollama:llama3.3:70b-8k
2025-02-16 15:32:28,393 - DSM_MultiModelExp_llm_rag_ollama:llama3.3:70b-8k - INFO - End of log reference type(s): ['R1', 'R2']
2025-02-16 15:32:28,394 - DSM_MultiModelExp_llm_rag_ollama:llama3.3:70b-8k - INFO - Saving results to: ../output/experiment_llm_rag_ollama:llama3.3:70b-8k_20250216-151929/llm_rag_refs_R1_R2
2025-02-16 15:32:28,396 - DSM_MultiModelExp_llm_rag_ollama:llama3.3:70b-8k - INFO - 
Average Matrix:
                                                   Spacecraft  Guidance, Navigation, and Control (GNC) Subsystem  Propulsion Subsystem  Power Subsystem  Reaction Wheel  GNC Software
Spacecraft                                                  1                                                  1                     1                1               1             1
Guidance, Navigation, and Control (GNC) Subsystem           1                                                  1                     0                0               1             1
Propulsion Subsystem                                        1                                                  0                     1                1               0             0
Power Subsystem                                             1                                                  0                     1                1               0             0
Reaction Wheel                                              1                                                  1                     0                0               1             0
GNC Software                                                1                                                  1                     0                0               0             1
2025-02-16 15:32:28,397 - DSM_MultiModelExp_llm_rag_ollama:llama3.3:70b-8k - INFO - 
Components: ['Spacecraft', 'Guidance, Navigation, and Control (GNC) Subsystem', 'Propulsion Subsystem', 'Power Subsystem', 'Reaction Wheel', 'GNC Software']
2025-02-16 15:32:28,398 - DSM_MultiModelExp_llm_rag_ollama:llama3.3:70b-8k - INFO - ==================================================

2025-02-16 15:32:28,400 - DSM_MultiModelExp_llm_rag_ollama:llama3.3:70b-8k - INFO - Saved CSV to: ../output/experiment_llm_rag_ollama:llama3.3:70b-8k_20250216-151929/llm_rag_refs_R1_R2/average_matrix_20250216-151929.csv
2025-02-16 15:32:28,401 - DSM_MultiModelExp_llm_rag_ollama:llama3.3:70b-8k - INFO - Saved JSON to: ../output/experiment_llm_rag_ollama:llama3.3:70b-8k_20250216-151929/llm_rag_refs_R1_R2/detailed_results_20250216-151929.json
2025-02-16 15:32:28,622 - DSM_MultiModelExp_llm_rag_ollama:llama3.3:70b-8k - INFO - Saved visualization to: ../output/experiment_llm_rag_ollama:llama3.3:70b-8k_20250216-151929/llm_rag_refs_R1_R2/average_matrix_20250216-151929.png
2025-02-16 15:32:28,623 - DSM_MultiModelExp_llm_rag_ollama:llama3.3:70b-8k - INFO - 
==================================================
2025-02-16 15:32:28,624 - DSM_MultiModelExp_llm_rag_ollama:llama3.3:70b-8k - INFO - Average DSM Matrix for model: ollama:llama3.3:70b-8k
2025-02-16 15:32:28,625 - DSM_MultiModelExp_llm_rag_ollama:llama3.3:70b-8k - INFO - End of log reference type(s): ['R1', 'R3']
2025-02-16 15:32:28,626 - DSM_MultiModelExp_llm_rag_ollama:llama3.3:70b-8k - INFO - Saving results to: ../output/experiment_llm_rag_ollama:llama3.3:70b-8k_20250216-151929/llm_rag_refs_R1_R3
2025-02-16 15:32:28,628 - DSM_MultiModelExp_llm_rag_ollama:llama3.3:70b-8k - INFO - 
Average Matrix:
                                                   Spacecraft  Guidance, Navigation, and Control (GNC) Subsystem  Propulsion Subsystem  Power Subsystem  Reaction Wheel  GNC Software
Spacecraft                                                  1                                                  1                     1                1               1             1
Guidance, Navigation, and Control (GNC) Subsystem           1                                                  1                     0                0               1             1
Propulsion Subsystem                                        1                                                  0                     1                1               0             0
Power Subsystem                                             1                                                  0                     1                1               0             0
Reaction Wheel                                              1                                                  1                     0                0               1             0
GNC Software                                                1                                                  1                     0                0               0             1
2025-02-16 15:32:28,629 - DSM_MultiModelExp_llm_rag_ollama:llama3.3:70b-8k - INFO - 
Components: ['Spacecraft', 'Guidance, Navigation, and Control (GNC) Subsystem', 'Propulsion Subsystem', 'Power Subsystem', 'Reaction Wheel', 'GNC Software']
2025-02-16 15:32:28,629 - DSM_MultiModelExp_llm_rag_ollama:llama3.3:70b-8k - INFO - ==================================================

2025-02-16 15:32:28,631 - DSM_MultiModelExp_llm_rag_ollama:llama3.3:70b-8k - INFO - Saved CSV to: ../output/experiment_llm_rag_ollama:llama3.3:70b-8k_20250216-151929/llm_rag_refs_R1_R3/average_matrix_20250216-151929.csv
2025-02-16 15:32:28,632 - DSM_MultiModelExp_llm_rag_ollama:llama3.3:70b-8k - INFO - Saved JSON to: ../output/experiment_llm_rag_ollama:llama3.3:70b-8k_20250216-151929/llm_rag_refs_R1_R3/detailed_results_20250216-151929.json
2025-02-16 15:32:29,153 - DSM_MultiModelExp_llm_rag_ollama:llama3.3:70b-8k - INFO - Saved visualization to: ../output/experiment_llm_rag_ollama:llama3.3:70b-8k_20250216-151929/llm_rag_refs_R1_R3/average_matrix_20250216-151929.png
2025-02-16 15:32:29,154 - DSM_MultiModelExp_llm_rag_ollama:llama3.3:70b-8k - INFO - 
==================================================
2025-02-16 15:32:29,155 - DSM_MultiModelExp_llm_rag_ollama:llama3.3:70b-8k - INFO - Average DSM Matrix for model: ollama:llama3.3:70b-8k
2025-02-16 15:32:29,155 - DSM_MultiModelExp_llm_rag_ollama:llama3.3:70b-8k - INFO - End of log reference type(s): ['R2', 'R3']
2025-02-16 15:32:29,157 - DSM_MultiModelExp_llm_rag_ollama:llama3.3:70b-8k - INFO - Saving results to: ../output/experiment_llm_rag_ollama:llama3.3:70b-8k_20250216-151929/llm_rag_refs_R2_R3
2025-02-16 15:32:29,159 - DSM_MultiModelExp_llm_rag_ollama:llama3.3:70b-8k - INFO - 
Average Matrix:
                                                   Spacecraft  Guidance, Navigation, and Control (GNC) Subsystem  Propulsion Subsystem  Power Subsystem  Reaction Wheel  GNC Software
Spacecraft                                                  1                                                  1                     1                1               1             1
Guidance, Navigation, and Control (GNC) Subsystem           1                                                  1                     0                0               1             1
Propulsion Subsystem                                        1                                                  0                     1                1               0             0
Power Subsystem                                             1                                                  0                     1                1               1             0
Reaction Wheel                                              1                                                  1                     0                1               1             0
GNC Software                                                1                                                  1                     0                0               0             1
2025-02-16 15:32:29,159 - DSM_MultiModelExp_llm_rag_ollama:llama3.3:70b-8k - INFO - 
Components: ['Spacecraft', 'Guidance, Navigation, and Control (GNC) Subsystem', 'Propulsion Subsystem', 'Power Subsystem', 'Reaction Wheel', 'GNC Software']
2025-02-16 15:32:29,160 - DSM_MultiModelExp_llm_rag_ollama:llama3.3:70b-8k - INFO - ==================================================

2025-02-16 15:32:29,162 - DSM_MultiModelExp_llm_rag_ollama:llama3.3:70b-8k - INFO - Saved CSV to: ../output/experiment_llm_rag_ollama:llama3.3:70b-8k_20250216-151929/llm_rag_refs_R2_R3/average_matrix_20250216-151929.csv
2025-02-16 15:32:29,163 - DSM_MultiModelExp_llm_rag_ollama:llama3.3:70b-8k - INFO - Saved JSON to: ../output/experiment_llm_rag_ollama:llama3.3:70b-8k_20250216-151929/llm_rag_refs_R2_R3/detailed_results_20250216-151929.json
2025-02-16 15:32:29,386 - DSM_MultiModelExp_llm_rag_ollama:llama3.3:70b-8k - INFO - Saved visualization to: ../output/experiment_llm_rag_ollama:llama3.3:70b-8k_20250216-151929/llm_rag_refs_R2_R3/average_matrix_20250216-151929.png
2025-02-16 15:32:29,387 - DSM_MultiModelExp_llm_rag_ollama:llama3.3:70b-8k - INFO - 
==================================================
2025-02-16 15:32:29,387 - DSM_MultiModelExp_llm_rag_ollama:llama3.3:70b-8k - INFO - Average DSM Matrix for model: ollama:llama3.3:70b-8k
2025-02-16 15:32:29,388 - DSM_MultiModelExp_llm_rag_ollama:llama3.3:70b-8k - INFO - End of log reference type(s): ['R1', 'R2', 'R3']
2025-02-16 15:32:29,389 - DSM_MultiModelExp_llm_rag_ollama:llama3.3:70b-8k - INFO - Saving results to: ../output/experiment_llm_rag_ollama:llama3.3:70b-8k_20250216-151929/llm_rag_refs_R1_R2_R3
2025-02-16 15:32:29,391 - DSM_MultiModelExp_llm_rag_ollama:llama3.3:70b-8k - INFO - 
Average Matrix:
                                                   Spacecraft  Guidance, Navigation, and Control (GNC) Subsystem  Propulsion Subsystem  Power Subsystem  Reaction Wheel  GNC Software
Spacecraft                                                  1                                                  1                     1                1               1             1
Guidance, Navigation, and Control (GNC) Subsystem           1                                                  1                     0                0               1             1
Propulsion Subsystem                                        1                                                  0                     1                1               0             0
Power Subsystem                                             1                                                  0                     1                1               0             0
Reaction Wheel                                              1                                                  1                     0                0               1             0
GNC Software                                                1                                                  1                     0                0               0             1
2025-02-16 15:32:29,392 - DSM_MultiModelExp_llm_rag_ollama:llama3.3:70b-8k - INFO - 
Components: ['Spacecraft', 'Guidance, Navigation, and Control (GNC) Subsystem', 'Propulsion Subsystem', 'Power Subsystem', 'Reaction Wheel', 'GNC Software']
2025-02-16 15:32:29,393 - DSM_MultiModelExp_llm_rag_ollama:llama3.3:70b-8k - INFO - ==================================================

2025-02-16 15:32:29,395 - DSM_MultiModelExp_llm_rag_ollama:llama3.3:70b-8k - INFO - Saved CSV to: ../output/experiment_llm_rag_ollama:llama3.3:70b-8k_20250216-151929/llm_rag_refs_R1_R2_R3/average_matrix_20250216-151929.csv
2025-02-16 15:32:29,396 - DSM_MultiModelExp_llm_rag_ollama:llama3.3:70b-8k - INFO - Saved JSON to: ../output/experiment_llm_rag_ollama:llama3.3:70b-8k_20250216-151929/llm_rag_refs_R1_R2_R3/detailed_results_20250216-151929.json
2025-02-16 15:32:29,620 - DSM_MultiModelExp_llm_rag_ollama:llama3.3:70b-8k - INFO - Saved visualization to: ../output/experiment_llm_rag_ollama:llama3.3:70b-8k_20250216-151929/llm_rag_refs_R1_R2_R3/average_matrix_20250216-151929.png
2025-02-16 15:32:29,621 - DSM_MultiModelExp_llm_rag_ollama:llama3.3:70b-8k - INFO - Duration of experiment for ollama:llama3.3:70b-8k in llm_rag inference type: 0:13:00
