2025-02-14 20:37:13,134 - DSM_MultiModelExp_llm_rag_ollama:llama3.3:70b-8k - INFO - Run 1/5
2025-02-14 20:37:13,169 - DSM_MultiModelExp_llm_rag_ollama:llama3.3:70b-8k - INFO - DEBUG: Initializing RAGInference.
2025-02-14 20:37:13,170 - DSM_MultiModelExp_llm_rag_ollama:llama3.3:70b-8k - INFO - Using R-type: ['R1']
2025-02-14 20:37:13,171 - DSM_MultiModelExp_llm_rag_ollama:llama3.3:70b-8k - INFO - Using embedding model: text-embedding-3-small
2025-02-14 20:37:13,203 - DSM_MultiModelExp_llm_rag_ollama:llama3.3:70b-8k - INFO - VectorStoreManager initialized
2025-02-14 20:37:13,204 - DSM_MultiModelExp_llm_rag_ollama:llama3.3:70b-8k - INFO - Set database path to: xLM_DSM/data/vectorstore/PowerDrill/llm_rag/text-embedding-3-small
2025-02-14 20:37:13,209 - DSM_MultiModelExp_llm_rag_ollama:llama3.3:70b-8k - INFO - Collection count: 2855
2025-02-14 20:37:13,212 - DSM_MultiModelExp_llm_rag_ollama:llama3.3:70b-8k - INFO - Initialized RAG inference for system: PowerDrill
2025-02-14 20:37:13,213 - DSM_MultiModelExp_llm_rag_ollama:llama3.3:70b-8k - INFO - Initialized DSM for system: PowerDrill
2025-02-14 20:37:13,214 - DSM_MultiModelExp_llm_rag_ollama:llama3.3:70b-8k - INFO - Inference model: ollama:llama3.3:70b-8k
2025-02-14 20:38:04,134 - DSM_MultiModelExp_llm_rag_ollama:llama3.3:70b-8k - INFO - Number of documents retrieved: 5
2025-02-14 20:38:04,135 - DSM_MultiModelExp_llm_rag_ollama:llama3.3:70b-8k - INFO - Documents used for this query:
2025-02-14 20:38:04,137 - DSM_MultiModelExp_llm_rag_ollama:llama3.3:70b-8k - INFO - File: ../data/use_cases_large/PowerDrill/reference_pdfs/R1_combined.pdf
2025-02-14 20:38:04,137 - DSM_MultiModelExp_llm_rag_ollama:llama3.3:70b-8k - INFO - Page: 34
2025-02-14 20:38:04,138 - DSM_MultiModelExp_llm_rag_ollama:llama3.3:70b-8k - INFO - Content: power	
  screwdriver	
   158	
  5.9	
   (a)	
  –	
  (c)	
  binary	
  adjacency	
  matrices	
  and	
  spy	
  plots	
  for	
  screwdrivers	
   159	
  5.10	
   Sample	
  distribution	
  for	
  a	
  screw ...
2025-02-14 20:38:04,139 - DSM_MultiModelExp_llm_rag_ollama:llama3.3:70b-8k - INFO - File: ../data/use_cases_large/PowerDrill/reference_pdfs/R1_combined.pdf
2025-02-14 20:38:04,140 - DSM_MultiModelExp_llm_rag_ollama:llama3.3:70b-8k - INFO - Page: 1
2025-02-14 20:38:04,141 - DSM_MultiModelExp_llm_rag_ollama:llama3.3:70b-8k - INFO - Content: A component DSM is used to capture and represent the interactions between elements of a system
(Warﬁeld 1973, Steward 1981, Browning 2001). An element may represent a single component,
an assembly of  ...
2025-02-14 20:38:04,142 - DSM_MultiModelExp_llm_rag_ollama:llama3.3:70b-8k - INFO - File: ../data/use_cases_large/PowerDrill/reference_pdfs/R1_combined.pdf
2025-02-14 20:38:04,143 - DSM_MultiModelExp_llm_rag_ollama:llama3.3:70b-8k - INFO - Page: 181
2025-02-14 20:38:04,144 - DSM_MultiModelExp_llm_rag_ollama:llama3.3:70b-8k - INFO - Content: Fig.	
  5.8:	
  Components	
  of	
  the	
  Black	
  &	
  Decker	
  alkaline	
  screwdriver	
  [Tilstra,	
  2010].	
  	
   The	
   developed	
   Product	
   Design	
   Structure	
   Matrices	
   (DSM)	 ...
2025-02-14 20:38:04,145 - DSM_MultiModelExp_llm_rag_ollama:llama3.3:70b-8k - INFO - File: ../data/use_cases_large/PowerDrill/reference_pdfs/R1_combined.pdf
2025-02-14 20:38:04,145 - DSM_MultiModelExp_llm_rag_ollama:llama3.3:70b-8k - INFO - Page: 11
2025-02-14 20:38:04,146 - DSM_MultiModelExp_llm_rag_ollama:llama3.3:70b-8k - INFO - Content: with the external surroundings:
(1) Bit.
(2) Transmission.
(3) Motor.
(4) Electrical system.
(5) Battery holder.
(6) Housing.
(7) External.
The BOM created during disassembly indicated a total quantit ...
2025-02-14 20:38:04,147 - DSM_MultiModelExp_llm_rag_ollama:llama3.3:70b-8k - INFO - File: ../data/use_cases_large/PowerDrill/reference_pdfs/R1_combined.pdf
2025-02-14 20:38:04,148 - DSM_MultiModelExp_llm_rag_ollama:llama3.3:70b-8k - INFO - Page: 34
2025-02-14 20:38:04,149 - DSM_MultiModelExp_llm_rag_ollama:llama3.3:70b-8k - INFO - Content: 4.5	
   Plot	
  of	
  structural	
  complexity	
  and	
  average	
  model	
  build	
  time	
   136	
  4.6	
   Aggregate	
  level	
  statistical	
  model	
  using	
  individual	
  level	
  data	
   141 ...
2025-02-14 20:38:04,150 - DSM_MultiModelExp_llm_rag_ollama:llama3.3:70b-8k - INFO - Raw Response: final response = [
        [1, 1, 1, 1, 0, 1, 0],
        [1, 1, 1, 0, 0, 0, 0],
        [1, 1, 1, 1, 0, 1, 0],
        [1, 0, 1, 1, 1, 1, 0],
        [0, 0, 0, 1, 1, 1, 0],
        [1, 0, 1, 1, 1, 1, 0],
        [0, 0, 0, 0, 0, 0, 1]
    ]
2025-02-14 20:38:04,150 - DSM_MultiModelExp_llm_rag_ollama:llama3.3:70b-8k - INFO - Query: 
    Please identify system-level proximity relationships (in contact) between the components of Power Screwdriver, as listed below, and represent them in a Design Structure Matrix (DSM) format.  
    The relationships should be articulated in plain English, capturing the essence of their interactions. 
    Here is the list of subsystems/components to analyze: ['Bit', 'Transmission', 'Motor', 'Electrical System', 'Battery Holder', 'Housing', 'External Environment'] 
    The DSM should clearly indicate the interactions between these components as 1 exist and 0 does not exist, considering both the presence and nature of these connections.         
    Present the output in a square matrix format (number of rows and columns MUST be the same as the number of components = 7 for this example), with rows and columns labeled accordingly. 
    Diagonal elements should be 1 in DSM matrix since each component interacts with itself. 
    If you don't know the answer, just write 2 for the specific cell that you are unsure of. A worst case scenario of the **as a list of lists** shown below (diagonal elements are 1 and rest are 2). Don't make up an answer.     final response = [
        [1, 2, 2, 2, 2, 2, 2],
        [2, 1, 2, 2, 2, 2, 2],
        [2, 2, 1, 2, 2, 2, 2],
        [2, 2, 2, 1, 2, 2, 2],
        [2, 2, 2, 2, 1, 2, 2],
        [2, 2, 2, 2, 2, 1, 2],
        [2, 2, 2, 2, 2, 2, 1]
    ]

    IMPORTANT: Your response must **ONLY** contain a valid **as a list of lists** in the following example format 7x7 matrix.     
    The below list of lists is just an example format of your response. **Replace** the values with your **actual analysis** while providing your response with parameter of 'final response'.    
    final response = [
        [1, 0, 0, 0, 0, 0, 0],
        [0, 1, 0, 0, 0, 0, 0],
        [0, 0, 1, 0, 0, 0, 0],
        [0, 0, 0, 1, 0, 0, 0],
        [0, 0, 0, 0, 1, 0, 0],
        [0, 0, 0, 0, 0, 1, 0],
        [0, 0, 0, 0, 0, 0, 1]
    ]

    IMPORTANT: THE FORMAT OF THE OUTPUT MUST BE AS LIST OF LISTS ONLY SIMILAR TO THE ONE ABOVE (NO LATEX, CODE, OR OTHER ENCODINGS).
    
2025-02-14 20:38:04,152 - DSM_MultiModelExp_llm_rag_ollama:llama3.3:70b-8k - INFO - Response: final response = [
        [1, 1, 1, 1, 0, 1, 0],
        [1, 1, 1, 0, 0, 0, 0],
        [1, 1, 1, 1, 0, 1, 0],
        [1, 0, 1, 1, 1, 1, 0],
        [0, 0, 0, 1, 1, 1, 0],
        [1, 0, 1, 1, 1, 1, 0],
        [0, 0, 0, 0, 0, 0, 1]
    ]
2025-02-14 20:38:04,152 - DSM_MultiModelExp_llm_rag_ollama:llama3.3:70b-8k - INFO - Matrix from response.
2025-02-14 20:38:04,153 - DSM_MultiModelExp_llm_rag_ollama:llama3.3:70b-8k - INFO - At run 1/5
2025-02-14 20:38:04,154 - DSM_MultiModelExp_llm_rag_ollama:llama3.3:70b-8k - INFO - Matrix: [[1, 1, 1, 1, 0, 1, 0], [1, 1, 1, 0, 0, 0, 0], [1, 1, 1, 1, 0, 1, 0], [1, 0, 1, 1, 1, 1, 0], [0, 0, 0, 1, 1, 1, 0], [1, 0, 1, 1, 1, 1, 0], [0, 0, 0, 0, 0, 0, 1]]
2025-02-14 20:38:04,155 - DSM_MultiModelExp_llm_rag_ollama:llama3.3:70b-8k - INFO - --------------------------------------------------
2025-02-14 20:38:14,166 - DSM_MultiModelExp_llm_rag_ollama:llama3.3:70b-8k - INFO - Run 2/5
2025-02-14 20:38:14,198 - DSM_MultiModelExp_llm_rag_ollama:llama3.3:70b-8k - INFO - DEBUG: Initializing RAGInference.
2025-02-14 20:38:14,199 - DSM_MultiModelExp_llm_rag_ollama:llama3.3:70b-8k - INFO - Using R-type: ['R1']
2025-02-14 20:38:14,200 - DSM_MultiModelExp_llm_rag_ollama:llama3.3:70b-8k - INFO - Using embedding model: text-embedding-3-small
2025-02-14 20:38:14,228 - DSM_MultiModelExp_llm_rag_ollama:llama3.3:70b-8k - INFO - VectorStoreManager initialized
2025-02-14 20:38:14,229 - DSM_MultiModelExp_llm_rag_ollama:llama3.3:70b-8k - INFO - Set database path to: xLM_DSM/data/vectorstore/PowerDrill/llm_rag/text-embedding-3-small
2025-02-14 20:38:14,238 - DSM_MultiModelExp_llm_rag_ollama:llama3.3:70b-8k - INFO - Collection count: 2855
2025-02-14 20:38:14,241 - DSM_MultiModelExp_llm_rag_ollama:llama3.3:70b-8k - INFO - Initialized RAG inference for system: PowerDrill
2025-02-14 20:38:14,242 - DSM_MultiModelExp_llm_rag_ollama:llama3.3:70b-8k - INFO - Initialized DSM for system: PowerDrill
2025-02-14 20:38:14,242 - DSM_MultiModelExp_llm_rag_ollama:llama3.3:70b-8k - INFO - Inference model: ollama:llama3.3:70b-8k
2025-02-14 20:38:29,339 - DSM_MultiModelExp_llm_rag_ollama:llama3.3:70b-8k - INFO - Number of documents retrieved: 5
2025-02-14 20:38:29,340 - DSM_MultiModelExp_llm_rag_ollama:llama3.3:70b-8k - INFO - Documents used for this query:
2025-02-14 20:38:29,340 - DSM_MultiModelExp_llm_rag_ollama:llama3.3:70b-8k - INFO - File: ../data/use_cases_large/PowerDrill/reference_pdfs/R1_combined.pdf
2025-02-14 20:38:29,341 - DSM_MultiModelExp_llm_rag_ollama:llama3.3:70b-8k - INFO - Page: 34
2025-02-14 20:38:29,342 - DSM_MultiModelExp_llm_rag_ollama:llama3.3:70b-8k - INFO - Content: power	
  screwdriver	
   158	
  5.9	
   (a)	
  –	
  (c)	
  binary	
  adjacency	
  matrices	
  and	
  spy	
  plots	
  for	
  screwdrivers	
   159	
  5.10	
   Sample	
  distribution	
  for	
  a	
  screw ...
2025-02-14 20:38:29,342 - DSM_MultiModelExp_llm_rag_ollama:llama3.3:70b-8k - INFO - File: ../data/use_cases_large/PowerDrill/reference_pdfs/R1_combined.pdf
2025-02-14 20:38:29,343 - DSM_MultiModelExp_llm_rag_ollama:llama3.3:70b-8k - INFO - Page: 1
2025-02-14 20:38:29,343 - DSM_MultiModelExp_llm_rag_ollama:llama3.3:70b-8k - INFO - Content: A component DSM is used to capture and represent the interactions between elements of a system
(Warﬁeld 1973, Steward 1981, Browning 2001). An element may represent a single component,
an assembly of  ...
2025-02-14 20:38:29,344 - DSM_MultiModelExp_llm_rag_ollama:llama3.3:70b-8k - INFO - File: ../data/use_cases_large/PowerDrill/reference_pdfs/R1_combined.pdf
2025-02-14 20:38:29,344 - DSM_MultiModelExp_llm_rag_ollama:llama3.3:70b-8k - INFO - Page: 181
2025-02-14 20:38:29,345 - DSM_MultiModelExp_llm_rag_ollama:llama3.3:70b-8k - INFO - Content: Fig.	
  5.8:	
  Components	
  of	
  the	
  Black	
  &	
  Decker	
  alkaline	
  screwdriver	
  [Tilstra,	
  2010].	
  	
   The	
   developed	
   Product	
   Design	
   Structure	
   Matrices	
   (DSM)	 ...
2025-02-14 20:38:29,345 - DSM_MultiModelExp_llm_rag_ollama:llama3.3:70b-8k - INFO - File: ../data/use_cases_large/PowerDrill/reference_pdfs/R1_combined.pdf
2025-02-14 20:38:29,346 - DSM_MultiModelExp_llm_rag_ollama:llama3.3:70b-8k - INFO - Page: 11
2025-02-14 20:38:29,346 - DSM_MultiModelExp_llm_rag_ollama:llama3.3:70b-8k - INFO - Content: with the external surroundings:
(1) Bit.
(2) Transmission.
(3) Motor.
(4) Electrical system.
(5) Battery holder.
(6) Housing.
(7) External.
The BOM created during disassembly indicated a total quantit ...
2025-02-14 20:38:29,347 - DSM_MultiModelExp_llm_rag_ollama:llama3.3:70b-8k - INFO - File: ../data/use_cases_large/PowerDrill/reference_pdfs/R1_combined.pdf
2025-02-14 20:38:29,347 - DSM_MultiModelExp_llm_rag_ollama:llama3.3:70b-8k - INFO - Page: 34
2025-02-14 20:38:29,348 - DSM_MultiModelExp_llm_rag_ollama:llama3.3:70b-8k - INFO - Content: 4.5	
   Plot	
  of	
  structural	
  complexity	
  and	
  average	
  model	
  build	
  time	
   136	
  4.6	
   Aggregate	
  level	
  statistical	
  model	
  using	
  individual	
  level	
  data	
   141 ...
2025-02-14 20:38:29,348 - DSM_MultiModelExp_llm_rag_ollama:llama3.3:70b-8k - INFO - Raw Response: final response = [
        [1, 1, 1, 1, 0, 1, 0],
        [1, 1, 1, 0, 0, 0, 0],
        [1, 1, 1, 1, 0, 1, 0],
        [1, 0, 1, 1, 1, 1, 0],
        [0, 0, 0, 1, 1, 1, 0],
        [1, 0, 1, 1, 1, 1, 0],
        [0, 0, 0, 0, 0, 0, 1]
    ]
2025-02-14 20:38:29,349 - DSM_MultiModelExp_llm_rag_ollama:llama3.3:70b-8k - INFO - Query: 
    Please identify system-level proximity relationships (in contact) between the components of Power Screwdriver, as listed below, and represent them in a Design Structure Matrix (DSM) format.  
    The relationships should be articulated in plain English, capturing the essence of their interactions. 
    Here is the list of subsystems/components to analyze: ['Bit', 'Transmission', 'Motor', 'Electrical System', 'Battery Holder', 'Housing', 'External Environment'] 
    The DSM should clearly indicate the interactions between these components as 1 exist and 0 does not exist, considering both the presence and nature of these connections.         
    Present the output in a square matrix format (number of rows and columns MUST be the same as the number of components = 7 for this example), with rows and columns labeled accordingly. 
    Diagonal elements should be 1 in DSM matrix since each component interacts with itself. 
    If you don't know the answer, just write 2 for the specific cell that you are unsure of. A worst case scenario of the **as a list of lists** shown below (diagonal elements are 1 and rest are 2). Don't make up an answer.     final response = [
        [1, 2, 2, 2, 2, 2, 2],
        [2, 1, 2, 2, 2, 2, 2],
        [2, 2, 1, 2, 2, 2, 2],
        [2, 2, 2, 1, 2, 2, 2],
        [2, 2, 2, 2, 1, 2, 2],
        [2, 2, 2, 2, 2, 1, 2],
        [2, 2, 2, 2, 2, 2, 1]
    ]

    IMPORTANT: Your response must **ONLY** contain a valid **as a list of lists** in the following example format 7x7 matrix.     
    The below list of lists is just an example format of your response. **Replace** the values with your **actual analysis** while providing your response with parameter of 'final response'.    
    final response = [
        [1, 0, 0, 0, 0, 0, 0],
        [0, 1, 0, 0, 0, 0, 0],
        [0, 0, 1, 0, 0, 0, 0],
        [0, 0, 0, 1, 0, 0, 0],
        [0, 0, 0, 0, 1, 0, 0],
        [0, 0, 0, 0, 0, 1, 0],
        [0, 0, 0, 0, 0, 0, 1]
    ]

    IMPORTANT: THE FORMAT OF THE OUTPUT MUST BE AS LIST OF LISTS ONLY SIMILAR TO THE ONE ABOVE (NO LATEX, CODE, OR OTHER ENCODINGS).
    
2025-02-14 20:38:29,350 - DSM_MultiModelExp_llm_rag_ollama:llama3.3:70b-8k - INFO - Response: final response = [
        [1, 1, 1, 1, 0, 1, 0],
        [1, 1, 1, 0, 0, 0, 0],
        [1, 1, 1, 1, 0, 1, 0],
        [1, 0, 1, 1, 1, 1, 0],
        [0, 0, 0, 1, 1, 1, 0],
        [1, 0, 1, 1, 1, 1, 0],
        [0, 0, 0, 0, 0, 0, 1]
    ]
2025-02-14 20:38:29,350 - DSM_MultiModelExp_llm_rag_ollama:llama3.3:70b-8k - INFO - Matrix from response.
2025-02-14 20:38:29,351 - DSM_MultiModelExp_llm_rag_ollama:llama3.3:70b-8k - INFO - At run 2/5
2025-02-14 20:38:29,351 - DSM_MultiModelExp_llm_rag_ollama:llama3.3:70b-8k - INFO - Matrix: [[1, 1, 1, 1, 0, 1, 0], [1, 1, 1, 0, 0, 0, 0], [1, 1, 1, 1, 0, 1, 0], [1, 0, 1, 1, 1, 1, 0], [0, 0, 0, 1, 1, 1, 0], [1, 0, 1, 1, 1, 1, 0], [0, 0, 0, 0, 0, 0, 1]]
2025-02-14 20:38:29,352 - DSM_MultiModelExp_llm_rag_ollama:llama3.3:70b-8k - INFO - --------------------------------------------------
2025-02-14 20:38:39,363 - DSM_MultiModelExp_llm_rag_ollama:llama3.3:70b-8k - INFO - Run 3/5
2025-02-14 20:38:39,399 - DSM_MultiModelExp_llm_rag_ollama:llama3.3:70b-8k - INFO - DEBUG: Initializing RAGInference.
2025-02-14 20:38:39,400 - DSM_MultiModelExp_llm_rag_ollama:llama3.3:70b-8k - INFO - Using R-type: ['R1']
2025-02-14 20:38:39,401 - DSM_MultiModelExp_llm_rag_ollama:llama3.3:70b-8k - INFO - Using embedding model: text-embedding-3-small
2025-02-14 20:38:39,435 - DSM_MultiModelExp_llm_rag_ollama:llama3.3:70b-8k - INFO - VectorStoreManager initialized
2025-02-14 20:38:39,436 - DSM_MultiModelExp_llm_rag_ollama:llama3.3:70b-8k - INFO - Set database path to: xLM_DSM/data/vectorstore/PowerDrill/llm_rag/text-embedding-3-small
2025-02-14 20:38:39,444 - DSM_MultiModelExp_llm_rag_ollama:llama3.3:70b-8k - INFO - Collection count: 2855
2025-02-14 20:38:39,448 - DSM_MultiModelExp_llm_rag_ollama:llama3.3:70b-8k - INFO - Initialized RAG inference for system: PowerDrill
2025-02-14 20:38:39,448 - DSM_MultiModelExp_llm_rag_ollama:llama3.3:70b-8k - INFO - Initialized DSM for system: PowerDrill
2025-02-14 20:38:39,449 - DSM_MultiModelExp_llm_rag_ollama:llama3.3:70b-8k - INFO - Inference model: ollama:llama3.3:70b-8k
2025-02-14 20:38:54,421 - DSM_MultiModelExp_llm_rag_ollama:llama3.3:70b-8k - INFO - Number of documents retrieved: 5
2025-02-14 20:38:54,422 - DSM_MultiModelExp_llm_rag_ollama:llama3.3:70b-8k - INFO - Documents used for this query:
2025-02-14 20:38:54,423 - DSM_MultiModelExp_llm_rag_ollama:llama3.3:70b-8k - INFO - File: ../data/use_cases_large/PowerDrill/reference_pdfs/R1_combined.pdf
2025-02-14 20:38:54,424 - DSM_MultiModelExp_llm_rag_ollama:llama3.3:70b-8k - INFO - Page: 34
2025-02-14 20:38:54,424 - DSM_MultiModelExp_llm_rag_ollama:llama3.3:70b-8k - INFO - Content: power	
  screwdriver	
   158	
  5.9	
   (a)	
  –	
  (c)	
  binary	
  adjacency	
  matrices	
  and	
  spy	
  plots	
  for	
  screwdrivers	
   159	
  5.10	
   Sample	
  distribution	
  for	
  a	
  screw ...
2025-02-14 20:38:54,425 - DSM_MultiModelExp_llm_rag_ollama:llama3.3:70b-8k - INFO - File: ../data/use_cases_large/PowerDrill/reference_pdfs/R1_combined.pdf
2025-02-14 20:38:54,425 - DSM_MultiModelExp_llm_rag_ollama:llama3.3:70b-8k - INFO - Page: 1
2025-02-14 20:38:54,426 - DSM_MultiModelExp_llm_rag_ollama:llama3.3:70b-8k - INFO - Content: A component DSM is used to capture and represent the interactions between elements of a system
(Warﬁeld 1973, Steward 1981, Browning 2001). An element may represent a single component,
an assembly of  ...
2025-02-14 20:38:54,427 - DSM_MultiModelExp_llm_rag_ollama:llama3.3:70b-8k - INFO - File: ../data/use_cases_large/PowerDrill/reference_pdfs/R1_combined.pdf
2025-02-14 20:38:54,427 - DSM_MultiModelExp_llm_rag_ollama:llama3.3:70b-8k - INFO - Page: 181
2025-02-14 20:38:54,428 - DSM_MultiModelExp_llm_rag_ollama:llama3.3:70b-8k - INFO - Content: Fig.	
  5.8:	
  Components	
  of	
  the	
  Black	
  &	
  Decker	
  alkaline	
  screwdriver	
  [Tilstra,	
  2010].	
  	
   The	
   developed	
   Product	
   Design	
   Structure	
   Matrices	
   (DSM)	 ...
2025-02-14 20:38:54,428 - DSM_MultiModelExp_llm_rag_ollama:llama3.3:70b-8k - INFO - File: ../data/use_cases_large/PowerDrill/reference_pdfs/R1_combined.pdf
2025-02-14 20:38:54,429 - DSM_MultiModelExp_llm_rag_ollama:llama3.3:70b-8k - INFO - Page: 11
2025-02-14 20:38:54,429 - DSM_MultiModelExp_llm_rag_ollama:llama3.3:70b-8k - INFO - Content: with the external surroundings:
(1) Bit.
(2) Transmission.
(3) Motor.
(4) Electrical system.
(5) Battery holder.
(6) Housing.
(7) External.
The BOM created during disassembly indicated a total quantit ...
2025-02-14 20:38:54,430 - DSM_MultiModelExp_llm_rag_ollama:llama3.3:70b-8k - INFO - File: ../data/use_cases_large/PowerDrill/reference_pdfs/R1_combined.pdf
2025-02-14 20:38:54,430 - DSM_MultiModelExp_llm_rag_ollama:llama3.3:70b-8k - INFO - Page: 34
2025-02-14 20:38:54,431 - DSM_MultiModelExp_llm_rag_ollama:llama3.3:70b-8k - INFO - Content: 4.5	
   Plot	
  of	
  structural	
  complexity	
  and	
  average	
  model	
  build	
  time	
   136	
  4.6	
   Aggregate	
  level	
  statistical	
  model	
  using	
  individual	
  level	
  data	
   141 ...
2025-02-14 20:38:54,431 - DSM_MultiModelExp_llm_rag_ollama:llama3.3:70b-8k - INFO - Raw Response: final response = [
        [1, 1, 1, 1, 0, 1, 0],
        [1, 1, 1, 0, 0, 0, 0],
        [1, 1, 1, 1, 0, 1, 0],
        [1, 0, 1, 1, 1, 1, 0],
        [0, 0, 0, 1, 1, 1, 0],
        [1, 0, 1, 1, 1, 1, 0],
        [0, 0, 0, 0, 0, 0, 1]
    ]
2025-02-14 20:38:54,432 - DSM_MultiModelExp_llm_rag_ollama:llama3.3:70b-8k - INFO - Query: 
    Please identify system-level proximity relationships (in contact) between the components of Power Screwdriver, as listed below, and represent them in a Design Structure Matrix (DSM) format.  
    The relationships should be articulated in plain English, capturing the essence of their interactions. 
    Here is the list of subsystems/components to analyze: ['Bit', 'Transmission', 'Motor', 'Electrical System', 'Battery Holder', 'Housing', 'External Environment'] 
    The DSM should clearly indicate the interactions between these components as 1 exist and 0 does not exist, considering both the presence and nature of these connections.         
    Present the output in a square matrix format (number of rows and columns MUST be the same as the number of components = 7 for this example), with rows and columns labeled accordingly. 
    Diagonal elements should be 1 in DSM matrix since each component interacts with itself. 
    If you don't know the answer, just write 2 for the specific cell that you are unsure of. A worst case scenario of the **as a list of lists** shown below (diagonal elements are 1 and rest are 2). Don't make up an answer.     final response = [
        [1, 2, 2, 2, 2, 2, 2],
        [2, 1, 2, 2, 2, 2, 2],
        [2, 2, 1, 2, 2, 2, 2],
        [2, 2, 2, 1, 2, 2, 2],
        [2, 2, 2, 2, 1, 2, 2],
        [2, 2, 2, 2, 2, 1, 2],
        [2, 2, 2, 2, 2, 2, 1]
    ]

    IMPORTANT: Your response must **ONLY** contain a valid **as a list of lists** in the following example format 7x7 matrix.     
    The below list of lists is just an example format of your response. **Replace** the values with your **actual analysis** while providing your response with parameter of 'final response'.    
    final response = [
        [1, 0, 0, 0, 0, 0, 0],
        [0, 1, 0, 0, 0, 0, 0],
        [0, 0, 1, 0, 0, 0, 0],
        [0, 0, 0, 1, 0, 0, 0],
        [0, 0, 0, 0, 1, 0, 0],
        [0, 0, 0, 0, 0, 1, 0],
        [0, 0, 0, 0, 0, 0, 1]
    ]

    IMPORTANT: THE FORMAT OF THE OUTPUT MUST BE AS LIST OF LISTS ONLY SIMILAR TO THE ONE ABOVE (NO LATEX, CODE, OR OTHER ENCODINGS).
    
2025-02-14 20:38:54,433 - DSM_MultiModelExp_llm_rag_ollama:llama3.3:70b-8k - INFO - Response: final response = [
        [1, 1, 1, 1, 0, 1, 0],
        [1, 1, 1, 0, 0, 0, 0],
        [1, 1, 1, 1, 0, 1, 0],
        [1, 0, 1, 1, 1, 1, 0],
        [0, 0, 0, 1, 1, 1, 0],
        [1, 0, 1, 1, 1, 1, 0],
        [0, 0, 0, 0, 0, 0, 1]
    ]
2025-02-14 20:38:54,433 - DSM_MultiModelExp_llm_rag_ollama:llama3.3:70b-8k - INFO - Matrix from response.
2025-02-14 20:38:54,434 - DSM_MultiModelExp_llm_rag_ollama:llama3.3:70b-8k - INFO - At run 3/5
2025-02-14 20:38:54,434 - DSM_MultiModelExp_llm_rag_ollama:llama3.3:70b-8k - INFO - Matrix: [[1, 1, 1, 1, 0, 1, 0], [1, 1, 1, 0, 0, 0, 0], [1, 1, 1, 1, 0, 1, 0], [1, 0, 1, 1, 1, 1, 0], [0, 0, 0, 1, 1, 1, 0], [1, 0, 1, 1, 1, 1, 0], [0, 0, 0, 0, 0, 0, 1]]
2025-02-14 20:38:54,435 - DSM_MultiModelExp_llm_rag_ollama:llama3.3:70b-8k - INFO - --------------------------------------------------
2025-02-14 20:39:04,446 - DSM_MultiModelExp_llm_rag_ollama:llama3.3:70b-8k - INFO - Run 4/5
2025-02-14 20:39:04,481 - DSM_MultiModelExp_llm_rag_ollama:llama3.3:70b-8k - INFO - DEBUG: Initializing RAGInference.
2025-02-14 20:39:04,482 - DSM_MultiModelExp_llm_rag_ollama:llama3.3:70b-8k - INFO - Using R-type: ['R1']
2025-02-14 20:39:04,483 - DSM_MultiModelExp_llm_rag_ollama:llama3.3:70b-8k - INFO - Using embedding model: text-embedding-3-small
2025-02-14 20:39:04,517 - DSM_MultiModelExp_llm_rag_ollama:llama3.3:70b-8k - INFO - VectorStoreManager initialized
2025-02-14 20:39:04,518 - DSM_MultiModelExp_llm_rag_ollama:llama3.3:70b-8k - INFO - Set database path to: xLM_DSM/data/vectorstore/PowerDrill/llm_rag/text-embedding-3-small
2025-02-14 20:39:04,526 - DSM_MultiModelExp_llm_rag_ollama:llama3.3:70b-8k - INFO - Collection count: 2855
2025-02-14 20:39:04,530 - DSM_MultiModelExp_llm_rag_ollama:llama3.3:70b-8k - INFO - Initialized RAG inference for system: PowerDrill
2025-02-14 20:39:04,531 - DSM_MultiModelExp_llm_rag_ollama:llama3.3:70b-8k - INFO - Initialized DSM for system: PowerDrill
2025-02-14 20:39:04,532 - DSM_MultiModelExp_llm_rag_ollama:llama3.3:70b-8k - INFO - Inference model: ollama:llama3.3:70b-8k
2025-02-14 20:39:22,430 - DSM_MultiModelExp_llm_rag_ollama:llama3.3:70b-8k - INFO - Number of documents retrieved: 5
2025-02-14 20:39:22,431 - DSM_MultiModelExp_llm_rag_ollama:llama3.3:70b-8k - INFO - Documents used for this query:
2025-02-14 20:39:22,432 - DSM_MultiModelExp_llm_rag_ollama:llama3.3:70b-8k - INFO - File: ../data/use_cases_large/PowerDrill/reference_pdfs/R1_combined.pdf
2025-02-14 20:39:22,434 - DSM_MultiModelExp_llm_rag_ollama:llama3.3:70b-8k - INFO - Page: 34
2025-02-14 20:39:22,435 - DSM_MultiModelExp_llm_rag_ollama:llama3.3:70b-8k - INFO - Content: power	
  screwdriver	
   158	
  5.9	
   (a)	
  –	
  (c)	
  binary	
  adjacency	
  matrices	
  and	
  spy	
  plots	
  for	
  screwdrivers	
   159	
  5.10	
   Sample	
  distribution	
  for	
  a	
  screw ...
2025-02-14 20:39:22,436 - DSM_MultiModelExp_llm_rag_ollama:llama3.3:70b-8k - INFO - File: ../data/use_cases_large/PowerDrill/reference_pdfs/R1_combined.pdf
2025-02-14 20:39:22,437 - DSM_MultiModelExp_llm_rag_ollama:llama3.3:70b-8k - INFO - Page: 1
2025-02-14 20:39:22,437 - DSM_MultiModelExp_llm_rag_ollama:llama3.3:70b-8k - INFO - Content: A component DSM is used to capture and represent the interactions between elements of a system
(Warﬁeld 1973, Steward 1981, Browning 2001). An element may represent a single component,
an assembly of  ...
2025-02-14 20:39:22,438 - DSM_MultiModelExp_llm_rag_ollama:llama3.3:70b-8k - INFO - File: ../data/use_cases_large/PowerDrill/reference_pdfs/R1_combined.pdf
2025-02-14 20:39:22,439 - DSM_MultiModelExp_llm_rag_ollama:llama3.3:70b-8k - INFO - Page: 181
2025-02-14 20:39:22,440 - DSM_MultiModelExp_llm_rag_ollama:llama3.3:70b-8k - INFO - Content: Fig.	
  5.8:	
  Components	
  of	
  the	
  Black	
  &	
  Decker	
  alkaline	
  screwdriver	
  [Tilstra,	
  2010].	
  	
   The	
   developed	
   Product	
   Design	
   Structure	
   Matrices	
   (DSM)	 ...
2025-02-14 20:39:22,440 - DSM_MultiModelExp_llm_rag_ollama:llama3.3:70b-8k - INFO - File: ../data/use_cases_large/PowerDrill/reference_pdfs/R1_combined.pdf
2025-02-14 20:39:22,441 - DSM_MultiModelExp_llm_rag_ollama:llama3.3:70b-8k - INFO - Page: 11
2025-02-14 20:39:22,443 - DSM_MultiModelExp_llm_rag_ollama:llama3.3:70b-8k - INFO - Content: with the external surroundings:
(1) Bit.
(2) Transmission.
(3) Motor.
(4) Electrical system.
(5) Battery holder.
(6) Housing.
(7) External.
The BOM created during disassembly indicated a total quantit ...
2025-02-14 20:39:22,444 - DSM_MultiModelExp_llm_rag_ollama:llama3.3:70b-8k - INFO - File: ../data/use_cases_large/PowerDrill/reference_pdfs/R1_combined.pdf
2025-02-14 20:39:22,444 - DSM_MultiModelExp_llm_rag_ollama:llama3.3:70b-8k - INFO - Page: 34
2025-02-14 20:39:22,445 - DSM_MultiModelExp_llm_rag_ollama:llama3.3:70b-8k - INFO - Content: 4.5	
   Plot	
  of	
  structural	
  complexity	
  and	
  average	
  model	
  build	
  time	
   136	
  4.6	
   Aggregate	
  level	
  statistical	
  model	
  using	
  individual	
  level	
  data	
   141 ...
2025-02-14 20:39:22,446 - DSM_MultiModelExp_llm_rag_ollama:llama3.3:70b-8k - INFO - Raw Response: final response = [
        [1, 1, 1, 1, 0, 1, 0],
        [1, 1, 1, 0, 0, 0, 0],
        [1, 1, 1, 1, 0, 1, 0],
        [1, 0, 1, 1, 1, 1, 0],
        [0, 0, 0, 1, 1, 1, 0],
        [1, 0, 1, 1, 1, 1, 0],
        [0, 0, 0, 0, 0, 0, 1]
    ]
2025-02-14 20:39:22,447 - DSM_MultiModelExp_llm_rag_ollama:llama3.3:70b-8k - INFO - Query: 
    Please identify system-level proximity relationships (in contact) between the components of Power Screwdriver, as listed below, and represent them in a Design Structure Matrix (DSM) format.  
    The relationships should be articulated in plain English, capturing the essence of their interactions. 
    Here is the list of subsystems/components to analyze: ['Bit', 'Transmission', 'Motor', 'Electrical System', 'Battery Holder', 'Housing', 'External Environment'] 
    The DSM should clearly indicate the interactions between these components as 1 exist and 0 does not exist, considering both the presence and nature of these connections.         
    Present the output in a square matrix format (number of rows and columns MUST be the same as the number of components = 7 for this example), with rows and columns labeled accordingly. 
    Diagonal elements should be 1 in DSM matrix since each component interacts with itself. 
    If you don't know the answer, just write 2 for the specific cell that you are unsure of. A worst case scenario of the **as a list of lists** shown below (diagonal elements are 1 and rest are 2). Don't make up an answer.     final response = [
        [1, 2, 2, 2, 2, 2, 2],
        [2, 1, 2, 2, 2, 2, 2],
        [2, 2, 1, 2, 2, 2, 2],
        [2, 2, 2, 1, 2, 2, 2],
        [2, 2, 2, 2, 1, 2, 2],
        [2, 2, 2, 2, 2, 1, 2],
        [2, 2, 2, 2, 2, 2, 1]
    ]

    IMPORTANT: Your response must **ONLY** contain a valid **as a list of lists** in the following example format 7x7 matrix.     
    The below list of lists is just an example format of your response. **Replace** the values with your **actual analysis** while providing your response with parameter of 'final response'.    
    final response = [
        [1, 0, 0, 0, 0, 0, 0],
        [0, 1, 0, 0, 0, 0, 0],
        [0, 0, 1, 0, 0, 0, 0],
        [0, 0, 0, 1, 0, 0, 0],
        [0, 0, 0, 0, 1, 0, 0],
        [0, 0, 0, 0, 0, 1, 0],
        [0, 0, 0, 0, 0, 0, 1]
    ]

    IMPORTANT: THE FORMAT OF THE OUTPUT MUST BE AS LIST OF LISTS ONLY SIMILAR TO THE ONE ABOVE (NO LATEX, CODE, OR OTHER ENCODINGS).
    
2025-02-14 20:39:22,448 - DSM_MultiModelExp_llm_rag_ollama:llama3.3:70b-8k - INFO - Response: final response = [
        [1, 1, 1, 1, 0, 1, 0],
        [1, 1, 1, 0, 0, 0, 0],
        [1, 1, 1, 1, 0, 1, 0],
        [1, 0, 1, 1, 1, 1, 0],
        [0, 0, 0, 1, 1, 1, 0],
        [1, 0, 1, 1, 1, 1, 0],
        [0, 0, 0, 0, 0, 0, 1]
    ]
2025-02-14 20:39:22,449 - DSM_MultiModelExp_llm_rag_ollama:llama3.3:70b-8k - INFO - Matrix from response.
2025-02-14 20:39:22,450 - DSM_MultiModelExp_llm_rag_ollama:llama3.3:70b-8k - INFO - At run 4/5
2025-02-14 20:39:22,451 - DSM_MultiModelExp_llm_rag_ollama:llama3.3:70b-8k - INFO - Matrix: [[1, 1, 1, 1, 0, 1, 0], [1, 1, 1, 0, 0, 0, 0], [1, 1, 1, 1, 0, 1, 0], [1, 0, 1, 1, 1, 1, 0], [0, 0, 0, 1, 1, 1, 0], [1, 0, 1, 1, 1, 1, 0], [0, 0, 0, 0, 0, 0, 1]]
2025-02-14 20:39:22,452 - DSM_MultiModelExp_llm_rag_ollama:llama3.3:70b-8k - INFO - --------------------------------------------------
2025-02-14 20:39:32,462 - DSM_MultiModelExp_llm_rag_ollama:llama3.3:70b-8k - INFO - Run 5/5
2025-02-14 20:39:32,498 - DSM_MultiModelExp_llm_rag_ollama:llama3.3:70b-8k - INFO - DEBUG: Initializing RAGInference.
2025-02-14 20:39:32,499 - DSM_MultiModelExp_llm_rag_ollama:llama3.3:70b-8k - INFO - Using R-type: ['R1']
2025-02-14 20:39:32,500 - DSM_MultiModelExp_llm_rag_ollama:llama3.3:70b-8k - INFO - Using embedding model: text-embedding-3-small
2025-02-14 20:39:32,534 - DSM_MultiModelExp_llm_rag_ollama:llama3.3:70b-8k - INFO - VectorStoreManager initialized
2025-02-14 20:39:32,535 - DSM_MultiModelExp_llm_rag_ollama:llama3.3:70b-8k - INFO - Set database path to: xLM_DSM/data/vectorstore/PowerDrill/llm_rag/text-embedding-3-small
2025-02-14 20:39:32,543 - DSM_MultiModelExp_llm_rag_ollama:llama3.3:70b-8k - INFO - Collection count: 2855
2025-02-14 20:39:32,547 - DSM_MultiModelExp_llm_rag_ollama:llama3.3:70b-8k - INFO - Initialized RAG inference for system: PowerDrill
2025-02-14 20:39:32,548 - DSM_MultiModelExp_llm_rag_ollama:llama3.3:70b-8k - INFO - Initialized DSM for system: PowerDrill
2025-02-14 20:39:32,549 - DSM_MultiModelExp_llm_rag_ollama:llama3.3:70b-8k - INFO - Inference model: ollama:llama3.3:70b-8k
2025-02-14 20:39:48,379 - DSM_MultiModelExp_llm_rag_ollama:llama3.3:70b-8k - INFO - Number of documents retrieved: 5
2025-02-14 20:39:48,380 - DSM_MultiModelExp_llm_rag_ollama:llama3.3:70b-8k - INFO - Documents used for this query:
2025-02-14 20:39:48,380 - DSM_MultiModelExp_llm_rag_ollama:llama3.3:70b-8k - INFO - File: ../data/use_cases_large/PowerDrill/reference_pdfs/R1_combined.pdf
2025-02-14 20:39:48,381 - DSM_MultiModelExp_llm_rag_ollama:llama3.3:70b-8k - INFO - Page: 34
2025-02-14 20:39:48,382 - DSM_MultiModelExp_llm_rag_ollama:llama3.3:70b-8k - INFO - Content: power	
  screwdriver	
   158	
  5.9	
   (a)	
  –	
  (c)	
  binary	
  adjacency	
  matrices	
  and	
  spy	
  plots	
  for	
  screwdrivers	
   159	
  5.10	
   Sample	
  distribution	
  for	
  a	
  screw ...
2025-02-14 20:39:48,382 - DSM_MultiModelExp_llm_rag_ollama:llama3.3:70b-8k - INFO - File: ../data/use_cases_large/PowerDrill/reference_pdfs/R1_combined.pdf
2025-02-14 20:39:48,383 - DSM_MultiModelExp_llm_rag_ollama:llama3.3:70b-8k - INFO - Page: 1
2025-02-14 20:39:48,383 - DSM_MultiModelExp_llm_rag_ollama:llama3.3:70b-8k - INFO - Content: A component DSM is used to capture and represent the interactions between elements of a system
(Warﬁeld 1973, Steward 1981, Browning 2001). An element may represent a single component,
an assembly of  ...
2025-02-14 20:39:48,384 - DSM_MultiModelExp_llm_rag_ollama:llama3.3:70b-8k - INFO - File: ../data/use_cases_large/PowerDrill/reference_pdfs/R1_combined.pdf
2025-02-14 20:39:48,384 - DSM_MultiModelExp_llm_rag_ollama:llama3.3:70b-8k - INFO - Page: 181
2025-02-14 20:39:48,385 - DSM_MultiModelExp_llm_rag_ollama:llama3.3:70b-8k - INFO - Content: Fig.	
  5.8:	
  Components	
  of	
  the	
  Black	
  &	
  Decker	
  alkaline	
  screwdriver	
  [Tilstra,	
  2010].	
  	
   The	
   developed	
   Product	
   Design	
   Structure	
   Matrices	
   (DSM)	 ...
2025-02-14 20:39:48,385 - DSM_MultiModelExp_llm_rag_ollama:llama3.3:70b-8k - INFO - File: ../data/use_cases_large/PowerDrill/reference_pdfs/R1_combined.pdf
2025-02-14 20:39:48,386 - DSM_MultiModelExp_llm_rag_ollama:llama3.3:70b-8k - INFO - Page: 11
2025-02-14 20:39:48,387 - DSM_MultiModelExp_llm_rag_ollama:llama3.3:70b-8k - INFO - Content: with the external surroundings:
(1) Bit.
(2) Transmission.
(3) Motor.
(4) Electrical system.
(5) Battery holder.
(6) Housing.
(7) External.
The BOM created during disassembly indicated a total quantit ...
2025-02-14 20:39:48,387 - DSM_MultiModelExp_llm_rag_ollama:llama3.3:70b-8k - INFO - File: ../data/use_cases_large/PowerDrill/reference_pdfs/R1_combined.pdf
2025-02-14 20:39:48,388 - DSM_MultiModelExp_llm_rag_ollama:llama3.3:70b-8k - INFO - Page: 34
2025-02-14 20:39:48,388 - DSM_MultiModelExp_llm_rag_ollama:llama3.3:70b-8k - INFO - Content: 4.5	
   Plot	
  of	
  structural	
  complexity	
  and	
  average	
  model	
  build	
  time	
   136	
  4.6	
   Aggregate	
  level	
  statistical	
  model	
  using	
  individual	
  level	
  data	
   141 ...
2025-02-14 20:39:48,389 - DSM_MultiModelExp_llm_rag_ollama:llama3.3:70b-8k - INFO - Raw Response: final response = [
        [1, 1, 1, 1, 0, 1, 0],
        [1, 1, 1, 0, 0, 0, 0],
        [1, 1, 1, 1, 0, 1, 0],
        [1, 0, 1, 1, 1, 1, 0],
        [0, 0, 0, 1, 1, 1, 0],
        [1, 0, 1, 1, 1, 1, 0],
        [0, 0, 0, 0, 0, 0, 1]
    ]
2025-02-14 20:39:48,389 - DSM_MultiModelExp_llm_rag_ollama:llama3.3:70b-8k - INFO - Query: 
    Please identify system-level proximity relationships (in contact) between the components of Power Screwdriver, as listed below, and represent them in a Design Structure Matrix (DSM) format.  
    The relationships should be articulated in plain English, capturing the essence of their interactions. 
    Here is the list of subsystems/components to analyze: ['Bit', 'Transmission', 'Motor', 'Electrical System', 'Battery Holder', 'Housing', 'External Environment'] 
    The DSM should clearly indicate the interactions between these components as 1 exist and 0 does not exist, considering both the presence and nature of these connections.         
    Present the output in a square matrix format (number of rows and columns MUST be the same as the number of components = 7 for this example), with rows and columns labeled accordingly. 
    Diagonal elements should be 1 in DSM matrix since each component interacts with itself. 
    If you don't know the answer, just write 2 for the specific cell that you are unsure of. A worst case scenario of the **as a list of lists** shown below (diagonal elements are 1 and rest are 2). Don't make up an answer.     final response = [
        [1, 2, 2, 2, 2, 2, 2],
        [2, 1, 2, 2, 2, 2, 2],
        [2, 2, 1, 2, 2, 2, 2],
        [2, 2, 2, 1, 2, 2, 2],
        [2, 2, 2, 2, 1, 2, 2],
        [2, 2, 2, 2, 2, 1, 2],
        [2, 2, 2, 2, 2, 2, 1]
    ]

    IMPORTANT: Your response must **ONLY** contain a valid **as a list of lists** in the following example format 7x7 matrix.     
    The below list of lists is just an example format of your response. **Replace** the values with your **actual analysis** while providing your response with parameter of 'final response'.    
    final response = [
        [1, 0, 0, 0, 0, 0, 0],
        [0, 1, 0, 0, 0, 0, 0],
        [0, 0, 1, 0, 0, 0, 0],
        [0, 0, 0, 1, 0, 0, 0],
        [0, 0, 0, 0, 1, 0, 0],
        [0, 0, 0, 0, 0, 1, 0],
        [0, 0, 0, 0, 0, 0, 1]
    ]

    IMPORTANT: THE FORMAT OF THE OUTPUT MUST BE AS LIST OF LISTS ONLY SIMILAR TO THE ONE ABOVE (NO LATEX, CODE, OR OTHER ENCODINGS).
    
2025-02-14 20:39:48,390 - DSM_MultiModelExp_llm_rag_ollama:llama3.3:70b-8k - INFO - Response: final response = [
        [1, 1, 1, 1, 0, 1, 0],
        [1, 1, 1, 0, 0, 0, 0],
        [1, 1, 1, 1, 0, 1, 0],
        [1, 0, 1, 1, 1, 1, 0],
        [0, 0, 0, 1, 1, 1, 0],
        [1, 0, 1, 1, 1, 1, 0],
        [0, 0, 0, 0, 0, 0, 1]
    ]
2025-02-14 20:39:48,391 - DSM_MultiModelExp_llm_rag_ollama:llama3.3:70b-8k - INFO - Matrix from response.
2025-02-14 20:39:48,391 - DSM_MultiModelExp_llm_rag_ollama:llama3.3:70b-8k - INFO - At run 5/5
2025-02-14 20:39:48,392 - DSM_MultiModelExp_llm_rag_ollama:llama3.3:70b-8k - INFO - Matrix: [[1, 1, 1, 1, 0, 1, 0], [1, 1, 1, 0, 0, 0, 0], [1, 1, 1, 1, 0, 1, 0], [1, 0, 1, 1, 1, 1, 0], [0, 0, 0, 1, 1, 1, 0], [1, 0, 1, 1, 1, 1, 0], [0, 0, 0, 0, 0, 0, 1]]
2025-02-14 20:39:48,392 - DSM_MultiModelExp_llm_rag_ollama:llama3.3:70b-8k - INFO - --------------------------------------------------
2025-02-14 20:39:58,403 - DSM_MultiModelExp_llm_rag_ollama:llama3.3:70b-8k - INFO - Duration of reference combination {'R1': [{'path': '../data/use_cases_large/PowerDrill/reference_pdfs/R1_combined.pdf'}]}: 0:02:45.268968
2025-02-14 20:39:58,404 - DSM_MultiModelExp_llm_rag_ollama:llama3.3:70b-8k - INFO - ++++++++++++++++++++++++++++++++++++++++++++++++++++++++++++++++++++++++++++++++++++++++++++++++++++
2025-02-14 20:39:58,405 - DSM_MultiModelExp_llm_rag_ollama:llama3.3:70b-8k - INFO - Run 1/5
2025-02-14 20:39:58,442 - DSM_MultiModelExp_llm_rag_ollama:llama3.3:70b-8k - INFO - DEBUG: Initializing RAGInference.
2025-02-14 20:39:58,443 - DSM_MultiModelExp_llm_rag_ollama:llama3.3:70b-8k - INFO - Using R-type: ['R2']
2025-02-14 20:39:58,444 - DSM_MultiModelExp_llm_rag_ollama:llama3.3:70b-8k - INFO - Using embedding model: text-embedding-3-small
2025-02-14 20:39:58,478 - DSM_MultiModelExp_llm_rag_ollama:llama3.3:70b-8k - INFO - VectorStoreManager initialized
2025-02-14 20:39:58,479 - DSM_MultiModelExp_llm_rag_ollama:llama3.3:70b-8k - INFO - Set database path to: xLM_DSM/data/vectorstore/PowerDrill/llm_rag/text-embedding-3-small
2025-02-14 20:39:58,507 - DSM_MultiModelExp_llm_rag_ollama:llama3.3:70b-8k - INFO - Collection count: 2855
2025-02-14 20:39:58,511 - DSM_MultiModelExp_llm_rag_ollama:llama3.3:70b-8k - INFO - Initialized RAG inference for system: PowerDrill
2025-02-14 20:39:58,512 - DSM_MultiModelExp_llm_rag_ollama:llama3.3:70b-8k - INFO - Initialized DSM for system: PowerDrill
2025-02-14 20:39:58,513 - DSM_MultiModelExp_llm_rag_ollama:llama3.3:70b-8k - INFO - Inference model: ollama:llama3.3:70b-8k
2025-02-14 20:40:15,523 - DSM_MultiModelExp_llm_rag_ollama:llama3.3:70b-8k - INFO - Number of documents retrieved: 5
2025-02-14 20:40:15,524 - DSM_MultiModelExp_llm_rag_ollama:llama3.3:70b-8k - INFO - Documents used for this query:
2025-02-14 20:40:15,525 - DSM_MultiModelExp_llm_rag_ollama:llama3.3:70b-8k - INFO - File: ../data/use_cases_large/PowerDrill/reference_pdfs/[2012 Eppinger] R2-Design structure matrix methods and applications.pdf
2025-02-14 20:40:15,526 - DSM_MultiModelExp_llm_rag_ollama:llama3.3:70b-8k - INFO - Page: 46
2025-02-14 20:40:15,527 - DSM_MultiModelExp_llm_rag_ollama:llama3.3:70b-8k - INFO - Content: using red shaded cells between pairs of components. 
Res ult s 
The DSM model identified six of the subsystems as somewhat modular, in that each 
subsystem primarily had interfaces among components wi ...
2025-02-14 20:40:15,528 - DSM_MultiModelExp_llm_rag_ollama:llama3.3:70b-8k - INFO - File: ../data/use_cases_large/PowerDrill/reference_pdfs/[2012 Eppinger] R2-Design structure matrix methods and applications.pdf
2025-02-14 20:40:15,528 - DSM_MultiModelExp_llm_rag_ollama:llama3.3:70b-8k - INFO - Page: 297
2025-02-14 20:40:15,529 - DSM_MultiModelExp_llm_rag_ollama:llama3.3:70b-8k - INFO - Content: Data Collection 
Through discussions with industrial design engineers in Committee No. 17 7 on System 
Design and Integration in the Japan Society for the Promotion of Science, we captured 
170 typica ...
2025-02-14 20:40:15,530 - DSM_MultiModelExp_llm_rag_ollama:llama3.3:70b-8k - INFO - File: ../data/use_cases_large/PowerDrill/reference_pdfs/[2012 Eppinger] R2-Design structure matrix methods and applications.pdf
2025-02-14 20:40:15,531 - DSM_MultiModelExp_llm_rag_ollama:llama3.3:70b-8k - INFO - Page: 275
2025-02-14 20:40:15,532 - DSM_MultiModelExp_llm_rag_ollama:llama3.3:70b-8k - INFO - Content: all of the DSMs on the diagonal are not). 
Figure 9.6.3 shows actual data for some of the individual DSMs and DMMs. In all cases, 
only binary matrices are used. For better identification and understa ...
2025-02-14 20:40:15,534 - DSM_MultiModelExp_llm_rag_ollama:llama3.3:70b-8k - INFO - File: ../data/use_cases_large/PowerDrill/reference_pdfs/[2012 Eppinger] R2-Design structure matrix methods and applications.pdf
2025-02-14 20:40:15,534 - DSM_MultiModelExp_llm_rag_ollama:llama3.3:70b-8k - INFO - Page: 101
2025-02-14 20:40:15,535 - DSM_MultiModelExp_llm_rag_ollama:llama3.3:70b-8k - INFO - Content: 95 Organization Architecture DSM Examples 
of one majo r component or subass embly and its produc tion system. We then asked 
the leader of each CT to complete a simple one-pa ge survey form , indicat ...
2025-02-14 20:40:15,536 - DSM_MultiModelExp_llm_rag_ollama:llama3.3:70b-8k - INFO - File: ../data/use_cases_large/PowerDrill/reference_pdfs/[2012 Eppinger] R2-Design structure matrix methods and applications.pdf
2025-02-14 20:40:15,537 - DSM_MultiModelExp_llm_rag_ollama:llama3.3:70b-8k - INFO - Page: 113
2025-02-14 20:40:15,538 - DSM_MultiModelExp_llm_rag_ollama:llama3.3:70b-8k - INFO - Content: 107 Organization Architecture DSM Examples 
Chamber, High-Pressure Turbine, Low-Pressu re Turbine, Mechanical Components, and 
Externals and Controls. The last six teams in the DSM corre spond to six  ...
2025-02-14 20:40:15,539 - DSM_MultiModelExp_llm_rag_ollama:llama3.3:70b-8k - INFO - Raw Response: final response = [
        [1, 1, 1, 1, 0, 1, 0],
        [1, 1, 1, 1, 0, 1, 0],
        [1, 1, 1, 1, 1, 1, 0],
        [1, 1, 1, 1, 1, 1, 0],
        [0, 0, 1, 1, 1, 1, 0],
        [1, 1, 1, 1, 1, 1, 0],
        [0, 0, 0, 0, 0, 0, 1]
    ]
2025-02-14 20:40:15,540 - DSM_MultiModelExp_llm_rag_ollama:llama3.3:70b-8k - INFO - Query: 
    Please identify system-level proximity relationships (in contact) between the components of Power Screwdriver, as listed below, and represent them in a Design Structure Matrix (DSM) format.  
    The relationships should be articulated in plain English, capturing the essence of their interactions. 
    Here is the list of subsystems/components to analyze: ['Bit', 'Transmission', 'Motor', 'Electrical System', 'Battery Holder', 'Housing', 'External Environment'] 
    The DSM should clearly indicate the interactions between these components as 1 exist and 0 does not exist, considering both the presence and nature of these connections.         
    Present the output in a square matrix format (number of rows and columns MUST be the same as the number of components = 7 for this example), with rows and columns labeled accordingly. 
    Diagonal elements should be 1 in DSM matrix since each component interacts with itself. 
    If you don't know the answer, just write 2 for the specific cell that you are unsure of. A worst case scenario of the **as a list of lists** shown below (diagonal elements are 1 and rest are 2). Don't make up an answer.     final response = [
        [1, 2, 2, 2, 2, 2, 2],
        [2, 1, 2, 2, 2, 2, 2],
        [2, 2, 1, 2, 2, 2, 2],
        [2, 2, 2, 1, 2, 2, 2],
        [2, 2, 2, 2, 1, 2, 2],
        [2, 2, 2, 2, 2, 1, 2],
        [2, 2, 2, 2, 2, 2, 1]
    ]

    IMPORTANT: Your response must **ONLY** contain a valid **as a list of lists** in the following example format 7x7 matrix.     
    The below list of lists is just an example format of your response. **Replace** the values with your **actual analysis** while providing your response with parameter of 'final response'.    
    final response = [
        [1, 0, 0, 0, 0, 0, 0],
        [0, 1, 0, 0, 0, 0, 0],
        [0, 0, 1, 0, 0, 0, 0],
        [0, 0, 0, 1, 0, 0, 0],
        [0, 0, 0, 0, 1, 0, 0],
        [0, 0, 0, 0, 0, 1, 0],
        [0, 0, 0, 0, 0, 0, 1]
    ]

    IMPORTANT: THE FORMAT OF THE OUTPUT MUST BE AS LIST OF LISTS ONLY SIMILAR TO THE ONE ABOVE (NO LATEX, CODE, OR OTHER ENCODINGS).
    
2025-02-14 20:40:15,541 - DSM_MultiModelExp_llm_rag_ollama:llama3.3:70b-8k - INFO - Response: final response = [
        [1, 1, 1, 1, 0, 1, 0],
        [1, 1, 1, 1, 0, 1, 0],
        [1, 1, 1, 1, 1, 1, 0],
        [1, 1, 1, 1, 1, 1, 0],
        [0, 0, 1, 1, 1, 1, 0],
        [1, 1, 1, 1, 1, 1, 0],
        [0, 0, 0, 0, 0, 0, 1]
    ]
2025-02-14 20:40:15,543 - DSM_MultiModelExp_llm_rag_ollama:llama3.3:70b-8k - INFO - Matrix from response.
2025-02-14 20:40:15,543 - DSM_MultiModelExp_llm_rag_ollama:llama3.3:70b-8k - INFO - At run 1/5
2025-02-14 20:40:15,544 - DSM_MultiModelExp_llm_rag_ollama:llama3.3:70b-8k - INFO - Matrix: [[1, 1, 1, 1, 0, 1, 0], [1, 1, 1, 1, 0, 1, 0], [1, 1, 1, 1, 1, 1, 0], [1, 1, 1, 1, 1, 1, 0], [0, 0, 1, 1, 1, 1, 0], [1, 1, 1, 1, 1, 1, 0], [0, 0, 0, 0, 0, 0, 1]]
2025-02-14 20:40:15,545 - DSM_MultiModelExp_llm_rag_ollama:llama3.3:70b-8k - INFO - --------------------------------------------------
2025-02-14 20:40:25,556 - DSM_MultiModelExp_llm_rag_ollama:llama3.3:70b-8k - INFO - Run 2/5
2025-02-14 20:40:25,591 - DSM_MultiModelExp_llm_rag_ollama:llama3.3:70b-8k - INFO - DEBUG: Initializing RAGInference.
2025-02-14 20:40:25,592 - DSM_MultiModelExp_llm_rag_ollama:llama3.3:70b-8k - INFO - Using R-type: ['R2']
2025-02-14 20:40:25,593 - DSM_MultiModelExp_llm_rag_ollama:llama3.3:70b-8k - INFO - Using embedding model: text-embedding-3-small
2025-02-14 20:40:25,627 - DSM_MultiModelExp_llm_rag_ollama:llama3.3:70b-8k - INFO - VectorStoreManager initialized
2025-02-14 20:40:25,628 - DSM_MultiModelExp_llm_rag_ollama:llama3.3:70b-8k - INFO - Set database path to: xLM_DSM/data/vectorstore/PowerDrill/llm_rag/text-embedding-3-small
2025-02-14 20:40:25,637 - DSM_MultiModelExp_llm_rag_ollama:llama3.3:70b-8k - INFO - Collection count: 2855
2025-02-14 20:40:25,640 - DSM_MultiModelExp_llm_rag_ollama:llama3.3:70b-8k - INFO - Initialized RAG inference for system: PowerDrill
2025-02-14 20:40:25,641 - DSM_MultiModelExp_llm_rag_ollama:llama3.3:70b-8k - INFO - Initialized DSM for system: PowerDrill
2025-02-14 20:40:25,641 - DSM_MultiModelExp_llm_rag_ollama:llama3.3:70b-8k - INFO - Inference model: ollama:llama3.3:70b-8k
2025-02-14 20:40:39,988 - DSM_MultiModelExp_llm_rag_ollama:llama3.3:70b-8k - INFO - Number of documents retrieved: 5
2025-02-14 20:40:39,989 - DSM_MultiModelExp_llm_rag_ollama:llama3.3:70b-8k - INFO - Documents used for this query:
2025-02-14 20:40:39,990 - DSM_MultiModelExp_llm_rag_ollama:llama3.3:70b-8k - INFO - File: ../data/use_cases_large/PowerDrill/reference_pdfs/[2012 Eppinger] R2-Design structure matrix methods and applications.pdf
2025-02-14 20:40:39,991 - DSM_MultiModelExp_llm_rag_ollama:llama3.3:70b-8k - INFO - Page: 46
2025-02-14 20:40:39,992 - DSM_MultiModelExp_llm_rag_ollama:llama3.3:70b-8k - INFO - Content: using red shaded cells between pairs of components. 
Res ult s 
The DSM model identified six of the subsystems as somewhat modular, in that each 
subsystem primarily had interfaces among components wi ...
2025-02-14 20:40:39,993 - DSM_MultiModelExp_llm_rag_ollama:llama3.3:70b-8k - INFO - File: ../data/use_cases_large/PowerDrill/reference_pdfs/[2012 Eppinger] R2-Design structure matrix methods and applications.pdf
2025-02-14 20:40:39,994 - DSM_MultiModelExp_llm_rag_ollama:llama3.3:70b-8k - INFO - Page: 297
2025-02-14 20:40:39,995 - DSM_MultiModelExp_llm_rag_ollama:llama3.3:70b-8k - INFO - Content: Data Collection 
Through discussions with industrial design engineers in Committee No. 17 7 on System 
Design and Integration in the Japan Society for the Promotion of Science, we captured 
170 typica ...
2025-02-14 20:40:39,996 - DSM_MultiModelExp_llm_rag_ollama:llama3.3:70b-8k - INFO - File: ../data/use_cases_large/PowerDrill/reference_pdfs/[2012 Eppinger] R2-Design structure matrix methods and applications.pdf
2025-02-14 20:40:39,997 - DSM_MultiModelExp_llm_rag_ollama:llama3.3:70b-8k - INFO - Page: 275
2025-02-14 20:40:39,997 - DSM_MultiModelExp_llm_rag_ollama:llama3.3:70b-8k - INFO - Content: all of the DSMs on the diagonal are not). 
Figure 9.6.3 shows actual data for some of the individual DSMs and DMMs. In all cases, 
only binary matrices are used. For better identification and understa ...
2025-02-14 20:40:39,999 - DSM_MultiModelExp_llm_rag_ollama:llama3.3:70b-8k - INFO - File: ../data/use_cases_large/PowerDrill/reference_pdfs/[2012 Eppinger] R2-Design structure matrix methods and applications.pdf
2025-02-14 20:40:39,999 - DSM_MultiModelExp_llm_rag_ollama:llama3.3:70b-8k - INFO - Page: 101
2025-02-14 20:40:40,000 - DSM_MultiModelExp_llm_rag_ollama:llama3.3:70b-8k - INFO - Content: 95 Organization Architecture DSM Examples 
of one majo r component or subass embly and its produc tion system. We then asked 
the leader of each CT to complete a simple one-pa ge survey form , indicat ...
2025-02-14 20:40:40,001 - DSM_MultiModelExp_llm_rag_ollama:llama3.3:70b-8k - INFO - File: ../data/use_cases_large/PowerDrill/reference_pdfs/[2012 Eppinger] R2-Design structure matrix methods and applications.pdf
2025-02-14 20:40:40,002 - DSM_MultiModelExp_llm_rag_ollama:llama3.3:70b-8k - INFO - Page: 113
2025-02-14 20:40:40,003 - DSM_MultiModelExp_llm_rag_ollama:llama3.3:70b-8k - INFO - Content: 107 Organization Architecture DSM Examples 
Chamber, High-Pressure Turbine, Low-Pressu re Turbine, Mechanical Components, and 
Externals and Controls. The last six teams in the DSM corre spond to six  ...
2025-02-14 20:40:40,004 - DSM_MultiModelExp_llm_rag_ollama:llama3.3:70b-8k - INFO - Raw Response: final response = [
        [1, 1, 1, 1, 0, 1, 0],
        [1, 1, 1, 1, 0, 1, 0],
        [1, 1, 1, 1, 1, 1, 0],
        [1, 1, 1, 1, 1, 1, 0],
        [0, 0, 1, 1, 1, 1, 0],
        [1, 1, 1, 1, 1, 1, 0],
        [0, 0, 0, 0, 0, 0, 1]
    ]
2025-02-14 20:40:40,005 - DSM_MultiModelExp_llm_rag_ollama:llama3.3:70b-8k - INFO - Query: 
    Please identify system-level proximity relationships (in contact) between the components of Power Screwdriver, as listed below, and represent them in a Design Structure Matrix (DSM) format.  
    The relationships should be articulated in plain English, capturing the essence of their interactions. 
    Here is the list of subsystems/components to analyze: ['Bit', 'Transmission', 'Motor', 'Electrical System', 'Battery Holder', 'Housing', 'External Environment'] 
    The DSM should clearly indicate the interactions between these components as 1 exist and 0 does not exist, considering both the presence and nature of these connections.         
    Present the output in a square matrix format (number of rows and columns MUST be the same as the number of components = 7 for this example), with rows and columns labeled accordingly. 
    Diagonal elements should be 1 in DSM matrix since each component interacts with itself. 
    If you don't know the answer, just write 2 for the specific cell that you are unsure of. A worst case scenario of the **as a list of lists** shown below (diagonal elements are 1 and rest are 2). Don't make up an answer.     final response = [
        [1, 2, 2, 2, 2, 2, 2],
        [2, 1, 2, 2, 2, 2, 2],
        [2, 2, 1, 2, 2, 2, 2],
        [2, 2, 2, 1, 2, 2, 2],
        [2, 2, 2, 2, 1, 2, 2],
        [2, 2, 2, 2, 2, 1, 2],
        [2, 2, 2, 2, 2, 2, 1]
    ]

    IMPORTANT: Your response must **ONLY** contain a valid **as a list of lists** in the following example format 7x7 matrix.     
    The below list of lists is just an example format of your response. **Replace** the values with your **actual analysis** while providing your response with parameter of 'final response'.    
    final response = [
        [1, 0, 0, 0, 0, 0, 0],
        [0, 1, 0, 0, 0, 0, 0],
        [0, 0, 1, 0, 0, 0, 0],
        [0, 0, 0, 1, 0, 0, 0],
        [0, 0, 0, 0, 1, 0, 0],
        [0, 0, 0, 0, 0, 1, 0],
        [0, 0, 0, 0, 0, 0, 1]
    ]

    IMPORTANT: THE FORMAT OF THE OUTPUT MUST BE AS LIST OF LISTS ONLY SIMILAR TO THE ONE ABOVE (NO LATEX, CODE, OR OTHER ENCODINGS).
    
2025-02-14 20:40:40,006 - DSM_MultiModelExp_llm_rag_ollama:llama3.3:70b-8k - INFO - Response: final response = [
        [1, 1, 1, 1, 0, 1, 0],
        [1, 1, 1, 1, 0, 1, 0],
        [1, 1, 1, 1, 1, 1, 0],
        [1, 1, 1, 1, 1, 1, 0],
        [0, 0, 1, 1, 1, 1, 0],
        [1, 1, 1, 1, 1, 1, 0],
        [0, 0, 0, 0, 0, 0, 1]
    ]
2025-02-14 20:40:40,007 - DSM_MultiModelExp_llm_rag_ollama:llama3.3:70b-8k - INFO - Matrix from response.
2025-02-14 20:40:40,008 - DSM_MultiModelExp_llm_rag_ollama:llama3.3:70b-8k - INFO - At run 2/5
2025-02-14 20:40:40,009 - DSM_MultiModelExp_llm_rag_ollama:llama3.3:70b-8k - INFO - Matrix: [[1, 1, 1, 1, 0, 1, 0], [1, 1, 1, 1, 0, 1, 0], [1, 1, 1, 1, 1, 1, 0], [1, 1, 1, 1, 1, 1, 0], [0, 0, 1, 1, 1, 1, 0], [1, 1, 1, 1, 1, 1, 0], [0, 0, 0, 0, 0, 0, 1]]
2025-02-14 20:40:40,010 - DSM_MultiModelExp_llm_rag_ollama:llama3.3:70b-8k - INFO - --------------------------------------------------
2025-02-14 20:40:50,021 - DSM_MultiModelExp_llm_rag_ollama:llama3.3:70b-8k - INFO - Run 3/5
2025-02-14 20:40:50,056 - DSM_MultiModelExp_llm_rag_ollama:llama3.3:70b-8k - INFO - DEBUG: Initializing RAGInference.
2025-02-14 20:40:50,057 - DSM_MultiModelExp_llm_rag_ollama:llama3.3:70b-8k - INFO - Using R-type: ['R2']
2025-02-14 20:40:50,058 - DSM_MultiModelExp_llm_rag_ollama:llama3.3:70b-8k - INFO - Using embedding model: text-embedding-3-small
2025-02-14 20:40:50,098 - DSM_MultiModelExp_llm_rag_ollama:llama3.3:70b-8k - INFO - VectorStoreManager initialized
2025-02-14 20:40:50,099 - DSM_MultiModelExp_llm_rag_ollama:llama3.3:70b-8k - INFO - Set database path to: xLM_DSM/data/vectorstore/PowerDrill/llm_rag/text-embedding-3-small
2025-02-14 20:40:50,109 - DSM_MultiModelExp_llm_rag_ollama:llama3.3:70b-8k - INFO - Collection count: 2855
2025-02-14 20:40:50,113 - DSM_MultiModelExp_llm_rag_ollama:llama3.3:70b-8k - INFO - Initialized RAG inference for system: PowerDrill
2025-02-14 20:40:50,114 - DSM_MultiModelExp_llm_rag_ollama:llama3.3:70b-8k - INFO - Initialized DSM for system: PowerDrill
2025-02-14 20:40:50,115 - DSM_MultiModelExp_llm_rag_ollama:llama3.3:70b-8k - INFO - Inference model: ollama:llama3.3:70b-8k
2025-02-14 20:41:04,683 - DSM_MultiModelExp_llm_rag_ollama:llama3.3:70b-8k - INFO - Number of documents retrieved: 5
2025-02-14 20:41:04,684 - DSM_MultiModelExp_llm_rag_ollama:llama3.3:70b-8k - INFO - Documents used for this query:
2025-02-14 20:41:04,685 - DSM_MultiModelExp_llm_rag_ollama:llama3.3:70b-8k - INFO - File: ../data/use_cases_large/PowerDrill/reference_pdfs/[2012 Eppinger] R2-Design structure matrix methods and applications.pdf
2025-02-14 20:41:04,686 - DSM_MultiModelExp_llm_rag_ollama:llama3.3:70b-8k - INFO - Page: 46
2025-02-14 20:41:04,686 - DSM_MultiModelExp_llm_rag_ollama:llama3.3:70b-8k - INFO - Content: using red shaded cells between pairs of components. 
Res ult s 
The DSM model identified six of the subsystems as somewhat modular, in that each 
subsystem primarily had interfaces among components wi ...
2025-02-14 20:41:04,687 - DSM_MultiModelExp_llm_rag_ollama:llama3.3:70b-8k - INFO - File: ../data/use_cases_large/PowerDrill/reference_pdfs/[2012 Eppinger] R2-Design structure matrix methods and applications.pdf
2025-02-14 20:41:04,689 - DSM_MultiModelExp_llm_rag_ollama:llama3.3:70b-8k - INFO - Page: 297
2025-02-14 20:41:04,690 - DSM_MultiModelExp_llm_rag_ollama:llama3.3:70b-8k - INFO - Content: Data Collection 
Through discussions with industrial design engineers in Committee No. 17 7 on System 
Design and Integration in the Japan Society for the Promotion of Science, we captured 
170 typica ...
2025-02-14 20:41:04,691 - DSM_MultiModelExp_llm_rag_ollama:llama3.3:70b-8k - INFO - File: ../data/use_cases_large/PowerDrill/reference_pdfs/[2012 Eppinger] R2-Design structure matrix methods and applications.pdf
2025-02-14 20:41:04,691 - DSM_MultiModelExp_llm_rag_ollama:llama3.3:70b-8k - INFO - Page: 275
2025-02-14 20:41:04,692 - DSM_MultiModelExp_llm_rag_ollama:llama3.3:70b-8k - INFO - Content: all of the DSMs on the diagonal are not). 
Figure 9.6.3 shows actual data for some of the individual DSMs and DMMs. In all cases, 
only binary matrices are used. For better identification and understa ...
2025-02-14 20:41:04,693 - DSM_MultiModelExp_llm_rag_ollama:llama3.3:70b-8k - INFO - File: ../data/use_cases_large/PowerDrill/reference_pdfs/[2012 Eppinger] R2-Design structure matrix methods and applications.pdf
2025-02-14 20:41:04,694 - DSM_MultiModelExp_llm_rag_ollama:llama3.3:70b-8k - INFO - Page: 101
2025-02-14 20:41:04,694 - DSM_MultiModelExp_llm_rag_ollama:llama3.3:70b-8k - INFO - Content: 95 Organization Architecture DSM Examples 
of one majo r component or subass embly and its produc tion system. We then asked 
the leader of each CT to complete a simple one-pa ge survey form , indicat ...
2025-02-14 20:41:04,695 - DSM_MultiModelExp_llm_rag_ollama:llama3.3:70b-8k - INFO - File: ../data/use_cases_large/PowerDrill/reference_pdfs/[2012 Eppinger] R2-Design structure matrix methods and applications.pdf
2025-02-14 20:41:04,698 - DSM_MultiModelExp_llm_rag_ollama:llama3.3:70b-8k - INFO - Page: 113
2025-02-14 20:41:04,699 - DSM_MultiModelExp_llm_rag_ollama:llama3.3:70b-8k - INFO - Content: 107 Organization Architecture DSM Examples 
Chamber, High-Pressure Turbine, Low-Pressu re Turbine, Mechanical Components, and 
Externals and Controls. The last six teams in the DSM corre spond to six  ...
2025-02-14 20:41:04,699 - DSM_MultiModelExp_llm_rag_ollama:llama3.3:70b-8k - INFO - Raw Response: final response = [
        [1, 1, 1, 1, 0, 1, 0],
        [1, 1, 1, 1, 0, 1, 0],
        [1, 1, 1, 1, 1, 1, 0],
        [1, 1, 1, 1, 1, 1, 0],
        [0, 0, 1, 1, 1, 1, 0],
        [1, 1, 1, 1, 1, 1, 0],
        [0, 0, 0, 0, 0, 0, 1]
    ]
2025-02-14 20:41:04,700 - DSM_MultiModelExp_llm_rag_ollama:llama3.3:70b-8k - INFO - Query: 
    Please identify system-level proximity relationships (in contact) between the components of Power Screwdriver, as listed below, and represent them in a Design Structure Matrix (DSM) format.  
    The relationships should be articulated in plain English, capturing the essence of their interactions. 
    Here is the list of subsystems/components to analyze: ['Bit', 'Transmission', 'Motor', 'Electrical System', 'Battery Holder', 'Housing', 'External Environment'] 
    The DSM should clearly indicate the interactions between these components as 1 exist and 0 does not exist, considering both the presence and nature of these connections.         
    Present the output in a square matrix format (number of rows and columns MUST be the same as the number of components = 7 for this example), with rows and columns labeled accordingly. 
    Diagonal elements should be 1 in DSM matrix since each component interacts with itself. 
    If you don't know the answer, just write 2 for the specific cell that you are unsure of. A worst case scenario of the **as a list of lists** shown below (diagonal elements are 1 and rest are 2). Don't make up an answer.     final response = [
        [1, 2, 2, 2, 2, 2, 2],
        [2, 1, 2, 2, 2, 2, 2],
        [2, 2, 1, 2, 2, 2, 2],
        [2, 2, 2, 1, 2, 2, 2],
        [2, 2, 2, 2, 1, 2, 2],
        [2, 2, 2, 2, 2, 1, 2],
        [2, 2, 2, 2, 2, 2, 1]
    ]

    IMPORTANT: Your response must **ONLY** contain a valid **as a list of lists** in the following example format 7x7 matrix.     
    The below list of lists is just an example format of your response. **Replace** the values with your **actual analysis** while providing your response with parameter of 'final response'.    
    final response = [
        [1, 0, 0, 0, 0, 0, 0],
        [0, 1, 0, 0, 0, 0, 0],
        [0, 0, 1, 0, 0, 0, 0],
        [0, 0, 0, 1, 0, 0, 0],
        [0, 0, 0, 0, 1, 0, 0],
        [0, 0, 0, 0, 0, 1, 0],
        [0, 0, 0, 0, 0, 0, 1]
    ]

    IMPORTANT: THE FORMAT OF THE OUTPUT MUST BE AS LIST OF LISTS ONLY SIMILAR TO THE ONE ABOVE (NO LATEX, CODE, OR OTHER ENCODINGS).
    
2025-02-14 20:41:04,702 - DSM_MultiModelExp_llm_rag_ollama:llama3.3:70b-8k - INFO - Response: final response = [
        [1, 1, 1, 1, 0, 1, 0],
        [1, 1, 1, 1, 0, 1, 0],
        [1, 1, 1, 1, 1, 1, 0],
        [1, 1, 1, 1, 1, 1, 0],
        [0, 0, 1, 1, 1, 1, 0],
        [1, 1, 1, 1, 1, 1, 0],
        [0, 0, 0, 0, 0, 0, 1]
    ]
2025-02-14 20:41:04,703 - DSM_MultiModelExp_llm_rag_ollama:llama3.3:70b-8k - INFO - Matrix from response.
2025-02-14 20:41:04,704 - DSM_MultiModelExp_llm_rag_ollama:llama3.3:70b-8k - INFO - At run 3/5
2025-02-14 20:41:04,705 - DSM_MultiModelExp_llm_rag_ollama:llama3.3:70b-8k - INFO - Matrix: [[1, 1, 1, 1, 0, 1, 0], [1, 1, 1, 1, 0, 1, 0], [1, 1, 1, 1, 1, 1, 0], [1, 1, 1, 1, 1, 1, 0], [0, 0, 1, 1, 1, 1, 0], [1, 1, 1, 1, 1, 1, 0], [0, 0, 0, 0, 0, 0, 1]]
2025-02-14 20:41:04,706 - DSM_MultiModelExp_llm_rag_ollama:llama3.3:70b-8k - INFO - --------------------------------------------------
2025-02-14 20:41:14,717 - DSM_MultiModelExp_llm_rag_ollama:llama3.3:70b-8k - INFO - Run 4/5
2025-02-14 20:41:14,753 - DSM_MultiModelExp_llm_rag_ollama:llama3.3:70b-8k - INFO - DEBUG: Initializing RAGInference.
2025-02-14 20:41:14,753 - DSM_MultiModelExp_llm_rag_ollama:llama3.3:70b-8k - INFO - Using R-type: ['R2']
2025-02-14 20:41:14,772 - DSM_MultiModelExp_llm_rag_ollama:llama3.3:70b-8k - INFO - Using embedding model: text-embedding-3-small
2025-02-14 20:41:14,807 - DSM_MultiModelExp_llm_rag_ollama:llama3.3:70b-8k - INFO - VectorStoreManager initialized
2025-02-14 20:41:14,808 - DSM_MultiModelExp_llm_rag_ollama:llama3.3:70b-8k - INFO - Set database path to: xLM_DSM/data/vectorstore/PowerDrill/llm_rag/text-embedding-3-small
2025-02-14 20:41:14,818 - DSM_MultiModelExp_llm_rag_ollama:llama3.3:70b-8k - INFO - Collection count: 2855
2025-02-14 20:41:14,822 - DSM_MultiModelExp_llm_rag_ollama:llama3.3:70b-8k - INFO - Initialized RAG inference for system: PowerDrill
2025-02-14 20:41:14,823 - DSM_MultiModelExp_llm_rag_ollama:llama3.3:70b-8k - INFO - Initialized DSM for system: PowerDrill
2025-02-14 20:41:14,824 - DSM_MultiModelExp_llm_rag_ollama:llama3.3:70b-8k - INFO - Inference model: ollama:llama3.3:70b-8k
2025-02-14 20:41:29,257 - DSM_MultiModelExp_llm_rag_ollama:llama3.3:70b-8k - INFO - Number of documents retrieved: 5
2025-02-14 20:41:29,257 - DSM_MultiModelExp_llm_rag_ollama:llama3.3:70b-8k - INFO - Documents used for this query:
2025-02-14 20:41:29,258 - DSM_MultiModelExp_llm_rag_ollama:llama3.3:70b-8k - INFO - File: ../data/use_cases_large/PowerDrill/reference_pdfs/[2012 Eppinger] R2-Design structure matrix methods and applications.pdf
2025-02-14 20:41:29,258 - DSM_MultiModelExp_llm_rag_ollama:llama3.3:70b-8k - INFO - Page: 46
2025-02-14 20:41:29,259 - DSM_MultiModelExp_llm_rag_ollama:llama3.3:70b-8k - INFO - Content: using red shaded cells between pairs of components. 
Res ult s 
The DSM model identified six of the subsystems as somewhat modular, in that each 
subsystem primarily had interfaces among components wi ...
2025-02-14 20:41:29,259 - DSM_MultiModelExp_llm_rag_ollama:llama3.3:70b-8k - INFO - File: ../data/use_cases_large/PowerDrill/reference_pdfs/[2012 Eppinger] R2-Design structure matrix methods and applications.pdf
2025-02-14 20:41:29,259 - DSM_MultiModelExp_llm_rag_ollama:llama3.3:70b-8k - INFO - Page: 297
2025-02-14 20:41:29,260 - DSM_MultiModelExp_llm_rag_ollama:llama3.3:70b-8k - INFO - Content: Data Collection 
Through discussions with industrial design engineers in Committee No. 17 7 on System 
Design and Integration in the Japan Society for the Promotion of Science, we captured 
170 typica ...
2025-02-14 20:41:29,261 - DSM_MultiModelExp_llm_rag_ollama:llama3.3:70b-8k - INFO - File: ../data/use_cases_large/PowerDrill/reference_pdfs/[2012 Eppinger] R2-Design structure matrix methods and applications.pdf
2025-02-14 20:41:29,261 - DSM_MultiModelExp_llm_rag_ollama:llama3.3:70b-8k - INFO - Page: 275
2025-02-14 20:41:29,261 - DSM_MultiModelExp_llm_rag_ollama:llama3.3:70b-8k - INFO - Content: all of the DSMs on the diagonal are not). 
Figure 9.6.3 shows actual data for some of the individual DSMs and DMMs. In all cases, 
only binary matrices are used. For better identification and understa ...
2025-02-14 20:41:29,262 - DSM_MultiModelExp_llm_rag_ollama:llama3.3:70b-8k - INFO - File: ../data/use_cases_large/PowerDrill/reference_pdfs/[2012 Eppinger] R2-Design structure matrix methods and applications.pdf
2025-02-14 20:41:29,262 - DSM_MultiModelExp_llm_rag_ollama:llama3.3:70b-8k - INFO - Page: 101
2025-02-14 20:41:29,262 - DSM_MultiModelExp_llm_rag_ollama:llama3.3:70b-8k - INFO - Content: 95 Organization Architecture DSM Examples 
of one majo r component or subass embly and its produc tion system. We then asked 
the leader of each CT to complete a simple one-pa ge survey form , indicat ...
2025-02-14 20:41:29,263 - DSM_MultiModelExp_llm_rag_ollama:llama3.3:70b-8k - INFO - File: ../data/use_cases_large/PowerDrill/reference_pdfs/[2012 Eppinger] R2-Design structure matrix methods and applications.pdf
2025-02-14 20:41:29,264 - DSM_MultiModelExp_llm_rag_ollama:llama3.3:70b-8k - INFO - Page: 113
2025-02-14 20:41:29,264 - DSM_MultiModelExp_llm_rag_ollama:llama3.3:70b-8k - INFO - Content: 107 Organization Architecture DSM Examples 
Chamber, High-Pressure Turbine, Low-Pressu re Turbine, Mechanical Components, and 
Externals and Controls. The last six teams in the DSM corre spond to six  ...
2025-02-14 20:41:29,264 - DSM_MultiModelExp_llm_rag_ollama:llama3.3:70b-8k - INFO - Raw Response: final response = [
        [1, 1, 1, 1, 0, 1, 0],
        [1, 1, 1, 1, 0, 1, 0],
        [1, 1, 1, 1, 1, 1, 0],
        [1, 1, 1, 1, 1, 1, 0],
        [0, 0, 1, 1, 1, 1, 0],
        [1, 1, 1, 1, 1, 1, 0],
        [0, 0, 0, 0, 0, 0, 1]
    ]
2025-02-14 20:41:29,265 - DSM_MultiModelExp_llm_rag_ollama:llama3.3:70b-8k - INFO - Query: 
    Please identify system-level proximity relationships (in contact) between the components of Power Screwdriver, as listed below, and represent them in a Design Structure Matrix (DSM) format.  
    The relationships should be articulated in plain English, capturing the essence of their interactions. 
    Here is the list of subsystems/components to analyze: ['Bit', 'Transmission', 'Motor', 'Electrical System', 'Battery Holder', 'Housing', 'External Environment'] 
    The DSM should clearly indicate the interactions between these components as 1 exist and 0 does not exist, considering both the presence and nature of these connections.         
    Present the output in a square matrix format (number of rows and columns MUST be the same as the number of components = 7 for this example), with rows and columns labeled accordingly. 
    Diagonal elements should be 1 in DSM matrix since each component interacts with itself. 
    If you don't know the answer, just write 2 for the specific cell that you are unsure of. A worst case scenario of the **as a list of lists** shown below (diagonal elements are 1 and rest are 2). Don't make up an answer.     final response = [
        [1, 2, 2, 2, 2, 2, 2],
        [2, 1, 2, 2, 2, 2, 2],
        [2, 2, 1, 2, 2, 2, 2],
        [2, 2, 2, 1, 2, 2, 2],
        [2, 2, 2, 2, 1, 2, 2],
        [2, 2, 2, 2, 2, 1, 2],
        [2, 2, 2, 2, 2, 2, 1]
    ]

    IMPORTANT: Your response must **ONLY** contain a valid **as a list of lists** in the following example format 7x7 matrix.     
    The below list of lists is just an example format of your response. **Replace** the values with your **actual analysis** while providing your response with parameter of 'final response'.    
    final response = [
        [1, 0, 0, 0, 0, 0, 0],
        [0, 1, 0, 0, 0, 0, 0],
        [0, 0, 1, 0, 0, 0, 0],
        [0, 0, 0, 1, 0, 0, 0],
        [0, 0, 0, 0, 1, 0, 0],
        [0, 0, 0, 0, 0, 1, 0],
        [0, 0, 0, 0, 0, 0, 1]
    ]

    IMPORTANT: THE FORMAT OF THE OUTPUT MUST BE AS LIST OF LISTS ONLY SIMILAR TO THE ONE ABOVE (NO LATEX, CODE, OR OTHER ENCODINGS).
    
2025-02-14 20:41:29,265 - DSM_MultiModelExp_llm_rag_ollama:llama3.3:70b-8k - INFO - Response: final response = [
        [1, 1, 1, 1, 0, 1, 0],
        [1, 1, 1, 1, 0, 1, 0],
        [1, 1, 1, 1, 1, 1, 0],
        [1, 1, 1, 1, 1, 1, 0],
        [0, 0, 1, 1, 1, 1, 0],
        [1, 1, 1, 1, 1, 1, 0],
        [0, 0, 0, 0, 0, 0, 1]
    ]
2025-02-14 20:41:29,266 - DSM_MultiModelExp_llm_rag_ollama:llama3.3:70b-8k - INFO - Matrix from response.
2025-02-14 20:41:29,266 - DSM_MultiModelExp_llm_rag_ollama:llama3.3:70b-8k - INFO - At run 4/5
2025-02-14 20:41:29,266 - DSM_MultiModelExp_llm_rag_ollama:llama3.3:70b-8k - INFO - Matrix: [[1, 1, 1, 1, 0, 1, 0], [1, 1, 1, 1, 0, 1, 0], [1, 1, 1, 1, 1, 1, 0], [1, 1, 1, 1, 1, 1, 0], [0, 0, 1, 1, 1, 1, 0], [1, 1, 1, 1, 1, 1, 0], [0, 0, 0, 0, 0, 0, 1]]
2025-02-14 20:41:29,267 - DSM_MultiModelExp_llm_rag_ollama:llama3.3:70b-8k - INFO - --------------------------------------------------
2025-02-14 20:41:39,277 - DSM_MultiModelExp_llm_rag_ollama:llama3.3:70b-8k - INFO - Run 5/5
2025-02-14 20:41:39,313 - DSM_MultiModelExp_llm_rag_ollama:llama3.3:70b-8k - INFO - DEBUG: Initializing RAGInference.
2025-02-14 20:41:39,313 - DSM_MultiModelExp_llm_rag_ollama:llama3.3:70b-8k - INFO - Using R-type: ['R2']
2025-02-14 20:41:39,315 - DSM_MultiModelExp_llm_rag_ollama:llama3.3:70b-8k - INFO - Using embedding model: text-embedding-3-small
2025-02-14 20:41:39,349 - DSM_MultiModelExp_llm_rag_ollama:llama3.3:70b-8k - INFO - VectorStoreManager initialized
2025-02-14 20:41:39,350 - DSM_MultiModelExp_llm_rag_ollama:llama3.3:70b-8k - INFO - Set database path to: xLM_DSM/data/vectorstore/PowerDrill/llm_rag/text-embedding-3-small
2025-02-14 20:41:39,378 - DSM_MultiModelExp_llm_rag_ollama:llama3.3:70b-8k - INFO - Collection count: 2855
2025-02-14 20:41:39,382 - DSM_MultiModelExp_llm_rag_ollama:llama3.3:70b-8k - INFO - Initialized RAG inference for system: PowerDrill
2025-02-14 20:41:39,383 - DSM_MultiModelExp_llm_rag_ollama:llama3.3:70b-8k - INFO - Initialized DSM for system: PowerDrill
2025-02-14 20:41:39,384 - DSM_MultiModelExp_llm_rag_ollama:llama3.3:70b-8k - INFO - Inference model: ollama:llama3.3:70b-8k
2025-02-14 20:41:53,880 - DSM_MultiModelExp_llm_rag_ollama:llama3.3:70b-8k - INFO - Number of documents retrieved: 5
2025-02-14 20:41:53,881 - DSM_MultiModelExp_llm_rag_ollama:llama3.3:70b-8k - INFO - Documents used for this query:
2025-02-14 20:41:53,882 - DSM_MultiModelExp_llm_rag_ollama:llama3.3:70b-8k - INFO - File: ../data/use_cases_large/PowerDrill/reference_pdfs/[2012 Eppinger] R2-Design structure matrix methods and applications.pdf
2025-02-14 20:41:53,883 - DSM_MultiModelExp_llm_rag_ollama:llama3.3:70b-8k - INFO - Page: 46
2025-02-14 20:41:53,884 - DSM_MultiModelExp_llm_rag_ollama:llama3.3:70b-8k - INFO - Content: using red shaded cells between pairs of components. 
Res ult s 
The DSM model identified six of the subsystems as somewhat modular, in that each 
subsystem primarily had interfaces among components wi ...
2025-02-14 20:41:53,885 - DSM_MultiModelExp_llm_rag_ollama:llama3.3:70b-8k - INFO - File: ../data/use_cases_large/PowerDrill/reference_pdfs/[2012 Eppinger] R2-Design structure matrix methods and applications.pdf
2025-02-14 20:41:53,886 - DSM_MultiModelExp_llm_rag_ollama:llama3.3:70b-8k - INFO - Page: 297
2025-02-14 20:41:53,887 - DSM_MultiModelExp_llm_rag_ollama:llama3.3:70b-8k - INFO - Content: Data Collection 
Through discussions with industrial design engineers in Committee No. 17 7 on System 
Design and Integration in the Japan Society for the Promotion of Science, we captured 
170 typica ...
2025-02-14 20:41:53,888 - DSM_MultiModelExp_llm_rag_ollama:llama3.3:70b-8k - INFO - File: ../data/use_cases_large/PowerDrill/reference_pdfs/[2012 Eppinger] R2-Design structure matrix methods and applications.pdf
2025-02-14 20:41:53,889 - DSM_MultiModelExp_llm_rag_ollama:llama3.3:70b-8k - INFO - Page: 275
2025-02-14 20:41:53,890 - DSM_MultiModelExp_llm_rag_ollama:llama3.3:70b-8k - INFO - Content: all of the DSMs on the diagonal are not). 
Figure 9.6.3 shows actual data for some of the individual DSMs and DMMs. In all cases, 
only binary matrices are used. For better identification and understa ...
2025-02-14 20:41:53,890 - DSM_MultiModelExp_llm_rag_ollama:llama3.3:70b-8k - INFO - File: ../data/use_cases_large/PowerDrill/reference_pdfs/[2012 Eppinger] R2-Design structure matrix methods and applications.pdf
2025-02-14 20:41:53,891 - DSM_MultiModelExp_llm_rag_ollama:llama3.3:70b-8k - INFO - Page: 101
2025-02-14 20:41:53,892 - DSM_MultiModelExp_llm_rag_ollama:llama3.3:70b-8k - INFO - Content: 95 Organization Architecture DSM Examples 
of one majo r component or subass embly and its produc tion system. We then asked 
the leader of each CT to complete a simple one-pa ge survey form , indicat ...
2025-02-14 20:41:53,893 - DSM_MultiModelExp_llm_rag_ollama:llama3.3:70b-8k - INFO - File: ../data/use_cases_large/PowerDrill/reference_pdfs/[2012 Eppinger] R2-Design structure matrix methods and applications.pdf
2025-02-14 20:41:53,894 - DSM_MultiModelExp_llm_rag_ollama:llama3.3:70b-8k - INFO - Page: 113
2025-02-14 20:41:53,895 - DSM_MultiModelExp_llm_rag_ollama:llama3.3:70b-8k - INFO - Content: 107 Organization Architecture DSM Examples 
Chamber, High-Pressure Turbine, Low-Pressu re Turbine, Mechanical Components, and 
Externals and Controls. The last six teams in the DSM corre spond to six  ...
2025-02-14 20:41:53,895 - DSM_MultiModelExp_llm_rag_ollama:llama3.3:70b-8k - INFO - Raw Response: final response = [
        [1, 1, 1, 1, 0, 1, 0],
        [1, 1, 1, 1, 0, 1, 0],
        [1, 1, 1, 1, 1, 1, 0],
        [1, 1, 1, 1, 1, 1, 0],
        [0, 0, 1, 1, 1, 1, 0],
        [1, 1, 1, 1, 1, 1, 0],
        [0, 0, 0, 0, 0, 0, 1]
    ]
2025-02-14 20:41:53,896 - DSM_MultiModelExp_llm_rag_ollama:llama3.3:70b-8k - INFO - Query: 
    Please identify system-level proximity relationships (in contact) between the components of Power Screwdriver, as listed below, and represent them in a Design Structure Matrix (DSM) format.  
    The relationships should be articulated in plain English, capturing the essence of their interactions. 
    Here is the list of subsystems/components to analyze: ['Bit', 'Transmission', 'Motor', 'Electrical System', 'Battery Holder', 'Housing', 'External Environment'] 
    The DSM should clearly indicate the interactions between these components as 1 exist and 0 does not exist, considering both the presence and nature of these connections.         
    Present the output in a square matrix format (number of rows and columns MUST be the same as the number of components = 7 for this example), with rows and columns labeled accordingly. 
    Diagonal elements should be 1 in DSM matrix since each component interacts with itself. 
    If you don't know the answer, just write 2 for the specific cell that you are unsure of. A worst case scenario of the **as a list of lists** shown below (diagonal elements are 1 and rest are 2). Don't make up an answer.     final response = [
        [1, 2, 2, 2, 2, 2, 2],
        [2, 1, 2, 2, 2, 2, 2],
        [2, 2, 1, 2, 2, 2, 2],
        [2, 2, 2, 1, 2, 2, 2],
        [2, 2, 2, 2, 1, 2, 2],
        [2, 2, 2, 2, 2, 1, 2],
        [2, 2, 2, 2, 2, 2, 1]
    ]

    IMPORTANT: Your response must **ONLY** contain a valid **as a list of lists** in the following example format 7x7 matrix.     
    The below list of lists is just an example format of your response. **Replace** the values with your **actual analysis** while providing your response with parameter of 'final response'.    
    final response = [
        [1, 0, 0, 0, 0, 0, 0],
        [0, 1, 0, 0, 0, 0, 0],
        [0, 0, 1, 0, 0, 0, 0],
        [0, 0, 0, 1, 0, 0, 0],
        [0, 0, 0, 0, 1, 0, 0],
        [0, 0, 0, 0, 0, 1, 0],
        [0, 0, 0, 0, 0, 0, 1]
    ]

    IMPORTANT: THE FORMAT OF THE OUTPUT MUST BE AS LIST OF LISTS ONLY SIMILAR TO THE ONE ABOVE (NO LATEX, CODE, OR OTHER ENCODINGS).
    
2025-02-14 20:41:53,897 - DSM_MultiModelExp_llm_rag_ollama:llama3.3:70b-8k - INFO - Response: final response = [
        [1, 1, 1, 1, 0, 1, 0],
        [1, 1, 1, 1, 0, 1, 0],
        [1, 1, 1, 1, 1, 1, 0],
        [1, 1, 1, 1, 1, 1, 0],
        [0, 0, 1, 1, 1, 1, 0],
        [1, 1, 1, 1, 1, 1, 0],
        [0, 0, 0, 0, 0, 0, 1]
    ]
2025-02-14 20:41:53,899 - DSM_MultiModelExp_llm_rag_ollama:llama3.3:70b-8k - INFO - Matrix from response.
2025-02-14 20:41:53,899 - DSM_MultiModelExp_llm_rag_ollama:llama3.3:70b-8k - INFO - At run 5/5
2025-02-14 20:41:53,900 - DSM_MultiModelExp_llm_rag_ollama:llama3.3:70b-8k - INFO - Matrix: [[1, 1, 1, 1, 0, 1, 0], [1, 1, 1, 1, 0, 1, 0], [1, 1, 1, 1, 1, 1, 0], [1, 1, 1, 1, 1, 1, 0], [0, 0, 1, 1, 1, 1, 0], [1, 1, 1, 1, 1, 1, 0], [0, 0, 0, 0, 0, 0, 1]]
2025-02-14 20:41:53,901 - DSM_MultiModelExp_llm_rag_ollama:llama3.3:70b-8k - INFO - --------------------------------------------------
2025-02-14 20:42:03,911 - DSM_MultiModelExp_llm_rag_ollama:llama3.3:70b-8k - INFO - Duration of reference combination {'R2': [{'path': '../data/use_cases_large/PowerDrill/reference_pdfs/[2012 Eppinger] R2-Design structure matrix methods and applications.pdf'}]}: 0:02:05.505347
2025-02-14 20:42:03,912 - DSM_MultiModelExp_llm_rag_ollama:llama3.3:70b-8k - INFO - ++++++++++++++++++++++++++++++++++++++++++++++++++++++++++++++++++++++++++++++++++++++++++++++++++++
2025-02-14 20:42:03,913 - DSM_MultiModelExp_llm_rag_ollama:llama3.3:70b-8k - INFO - Run 1/5
2025-02-14 20:42:03,953 - DSM_MultiModelExp_llm_rag_ollama:llama3.3:70b-8k - INFO - DEBUG: Initializing RAGInference.
2025-02-14 20:42:03,954 - DSM_MultiModelExp_llm_rag_ollama:llama3.3:70b-8k - INFO - Using R-type: ['R3']
2025-02-14 20:42:03,955 - DSM_MultiModelExp_llm_rag_ollama:llama3.3:70b-8k - INFO - Using embedding model: text-embedding-3-small
2025-02-14 20:42:03,997 - DSM_MultiModelExp_llm_rag_ollama:llama3.3:70b-8k - INFO - VectorStoreManager initialized
2025-02-14 20:42:03,998 - DSM_MultiModelExp_llm_rag_ollama:llama3.3:70b-8k - INFO - Set database path to: xLM_DSM/data/vectorstore/PowerDrill/llm_rag/text-embedding-3-small
2025-02-14 20:42:04,008 - DSM_MultiModelExp_llm_rag_ollama:llama3.3:70b-8k - INFO - Collection count: 2855
2025-02-14 20:42:04,013 - DSM_MultiModelExp_llm_rag_ollama:llama3.3:70b-8k - INFO - Initialized RAG inference for system: PowerDrill
2025-02-14 20:42:04,014 - DSM_MultiModelExp_llm_rag_ollama:llama3.3:70b-8k - INFO - Initialized DSM for system: PowerDrill
2025-02-14 20:42:04,015 - DSM_MultiModelExp_llm_rag_ollama:llama3.3:70b-8k - INFO - Inference model: ollama:llama3.3:70b-8k
2025-02-14 20:42:21,335 - DSM_MultiModelExp_llm_rag_ollama:llama3.3:70b-8k - INFO - Number of documents retrieved: 5
2025-02-14 20:42:21,336 - DSM_MultiModelExp_llm_rag_ollama:llama3.3:70b-8k - INFO - Documents used for this query:
2025-02-14 20:42:21,337 - DSM_MultiModelExp_llm_rag_ollama:llama3.3:70b-8k - INFO - File: ../data/use_cases_large/PowerDrill/reference_pdfs/R3_combined.pdf
2025-02-14 20:42:21,338 - DSM_MultiModelExp_llm_rag_ollama:llama3.3:70b-8k - INFO - Page: 901
2025-02-14 20:42:21,339 - DSM_MultiModelExp_llm_rag_ollama:llama3.3:70b-8k - INFO - Content: Table of contents
Page
Introduction 4
How you will be assessed 5
Glossary of terms 6
Health and safety 8
Classification 13
Power sources 14
Portable electric drills 17
Cordless power tools 19
Drill at ...
2025-02-14 20:42:21,340 - DSM_MultiModelExp_llm_rag_ollama:llama3.3:70b-8k - INFO - File: ../data/use_cases_large/PowerDrill/reference_pdfs/R3_combined.pdf
2025-02-14 20:42:21,341 - DSM_MultiModelExp_llm_rag_ollama:llama3.3:70b-8k - INFO - Page: 903
2025-02-14 20:42:21,342 - DSM_MultiModelExp_llm_rag_ollama:llama3.3:70b-8k - INFO - Content: Theory requirements of this unit standard are assessed by you completing a 
Knowledge Assessment Sheet.
Your teacher/tutor might give you a work diary to help you record how you 
make your projects.   ...
2025-02-14 20:42:21,343 - DSM_MultiModelExp_llm_rag_ollama:llama3.3:70b-8k - INFO - File: ../data/use_cases_large/PowerDrill/reference_pdfs/R3_combined.pdf
2025-02-14 20:42:21,344 - DSM_MultiModelExp_llm_rag_ollama:llama3.3:70b-8k - INFO - Page: 903
2025-02-14 20:42:21,344 - DSM_MultiModelExp_llm_rag_ollama:llama3.3:70b-8k - INFO - Content: You will be assessed through a combination of practical and written work. 
To achieve this unit standard, you need to complete two BCATS projects where 
you can identify, describe, select, and safely  ...
2025-02-14 20:42:21,345 - DSM_MultiModelExp_llm_rag_ollama:llama3.3:70b-8k - INFO - File: ../data/use_cases_large/PowerDrill/reference_pdfs/R3_combined.pdf
2025-02-14 20:42:21,346 - DSM_MultiModelExp_llm_rag_ollama:llama3.3:70b-8k - INFO - Page: 911
2025-02-14 20:42:21,347 - DSM_MultiModelExp_llm_rag_ollama:llama3.3:70b-8k - INFO - Content: Classification
Power tools can be classified according to their purpose. Some power tools 
will be used across a wide variety of projects. Others are specialist tools used 
for one or very few tasks,  ...
2025-02-14 20:42:21,348 - DSM_MultiModelExp_llm_rag_ollama:llama3.3:70b-8k - INFO - File: ../data/use_cases_large/PowerDrill/reference_pdfs/R3_combined.pdf
2025-02-14 20:42:21,349 - DSM_MultiModelExp_llm_rag_ollama:llama3.3:70b-8k - INFO - Page: 858
2025-02-14 20:42:21,350 - DSM_MultiModelExp_llm_rag_ollama:llama3.3:70b-8k - INFO - Content: 9
drills
LET'S SEE, WHERE TO START with the most popular power tool
sold today? As a woodworker you probably own at least one corded
and one cordless drill. Most woodworkers I know have more than one
 ...
2025-02-14 20:42:21,351 - DSM_MultiModelExp_llm_rag_ollama:llama3.3:70b-8k - INFO - Raw Response: final response = [
        [1, 1, 1, 1, 0, 1, 0],
        [1, 1, 1, 1, 0, 1, 0],
        [1, 1, 1, 1, 0, 1, 0],
        [1, 1, 1, 1, 1, 1, 0],
        [0, 0, 0, 1, 1, 1, 0],
        [1, 1, 1, 1, 1, 1, 0],
        [0, 0, 0, 0, 0, 0, 1]
    ]
2025-02-14 20:42:21,352 - DSM_MultiModelExp_llm_rag_ollama:llama3.3:70b-8k - INFO - Query: 
    Please identify system-level proximity relationships (in contact) between the components of Power Screwdriver, as listed below, and represent them in a Design Structure Matrix (DSM) format.  
    The relationships should be articulated in plain English, capturing the essence of their interactions. 
    Here is the list of subsystems/components to analyze: ['Bit', 'Transmission', 'Motor', 'Electrical System', 'Battery Holder', 'Housing', 'External Environment'] 
    The DSM should clearly indicate the interactions between these components as 1 exist and 0 does not exist, considering both the presence and nature of these connections.         
    Present the output in a square matrix format (number of rows and columns MUST be the same as the number of components = 7 for this example), with rows and columns labeled accordingly. 
    Diagonal elements should be 1 in DSM matrix since each component interacts with itself. 
    If you don't know the answer, just write 2 for the specific cell that you are unsure of. A worst case scenario of the **as a list of lists** shown below (diagonal elements are 1 and rest are 2). Don't make up an answer.     final response = [
        [1, 2, 2, 2, 2, 2, 2],
        [2, 1, 2, 2, 2, 2, 2],
        [2, 2, 1, 2, 2, 2, 2],
        [2, 2, 2, 1, 2, 2, 2],
        [2, 2, 2, 2, 1, 2, 2],
        [2, 2, 2, 2, 2, 1, 2],
        [2, 2, 2, 2, 2, 2, 1]
    ]

    IMPORTANT: Your response must **ONLY** contain a valid **as a list of lists** in the following example format 7x7 matrix.     
    The below list of lists is just an example format of your response. **Replace** the values with your **actual analysis** while providing your response with parameter of 'final response'.    
    final response = [
        [1, 0, 0, 0, 0, 0, 0],
        [0, 1, 0, 0, 0, 0, 0],
        [0, 0, 1, 0, 0, 0, 0],
        [0, 0, 0, 1, 0, 0, 0],
        [0, 0, 0, 0, 1, 0, 0],
        [0, 0, 0, 0, 0, 1, 0],
        [0, 0, 0, 0, 0, 0, 1]
    ]

    IMPORTANT: THE FORMAT OF THE OUTPUT MUST BE AS LIST OF LISTS ONLY SIMILAR TO THE ONE ABOVE (NO LATEX, CODE, OR OTHER ENCODINGS).
    
2025-02-14 20:42:21,352 - DSM_MultiModelExp_llm_rag_ollama:llama3.3:70b-8k - INFO - Response: final response = [
        [1, 1, 1, 1, 0, 1, 0],
        [1, 1, 1, 1, 0, 1, 0],
        [1, 1, 1, 1, 0, 1, 0],
        [1, 1, 1, 1, 1, 1, 0],
        [0, 0, 0, 1, 1, 1, 0],
        [1, 1, 1, 1, 1, 1, 0],
        [0, 0, 0, 0, 0, 0, 1]
    ]
2025-02-14 20:42:21,354 - DSM_MultiModelExp_llm_rag_ollama:llama3.3:70b-8k - INFO - Matrix from response.
2025-02-14 20:42:21,355 - DSM_MultiModelExp_llm_rag_ollama:llama3.3:70b-8k - INFO - At run 1/5
2025-02-14 20:42:21,355 - DSM_MultiModelExp_llm_rag_ollama:llama3.3:70b-8k - INFO - Matrix: [[1, 1, 1, 1, 0, 1, 0], [1, 1, 1, 1, 0, 1, 0], [1, 1, 1, 1, 0, 1, 0], [1, 1, 1, 1, 1, 1, 0], [0, 0, 0, 1, 1, 1, 0], [1, 1, 1, 1, 1, 1, 0], [0, 0, 0, 0, 0, 0, 1]]
2025-02-14 20:42:21,356 - DSM_MultiModelExp_llm_rag_ollama:llama3.3:70b-8k - INFO - --------------------------------------------------
2025-02-14 20:42:31,367 - DSM_MultiModelExp_llm_rag_ollama:llama3.3:70b-8k - INFO - Run 2/5
2025-02-14 20:42:31,406 - DSM_MultiModelExp_llm_rag_ollama:llama3.3:70b-8k - INFO - DEBUG: Initializing RAGInference.
2025-02-14 20:42:31,407 - DSM_MultiModelExp_llm_rag_ollama:llama3.3:70b-8k - INFO - Using R-type: ['R3']
2025-02-14 20:42:31,408 - DSM_MultiModelExp_llm_rag_ollama:llama3.3:70b-8k - INFO - Using embedding model: text-embedding-3-small
2025-02-14 20:42:31,444 - DSM_MultiModelExp_llm_rag_ollama:llama3.3:70b-8k - INFO - VectorStoreManager initialized
2025-02-14 20:42:31,445 - DSM_MultiModelExp_llm_rag_ollama:llama3.3:70b-8k - INFO - Set database path to: xLM_DSM/data/vectorstore/PowerDrill/llm_rag/text-embedding-3-small
2025-02-14 20:42:31,453 - DSM_MultiModelExp_llm_rag_ollama:llama3.3:70b-8k - INFO - Collection count: 2855
2025-02-14 20:42:31,457 - DSM_MultiModelExp_llm_rag_ollama:llama3.3:70b-8k - INFO - Initialized RAG inference for system: PowerDrill
2025-02-14 20:42:31,458 - DSM_MultiModelExp_llm_rag_ollama:llama3.3:70b-8k - INFO - Initialized DSM for system: PowerDrill
2025-02-14 20:42:31,459 - DSM_MultiModelExp_llm_rag_ollama:llama3.3:70b-8k - INFO - Inference model: ollama:llama3.3:70b-8k
2025-02-14 20:42:45,758 - DSM_MultiModelExp_llm_rag_ollama:llama3.3:70b-8k - INFO - Number of documents retrieved: 5
2025-02-14 20:42:45,759 - DSM_MultiModelExp_llm_rag_ollama:llama3.3:70b-8k - INFO - Documents used for this query:
2025-02-14 20:42:45,760 - DSM_MultiModelExp_llm_rag_ollama:llama3.3:70b-8k - INFO - File: ../data/use_cases_large/PowerDrill/reference_pdfs/R3_combined.pdf
2025-02-14 20:42:45,761 - DSM_MultiModelExp_llm_rag_ollama:llama3.3:70b-8k - INFO - Page: 901
2025-02-14 20:42:45,762 - DSM_MultiModelExp_llm_rag_ollama:llama3.3:70b-8k - INFO - Content: Table of contents
Page
Introduction 4
How you will be assessed 5
Glossary of terms 6
Health and safety 8
Classification 13
Power sources 14
Portable electric drills 17
Cordless power tools 19
Drill at ...
2025-02-14 20:42:45,763 - DSM_MultiModelExp_llm_rag_ollama:llama3.3:70b-8k - INFO - File: ../data/use_cases_large/PowerDrill/reference_pdfs/R3_combined.pdf
2025-02-14 20:42:45,764 - DSM_MultiModelExp_llm_rag_ollama:llama3.3:70b-8k - INFO - Page: 903
2025-02-14 20:42:45,765 - DSM_MultiModelExp_llm_rag_ollama:llama3.3:70b-8k - INFO - Content: Theory requirements of this unit standard are assessed by you completing a 
Knowledge Assessment Sheet.
Your teacher/tutor might give you a work diary to help you record how you 
make your projects.   ...
2025-02-14 20:42:45,766 - DSM_MultiModelExp_llm_rag_ollama:llama3.3:70b-8k - INFO - File: ../data/use_cases_large/PowerDrill/reference_pdfs/R3_combined.pdf
2025-02-14 20:42:45,767 - DSM_MultiModelExp_llm_rag_ollama:llama3.3:70b-8k - INFO - Page: 903
2025-02-14 20:42:45,768 - DSM_MultiModelExp_llm_rag_ollama:llama3.3:70b-8k - INFO - Content: You will be assessed through a combination of practical and written work. 
To achieve this unit standard, you need to complete two BCATS projects where 
you can identify, describe, select, and safely  ...
2025-02-14 20:42:45,768 - DSM_MultiModelExp_llm_rag_ollama:llama3.3:70b-8k - INFO - File: ../data/use_cases_large/PowerDrill/reference_pdfs/R3_combined.pdf
2025-02-14 20:42:45,769 - DSM_MultiModelExp_llm_rag_ollama:llama3.3:70b-8k - INFO - Page: 911
2025-02-14 20:42:45,771 - DSM_MultiModelExp_llm_rag_ollama:llama3.3:70b-8k - INFO - Content: Classification
Power tools can be classified according to their purpose. Some power tools 
will be used across a wide variety of projects. Others are specialist tools used 
for one or very few tasks,  ...
2025-02-14 20:42:45,771 - DSM_MultiModelExp_llm_rag_ollama:llama3.3:70b-8k - INFO - File: ../data/use_cases_large/PowerDrill/reference_pdfs/R3_combined.pdf
2025-02-14 20:42:45,772 - DSM_MultiModelExp_llm_rag_ollama:llama3.3:70b-8k - INFO - Page: 858
2025-02-14 20:42:45,773 - DSM_MultiModelExp_llm_rag_ollama:llama3.3:70b-8k - INFO - Content: 9
drills
LET'S SEE, WHERE TO START with the most popular power tool
sold today? As a woodworker you probably own at least one corded
and one cordless drill. Most woodworkers I know have more than one
 ...
2025-02-14 20:42:45,773 - DSM_MultiModelExp_llm_rag_ollama:llama3.3:70b-8k - INFO - Raw Response: final response = [
        [1, 1, 1, 1, 0, 1, 0],
        [1, 1, 1, 1, 0, 1, 0],
        [1, 1, 1, 1, 0, 1, 0],
        [1, 1, 1, 1, 1, 1, 0],
        [0, 0, 0, 1, 1, 1, 0],
        [1, 1, 1, 1, 1, 1, 0],
        [0, 0, 0, 0, 0, 0, 1]
    ]
2025-02-14 20:42:45,774 - DSM_MultiModelExp_llm_rag_ollama:llama3.3:70b-8k - INFO - Query: 
    Please identify system-level proximity relationships (in contact) between the components of Power Screwdriver, as listed below, and represent them in a Design Structure Matrix (DSM) format.  
    The relationships should be articulated in plain English, capturing the essence of their interactions. 
    Here is the list of subsystems/components to analyze: ['Bit', 'Transmission', 'Motor', 'Electrical System', 'Battery Holder', 'Housing', 'External Environment'] 
    The DSM should clearly indicate the interactions between these components as 1 exist and 0 does not exist, considering both the presence and nature of these connections.         
    Present the output in a square matrix format (number of rows and columns MUST be the same as the number of components = 7 for this example), with rows and columns labeled accordingly. 
    Diagonal elements should be 1 in DSM matrix since each component interacts with itself. 
    If you don't know the answer, just write 2 for the specific cell that you are unsure of. A worst case scenario of the **as a list of lists** shown below (diagonal elements are 1 and rest are 2). Don't make up an answer.     final response = [
        [1, 2, 2, 2, 2, 2, 2],
        [2, 1, 2, 2, 2, 2, 2],
        [2, 2, 1, 2, 2, 2, 2],
        [2, 2, 2, 1, 2, 2, 2],
        [2, 2, 2, 2, 1, 2, 2],
        [2, 2, 2, 2, 2, 1, 2],
        [2, 2, 2, 2, 2, 2, 1]
    ]

    IMPORTANT: Your response must **ONLY** contain a valid **as a list of lists** in the following example format 7x7 matrix.     
    The below list of lists is just an example format of your response. **Replace** the values with your **actual analysis** while providing your response with parameter of 'final response'.    
    final response = [
        [1, 0, 0, 0, 0, 0, 0],
        [0, 1, 0, 0, 0, 0, 0],
        [0, 0, 1, 0, 0, 0, 0],
        [0, 0, 0, 1, 0, 0, 0],
        [0, 0, 0, 0, 1, 0, 0],
        [0, 0, 0, 0, 0, 1, 0],
        [0, 0, 0, 0, 0, 0, 1]
    ]

    IMPORTANT: THE FORMAT OF THE OUTPUT MUST BE AS LIST OF LISTS ONLY SIMILAR TO THE ONE ABOVE (NO LATEX, CODE, OR OTHER ENCODINGS).
    
2025-02-14 20:42:45,775 - DSM_MultiModelExp_llm_rag_ollama:llama3.3:70b-8k - INFO - Response: final response = [
        [1, 1, 1, 1, 0, 1, 0],
        [1, 1, 1, 1, 0, 1, 0],
        [1, 1, 1, 1, 0, 1, 0],
        [1, 1, 1, 1, 1, 1, 0],
        [0, 0, 0, 1, 1, 1, 0],
        [1, 1, 1, 1, 1, 1, 0],
        [0, 0, 0, 0, 0, 0, 1]
    ]
2025-02-14 20:42:45,776 - DSM_MultiModelExp_llm_rag_ollama:llama3.3:70b-8k - INFO - Matrix from response.
2025-02-14 20:42:45,777 - DSM_MultiModelExp_llm_rag_ollama:llama3.3:70b-8k - INFO - At run 2/5
2025-02-14 20:42:45,778 - DSM_MultiModelExp_llm_rag_ollama:llama3.3:70b-8k - INFO - Matrix: [[1, 1, 1, 1, 0, 1, 0], [1, 1, 1, 1, 0, 1, 0], [1, 1, 1, 1, 0, 1, 0], [1, 1, 1, 1, 1, 1, 0], [0, 0, 0, 1, 1, 1, 0], [1, 1, 1, 1, 1, 1, 0], [0, 0, 0, 0, 0, 0, 1]]
2025-02-14 20:42:45,779 - DSM_MultiModelExp_llm_rag_ollama:llama3.3:70b-8k - INFO - --------------------------------------------------
2025-02-14 20:42:55,790 - DSM_MultiModelExp_llm_rag_ollama:llama3.3:70b-8k - INFO - Run 3/5
2025-02-14 20:42:55,827 - DSM_MultiModelExp_llm_rag_ollama:llama3.3:70b-8k - INFO - DEBUG: Initializing RAGInference.
2025-02-14 20:42:55,828 - DSM_MultiModelExp_llm_rag_ollama:llama3.3:70b-8k - INFO - Using R-type: ['R3']
2025-02-14 20:42:55,829 - DSM_MultiModelExp_llm_rag_ollama:llama3.3:70b-8k - INFO - Using embedding model: text-embedding-3-small
2025-02-14 20:42:55,863 - DSM_MultiModelExp_llm_rag_ollama:llama3.3:70b-8k - INFO - VectorStoreManager initialized
2025-02-14 20:42:55,864 - DSM_MultiModelExp_llm_rag_ollama:llama3.3:70b-8k - INFO - Set database path to: xLM_DSM/data/vectorstore/PowerDrill/llm_rag/text-embedding-3-small
2025-02-14 20:42:55,873 - DSM_MultiModelExp_llm_rag_ollama:llama3.3:70b-8k - INFO - Collection count: 2855
2025-02-14 20:42:55,876 - DSM_MultiModelExp_llm_rag_ollama:llama3.3:70b-8k - INFO - Initialized RAG inference for system: PowerDrill
2025-02-14 20:42:55,877 - DSM_MultiModelExp_llm_rag_ollama:llama3.3:70b-8k - INFO - Initialized DSM for system: PowerDrill
2025-02-14 20:42:55,878 - DSM_MultiModelExp_llm_rag_ollama:llama3.3:70b-8k - INFO - Inference model: ollama:llama3.3:70b-8k
2025-02-14 20:43:10,112 - DSM_MultiModelExp_llm_rag_ollama:llama3.3:70b-8k - INFO - Number of documents retrieved: 5
2025-02-14 20:43:10,113 - DSM_MultiModelExp_llm_rag_ollama:llama3.3:70b-8k - INFO - Documents used for this query:
2025-02-14 20:43:10,114 - DSM_MultiModelExp_llm_rag_ollama:llama3.3:70b-8k - INFO - File: ../data/use_cases_large/PowerDrill/reference_pdfs/R3_combined.pdf
2025-02-14 20:43:10,115 - DSM_MultiModelExp_llm_rag_ollama:llama3.3:70b-8k - INFO - Page: 901
2025-02-14 20:43:10,115 - DSM_MultiModelExp_llm_rag_ollama:llama3.3:70b-8k - INFO - Content: Table of contents
Page
Introduction 4
How you will be assessed 5
Glossary of terms 6
Health and safety 8
Classification 13
Power sources 14
Portable electric drills 17
Cordless power tools 19
Drill at ...
2025-02-14 20:43:10,116 - DSM_MultiModelExp_llm_rag_ollama:llama3.3:70b-8k - INFO - File: ../data/use_cases_large/PowerDrill/reference_pdfs/R3_combined.pdf
2025-02-14 20:43:10,117 - DSM_MultiModelExp_llm_rag_ollama:llama3.3:70b-8k - INFO - Page: 903
2025-02-14 20:43:10,118 - DSM_MultiModelExp_llm_rag_ollama:llama3.3:70b-8k - INFO - Content: Theory requirements of this unit standard are assessed by you completing a 
Knowledge Assessment Sheet.
Your teacher/tutor might give you a work diary to help you record how you 
make your projects.   ...
2025-02-14 20:43:10,118 - DSM_MultiModelExp_llm_rag_ollama:llama3.3:70b-8k - INFO - File: ../data/use_cases_large/PowerDrill/reference_pdfs/R3_combined.pdf
2025-02-14 20:43:10,119 - DSM_MultiModelExp_llm_rag_ollama:llama3.3:70b-8k - INFO - Page: 903
2025-02-14 20:43:10,120 - DSM_MultiModelExp_llm_rag_ollama:llama3.3:70b-8k - INFO - Content: You will be assessed through a combination of practical and written work. 
To achieve this unit standard, you need to complete two BCATS projects where 
you can identify, describe, select, and safely  ...
2025-02-14 20:43:10,121 - DSM_MultiModelExp_llm_rag_ollama:llama3.3:70b-8k - INFO - File: ../data/use_cases_large/PowerDrill/reference_pdfs/R3_combined.pdf
2025-02-14 20:43:10,122 - DSM_MultiModelExp_llm_rag_ollama:llama3.3:70b-8k - INFO - Page: 911
2025-02-14 20:43:10,123 - DSM_MultiModelExp_llm_rag_ollama:llama3.3:70b-8k - INFO - Content: Classification
Power tools can be classified according to their purpose. Some power tools 
will be used across a wide variety of projects. Others are specialist tools used 
for one or very few tasks,  ...
2025-02-14 20:43:10,123 - DSM_MultiModelExp_llm_rag_ollama:llama3.3:70b-8k - INFO - File: ../data/use_cases_large/PowerDrill/reference_pdfs/R3_combined.pdf
2025-02-14 20:43:10,124 - DSM_MultiModelExp_llm_rag_ollama:llama3.3:70b-8k - INFO - Page: 858
2025-02-14 20:43:10,125 - DSM_MultiModelExp_llm_rag_ollama:llama3.3:70b-8k - INFO - Content: 9
drills
LET'S SEE, WHERE TO START with the most popular power tool
sold today? As a woodworker you probably own at least one corded
and one cordless drill. Most woodworkers I know have more than one
 ...
2025-02-14 20:43:10,126 - DSM_MultiModelExp_llm_rag_ollama:llama3.3:70b-8k - INFO - Raw Response: final response = [
        [1, 1, 1, 1, 0, 1, 0],
        [1, 1, 1, 1, 0, 1, 0],
        [1, 1, 1, 1, 0, 1, 0],
        [1, 1, 1, 1, 1, 1, 0],
        [0, 0, 0, 1, 1, 1, 0],
        [1, 1, 1, 1, 1, 1, 0],
        [0, 0, 0, 0, 0, 0, 1]
    ]
2025-02-14 20:43:10,126 - DSM_MultiModelExp_llm_rag_ollama:llama3.3:70b-8k - INFO - Query: 
    Please identify system-level proximity relationships (in contact) between the components of Power Screwdriver, as listed below, and represent them in a Design Structure Matrix (DSM) format.  
    The relationships should be articulated in plain English, capturing the essence of their interactions. 
    Here is the list of subsystems/components to analyze: ['Bit', 'Transmission', 'Motor', 'Electrical System', 'Battery Holder', 'Housing', 'External Environment'] 
    The DSM should clearly indicate the interactions between these components as 1 exist and 0 does not exist, considering both the presence and nature of these connections.         
    Present the output in a square matrix format (number of rows and columns MUST be the same as the number of components = 7 for this example), with rows and columns labeled accordingly. 
    Diagonal elements should be 1 in DSM matrix since each component interacts with itself. 
    If you don't know the answer, just write 2 for the specific cell that you are unsure of. A worst case scenario of the **as a list of lists** shown below (diagonal elements are 1 and rest are 2). Don't make up an answer.     final response = [
        [1, 2, 2, 2, 2, 2, 2],
        [2, 1, 2, 2, 2, 2, 2],
        [2, 2, 1, 2, 2, 2, 2],
        [2, 2, 2, 1, 2, 2, 2],
        [2, 2, 2, 2, 1, 2, 2],
        [2, 2, 2, 2, 2, 1, 2],
        [2, 2, 2, 2, 2, 2, 1]
    ]

    IMPORTANT: Your response must **ONLY** contain a valid **as a list of lists** in the following example format 7x7 matrix.     
    The below list of lists is just an example format of your response. **Replace** the values with your **actual analysis** while providing your response with parameter of 'final response'.    
    final response = [
        [1, 0, 0, 0, 0, 0, 0],
        [0, 1, 0, 0, 0, 0, 0],
        [0, 0, 1, 0, 0, 0, 0],
        [0, 0, 0, 1, 0, 0, 0],
        [0, 0, 0, 0, 1, 0, 0],
        [0, 0, 0, 0, 0, 1, 0],
        [0, 0, 0, 0, 0, 0, 1]
    ]

    IMPORTANT: THE FORMAT OF THE OUTPUT MUST BE AS LIST OF LISTS ONLY SIMILAR TO THE ONE ABOVE (NO LATEX, CODE, OR OTHER ENCODINGS).
    
2025-02-14 20:43:10,127 - DSM_MultiModelExp_llm_rag_ollama:llama3.3:70b-8k - INFO - Response: final response = [
        [1, 1, 1, 1, 0, 1, 0],
        [1, 1, 1, 1, 0, 1, 0],
        [1, 1, 1, 1, 0, 1, 0],
        [1, 1, 1, 1, 1, 1, 0],
        [0, 0, 0, 1, 1, 1, 0],
        [1, 1, 1, 1, 1, 1, 0],
        [0, 0, 0, 0, 0, 0, 1]
    ]
2025-02-14 20:43:10,128 - DSM_MultiModelExp_llm_rag_ollama:llama3.3:70b-8k - INFO - Matrix from response.
2025-02-14 20:43:10,129 - DSM_MultiModelExp_llm_rag_ollama:llama3.3:70b-8k - INFO - At run 3/5
2025-02-14 20:43:10,129 - DSM_MultiModelExp_llm_rag_ollama:llama3.3:70b-8k - INFO - Matrix: [[1, 1, 1, 1, 0, 1, 0], [1, 1, 1, 1, 0, 1, 0], [1, 1, 1, 1, 0, 1, 0], [1, 1, 1, 1, 1, 1, 0], [0, 0, 0, 1, 1, 1, 0], [1, 1, 1, 1, 1, 1, 0], [0, 0, 0, 0, 0, 0, 1]]
2025-02-14 20:43:10,130 - DSM_MultiModelExp_llm_rag_ollama:llama3.3:70b-8k - INFO - --------------------------------------------------
2025-02-14 20:43:20,141 - DSM_MultiModelExp_llm_rag_ollama:llama3.3:70b-8k - INFO - Run 4/5
2025-02-14 20:43:20,177 - DSM_MultiModelExp_llm_rag_ollama:llama3.3:70b-8k - INFO - DEBUG: Initializing RAGInference.
2025-02-14 20:43:20,178 - DSM_MultiModelExp_llm_rag_ollama:llama3.3:70b-8k - INFO - Using R-type: ['R3']
2025-02-14 20:43:20,196 - DSM_MultiModelExp_llm_rag_ollama:llama3.3:70b-8k - INFO - Using embedding model: text-embedding-3-small
2025-02-14 20:43:20,231 - DSM_MultiModelExp_llm_rag_ollama:llama3.3:70b-8k - INFO - VectorStoreManager initialized
2025-02-14 20:43:20,233 - DSM_MultiModelExp_llm_rag_ollama:llama3.3:70b-8k - INFO - Set database path to: xLM_DSM/data/vectorstore/PowerDrill/llm_rag/text-embedding-3-small
2025-02-14 20:43:20,243 - DSM_MultiModelExp_llm_rag_ollama:llama3.3:70b-8k - INFO - Collection count: 2855
2025-02-14 20:43:20,248 - DSM_MultiModelExp_llm_rag_ollama:llama3.3:70b-8k - INFO - Initialized RAG inference for system: PowerDrill
2025-02-14 20:43:20,248 - DSM_MultiModelExp_llm_rag_ollama:llama3.3:70b-8k - INFO - Initialized DSM for system: PowerDrill
2025-02-14 20:43:20,249 - DSM_MultiModelExp_llm_rag_ollama:llama3.3:70b-8k - INFO - Inference model: ollama:llama3.3:70b-8k
2025-02-14 20:43:34,378 - DSM_MultiModelExp_llm_rag_ollama:llama3.3:70b-8k - INFO - Number of documents retrieved: 5
2025-02-14 20:43:34,379 - DSM_MultiModelExp_llm_rag_ollama:llama3.3:70b-8k - INFO - Documents used for this query:
2025-02-14 20:43:34,380 - DSM_MultiModelExp_llm_rag_ollama:llama3.3:70b-8k - INFO - File: ../data/use_cases_large/PowerDrill/reference_pdfs/R3_combined.pdf
2025-02-14 20:43:34,381 - DSM_MultiModelExp_llm_rag_ollama:llama3.3:70b-8k - INFO - Page: 901
2025-02-14 20:43:34,381 - DSM_MultiModelExp_llm_rag_ollama:llama3.3:70b-8k - INFO - Content: Table of contents
Page
Introduction 4
How you will be assessed 5
Glossary of terms 6
Health and safety 8
Classification 13
Power sources 14
Portable electric drills 17
Cordless power tools 19
Drill at ...
2025-02-14 20:43:34,382 - DSM_MultiModelExp_llm_rag_ollama:llama3.3:70b-8k - INFO - File: ../data/use_cases_large/PowerDrill/reference_pdfs/R3_combined.pdf
2025-02-14 20:43:34,382 - DSM_MultiModelExp_llm_rag_ollama:llama3.3:70b-8k - INFO - Page: 903
2025-02-14 20:43:34,383 - DSM_MultiModelExp_llm_rag_ollama:llama3.3:70b-8k - INFO - Content: Theory requirements of this unit standard are assessed by you completing a 
Knowledge Assessment Sheet.
Your teacher/tutor might give you a work diary to help you record how you 
make your projects.   ...
2025-02-14 20:43:34,384 - DSM_MultiModelExp_llm_rag_ollama:llama3.3:70b-8k - INFO - File: ../data/use_cases_large/PowerDrill/reference_pdfs/R3_combined.pdf
2025-02-14 20:43:34,384 - DSM_MultiModelExp_llm_rag_ollama:llama3.3:70b-8k - INFO - Page: 903
2025-02-14 20:43:34,385 - DSM_MultiModelExp_llm_rag_ollama:llama3.3:70b-8k - INFO - Content: You will be assessed through a combination of practical and written work. 
To achieve this unit standard, you need to complete two BCATS projects where 
you can identify, describe, select, and safely  ...
2025-02-14 20:43:34,385 - DSM_MultiModelExp_llm_rag_ollama:llama3.3:70b-8k - INFO - File: ../data/use_cases_large/PowerDrill/reference_pdfs/R3_combined.pdf
2025-02-14 20:43:34,386 - DSM_MultiModelExp_llm_rag_ollama:llama3.3:70b-8k - INFO - Page: 911
2025-02-14 20:43:34,386 - DSM_MultiModelExp_llm_rag_ollama:llama3.3:70b-8k - INFO - Content: Classification
Power tools can be classified according to their purpose. Some power tools 
will be used across a wide variety of projects. Others are specialist tools used 
for one or very few tasks,  ...
2025-02-14 20:43:34,387 - DSM_MultiModelExp_llm_rag_ollama:llama3.3:70b-8k - INFO - File: ../data/use_cases_large/PowerDrill/reference_pdfs/R3_combined.pdf
2025-02-14 20:43:34,388 - DSM_MultiModelExp_llm_rag_ollama:llama3.3:70b-8k - INFO - Page: 858
2025-02-14 20:43:34,388 - DSM_MultiModelExp_llm_rag_ollama:llama3.3:70b-8k - INFO - Content: 9
drills
LET'S SEE, WHERE TO START with the most popular power tool
sold today? As a woodworker you probably own at least one corded
and one cordless drill. Most woodworkers I know have more than one
 ...
2025-02-14 20:43:34,388 - DSM_MultiModelExp_llm_rag_ollama:llama3.3:70b-8k - INFO - Raw Response: final response = [
        [1, 1, 1, 1, 0, 1, 0],
        [1, 1, 1, 1, 0, 1, 0],
        [1, 1, 1, 1, 0, 1, 0],
        [1, 1, 1, 1, 1, 1, 0],
        [0, 0, 0, 1, 1, 1, 0],
        [1, 1, 1, 1, 1, 1, 0],
        [0, 0, 0, 0, 0, 0, 1]
    ]
2025-02-14 20:43:34,389 - DSM_MultiModelExp_llm_rag_ollama:llama3.3:70b-8k - INFO - Query: 
    Please identify system-level proximity relationships (in contact) between the components of Power Screwdriver, as listed below, and represent them in a Design Structure Matrix (DSM) format.  
    The relationships should be articulated in plain English, capturing the essence of their interactions. 
    Here is the list of subsystems/components to analyze: ['Bit', 'Transmission', 'Motor', 'Electrical System', 'Battery Holder', 'Housing', 'External Environment'] 
    The DSM should clearly indicate the interactions between these components as 1 exist and 0 does not exist, considering both the presence and nature of these connections.         
    Present the output in a square matrix format (number of rows and columns MUST be the same as the number of components = 7 for this example), with rows and columns labeled accordingly. 
    Diagonal elements should be 1 in DSM matrix since each component interacts with itself. 
    If you don't know the answer, just write 2 for the specific cell that you are unsure of. A worst case scenario of the **as a list of lists** shown below (diagonal elements are 1 and rest are 2). Don't make up an answer.     final response = [
        [1, 2, 2, 2, 2, 2, 2],
        [2, 1, 2, 2, 2, 2, 2],
        [2, 2, 1, 2, 2, 2, 2],
        [2, 2, 2, 1, 2, 2, 2],
        [2, 2, 2, 2, 1, 2, 2],
        [2, 2, 2, 2, 2, 1, 2],
        [2, 2, 2, 2, 2, 2, 1]
    ]

    IMPORTANT: Your response must **ONLY** contain a valid **as a list of lists** in the following example format 7x7 matrix.     
    The below list of lists is just an example format of your response. **Replace** the values with your **actual analysis** while providing your response with parameter of 'final response'.    
    final response = [
        [1, 0, 0, 0, 0, 0, 0],
        [0, 1, 0, 0, 0, 0, 0],
        [0, 0, 1, 0, 0, 0, 0],
        [0, 0, 0, 1, 0, 0, 0],
        [0, 0, 0, 0, 1, 0, 0],
        [0, 0, 0, 0, 0, 1, 0],
        [0, 0, 0, 0, 0, 0, 1]
    ]

    IMPORTANT: THE FORMAT OF THE OUTPUT MUST BE AS LIST OF LISTS ONLY SIMILAR TO THE ONE ABOVE (NO LATEX, CODE, OR OTHER ENCODINGS).
    
2025-02-14 20:43:34,390 - DSM_MultiModelExp_llm_rag_ollama:llama3.3:70b-8k - INFO - Response: final response = [
        [1, 1, 1, 1, 0, 1, 0],
        [1, 1, 1, 1, 0, 1, 0],
        [1, 1, 1, 1, 0, 1, 0],
        [1, 1, 1, 1, 1, 1, 0],
        [0, 0, 0, 1, 1, 1, 0],
        [1, 1, 1, 1, 1, 1, 0],
        [0, 0, 0, 0, 0, 0, 1]
    ]
2025-02-14 20:43:34,390 - DSM_MultiModelExp_llm_rag_ollama:llama3.3:70b-8k - INFO - Matrix from response.
2025-02-14 20:43:34,391 - DSM_MultiModelExp_llm_rag_ollama:llama3.3:70b-8k - INFO - At run 4/5
2025-02-14 20:43:34,391 - DSM_MultiModelExp_llm_rag_ollama:llama3.3:70b-8k - INFO - Matrix: [[1, 1, 1, 1, 0, 1, 0], [1, 1, 1, 1, 0, 1, 0], [1, 1, 1, 1, 0, 1, 0], [1, 1, 1, 1, 1, 1, 0], [0, 0, 0, 1, 1, 1, 0], [1, 1, 1, 1, 1, 1, 0], [0, 0, 0, 0, 0, 0, 1]]
2025-02-14 20:43:34,392 - DSM_MultiModelExp_llm_rag_ollama:llama3.3:70b-8k - INFO - --------------------------------------------------
2025-02-14 20:43:44,403 - DSM_MultiModelExp_llm_rag_ollama:llama3.3:70b-8k - INFO - Run 5/5
2025-02-14 20:43:44,422 - DSM_MultiModelExp_llm_rag_ollama:llama3.3:70b-8k - INFO - DEBUG: Initializing RAGInference.
2025-02-14 20:43:44,423 - DSM_MultiModelExp_llm_rag_ollama:llama3.3:70b-8k - INFO - Using R-type: ['R3']
2025-02-14 20:43:44,424 - DSM_MultiModelExp_llm_rag_ollama:llama3.3:70b-8k - INFO - Using embedding model: text-embedding-3-small
2025-02-14 20:43:44,441 - DSM_MultiModelExp_llm_rag_ollama:llama3.3:70b-8k - INFO - VectorStoreManager initialized
2025-02-14 20:43:44,442 - DSM_MultiModelExp_llm_rag_ollama:llama3.3:70b-8k - INFO - Set database path to: xLM_DSM/data/vectorstore/PowerDrill/llm_rag/text-embedding-3-small
2025-02-14 20:43:44,448 - DSM_MultiModelExp_llm_rag_ollama:llama3.3:70b-8k - INFO - Collection count: 2855
2025-02-14 20:43:44,450 - DSM_MultiModelExp_llm_rag_ollama:llama3.3:70b-8k - INFO - Initialized RAG inference for system: PowerDrill
2025-02-14 20:43:44,451 - DSM_MultiModelExp_llm_rag_ollama:llama3.3:70b-8k - INFO - Initialized DSM for system: PowerDrill
2025-02-14 20:43:44,452 - DSM_MultiModelExp_llm_rag_ollama:llama3.3:70b-8k - INFO - Inference model: ollama:llama3.3:70b-8k
2025-02-14 20:43:58,692 - DSM_MultiModelExp_llm_rag_ollama:llama3.3:70b-8k - INFO - Number of documents retrieved: 5
2025-02-14 20:43:58,693 - DSM_MultiModelExp_llm_rag_ollama:llama3.3:70b-8k - INFO - Documents used for this query:
2025-02-14 20:43:58,694 - DSM_MultiModelExp_llm_rag_ollama:llama3.3:70b-8k - INFO - File: ../data/use_cases_large/PowerDrill/reference_pdfs/R3_combined.pdf
2025-02-14 20:43:58,695 - DSM_MultiModelExp_llm_rag_ollama:llama3.3:70b-8k - INFO - Page: 901
2025-02-14 20:43:58,695 - DSM_MultiModelExp_llm_rag_ollama:llama3.3:70b-8k - INFO - Content: Table of contents
Page
Introduction 4
How you will be assessed 5
Glossary of terms 6
Health and safety 8
Classification 13
Power sources 14
Portable electric drills 17
Cordless power tools 19
Drill at ...
2025-02-14 20:43:58,697 - DSM_MultiModelExp_llm_rag_ollama:llama3.3:70b-8k - INFO - File: ../data/use_cases_large/PowerDrill/reference_pdfs/R3_combined.pdf
2025-02-14 20:43:58,698 - DSM_MultiModelExp_llm_rag_ollama:llama3.3:70b-8k - INFO - Page: 903
2025-02-14 20:43:58,699 - DSM_MultiModelExp_llm_rag_ollama:llama3.3:70b-8k - INFO - Content: Theory requirements of this unit standard are assessed by you completing a 
Knowledge Assessment Sheet.
Your teacher/tutor might give you a work diary to help you record how you 
make your projects.   ...
2025-02-14 20:43:58,700 - DSM_MultiModelExp_llm_rag_ollama:llama3.3:70b-8k - INFO - File: ../data/use_cases_large/PowerDrill/reference_pdfs/R3_combined.pdf
2025-02-14 20:43:58,701 - DSM_MultiModelExp_llm_rag_ollama:llama3.3:70b-8k - INFO - Page: 903
2025-02-14 20:43:58,702 - DSM_MultiModelExp_llm_rag_ollama:llama3.3:70b-8k - INFO - Content: You will be assessed through a combination of practical and written work. 
To achieve this unit standard, you need to complete two BCATS projects where 
you can identify, describe, select, and safely  ...
2025-02-14 20:43:58,702 - DSM_MultiModelExp_llm_rag_ollama:llama3.3:70b-8k - INFO - File: ../data/use_cases_large/PowerDrill/reference_pdfs/R3_combined.pdf
2025-02-14 20:43:58,703 - DSM_MultiModelExp_llm_rag_ollama:llama3.3:70b-8k - INFO - Page: 911
2025-02-14 20:43:58,704 - DSM_MultiModelExp_llm_rag_ollama:llama3.3:70b-8k - INFO - Content: Classification
Power tools can be classified according to their purpose. Some power tools 
will be used across a wide variety of projects. Others are specialist tools used 
for one or very few tasks,  ...
2025-02-14 20:43:58,705 - DSM_MultiModelExp_llm_rag_ollama:llama3.3:70b-8k - INFO - File: ../data/use_cases_large/PowerDrill/reference_pdfs/R3_combined.pdf
2025-02-14 20:43:58,706 - DSM_MultiModelExp_llm_rag_ollama:llama3.3:70b-8k - INFO - Page: 858
2025-02-14 20:43:58,707 - DSM_MultiModelExp_llm_rag_ollama:llama3.3:70b-8k - INFO - Content: 9
drills
LET'S SEE, WHERE TO START with the most popular power tool
sold today? As a woodworker you probably own at least one corded
and one cordless drill. Most woodworkers I know have more than one
 ...
2025-02-14 20:43:58,708 - DSM_MultiModelExp_llm_rag_ollama:llama3.3:70b-8k - INFO - Raw Response: final response = [
        [1, 1, 1, 1, 0, 1, 0],
        [1, 1, 1, 1, 0, 1, 0],
        [1, 1, 1, 1, 0, 1, 0],
        [1, 1, 1, 1, 1, 1, 0],
        [0, 0, 0, 1, 1, 1, 0],
        [1, 1, 1, 1, 1, 1, 0],
        [0, 0, 0, 0, 0, 0, 1]
    ]
2025-02-14 20:43:58,708 - DSM_MultiModelExp_llm_rag_ollama:llama3.3:70b-8k - INFO - Query: 
    Please identify system-level proximity relationships (in contact) between the components of Power Screwdriver, as listed below, and represent them in a Design Structure Matrix (DSM) format.  
    The relationships should be articulated in plain English, capturing the essence of their interactions. 
    Here is the list of subsystems/components to analyze: ['Bit', 'Transmission', 'Motor', 'Electrical System', 'Battery Holder', 'Housing', 'External Environment'] 
    The DSM should clearly indicate the interactions between these components as 1 exist and 0 does not exist, considering both the presence and nature of these connections.         
    Present the output in a square matrix format (number of rows and columns MUST be the same as the number of components = 7 for this example), with rows and columns labeled accordingly. 
    Diagonal elements should be 1 in DSM matrix since each component interacts with itself. 
    If you don't know the answer, just write 2 for the specific cell that you are unsure of. A worst case scenario of the **as a list of lists** shown below (diagonal elements are 1 and rest are 2). Don't make up an answer.     final response = [
        [1, 2, 2, 2, 2, 2, 2],
        [2, 1, 2, 2, 2, 2, 2],
        [2, 2, 1, 2, 2, 2, 2],
        [2, 2, 2, 1, 2, 2, 2],
        [2, 2, 2, 2, 1, 2, 2],
        [2, 2, 2, 2, 2, 1, 2],
        [2, 2, 2, 2, 2, 2, 1]
    ]

    IMPORTANT: Your response must **ONLY** contain a valid **as a list of lists** in the following example format 7x7 matrix.     
    The below list of lists is just an example format of your response. **Replace** the values with your **actual analysis** while providing your response with parameter of 'final response'.    
    final response = [
        [1, 0, 0, 0, 0, 0, 0],
        [0, 1, 0, 0, 0, 0, 0],
        [0, 0, 1, 0, 0, 0, 0],
        [0, 0, 0, 1, 0, 0, 0],
        [0, 0, 0, 0, 1, 0, 0],
        [0, 0, 0, 0, 0, 1, 0],
        [0, 0, 0, 0, 0, 0, 1]
    ]

    IMPORTANT: THE FORMAT OF THE OUTPUT MUST BE AS LIST OF LISTS ONLY SIMILAR TO THE ONE ABOVE (NO LATEX, CODE, OR OTHER ENCODINGS).
    
2025-02-14 20:43:58,709 - DSM_MultiModelExp_llm_rag_ollama:llama3.3:70b-8k - INFO - Response: final response = [
        [1, 1, 1, 1, 0, 1, 0],
        [1, 1, 1, 1, 0, 1, 0],
        [1, 1, 1, 1, 0, 1, 0],
        [1, 1, 1, 1, 1, 1, 0],
        [0, 0, 0, 1, 1, 1, 0],
        [1, 1, 1, 1, 1, 1, 0],
        [0, 0, 0, 0, 0, 0, 1]
    ]
2025-02-14 20:43:58,710 - DSM_MultiModelExp_llm_rag_ollama:llama3.3:70b-8k - INFO - Matrix from response.
2025-02-14 20:43:58,711 - DSM_MultiModelExp_llm_rag_ollama:llama3.3:70b-8k - INFO - At run 5/5
2025-02-14 20:43:58,712 - DSM_MultiModelExp_llm_rag_ollama:llama3.3:70b-8k - INFO - Matrix: [[1, 1, 1, 1, 0, 1, 0], [1, 1, 1, 1, 0, 1, 0], [1, 1, 1, 1, 0, 1, 0], [1, 1, 1, 1, 1, 1, 0], [0, 0, 0, 1, 1, 1, 0], [1, 1, 1, 1, 1, 1, 0], [0, 0, 0, 0, 0, 0, 1]]
2025-02-14 20:43:58,713 - DSM_MultiModelExp_llm_rag_ollama:llama3.3:70b-8k - INFO - --------------------------------------------------
2025-02-14 20:44:08,724 - DSM_MultiModelExp_llm_rag_ollama:llama3.3:70b-8k - INFO - Duration of reference combination {'R3': [{'path': '../data/use_cases_large/PowerDrill/reference_pdfs/R3_combined.pdf'}]}: 0:02:04.810494
2025-02-14 20:44:08,725 - DSM_MultiModelExp_llm_rag_ollama:llama3.3:70b-8k - INFO - ++++++++++++++++++++++++++++++++++++++++++++++++++++++++++++++++++++++++++++++++++++++++++++++++++++
2025-02-14 20:44:08,726 - DSM_MultiModelExp_llm_rag_ollama:llama3.3:70b-8k - INFO - Run 1/5
2025-02-14 20:44:08,762 - DSM_MultiModelExp_llm_rag_ollama:llama3.3:70b-8k - INFO - DEBUG: Initializing RAGInference.
2025-02-14 20:44:08,762 - DSM_MultiModelExp_llm_rag_ollama:llama3.3:70b-8k - INFO - Using R-type: ['R1', 'R2']
2025-02-14 20:44:08,763 - DSM_MultiModelExp_llm_rag_ollama:llama3.3:70b-8k - INFO - Using embedding model: text-embedding-3-small
2025-02-14 20:44:08,798 - DSM_MultiModelExp_llm_rag_ollama:llama3.3:70b-8k - INFO - VectorStoreManager initialized
2025-02-14 20:44:08,799 - DSM_MultiModelExp_llm_rag_ollama:llama3.3:70b-8k - INFO - Set database path to: xLM_DSM/data/vectorstore/PowerDrill/llm_rag/text-embedding-3-small
2025-02-14 20:44:08,807 - DSM_MultiModelExp_llm_rag_ollama:llama3.3:70b-8k - INFO - Collection count: 2855
2025-02-14 20:44:08,810 - DSM_MultiModelExp_llm_rag_ollama:llama3.3:70b-8k - INFO - Initialized RAG inference for system: PowerDrill
2025-02-14 20:44:08,811 - DSM_MultiModelExp_llm_rag_ollama:llama3.3:70b-8k - INFO - Initialized DSM for system: PowerDrill
2025-02-14 20:44:08,812 - DSM_MultiModelExp_llm_rag_ollama:llama3.3:70b-8k - INFO - Inference model: ollama:llama3.3:70b-8k
2025-02-14 20:44:27,082 - DSM_MultiModelExp_llm_rag_ollama:llama3.3:70b-8k - INFO - Number of documents retrieved: 5
2025-02-14 20:44:27,083 - DSM_MultiModelExp_llm_rag_ollama:llama3.3:70b-8k - INFO - Documents used for this query:
2025-02-14 20:44:27,084 - DSM_MultiModelExp_llm_rag_ollama:llama3.3:70b-8k - INFO - File: ../data/use_cases_large/PowerDrill/reference_pdfs/R1_combined.pdf
2025-02-14 20:44:27,085 - DSM_MultiModelExp_llm_rag_ollama:llama3.3:70b-8k - INFO - Page: 34
2025-02-14 20:44:27,085 - DSM_MultiModelExp_llm_rag_ollama:llama3.3:70b-8k - INFO - Content: power	
  screwdriver	
   158	
  5.9	
   (a)	
  –	
  (c)	
  binary	
  adjacency	
  matrices	
  and	
  spy	
  plots	
  for	
  screwdrivers	
   159	
  5.10	
   Sample	
  distribution	
  for	
  a	
  screw ...
2025-02-14 20:44:27,087 - DSM_MultiModelExp_llm_rag_ollama:llama3.3:70b-8k - INFO - File: ../data/use_cases_large/PowerDrill/reference_pdfs/R1_combined.pdf
2025-02-14 20:44:27,087 - DSM_MultiModelExp_llm_rag_ollama:llama3.3:70b-8k - INFO - Page: 1
2025-02-14 20:44:27,088 - DSM_MultiModelExp_llm_rag_ollama:llama3.3:70b-8k - INFO - Content: A component DSM is used to capture and represent the interactions between elements of a system
(Warﬁeld 1973, Steward 1981, Browning 2001). An element may represent a single component,
an assembly of  ...
2025-02-14 20:44:27,089 - DSM_MultiModelExp_llm_rag_ollama:llama3.3:70b-8k - INFO - File: ../data/use_cases_large/PowerDrill/reference_pdfs/R1_combined.pdf
2025-02-14 20:44:27,090 - DSM_MultiModelExp_llm_rag_ollama:llama3.3:70b-8k - INFO - Page: 181
2025-02-14 20:44:27,090 - DSM_MultiModelExp_llm_rag_ollama:llama3.3:70b-8k - INFO - Content: Fig.	
  5.8:	
  Components	
  of	
  the	
  Black	
  &	
  Decker	
  alkaline	
  screwdriver	
  [Tilstra,	
  2010].	
  	
   The	
   developed	
   Product	
   Design	
   Structure	
   Matrices	
   (DSM)	 ...
2025-02-14 20:44:27,091 - DSM_MultiModelExp_llm_rag_ollama:llama3.3:70b-8k - INFO - File: ../data/use_cases_large/PowerDrill/reference_pdfs/R1_combined.pdf
2025-02-14 20:44:27,091 - DSM_MultiModelExp_llm_rag_ollama:llama3.3:70b-8k - INFO - Page: 11
2025-02-14 20:44:27,092 - DSM_MultiModelExp_llm_rag_ollama:llama3.3:70b-8k - INFO - Content: with the external surroundings:
(1) Bit.
(2) Transmission.
(3) Motor.
(4) Electrical system.
(5) Battery holder.
(6) Housing.
(7) External.
The BOM created during disassembly indicated a total quantit ...
2025-02-14 20:44:27,092 - DSM_MultiModelExp_llm_rag_ollama:llama3.3:70b-8k - INFO - File: ../data/use_cases_large/PowerDrill/reference_pdfs/R1_combined.pdf
2025-02-14 20:44:27,093 - DSM_MultiModelExp_llm_rag_ollama:llama3.3:70b-8k - INFO - Page: 34
2025-02-14 20:44:27,094 - DSM_MultiModelExp_llm_rag_ollama:llama3.3:70b-8k - INFO - Content: 4.5	
   Plot	
  of	
  structural	
  complexity	
  and	
  average	
  model	
  build	
  time	
   136	
  4.6	
   Aggregate	
  level	
  statistical	
  model	
  using	
  individual	
  level	
  data	
   141 ...
2025-02-14 20:44:27,095 - DSM_MultiModelExp_llm_rag_ollama:llama3.3:70b-8k - INFO - Raw Response: final response = [
        [1, 1, 1, 1, 0, 1, 0],
        [1, 1, 1, 0, 0, 0, 0],
        [1, 1, 1, 1, 0, 1, 0],
        [1, 0, 1, 1, 1, 1, 0],
        [0, 0, 0, 1, 1, 1, 0],
        [1, 0, 1, 1, 1, 1, 0],
        [0, 0, 0, 0, 0, 0, 1]
    ]
2025-02-14 20:44:27,096 - DSM_MultiModelExp_llm_rag_ollama:llama3.3:70b-8k - INFO - Query: 
    Please identify system-level proximity relationships (in contact) between the components of Power Screwdriver, as listed below, and represent them in a Design Structure Matrix (DSM) format.  
    The relationships should be articulated in plain English, capturing the essence of their interactions. 
    Here is the list of subsystems/components to analyze: ['Bit', 'Transmission', 'Motor', 'Electrical System', 'Battery Holder', 'Housing', 'External Environment'] 
    The DSM should clearly indicate the interactions between these components as 1 exist and 0 does not exist, considering both the presence and nature of these connections.         
    Present the output in a square matrix format (number of rows and columns MUST be the same as the number of components = 7 for this example), with rows and columns labeled accordingly. 
    Diagonal elements should be 1 in DSM matrix since each component interacts with itself. 
    If you don't know the answer, just write 2 for the specific cell that you are unsure of. A worst case scenario of the **as a list of lists** shown below (diagonal elements are 1 and rest are 2). Don't make up an answer.     final response = [
        [1, 2, 2, 2, 2, 2, 2],
        [2, 1, 2, 2, 2, 2, 2],
        [2, 2, 1, 2, 2, 2, 2],
        [2, 2, 2, 1, 2, 2, 2],
        [2, 2, 2, 2, 1, 2, 2],
        [2, 2, 2, 2, 2, 1, 2],
        [2, 2, 2, 2, 2, 2, 1]
    ]

    IMPORTANT: Your response must **ONLY** contain a valid **as a list of lists** in the following example format 7x7 matrix.     
    The below list of lists is just an example format of your response. **Replace** the values with your **actual analysis** while providing your response with parameter of 'final response'.    
    final response = [
        [1, 0, 0, 0, 0, 0, 0],
        [0, 1, 0, 0, 0, 0, 0],
        [0, 0, 1, 0, 0, 0, 0],
        [0, 0, 0, 1, 0, 0, 0],
        [0, 0, 0, 0, 1, 0, 0],
        [0, 0, 0, 0, 0, 1, 0],
        [0, 0, 0, 0, 0, 0, 1]
    ]

    IMPORTANT: THE FORMAT OF THE OUTPUT MUST BE AS LIST OF LISTS ONLY SIMILAR TO THE ONE ABOVE (NO LATEX, CODE, OR OTHER ENCODINGS).
    
2025-02-14 20:44:27,097 - DSM_MultiModelExp_llm_rag_ollama:llama3.3:70b-8k - INFO - Response: final response = [
        [1, 1, 1, 1, 0, 1, 0],
        [1, 1, 1, 0, 0, 0, 0],
        [1, 1, 1, 1, 0, 1, 0],
        [1, 0, 1, 1, 1, 1, 0],
        [0, 0, 0, 1, 1, 1, 0],
        [1, 0, 1, 1, 1, 1, 0],
        [0, 0, 0, 0, 0, 0, 1]
    ]
2025-02-14 20:44:27,097 - DSM_MultiModelExp_llm_rag_ollama:llama3.3:70b-8k - INFO - Matrix from response.
2025-02-14 20:44:27,098 - DSM_MultiModelExp_llm_rag_ollama:llama3.3:70b-8k - INFO - At run 1/5
2025-02-14 20:44:27,099 - DSM_MultiModelExp_llm_rag_ollama:llama3.3:70b-8k - INFO - Matrix: [[1, 1, 1, 1, 0, 1, 0], [1, 1, 1, 0, 0, 0, 0], [1, 1, 1, 1, 0, 1, 0], [1, 0, 1, 1, 1, 1, 0], [0, 0, 0, 1, 1, 1, 0], [1, 0, 1, 1, 1, 1, 0], [0, 0, 0, 0, 0, 0, 1]]
2025-02-14 20:44:27,099 - DSM_MultiModelExp_llm_rag_ollama:llama3.3:70b-8k - INFO - --------------------------------------------------
2025-02-14 20:44:37,110 - DSM_MultiModelExp_llm_rag_ollama:llama3.3:70b-8k - INFO - Run 2/5
2025-02-14 20:44:37,146 - DSM_MultiModelExp_llm_rag_ollama:llama3.3:70b-8k - INFO - DEBUG: Initializing RAGInference.
2025-02-14 20:44:37,147 - DSM_MultiModelExp_llm_rag_ollama:llama3.3:70b-8k - INFO - Using R-type: ['R1', 'R2']
2025-02-14 20:44:37,147 - DSM_MultiModelExp_llm_rag_ollama:llama3.3:70b-8k - INFO - Using embedding model: text-embedding-3-small
2025-02-14 20:44:37,182 - DSM_MultiModelExp_llm_rag_ollama:llama3.3:70b-8k - INFO - VectorStoreManager initialized
2025-02-14 20:44:37,183 - DSM_MultiModelExp_llm_rag_ollama:llama3.3:70b-8k - INFO - Set database path to: xLM_DSM/data/vectorstore/PowerDrill/llm_rag/text-embedding-3-small
2025-02-14 20:44:37,192 - DSM_MultiModelExp_llm_rag_ollama:llama3.3:70b-8k - INFO - Collection count: 2855
2025-02-14 20:44:37,195 - DSM_MultiModelExp_llm_rag_ollama:llama3.3:70b-8k - INFO - Initialized RAG inference for system: PowerDrill
2025-02-14 20:44:37,196 - DSM_MultiModelExp_llm_rag_ollama:llama3.3:70b-8k - INFO - Initialized DSM for system: PowerDrill
2025-02-14 20:44:37,197 - DSM_MultiModelExp_llm_rag_ollama:llama3.3:70b-8k - INFO - Inference model: ollama:llama3.3:70b-8k
2025-02-14 20:44:52,965 - DSM_MultiModelExp_llm_rag_ollama:llama3.3:70b-8k - INFO - Number of documents retrieved: 5
2025-02-14 20:44:52,966 - DSM_MultiModelExp_llm_rag_ollama:llama3.3:70b-8k - INFO - Documents used for this query:
2025-02-14 20:44:52,966 - DSM_MultiModelExp_llm_rag_ollama:llama3.3:70b-8k - INFO - File: ../data/use_cases_large/PowerDrill/reference_pdfs/R1_combined.pdf
2025-02-14 20:44:52,967 - DSM_MultiModelExp_llm_rag_ollama:llama3.3:70b-8k - INFO - Page: 34
2025-02-14 20:44:52,968 - DSM_MultiModelExp_llm_rag_ollama:llama3.3:70b-8k - INFO - Content: power	
  screwdriver	
   158	
  5.9	
   (a)	
  –	
  (c)	
  binary	
  adjacency	
  matrices	
  and	
  spy	
  plots	
  for	
  screwdrivers	
   159	
  5.10	
   Sample	
  distribution	
  for	
  a	
  screw ...
2025-02-14 20:44:52,969 - DSM_MultiModelExp_llm_rag_ollama:llama3.3:70b-8k - INFO - File: ../data/use_cases_large/PowerDrill/reference_pdfs/R1_combined.pdf
2025-02-14 20:44:52,970 - DSM_MultiModelExp_llm_rag_ollama:llama3.3:70b-8k - INFO - Page: 1
2025-02-14 20:44:52,971 - DSM_MultiModelExp_llm_rag_ollama:llama3.3:70b-8k - INFO - Content: A component DSM is used to capture and represent the interactions between elements of a system
(Warﬁeld 1973, Steward 1981, Browning 2001). An element may represent a single component,
an assembly of  ...
2025-02-14 20:44:52,972 - DSM_MultiModelExp_llm_rag_ollama:llama3.3:70b-8k - INFO - File: ../data/use_cases_large/PowerDrill/reference_pdfs/R1_combined.pdf
2025-02-14 20:44:52,973 - DSM_MultiModelExp_llm_rag_ollama:llama3.3:70b-8k - INFO - Page: 181
2025-02-14 20:44:52,974 - DSM_MultiModelExp_llm_rag_ollama:llama3.3:70b-8k - INFO - Content: Fig.	
  5.8:	
  Components	
  of	
  the	
  Black	
  &	
  Decker	
  alkaline	
  screwdriver	
  [Tilstra,	
  2010].	
  	
   The	
   developed	
   Product	
   Design	
   Structure	
   Matrices	
   (DSM)	 ...
2025-02-14 20:44:52,975 - DSM_MultiModelExp_llm_rag_ollama:llama3.3:70b-8k - INFO - File: ../data/use_cases_large/PowerDrill/reference_pdfs/R1_combined.pdf
2025-02-14 20:44:52,976 - DSM_MultiModelExp_llm_rag_ollama:llama3.3:70b-8k - INFO - Page: 11
2025-02-14 20:44:52,977 - DSM_MultiModelExp_llm_rag_ollama:llama3.3:70b-8k - INFO - Content: with the external surroundings:
(1) Bit.
(2) Transmission.
(3) Motor.
(4) Electrical system.
(5) Battery holder.
(6) Housing.
(7) External.
The BOM created during disassembly indicated a total quantit ...
2025-02-14 20:44:52,978 - DSM_MultiModelExp_llm_rag_ollama:llama3.3:70b-8k - INFO - File: ../data/use_cases_large/PowerDrill/reference_pdfs/R1_combined.pdf
2025-02-14 20:44:52,979 - DSM_MultiModelExp_llm_rag_ollama:llama3.3:70b-8k - INFO - Page: 34
2025-02-14 20:44:52,979 - DSM_MultiModelExp_llm_rag_ollama:llama3.3:70b-8k - INFO - Content: 4.5	
   Plot	
  of	
  structural	
  complexity	
  and	
  average	
  model	
  build	
  time	
   136	
  4.6	
   Aggregate	
  level	
  statistical	
  model	
  using	
  individual	
  level	
  data	
   141 ...
2025-02-14 20:44:52,980 - DSM_MultiModelExp_llm_rag_ollama:llama3.3:70b-8k - INFO - Raw Response: final response = [
        [1, 1, 1, 1, 0, 1, 0],
        [1, 1, 1, 0, 0, 0, 0],
        [1, 1, 1, 1, 0, 1, 0],
        [1, 0, 1, 1, 1, 1, 0],
        [0, 0, 0, 1, 1, 1, 0],
        [1, 0, 1, 1, 1, 1, 0],
        [0, 0, 0, 0, 0, 0, 1]
    ]
2025-02-14 20:44:52,981 - DSM_MultiModelExp_llm_rag_ollama:llama3.3:70b-8k - INFO - Query: 
    Please identify system-level proximity relationships (in contact) between the components of Power Screwdriver, as listed below, and represent them in a Design Structure Matrix (DSM) format.  
    The relationships should be articulated in plain English, capturing the essence of their interactions. 
    Here is the list of subsystems/components to analyze: ['Bit', 'Transmission', 'Motor', 'Electrical System', 'Battery Holder', 'Housing', 'External Environment'] 
    The DSM should clearly indicate the interactions between these components as 1 exist and 0 does not exist, considering both the presence and nature of these connections.         
    Present the output in a square matrix format (number of rows and columns MUST be the same as the number of components = 7 for this example), with rows and columns labeled accordingly. 
    Diagonal elements should be 1 in DSM matrix since each component interacts with itself. 
    If you don't know the answer, just write 2 for the specific cell that you are unsure of. A worst case scenario of the **as a list of lists** shown below (diagonal elements are 1 and rest are 2). Don't make up an answer.     final response = [
        [1, 2, 2, 2, 2, 2, 2],
        [2, 1, 2, 2, 2, 2, 2],
        [2, 2, 1, 2, 2, 2, 2],
        [2, 2, 2, 1, 2, 2, 2],
        [2, 2, 2, 2, 1, 2, 2],
        [2, 2, 2, 2, 2, 1, 2],
        [2, 2, 2, 2, 2, 2, 1]
    ]

    IMPORTANT: Your response must **ONLY** contain a valid **as a list of lists** in the following example format 7x7 matrix.     
    The below list of lists is just an example format of your response. **Replace** the values with your **actual analysis** while providing your response with parameter of 'final response'.    
    final response = [
        [1, 0, 0, 0, 0, 0, 0],
        [0, 1, 0, 0, 0, 0, 0],
        [0, 0, 1, 0, 0, 0, 0],
        [0, 0, 0, 1, 0, 0, 0],
        [0, 0, 0, 0, 1, 0, 0],
        [0, 0, 0, 0, 0, 1, 0],
        [0, 0, 0, 0, 0, 0, 1]
    ]

    IMPORTANT: THE FORMAT OF THE OUTPUT MUST BE AS LIST OF LISTS ONLY SIMILAR TO THE ONE ABOVE (NO LATEX, CODE, OR OTHER ENCODINGS).
    
2025-02-14 20:44:52,982 - DSM_MultiModelExp_llm_rag_ollama:llama3.3:70b-8k - INFO - Response: final response = [
        [1, 1, 1, 1, 0, 1, 0],
        [1, 1, 1, 0, 0, 0, 0],
        [1, 1, 1, 1, 0, 1, 0],
        [1, 0, 1, 1, 1, 1, 0],
        [0, 0, 0, 1, 1, 1, 0],
        [1, 0, 1, 1, 1, 1, 0],
        [0, 0, 0, 0, 0, 0, 1]
    ]
2025-02-14 20:44:52,983 - DSM_MultiModelExp_llm_rag_ollama:llama3.3:70b-8k - INFO - Matrix from response.
2025-02-14 20:44:52,984 - DSM_MultiModelExp_llm_rag_ollama:llama3.3:70b-8k - INFO - At run 2/5
2025-02-14 20:44:52,985 - DSM_MultiModelExp_llm_rag_ollama:llama3.3:70b-8k - INFO - Matrix: [[1, 1, 1, 1, 0, 1, 0], [1, 1, 1, 0, 0, 0, 0], [1, 1, 1, 1, 0, 1, 0], [1, 0, 1, 1, 1, 1, 0], [0, 0, 0, 1, 1, 1, 0], [1, 0, 1, 1, 1, 1, 0], [0, 0, 0, 0, 0, 0, 1]]
2025-02-14 20:44:52,986 - DSM_MultiModelExp_llm_rag_ollama:llama3.3:70b-8k - INFO - --------------------------------------------------
2025-02-14 20:45:02,997 - DSM_MultiModelExp_llm_rag_ollama:llama3.3:70b-8k - INFO - Run 3/5
2025-02-14 20:45:03,036 - DSM_MultiModelExp_llm_rag_ollama:llama3.3:70b-8k - INFO - DEBUG: Initializing RAGInference.
2025-02-14 20:45:03,037 - DSM_MultiModelExp_llm_rag_ollama:llama3.3:70b-8k - INFO - Using R-type: ['R1', 'R2']
2025-02-14 20:45:03,038 - DSM_MultiModelExp_llm_rag_ollama:llama3.3:70b-8k - INFO - Using embedding model: text-embedding-3-small
2025-02-14 20:45:03,072 - DSM_MultiModelExp_llm_rag_ollama:llama3.3:70b-8k - INFO - VectorStoreManager initialized
2025-02-14 20:45:03,073 - DSM_MultiModelExp_llm_rag_ollama:llama3.3:70b-8k - INFO - Set database path to: xLM_DSM/data/vectorstore/PowerDrill/llm_rag/text-embedding-3-small
2025-02-14 20:45:03,082 - DSM_MultiModelExp_llm_rag_ollama:llama3.3:70b-8k - INFO - Collection count: 2855
2025-02-14 20:45:03,085 - DSM_MultiModelExp_llm_rag_ollama:llama3.3:70b-8k - INFO - Initialized RAG inference for system: PowerDrill
2025-02-14 20:45:03,086 - DSM_MultiModelExp_llm_rag_ollama:llama3.3:70b-8k - INFO - Initialized DSM for system: PowerDrill
2025-02-14 20:45:03,086 - DSM_MultiModelExp_llm_rag_ollama:llama3.3:70b-8k - INFO - Inference model: ollama:llama3.3:70b-8k
2025-02-14 20:45:18,193 - DSM_MultiModelExp_llm_rag_ollama:llama3.3:70b-8k - INFO - Number of documents retrieved: 5
2025-02-14 20:45:18,194 - DSM_MultiModelExp_llm_rag_ollama:llama3.3:70b-8k - INFO - Documents used for this query:
2025-02-14 20:45:18,195 - DSM_MultiModelExp_llm_rag_ollama:llama3.3:70b-8k - INFO - File: ../data/use_cases_large/PowerDrill/reference_pdfs/R1_combined.pdf
2025-02-14 20:45:18,195 - DSM_MultiModelExp_llm_rag_ollama:llama3.3:70b-8k - INFO - Page: 34
2025-02-14 20:45:18,196 - DSM_MultiModelExp_llm_rag_ollama:llama3.3:70b-8k - INFO - Content: power	
  screwdriver	
   158	
  5.9	
   (a)	
  –	
  (c)	
  binary	
  adjacency	
  matrices	
  and	
  spy	
  plots	
  for	
  screwdrivers	
   159	
  5.10	
   Sample	
  distribution	
  for	
  a	
  screw ...
2025-02-14 20:45:18,197 - DSM_MultiModelExp_llm_rag_ollama:llama3.3:70b-8k - INFO - File: ../data/use_cases_large/PowerDrill/reference_pdfs/R1_combined.pdf
2025-02-14 20:45:18,199 - DSM_MultiModelExp_llm_rag_ollama:llama3.3:70b-8k - INFO - Page: 1
2025-02-14 20:45:18,199 - DSM_MultiModelExp_llm_rag_ollama:llama3.3:70b-8k - INFO - Content: A component DSM is used to capture and represent the interactions between elements of a system
(Warﬁeld 1973, Steward 1981, Browning 2001). An element may represent a single component,
an assembly of  ...
2025-02-14 20:45:18,200 - DSM_MultiModelExp_llm_rag_ollama:llama3.3:70b-8k - INFO - File: ../data/use_cases_large/PowerDrill/reference_pdfs/R1_combined.pdf
2025-02-14 20:45:18,201 - DSM_MultiModelExp_llm_rag_ollama:llama3.3:70b-8k - INFO - Page: 181
2025-02-14 20:45:18,202 - DSM_MultiModelExp_llm_rag_ollama:llama3.3:70b-8k - INFO - Content: Fig.	
  5.8:	
  Components	
  of	
  the	
  Black	
  &	
  Decker	
  alkaline	
  screwdriver	
  [Tilstra,	
  2010].	
  	
   The	
   developed	
   Product	
   Design	
   Structure	
   Matrices	
   (DSM)	 ...
2025-02-14 20:45:18,204 - DSM_MultiModelExp_llm_rag_ollama:llama3.3:70b-8k - INFO - File: ../data/use_cases_large/PowerDrill/reference_pdfs/R1_combined.pdf
2025-02-14 20:45:18,204 - DSM_MultiModelExp_llm_rag_ollama:llama3.3:70b-8k - INFO - Page: 11
2025-02-14 20:45:18,205 - DSM_MultiModelExp_llm_rag_ollama:llama3.3:70b-8k - INFO - Content: with the external surroundings:
(1) Bit.
(2) Transmission.
(3) Motor.
(4) Electrical system.
(5) Battery holder.
(6) Housing.
(7) External.
The BOM created during disassembly indicated a total quantit ...
2025-02-14 20:45:18,206 - DSM_MultiModelExp_llm_rag_ollama:llama3.3:70b-8k - INFO - File: ../data/use_cases_large/PowerDrill/reference_pdfs/R1_combined.pdf
2025-02-14 20:45:18,207 - DSM_MultiModelExp_llm_rag_ollama:llama3.3:70b-8k - INFO - Page: 34
2025-02-14 20:45:18,208 - DSM_MultiModelExp_llm_rag_ollama:llama3.3:70b-8k - INFO - Content: 4.5	
   Plot	
  of	
  structural	
  complexity	
  and	
  average	
  model	
  build	
  time	
   136	
  4.6	
   Aggregate	
  level	
  statistical	
  model	
  using	
  individual	
  level	
  data	
   141 ...
2025-02-14 20:45:18,208 - DSM_MultiModelExp_llm_rag_ollama:llama3.3:70b-8k - INFO - Raw Response: final response = [
        [1, 1, 1, 1, 0, 1, 0],
        [1, 1, 1, 0, 0, 0, 0],
        [1, 1, 1, 1, 0, 1, 0],
        [1, 0, 1, 1, 1, 1, 0],
        [0, 0, 0, 1, 1, 1, 0],
        [1, 0, 1, 1, 1, 1, 0],
        [0, 0, 0, 0, 0, 0, 1]
    ]
2025-02-14 20:45:18,209 - DSM_MultiModelExp_llm_rag_ollama:llama3.3:70b-8k - INFO - Query: 
    Please identify system-level proximity relationships (in contact) between the components of Power Screwdriver, as listed below, and represent them in a Design Structure Matrix (DSM) format.  
    The relationships should be articulated in plain English, capturing the essence of their interactions. 
    Here is the list of subsystems/components to analyze: ['Bit', 'Transmission', 'Motor', 'Electrical System', 'Battery Holder', 'Housing', 'External Environment'] 
    The DSM should clearly indicate the interactions between these components as 1 exist and 0 does not exist, considering both the presence and nature of these connections.         
    Present the output in a square matrix format (number of rows and columns MUST be the same as the number of components = 7 for this example), with rows and columns labeled accordingly. 
    Diagonal elements should be 1 in DSM matrix since each component interacts with itself. 
    If you don't know the answer, just write 2 for the specific cell that you are unsure of. A worst case scenario of the **as a list of lists** shown below (diagonal elements are 1 and rest are 2). Don't make up an answer.     final response = [
        [1, 2, 2, 2, 2, 2, 2],
        [2, 1, 2, 2, 2, 2, 2],
        [2, 2, 1, 2, 2, 2, 2],
        [2, 2, 2, 1, 2, 2, 2],
        [2, 2, 2, 2, 1, 2, 2],
        [2, 2, 2, 2, 2, 1, 2],
        [2, 2, 2, 2, 2, 2, 1]
    ]

    IMPORTANT: Your response must **ONLY** contain a valid **as a list of lists** in the following example format 7x7 matrix.     
    The below list of lists is just an example format of your response. **Replace** the values with your **actual analysis** while providing your response with parameter of 'final response'.    
    final response = [
        [1, 0, 0, 0, 0, 0, 0],
        [0, 1, 0, 0, 0, 0, 0],
        [0, 0, 1, 0, 0, 0, 0],
        [0, 0, 0, 1, 0, 0, 0],
        [0, 0, 0, 0, 1, 0, 0],
        [0, 0, 0, 0, 0, 1, 0],
        [0, 0, 0, 0, 0, 0, 1]
    ]

    IMPORTANT: THE FORMAT OF THE OUTPUT MUST BE AS LIST OF LISTS ONLY SIMILAR TO THE ONE ABOVE (NO LATEX, CODE, OR OTHER ENCODINGS).
    
2025-02-14 20:45:18,210 - DSM_MultiModelExp_llm_rag_ollama:llama3.3:70b-8k - INFO - Response: final response = [
        [1, 1, 1, 1, 0, 1, 0],
        [1, 1, 1, 0, 0, 0, 0],
        [1, 1, 1, 1, 0, 1, 0],
        [1, 0, 1, 1, 1, 1, 0],
        [0, 0, 0, 1, 1, 1, 0],
        [1, 0, 1, 1, 1, 1, 0],
        [0, 0, 0, 0, 0, 0, 1]
    ]
2025-02-14 20:45:18,211 - DSM_MultiModelExp_llm_rag_ollama:llama3.3:70b-8k - INFO - Matrix from response.
2025-02-14 20:45:18,212 - DSM_MultiModelExp_llm_rag_ollama:llama3.3:70b-8k - INFO - At run 3/5
2025-02-14 20:45:18,213 - DSM_MultiModelExp_llm_rag_ollama:llama3.3:70b-8k - INFO - Matrix: [[1, 1, 1, 1, 0, 1, 0], [1, 1, 1, 0, 0, 0, 0], [1, 1, 1, 1, 0, 1, 0], [1, 0, 1, 1, 1, 1, 0], [0, 0, 0, 1, 1, 1, 0], [1, 0, 1, 1, 1, 1, 0], [0, 0, 0, 0, 0, 0, 1]]
2025-02-14 20:45:18,213 - DSM_MultiModelExp_llm_rag_ollama:llama3.3:70b-8k - INFO - --------------------------------------------------
2025-02-14 20:45:28,224 - DSM_MultiModelExp_llm_rag_ollama:llama3.3:70b-8k - INFO - Run 4/5
2025-02-14 20:45:28,260 - DSM_MultiModelExp_llm_rag_ollama:llama3.3:70b-8k - INFO - DEBUG: Initializing RAGInference.
2025-02-14 20:45:28,261 - DSM_MultiModelExp_llm_rag_ollama:llama3.3:70b-8k - INFO - Using R-type: ['R1', 'R2']
2025-02-14 20:45:28,261 - DSM_MultiModelExp_llm_rag_ollama:llama3.3:70b-8k - INFO - Using embedding model: text-embedding-3-small
2025-02-14 20:45:28,296 - DSM_MultiModelExp_llm_rag_ollama:llama3.3:70b-8k - INFO - VectorStoreManager initialized
2025-02-14 20:45:28,297 - DSM_MultiModelExp_llm_rag_ollama:llama3.3:70b-8k - INFO - Set database path to: xLM_DSM/data/vectorstore/PowerDrill/llm_rag/text-embedding-3-small
2025-02-14 20:45:28,308 - DSM_MultiModelExp_llm_rag_ollama:llama3.3:70b-8k - INFO - Collection count: 2855
2025-02-14 20:45:28,312 - DSM_MultiModelExp_llm_rag_ollama:llama3.3:70b-8k - INFO - Initialized RAG inference for system: PowerDrill
2025-02-14 20:45:28,313 - DSM_MultiModelExp_llm_rag_ollama:llama3.3:70b-8k - INFO - Initialized DSM for system: PowerDrill
2025-02-14 20:45:28,313 - DSM_MultiModelExp_llm_rag_ollama:llama3.3:70b-8k - INFO - Inference model: ollama:llama3.3:70b-8k
2025-02-14 20:45:43,405 - DSM_MultiModelExp_llm_rag_ollama:llama3.3:70b-8k - INFO - Number of documents retrieved: 5
2025-02-14 20:45:43,406 - DSM_MultiModelExp_llm_rag_ollama:llama3.3:70b-8k - INFO - Documents used for this query:
2025-02-14 20:45:43,407 - DSM_MultiModelExp_llm_rag_ollama:llama3.3:70b-8k - INFO - File: ../data/use_cases_large/PowerDrill/reference_pdfs/R1_combined.pdf
2025-02-14 20:45:43,407 - DSM_MultiModelExp_llm_rag_ollama:llama3.3:70b-8k - INFO - Page: 34
2025-02-14 20:45:43,409 - DSM_MultiModelExp_llm_rag_ollama:llama3.3:70b-8k - INFO - Content: power	
  screwdriver	
   158	
  5.9	
   (a)	
  –	
  (c)	
  binary	
  adjacency	
  matrices	
  and	
  spy	
  plots	
  for	
  screwdrivers	
   159	
  5.10	
   Sample	
  distribution	
  for	
  a	
  screw ...
2025-02-14 20:45:43,410 - DSM_MultiModelExp_llm_rag_ollama:llama3.3:70b-8k - INFO - File: ../data/use_cases_large/PowerDrill/reference_pdfs/R1_combined.pdf
2025-02-14 20:45:43,410 - DSM_MultiModelExp_llm_rag_ollama:llama3.3:70b-8k - INFO - Page: 1
2025-02-14 20:45:43,411 - DSM_MultiModelExp_llm_rag_ollama:llama3.3:70b-8k - INFO - Content: A component DSM is used to capture and represent the interactions between elements of a system
(Warﬁeld 1973, Steward 1981, Browning 2001). An element may represent a single component,
an assembly of  ...
2025-02-14 20:45:43,412 - DSM_MultiModelExp_llm_rag_ollama:llama3.3:70b-8k - INFO - File: ../data/use_cases_large/PowerDrill/reference_pdfs/R1_combined.pdf
2025-02-14 20:45:43,413 - DSM_MultiModelExp_llm_rag_ollama:llama3.3:70b-8k - INFO - Page: 181
2025-02-14 20:45:43,414 - DSM_MultiModelExp_llm_rag_ollama:llama3.3:70b-8k - INFO - Content: Fig.	
  5.8:	
  Components	
  of	
  the	
  Black	
  &	
  Decker	
  alkaline	
  screwdriver	
  [Tilstra,	
  2010].	
  	
   The	
   developed	
   Product	
   Design	
   Structure	
   Matrices	
   (DSM)	 ...
2025-02-14 20:45:43,415 - DSM_MultiModelExp_llm_rag_ollama:llama3.3:70b-8k - INFO - File: ../data/use_cases_large/PowerDrill/reference_pdfs/R1_combined.pdf
2025-02-14 20:45:43,415 - DSM_MultiModelExp_llm_rag_ollama:llama3.3:70b-8k - INFO - Page: 11
2025-02-14 20:45:43,416 - DSM_MultiModelExp_llm_rag_ollama:llama3.3:70b-8k - INFO - Content: with the external surroundings:
(1) Bit.
(2) Transmission.
(3) Motor.
(4) Electrical system.
(5) Battery holder.
(6) Housing.
(7) External.
The BOM created during disassembly indicated a total quantit ...
2025-02-14 20:45:43,417 - DSM_MultiModelExp_llm_rag_ollama:llama3.3:70b-8k - INFO - File: ../data/use_cases_large/PowerDrill/reference_pdfs/R1_combined.pdf
2025-02-14 20:45:43,418 - DSM_MultiModelExp_llm_rag_ollama:llama3.3:70b-8k - INFO - Page: 34
2025-02-14 20:45:43,419 - DSM_MultiModelExp_llm_rag_ollama:llama3.3:70b-8k - INFO - Content: 4.5	
   Plot	
  of	
  structural	
  complexity	
  and	
  average	
  model	
  build	
  time	
   136	
  4.6	
   Aggregate	
  level	
  statistical	
  model	
  using	
  individual	
  level	
  data	
   141 ...
2025-02-14 20:45:43,419 - DSM_MultiModelExp_llm_rag_ollama:llama3.3:70b-8k - INFO - Raw Response: final response = [
        [1, 1, 1, 1, 0, 1, 0],
        [1, 1, 1, 0, 0, 0, 0],
        [1, 1, 1, 1, 0, 1, 0],
        [1, 0, 1, 1, 1, 1, 0],
        [0, 0, 0, 1, 1, 1, 0],
        [1, 0, 1, 1, 1, 1, 0],
        [0, 0, 0, 0, 0, 0, 1]
    ]
2025-02-14 20:45:43,420 - DSM_MultiModelExp_llm_rag_ollama:llama3.3:70b-8k - INFO - Query: 
    Please identify system-level proximity relationships (in contact) between the components of Power Screwdriver, as listed below, and represent them in a Design Structure Matrix (DSM) format.  
    The relationships should be articulated in plain English, capturing the essence of their interactions. 
    Here is the list of subsystems/components to analyze: ['Bit', 'Transmission', 'Motor', 'Electrical System', 'Battery Holder', 'Housing', 'External Environment'] 
    The DSM should clearly indicate the interactions between these components as 1 exist and 0 does not exist, considering both the presence and nature of these connections.         
    Present the output in a square matrix format (number of rows and columns MUST be the same as the number of components = 7 for this example), with rows and columns labeled accordingly. 
    Diagonal elements should be 1 in DSM matrix since each component interacts with itself. 
    If you don't know the answer, just write 2 for the specific cell that you are unsure of. A worst case scenario of the **as a list of lists** shown below (diagonal elements are 1 and rest are 2). Don't make up an answer.     final response = [
        [1, 2, 2, 2, 2, 2, 2],
        [2, 1, 2, 2, 2, 2, 2],
        [2, 2, 1, 2, 2, 2, 2],
        [2, 2, 2, 1, 2, 2, 2],
        [2, 2, 2, 2, 1, 2, 2],
        [2, 2, 2, 2, 2, 1, 2],
        [2, 2, 2, 2, 2, 2, 1]
    ]

    IMPORTANT: Your response must **ONLY** contain a valid **as a list of lists** in the following example format 7x7 matrix.     
    The below list of lists is just an example format of your response. **Replace** the values with your **actual analysis** while providing your response with parameter of 'final response'.    
    final response = [
        [1, 0, 0, 0, 0, 0, 0],
        [0, 1, 0, 0, 0, 0, 0],
        [0, 0, 1, 0, 0, 0, 0],
        [0, 0, 0, 1, 0, 0, 0],
        [0, 0, 0, 0, 1, 0, 0],
        [0, 0, 0, 0, 0, 1, 0],
        [0, 0, 0, 0, 0, 0, 1]
    ]

    IMPORTANT: THE FORMAT OF THE OUTPUT MUST BE AS LIST OF LISTS ONLY SIMILAR TO THE ONE ABOVE (NO LATEX, CODE, OR OTHER ENCODINGS).
    
2025-02-14 20:45:43,421 - DSM_MultiModelExp_llm_rag_ollama:llama3.3:70b-8k - INFO - Response: final response = [
        [1, 1, 1, 1, 0, 1, 0],
        [1, 1, 1, 0, 0, 0, 0],
        [1, 1, 1, 1, 0, 1, 0],
        [1, 0, 1, 1, 1, 1, 0],
        [0, 0, 0, 1, 1, 1, 0],
        [1, 0, 1, 1, 1, 1, 0],
        [0, 0, 0, 0, 0, 0, 1]
    ]
2025-02-14 20:45:43,422 - DSM_MultiModelExp_llm_rag_ollama:llama3.3:70b-8k - INFO - Matrix from response.
2025-02-14 20:45:43,423 - DSM_MultiModelExp_llm_rag_ollama:llama3.3:70b-8k - INFO - At run 4/5
2025-02-14 20:45:43,424 - DSM_MultiModelExp_llm_rag_ollama:llama3.3:70b-8k - INFO - Matrix: [[1, 1, 1, 1, 0, 1, 0], [1, 1, 1, 0, 0, 0, 0], [1, 1, 1, 1, 0, 1, 0], [1, 0, 1, 1, 1, 1, 0], [0, 0, 0, 1, 1, 1, 0], [1, 0, 1, 1, 1, 1, 0], [0, 0, 0, 0, 0, 0, 1]]
2025-02-14 20:45:43,425 - DSM_MultiModelExp_llm_rag_ollama:llama3.3:70b-8k - INFO - --------------------------------------------------
2025-02-14 20:45:53,435 - DSM_MultiModelExp_llm_rag_ollama:llama3.3:70b-8k - INFO - Run 5/5
2025-02-14 20:45:53,473 - DSM_MultiModelExp_llm_rag_ollama:llama3.3:70b-8k - INFO - DEBUG: Initializing RAGInference.
2025-02-14 20:45:53,474 - DSM_MultiModelExp_llm_rag_ollama:llama3.3:70b-8k - INFO - Using R-type: ['R1', 'R2']
2025-02-14 20:45:53,475 - DSM_MultiModelExp_llm_rag_ollama:llama3.3:70b-8k - INFO - Using embedding model: text-embedding-3-small
2025-02-14 20:45:53,509 - DSM_MultiModelExp_llm_rag_ollama:llama3.3:70b-8k - INFO - VectorStoreManager initialized
2025-02-14 20:45:53,510 - DSM_MultiModelExp_llm_rag_ollama:llama3.3:70b-8k - INFO - Set database path to: xLM_DSM/data/vectorstore/PowerDrill/llm_rag/text-embedding-3-small
2025-02-14 20:45:53,519 - DSM_MultiModelExp_llm_rag_ollama:llama3.3:70b-8k - INFO - Collection count: 2855
2025-02-14 20:45:53,522 - DSM_MultiModelExp_llm_rag_ollama:llama3.3:70b-8k - INFO - Initialized RAG inference for system: PowerDrill
2025-02-14 20:45:53,523 - DSM_MultiModelExp_llm_rag_ollama:llama3.3:70b-8k - INFO - Initialized DSM for system: PowerDrill
2025-02-14 20:45:53,523 - DSM_MultiModelExp_llm_rag_ollama:llama3.3:70b-8k - INFO - Inference model: ollama:llama3.3:70b-8k
2025-02-14 20:46:08,846 - DSM_MultiModelExp_llm_rag_ollama:llama3.3:70b-8k - INFO - Number of documents retrieved: 5
2025-02-14 20:46:08,847 - DSM_MultiModelExp_llm_rag_ollama:llama3.3:70b-8k - INFO - Documents used for this query:
2025-02-14 20:46:08,847 - DSM_MultiModelExp_llm_rag_ollama:llama3.3:70b-8k - INFO - File: ../data/use_cases_large/PowerDrill/reference_pdfs/R1_combined.pdf
2025-02-14 20:46:08,848 - DSM_MultiModelExp_llm_rag_ollama:llama3.3:70b-8k - INFO - Page: 34
2025-02-14 20:46:08,849 - DSM_MultiModelExp_llm_rag_ollama:llama3.3:70b-8k - INFO - Content: power	
  screwdriver	
   158	
  5.9	
   (a)	
  –	
  (c)	
  binary	
  adjacency	
  matrices	
  and	
  spy	
  plots	
  for	
  screwdrivers	
   159	
  5.10	
   Sample	
  distribution	
  for	
  a	
  screw ...
2025-02-14 20:46:08,851 - DSM_MultiModelExp_llm_rag_ollama:llama3.3:70b-8k - INFO - File: ../data/use_cases_large/PowerDrill/reference_pdfs/R1_combined.pdf
2025-02-14 20:46:08,852 - DSM_MultiModelExp_llm_rag_ollama:llama3.3:70b-8k - INFO - Page: 1
2025-02-14 20:46:08,853 - DSM_MultiModelExp_llm_rag_ollama:llama3.3:70b-8k - INFO - Content: A component DSM is used to capture and represent the interactions between elements of a system
(Warﬁeld 1973, Steward 1981, Browning 2001). An element may represent a single component,
an assembly of  ...
2025-02-14 20:46:08,853 - DSM_MultiModelExp_llm_rag_ollama:llama3.3:70b-8k - INFO - File: ../data/use_cases_large/PowerDrill/reference_pdfs/R1_combined.pdf
2025-02-14 20:46:08,855 - DSM_MultiModelExp_llm_rag_ollama:llama3.3:70b-8k - INFO - Page: 181
2025-02-14 20:46:08,856 - DSM_MultiModelExp_llm_rag_ollama:llama3.3:70b-8k - INFO - Content: Fig.	
  5.8:	
  Components	
  of	
  the	
  Black	
  &	
  Decker	
  alkaline	
  screwdriver	
  [Tilstra,	
  2010].	
  	
   The	
   developed	
   Product	
   Design	
   Structure	
   Matrices	
   (DSM)	 ...
2025-02-14 20:46:08,857 - DSM_MultiModelExp_llm_rag_ollama:llama3.3:70b-8k - INFO - File: ../data/use_cases_large/PowerDrill/reference_pdfs/R1_combined.pdf
2025-02-14 20:46:08,858 - DSM_MultiModelExp_llm_rag_ollama:llama3.3:70b-8k - INFO - Page: 11
2025-02-14 20:46:08,859 - DSM_MultiModelExp_llm_rag_ollama:llama3.3:70b-8k - INFO - Content: with the external surroundings:
(1) Bit.
(2) Transmission.
(3) Motor.
(4) Electrical system.
(5) Battery holder.
(6) Housing.
(7) External.
The BOM created during disassembly indicated a total quantit ...
2025-02-14 20:46:08,859 - DSM_MultiModelExp_llm_rag_ollama:llama3.3:70b-8k - INFO - File: ../data/use_cases_large/PowerDrill/reference_pdfs/R1_combined.pdf
2025-02-14 20:46:08,861 - DSM_MultiModelExp_llm_rag_ollama:llama3.3:70b-8k - INFO - Page: 34
2025-02-14 20:46:08,861 - DSM_MultiModelExp_llm_rag_ollama:llama3.3:70b-8k - INFO - Content: 4.5	
   Plot	
  of	
  structural	
  complexity	
  and	
  average	
  model	
  build	
  time	
   136	
  4.6	
   Aggregate	
  level	
  statistical	
  model	
  using	
  individual	
  level	
  data	
   141 ...
2025-02-14 20:46:08,862 - DSM_MultiModelExp_llm_rag_ollama:llama3.3:70b-8k - INFO - Raw Response: final response = [
        [1, 1, 1, 1, 0, 1, 0],
        [1, 1, 1, 0, 0, 0, 0],
        [1, 1, 1, 1, 0, 1, 0],
        [1, 0, 1, 1, 1, 1, 0],
        [0, 0, 0, 1, 1, 1, 0],
        [1, 0, 1, 1, 1, 1, 0],
        [0, 0, 0, 0, 0, 0, 1]
    ]
2025-02-14 20:46:08,863 - DSM_MultiModelExp_llm_rag_ollama:llama3.3:70b-8k - INFO - Query: 
    Please identify system-level proximity relationships (in contact) between the components of Power Screwdriver, as listed below, and represent them in a Design Structure Matrix (DSM) format.  
    The relationships should be articulated in plain English, capturing the essence of their interactions. 
    Here is the list of subsystems/components to analyze: ['Bit', 'Transmission', 'Motor', 'Electrical System', 'Battery Holder', 'Housing', 'External Environment'] 
    The DSM should clearly indicate the interactions between these components as 1 exist and 0 does not exist, considering both the presence and nature of these connections.         
    Present the output in a square matrix format (number of rows and columns MUST be the same as the number of components = 7 for this example), with rows and columns labeled accordingly. 
    Diagonal elements should be 1 in DSM matrix since each component interacts with itself. 
    If you don't know the answer, just write 2 for the specific cell that you are unsure of. A worst case scenario of the **as a list of lists** shown below (diagonal elements are 1 and rest are 2). Don't make up an answer.     final response = [
        [1, 2, 2, 2, 2, 2, 2],
        [2, 1, 2, 2, 2, 2, 2],
        [2, 2, 1, 2, 2, 2, 2],
        [2, 2, 2, 1, 2, 2, 2],
        [2, 2, 2, 2, 1, 2, 2],
        [2, 2, 2, 2, 2, 1, 2],
        [2, 2, 2, 2, 2, 2, 1]
    ]

    IMPORTANT: Your response must **ONLY** contain a valid **as a list of lists** in the following example format 7x7 matrix.     
    The below list of lists is just an example format of your response. **Replace** the values with your **actual analysis** while providing your response with parameter of 'final response'.    
    final response = [
        [1, 0, 0, 0, 0, 0, 0],
        [0, 1, 0, 0, 0, 0, 0],
        [0, 0, 1, 0, 0, 0, 0],
        [0, 0, 0, 1, 0, 0, 0],
        [0, 0, 0, 0, 1, 0, 0],
        [0, 0, 0, 0, 0, 1, 0],
        [0, 0, 0, 0, 0, 0, 1]
    ]

    IMPORTANT: THE FORMAT OF THE OUTPUT MUST BE AS LIST OF LISTS ONLY SIMILAR TO THE ONE ABOVE (NO LATEX, CODE, OR OTHER ENCODINGS).
    
2025-02-14 20:46:08,864 - DSM_MultiModelExp_llm_rag_ollama:llama3.3:70b-8k - INFO - Response: final response = [
        [1, 1, 1, 1, 0, 1, 0],
        [1, 1, 1, 0, 0, 0, 0],
        [1, 1, 1, 1, 0, 1, 0],
        [1, 0, 1, 1, 1, 1, 0],
        [0, 0, 0, 1, 1, 1, 0],
        [1, 0, 1, 1, 1, 1, 0],
        [0, 0, 0, 0, 0, 0, 1]
    ]
2025-02-14 20:46:08,865 - DSM_MultiModelExp_llm_rag_ollama:llama3.3:70b-8k - INFO - Matrix from response.
2025-02-14 20:46:08,866 - DSM_MultiModelExp_llm_rag_ollama:llama3.3:70b-8k - INFO - At run 5/5
2025-02-14 20:46:08,867 - DSM_MultiModelExp_llm_rag_ollama:llama3.3:70b-8k - INFO - Matrix: [[1, 1, 1, 1, 0, 1, 0], [1, 1, 1, 0, 0, 0, 0], [1, 1, 1, 1, 0, 1, 0], [1, 0, 1, 1, 1, 1, 0], [0, 0, 0, 1, 1, 1, 0], [1, 0, 1, 1, 1, 1, 0], [0, 0, 0, 0, 0, 0, 1]]
2025-02-14 20:46:08,867 - DSM_MultiModelExp_llm_rag_ollama:llama3.3:70b-8k - INFO - --------------------------------------------------
2025-02-14 20:46:18,879 - DSM_MultiModelExp_llm_rag_ollama:llama3.3:70b-8k - INFO - Duration of reference combination {'R1': [{'path': '../data/use_cases_large/PowerDrill/reference_pdfs/R1_combined.pdf'}], 'R2': [{'path': '../data/use_cases_large/PowerDrill/reference_pdfs/[2012 Eppinger] R2-Design structure matrix methods and applications.pdf'}]}: 0:02:10.153043
2025-02-14 20:46:18,880 - DSM_MultiModelExp_llm_rag_ollama:llama3.3:70b-8k - INFO - ++++++++++++++++++++++++++++++++++++++++++++++++++++++++++++++++++++++++++++++++++++++++++++++++++++
2025-02-14 20:46:18,900 - DSM_MultiModelExp_llm_rag_ollama:llama3.3:70b-8k - INFO - Run 1/5
2025-02-14 20:46:18,936 - DSM_MultiModelExp_llm_rag_ollama:llama3.3:70b-8k - INFO - DEBUG: Initializing RAGInference.
2025-02-14 20:46:18,937 - DSM_MultiModelExp_llm_rag_ollama:llama3.3:70b-8k - INFO - Using R-type: ['R1', 'R3']
2025-02-14 20:46:18,937 - DSM_MultiModelExp_llm_rag_ollama:llama3.3:70b-8k - INFO - Using embedding model: text-embedding-3-small
2025-02-14 20:46:18,971 - DSM_MultiModelExp_llm_rag_ollama:llama3.3:70b-8k - INFO - VectorStoreManager initialized
2025-02-14 20:46:18,972 - DSM_MultiModelExp_llm_rag_ollama:llama3.3:70b-8k - INFO - Set database path to: xLM_DSM/data/vectorstore/PowerDrill/llm_rag/text-embedding-3-small
2025-02-14 20:46:18,981 - DSM_MultiModelExp_llm_rag_ollama:llama3.3:70b-8k - INFO - Collection count: 2855
2025-02-14 20:46:18,984 - DSM_MultiModelExp_llm_rag_ollama:llama3.3:70b-8k - INFO - Initialized RAG inference for system: PowerDrill
2025-02-14 20:46:18,985 - DSM_MultiModelExp_llm_rag_ollama:llama3.3:70b-8k - INFO - Initialized DSM for system: PowerDrill
2025-02-14 20:46:18,986 - DSM_MultiModelExp_llm_rag_ollama:llama3.3:70b-8k - INFO - Inference model: ollama:llama3.3:70b-8k
2025-02-14 20:46:34,890 - DSM_MultiModelExp_llm_rag_ollama:llama3.3:70b-8k - INFO - Number of documents retrieved: 5
2025-02-14 20:46:34,891 - DSM_MultiModelExp_llm_rag_ollama:llama3.3:70b-8k - INFO - Documents used for this query:
2025-02-14 20:46:34,892 - DSM_MultiModelExp_llm_rag_ollama:llama3.3:70b-8k - INFO - File: ../data/use_cases_large/PowerDrill/reference_pdfs/R1_combined.pdf
2025-02-14 20:46:34,893 - DSM_MultiModelExp_llm_rag_ollama:llama3.3:70b-8k - INFO - Page: 34
2025-02-14 20:46:34,894 - DSM_MultiModelExp_llm_rag_ollama:llama3.3:70b-8k - INFO - Content: power	
  screwdriver	
   158	
  5.9	
   (a)	
  –	
  (c)	
  binary	
  adjacency	
  matrices	
  and	
  spy	
  plots	
  for	
  screwdrivers	
   159	
  5.10	
   Sample	
  distribution	
  for	
  a	
  screw ...
2025-02-14 20:46:34,894 - DSM_MultiModelExp_llm_rag_ollama:llama3.3:70b-8k - INFO - File: ../data/use_cases_large/PowerDrill/reference_pdfs/R1_combined.pdf
2025-02-14 20:46:34,896 - DSM_MultiModelExp_llm_rag_ollama:llama3.3:70b-8k - INFO - Page: 1
2025-02-14 20:46:34,897 - DSM_MultiModelExp_llm_rag_ollama:llama3.3:70b-8k - INFO - Content: A component DSM is used to capture and represent the interactions between elements of a system
(Warﬁeld 1973, Steward 1981, Browning 2001). An element may represent a single component,
an assembly of  ...
2025-02-14 20:46:34,898 - DSM_MultiModelExp_llm_rag_ollama:llama3.3:70b-8k - INFO - File: ../data/use_cases_large/PowerDrill/reference_pdfs/R1_combined.pdf
2025-02-14 20:46:34,899 - DSM_MultiModelExp_llm_rag_ollama:llama3.3:70b-8k - INFO - Page: 181
2025-02-14 20:46:34,899 - DSM_MultiModelExp_llm_rag_ollama:llama3.3:70b-8k - INFO - Content: Fig.	
  5.8:	
  Components	
  of	
  the	
  Black	
  &	
  Decker	
  alkaline	
  screwdriver	
  [Tilstra,	
  2010].	
  	
   The	
   developed	
   Product	
   Design	
   Structure	
   Matrices	
   (DSM)	 ...
2025-02-14 20:46:34,900 - DSM_MultiModelExp_llm_rag_ollama:llama3.3:70b-8k - INFO - File: ../data/use_cases_large/PowerDrill/reference_pdfs/R1_combined.pdf
2025-02-14 20:46:34,902 - DSM_MultiModelExp_llm_rag_ollama:llama3.3:70b-8k - INFO - Page: 11
2025-02-14 20:46:34,902 - DSM_MultiModelExp_llm_rag_ollama:llama3.3:70b-8k - INFO - Content: with the external surroundings:
(1) Bit.
(2) Transmission.
(3) Motor.
(4) Electrical system.
(5) Battery holder.
(6) Housing.
(7) External.
The BOM created during disassembly indicated a total quantit ...
2025-02-14 20:46:34,903 - DSM_MultiModelExp_llm_rag_ollama:llama3.3:70b-8k - INFO - File: ../data/use_cases_large/PowerDrill/reference_pdfs/R1_combined.pdf
2025-02-14 20:46:34,904 - DSM_MultiModelExp_llm_rag_ollama:llama3.3:70b-8k - INFO - Page: 34
2025-02-14 20:46:34,905 - DSM_MultiModelExp_llm_rag_ollama:llama3.3:70b-8k - INFO - Content: 4.5	
   Plot	
  of	
  structural	
  complexity	
  and	
  average	
  model	
  build	
  time	
   136	
  4.6	
   Aggregate	
  level	
  statistical	
  model	
  using	
  individual	
  level	
  data	
   141 ...
2025-02-14 20:46:34,906 - DSM_MultiModelExp_llm_rag_ollama:llama3.3:70b-8k - INFO - Raw Response: final response = [
        [1, 1, 1, 1, 0, 1, 0],
        [1, 1, 1, 0, 0, 0, 0],
        [1, 1, 1, 1, 0, 1, 0],
        [1, 0, 1, 1, 1, 1, 0],
        [0, 0, 0, 1, 1, 1, 0],
        [1, 0, 1, 1, 1, 1, 0],
        [0, 0, 0, 0, 0, 0, 1]
    ]
2025-02-14 20:46:34,907 - DSM_MultiModelExp_llm_rag_ollama:llama3.3:70b-8k - INFO - Query: 
    Please identify system-level proximity relationships (in contact) between the components of Power Screwdriver, as listed below, and represent them in a Design Structure Matrix (DSM) format.  
    The relationships should be articulated in plain English, capturing the essence of their interactions. 
    Here is the list of subsystems/components to analyze: ['Bit', 'Transmission', 'Motor', 'Electrical System', 'Battery Holder', 'Housing', 'External Environment'] 
    The DSM should clearly indicate the interactions between these components as 1 exist and 0 does not exist, considering both the presence and nature of these connections.         
    Present the output in a square matrix format (number of rows and columns MUST be the same as the number of components = 7 for this example), with rows and columns labeled accordingly. 
    Diagonal elements should be 1 in DSM matrix since each component interacts with itself. 
    If you don't know the answer, just write 2 for the specific cell that you are unsure of. A worst case scenario of the **as a list of lists** shown below (diagonal elements are 1 and rest are 2). Don't make up an answer.     final response = [
        [1, 2, 2, 2, 2, 2, 2],
        [2, 1, 2, 2, 2, 2, 2],
        [2, 2, 1, 2, 2, 2, 2],
        [2, 2, 2, 1, 2, 2, 2],
        [2, 2, 2, 2, 1, 2, 2],
        [2, 2, 2, 2, 2, 1, 2],
        [2, 2, 2, 2, 2, 2, 1]
    ]

    IMPORTANT: Your response must **ONLY** contain a valid **as a list of lists** in the following example format 7x7 matrix.     
    The below list of lists is just an example format of your response. **Replace** the values with your **actual analysis** while providing your response with parameter of 'final response'.    
    final response = [
        [1, 0, 0, 0, 0, 0, 0],
        [0, 1, 0, 0, 0, 0, 0],
        [0, 0, 1, 0, 0, 0, 0],
        [0, 0, 0, 1, 0, 0, 0],
        [0, 0, 0, 0, 1, 0, 0],
        [0, 0, 0, 0, 0, 1, 0],
        [0, 0, 0, 0, 0, 0, 1]
    ]

    IMPORTANT: THE FORMAT OF THE OUTPUT MUST BE AS LIST OF LISTS ONLY SIMILAR TO THE ONE ABOVE (NO LATEX, CODE, OR OTHER ENCODINGS).
    
2025-02-14 20:46:34,908 - DSM_MultiModelExp_llm_rag_ollama:llama3.3:70b-8k - INFO - Response: final response = [
        [1, 1, 1, 1, 0, 1, 0],
        [1, 1, 1, 0, 0, 0, 0],
        [1, 1, 1, 1, 0, 1, 0],
        [1, 0, 1, 1, 1, 1, 0],
        [0, 0, 0, 1, 1, 1, 0],
        [1, 0, 1, 1, 1, 1, 0],
        [0, 0, 0, 0, 0, 0, 1]
    ]
2025-02-14 20:46:34,909 - DSM_MultiModelExp_llm_rag_ollama:llama3.3:70b-8k - INFO - Matrix from response.
2025-02-14 20:46:34,910 - DSM_MultiModelExp_llm_rag_ollama:llama3.3:70b-8k - INFO - At run 1/5
2025-02-14 20:46:34,910 - DSM_MultiModelExp_llm_rag_ollama:llama3.3:70b-8k - INFO - Matrix: [[1, 1, 1, 1, 0, 1, 0], [1, 1, 1, 0, 0, 0, 0], [1, 1, 1, 1, 0, 1, 0], [1, 0, 1, 1, 1, 1, 0], [0, 0, 0, 1, 1, 1, 0], [1, 0, 1, 1, 1, 1, 0], [0, 0, 0, 0, 0, 0, 1]]
2025-02-14 20:46:34,911 - DSM_MultiModelExp_llm_rag_ollama:llama3.3:70b-8k - INFO - --------------------------------------------------
2025-02-14 20:46:44,922 - DSM_MultiModelExp_llm_rag_ollama:llama3.3:70b-8k - INFO - Run 2/5
2025-02-14 20:46:44,960 - DSM_MultiModelExp_llm_rag_ollama:llama3.3:70b-8k - INFO - DEBUG: Initializing RAGInference.
2025-02-14 20:46:44,961 - DSM_MultiModelExp_llm_rag_ollama:llama3.3:70b-8k - INFO - Using R-type: ['R1', 'R3']
2025-02-14 20:46:44,962 - DSM_MultiModelExp_llm_rag_ollama:llama3.3:70b-8k - INFO - Using embedding model: text-embedding-3-small
2025-02-14 20:46:44,996 - DSM_MultiModelExp_llm_rag_ollama:llama3.3:70b-8k - INFO - VectorStoreManager initialized
2025-02-14 20:46:44,996 - DSM_MultiModelExp_llm_rag_ollama:llama3.3:70b-8k - INFO - Set database path to: xLM_DSM/data/vectorstore/PowerDrill/llm_rag/text-embedding-3-small
2025-02-14 20:46:45,025 - DSM_MultiModelExp_llm_rag_ollama:llama3.3:70b-8k - INFO - Collection count: 2855
2025-02-14 20:46:45,029 - DSM_MultiModelExp_llm_rag_ollama:llama3.3:70b-8k - INFO - Initialized RAG inference for system: PowerDrill
2025-02-14 20:46:45,030 - DSM_MultiModelExp_llm_rag_ollama:llama3.3:70b-8k - INFO - Initialized DSM for system: PowerDrill
2025-02-14 20:46:45,031 - DSM_MultiModelExp_llm_rag_ollama:llama3.3:70b-8k - INFO - Inference model: ollama:llama3.3:70b-8k
2025-02-14 20:47:00,394 - DSM_MultiModelExp_llm_rag_ollama:llama3.3:70b-8k - INFO - Number of documents retrieved: 5
2025-02-14 20:47:00,395 - DSM_MultiModelExp_llm_rag_ollama:llama3.3:70b-8k - INFO - Documents used for this query:
2025-02-14 20:47:00,396 - DSM_MultiModelExp_llm_rag_ollama:llama3.3:70b-8k - INFO - File: ../data/use_cases_large/PowerDrill/reference_pdfs/R1_combined.pdf
2025-02-14 20:47:00,396 - DSM_MultiModelExp_llm_rag_ollama:llama3.3:70b-8k - INFO - Page: 34
2025-02-14 20:47:00,397 - DSM_MultiModelExp_llm_rag_ollama:llama3.3:70b-8k - INFO - Content: power	
  screwdriver	
   158	
  5.9	
   (a)	
  –	
  (c)	
  binary	
  adjacency	
  matrices	
  and	
  spy	
  plots	
  for	
  screwdrivers	
   159	
  5.10	
   Sample	
  distribution	
  for	
  a	
  screw ...
2025-02-14 20:47:00,398 - DSM_MultiModelExp_llm_rag_ollama:llama3.3:70b-8k - INFO - File: ../data/use_cases_large/PowerDrill/reference_pdfs/R1_combined.pdf
2025-02-14 20:47:00,399 - DSM_MultiModelExp_llm_rag_ollama:llama3.3:70b-8k - INFO - Page: 1
2025-02-14 20:47:00,400 - DSM_MultiModelExp_llm_rag_ollama:llama3.3:70b-8k - INFO - Content: A component DSM is used to capture and represent the interactions between elements of a system
(Warﬁeld 1973, Steward 1981, Browning 2001). An element may represent a single component,
an assembly of  ...
2025-02-14 20:47:00,401 - DSM_MultiModelExp_llm_rag_ollama:llama3.3:70b-8k - INFO - File: ../data/use_cases_large/PowerDrill/reference_pdfs/R1_combined.pdf
2025-02-14 20:47:00,401 - DSM_MultiModelExp_llm_rag_ollama:llama3.3:70b-8k - INFO - Page: 181
2025-02-14 20:47:00,402 - DSM_MultiModelExp_llm_rag_ollama:llama3.3:70b-8k - INFO - Content: Fig.	
  5.8:	
  Components	
  of	
  the	
  Black	
  &	
  Decker	
  alkaline	
  screwdriver	
  [Tilstra,	
  2010].	
  	
   The	
   developed	
   Product	
   Design	
   Structure	
   Matrices	
   (DSM)	 ...
2025-02-14 20:47:00,403 - DSM_MultiModelExp_llm_rag_ollama:llama3.3:70b-8k - INFO - File: ../data/use_cases_large/PowerDrill/reference_pdfs/R1_combined.pdf
2025-02-14 20:47:00,404 - DSM_MultiModelExp_llm_rag_ollama:llama3.3:70b-8k - INFO - Page: 11
2025-02-14 20:47:00,405 - DSM_MultiModelExp_llm_rag_ollama:llama3.3:70b-8k - INFO - Content: with the external surroundings:
(1) Bit.
(2) Transmission.
(3) Motor.
(4) Electrical system.
(5) Battery holder.
(6) Housing.
(7) External.
The BOM created during disassembly indicated a total quantit ...
2025-02-14 20:47:00,405 - DSM_MultiModelExp_llm_rag_ollama:llama3.3:70b-8k - INFO - File: ../data/use_cases_large/PowerDrill/reference_pdfs/R1_combined.pdf
2025-02-14 20:47:00,406 - DSM_MultiModelExp_llm_rag_ollama:llama3.3:70b-8k - INFO - Page: 34
2025-02-14 20:47:00,407 - DSM_MultiModelExp_llm_rag_ollama:llama3.3:70b-8k - INFO - Content: 4.5	
   Plot	
  of	
  structural	
  complexity	
  and	
  average	
  model	
  build	
  time	
   136	
  4.6	
   Aggregate	
  level	
  statistical	
  model	
  using	
  individual	
  level	
  data	
   141 ...
2025-02-14 20:47:00,408 - DSM_MultiModelExp_llm_rag_ollama:llama3.3:70b-8k - INFO - Raw Response: final response = [
        [1, 1, 1, 1, 0, 1, 0],
        [1, 1, 1, 0, 0, 0, 0],
        [1, 1, 1, 1, 0, 1, 0],
        [1, 0, 1, 1, 1, 1, 0],
        [0, 0, 0, 1, 1, 1, 0],
        [1, 0, 1, 1, 1, 1, 0],
        [0, 0, 0, 0, 0, 0, 1]
    ]
2025-02-14 20:47:00,408 - DSM_MultiModelExp_llm_rag_ollama:llama3.3:70b-8k - INFO - Query: 
    Please identify system-level proximity relationships (in contact) between the components of Power Screwdriver, as listed below, and represent them in a Design Structure Matrix (DSM) format.  
    The relationships should be articulated in plain English, capturing the essence of their interactions. 
    Here is the list of subsystems/components to analyze: ['Bit', 'Transmission', 'Motor', 'Electrical System', 'Battery Holder', 'Housing', 'External Environment'] 
    The DSM should clearly indicate the interactions between these components as 1 exist and 0 does not exist, considering both the presence and nature of these connections.         
    Present the output in a square matrix format (number of rows and columns MUST be the same as the number of components = 7 for this example), with rows and columns labeled accordingly. 
    Diagonal elements should be 1 in DSM matrix since each component interacts with itself. 
    If you don't know the answer, just write 2 for the specific cell that you are unsure of. A worst case scenario of the **as a list of lists** shown below (diagonal elements are 1 and rest are 2). Don't make up an answer.     final response = [
        [1, 2, 2, 2, 2, 2, 2],
        [2, 1, 2, 2, 2, 2, 2],
        [2, 2, 1, 2, 2, 2, 2],
        [2, 2, 2, 1, 2, 2, 2],
        [2, 2, 2, 2, 1, 2, 2],
        [2, 2, 2, 2, 2, 1, 2],
        [2, 2, 2, 2, 2, 2, 1]
    ]

    IMPORTANT: Your response must **ONLY** contain a valid **as a list of lists** in the following example format 7x7 matrix.     
    The below list of lists is just an example format of your response. **Replace** the values with your **actual analysis** while providing your response with parameter of 'final response'.    
    final response = [
        [1, 0, 0, 0, 0, 0, 0],
        [0, 1, 0, 0, 0, 0, 0],
        [0, 0, 1, 0, 0, 0, 0],
        [0, 0, 0, 1, 0, 0, 0],
        [0, 0, 0, 0, 1, 0, 0],
        [0, 0, 0, 0, 0, 1, 0],
        [0, 0, 0, 0, 0, 0, 1]
    ]

    IMPORTANT: THE FORMAT OF THE OUTPUT MUST BE AS LIST OF LISTS ONLY SIMILAR TO THE ONE ABOVE (NO LATEX, CODE, OR OTHER ENCODINGS).
    
2025-02-14 20:47:00,409 - DSM_MultiModelExp_llm_rag_ollama:llama3.3:70b-8k - INFO - Response: final response = [
        [1, 1, 1, 1, 0, 1, 0],
        [1, 1, 1, 0, 0, 0, 0],
        [1, 1, 1, 1, 0, 1, 0],
        [1, 0, 1, 1, 1, 1, 0],
        [0, 0, 0, 1, 1, 1, 0],
        [1, 0, 1, 1, 1, 1, 0],
        [0, 0, 0, 0, 0, 0, 1]
    ]
2025-02-14 20:47:00,410 - DSM_MultiModelExp_llm_rag_ollama:llama3.3:70b-8k - INFO - Matrix from response.
2025-02-14 20:47:00,411 - DSM_MultiModelExp_llm_rag_ollama:llama3.3:70b-8k - INFO - At run 2/5
2025-02-14 20:47:00,412 - DSM_MultiModelExp_llm_rag_ollama:llama3.3:70b-8k - INFO - Matrix: [[1, 1, 1, 1, 0, 1, 0], [1, 1, 1, 0, 0, 0, 0], [1, 1, 1, 1, 0, 1, 0], [1, 0, 1, 1, 1, 1, 0], [0, 0, 0, 1, 1, 1, 0], [1, 0, 1, 1, 1, 1, 0], [0, 0, 0, 0, 0, 0, 1]]
2025-02-14 20:47:00,412 - DSM_MultiModelExp_llm_rag_ollama:llama3.3:70b-8k - INFO - --------------------------------------------------
2025-02-14 20:47:10,423 - DSM_MultiModelExp_llm_rag_ollama:llama3.3:70b-8k - INFO - Run 3/5
2025-02-14 20:47:10,459 - DSM_MultiModelExp_llm_rag_ollama:llama3.3:70b-8k - INFO - DEBUG: Initializing RAGInference.
2025-02-14 20:47:10,460 - DSM_MultiModelExp_llm_rag_ollama:llama3.3:70b-8k - INFO - Using R-type: ['R1', 'R3']
2025-02-14 20:47:10,461 - DSM_MultiModelExp_llm_rag_ollama:llama3.3:70b-8k - INFO - Using embedding model: text-embedding-3-small
2025-02-14 20:47:10,495 - DSM_MultiModelExp_llm_rag_ollama:llama3.3:70b-8k - INFO - VectorStoreManager initialized
2025-02-14 20:47:10,496 - DSM_MultiModelExp_llm_rag_ollama:llama3.3:70b-8k - INFO - Set database path to: xLM_DSM/data/vectorstore/PowerDrill/llm_rag/text-embedding-3-small
2025-02-14 20:47:10,505 - DSM_MultiModelExp_llm_rag_ollama:llama3.3:70b-8k - INFO - Collection count: 2855
2025-02-14 20:47:10,508 - DSM_MultiModelExp_llm_rag_ollama:llama3.3:70b-8k - INFO - Initialized RAG inference for system: PowerDrill
2025-02-14 20:47:10,509 - DSM_MultiModelExp_llm_rag_ollama:llama3.3:70b-8k - INFO - Initialized DSM for system: PowerDrill
2025-02-14 20:47:10,510 - DSM_MultiModelExp_llm_rag_ollama:llama3.3:70b-8k - INFO - Inference model: ollama:llama3.3:70b-8k
2025-02-14 20:47:25,807 - DSM_MultiModelExp_llm_rag_ollama:llama3.3:70b-8k - INFO - Number of documents retrieved: 5
2025-02-14 20:47:25,808 - DSM_MultiModelExp_llm_rag_ollama:llama3.3:70b-8k - INFO - Documents used for this query:
2025-02-14 20:47:25,809 - DSM_MultiModelExp_llm_rag_ollama:llama3.3:70b-8k - INFO - File: ../data/use_cases_large/PowerDrill/reference_pdfs/R1_combined.pdf
2025-02-14 20:47:25,810 - DSM_MultiModelExp_llm_rag_ollama:llama3.3:70b-8k - INFO - Page: 34
2025-02-14 20:47:25,811 - DSM_MultiModelExp_llm_rag_ollama:llama3.3:70b-8k - INFO - Content: power	
  screwdriver	
   158	
  5.9	
   (a)	
  –	
  (c)	
  binary	
  adjacency	
  matrices	
  and	
  spy	
  plots	
  for	
  screwdrivers	
   159	
  5.10	
   Sample	
  distribution	
  for	
  a	
  screw ...
2025-02-14 20:47:25,812 - DSM_MultiModelExp_llm_rag_ollama:llama3.3:70b-8k - INFO - File: ../data/use_cases_large/PowerDrill/reference_pdfs/R1_combined.pdf
2025-02-14 20:47:25,813 - DSM_MultiModelExp_llm_rag_ollama:llama3.3:70b-8k - INFO - Page: 1
2025-02-14 20:47:25,814 - DSM_MultiModelExp_llm_rag_ollama:llama3.3:70b-8k - INFO - Content: A component DSM is used to capture and represent the interactions between elements of a system
(Warﬁeld 1973, Steward 1981, Browning 2001). An element may represent a single component,
an assembly of  ...
2025-02-14 20:47:25,815 - DSM_MultiModelExp_llm_rag_ollama:llama3.3:70b-8k - INFO - File: ../data/use_cases_large/PowerDrill/reference_pdfs/R1_combined.pdf
2025-02-14 20:47:25,816 - DSM_MultiModelExp_llm_rag_ollama:llama3.3:70b-8k - INFO - Page: 181
2025-02-14 20:47:25,817 - DSM_MultiModelExp_llm_rag_ollama:llama3.3:70b-8k - INFO - Content: Fig.	
  5.8:	
  Components	
  of	
  the	
  Black	
  &	
  Decker	
  alkaline	
  screwdriver	
  [Tilstra,	
  2010].	
  	
   The	
   developed	
   Product	
   Design	
   Structure	
   Matrices	
   (DSM)	 ...
2025-02-14 20:47:25,818 - DSM_MultiModelExp_llm_rag_ollama:llama3.3:70b-8k - INFO - File: ../data/use_cases_large/PowerDrill/reference_pdfs/R1_combined.pdf
2025-02-14 20:47:25,819 - DSM_MultiModelExp_llm_rag_ollama:llama3.3:70b-8k - INFO - Page: 11
2025-02-14 20:47:25,820 - DSM_MultiModelExp_llm_rag_ollama:llama3.3:70b-8k - INFO - Content: with the external surroundings:
(1) Bit.
(2) Transmission.
(3) Motor.
(4) Electrical system.
(5) Battery holder.
(6) Housing.
(7) External.
The BOM created during disassembly indicated a total quantit ...
2025-02-14 20:47:25,821 - DSM_MultiModelExp_llm_rag_ollama:llama3.3:70b-8k - INFO - File: ../data/use_cases_large/PowerDrill/reference_pdfs/R1_combined.pdf
2025-02-14 20:47:25,821 - DSM_MultiModelExp_llm_rag_ollama:llama3.3:70b-8k - INFO - Page: 34
2025-02-14 20:47:25,822 - DSM_MultiModelExp_llm_rag_ollama:llama3.3:70b-8k - INFO - Content: 4.5	
   Plot	
  of	
  structural	
  complexity	
  and	
  average	
  model	
  build	
  time	
   136	
  4.6	
   Aggregate	
  level	
  statistical	
  model	
  using	
  individual	
  level	
  data	
   141 ...
2025-02-14 20:47:25,823 - DSM_MultiModelExp_llm_rag_ollama:llama3.3:70b-8k - INFO - Raw Response: final response = [
        [1, 1, 1, 1, 0, 1, 0],
        [1, 1, 1, 0, 0, 0, 0],
        [1, 1, 1, 1, 0, 1, 0],
        [1, 0, 1, 1, 1, 1, 0],
        [0, 0, 0, 1, 1, 1, 0],
        [1, 0, 1, 1, 1, 1, 0],
        [0, 0, 0, 0, 0, 0, 1]
    ]
2025-02-14 20:47:25,824 - DSM_MultiModelExp_llm_rag_ollama:llama3.3:70b-8k - INFO - Query: 
    Please identify system-level proximity relationships (in contact) between the components of Power Screwdriver, as listed below, and represent them in a Design Structure Matrix (DSM) format.  
    The relationships should be articulated in plain English, capturing the essence of their interactions. 
    Here is the list of subsystems/components to analyze: ['Bit', 'Transmission', 'Motor', 'Electrical System', 'Battery Holder', 'Housing', 'External Environment'] 
    The DSM should clearly indicate the interactions between these components as 1 exist and 0 does not exist, considering both the presence and nature of these connections.         
    Present the output in a square matrix format (number of rows and columns MUST be the same as the number of components = 7 for this example), with rows and columns labeled accordingly. 
    Diagonal elements should be 1 in DSM matrix since each component interacts with itself. 
    If you don't know the answer, just write 2 for the specific cell that you are unsure of. A worst case scenario of the **as a list of lists** shown below (diagonal elements are 1 and rest are 2). Don't make up an answer.     final response = [
        [1, 2, 2, 2, 2, 2, 2],
        [2, 1, 2, 2, 2, 2, 2],
        [2, 2, 1, 2, 2, 2, 2],
        [2, 2, 2, 1, 2, 2, 2],
        [2, 2, 2, 2, 1, 2, 2],
        [2, 2, 2, 2, 2, 1, 2],
        [2, 2, 2, 2, 2, 2, 1]
    ]

    IMPORTANT: Your response must **ONLY** contain a valid **as a list of lists** in the following example format 7x7 matrix.     
    The below list of lists is just an example format of your response. **Replace** the values with your **actual analysis** while providing your response with parameter of 'final response'.    
    final response = [
        [1, 0, 0, 0, 0, 0, 0],
        [0, 1, 0, 0, 0, 0, 0],
        [0, 0, 1, 0, 0, 0, 0],
        [0, 0, 0, 1, 0, 0, 0],
        [0, 0, 0, 0, 1, 0, 0],
        [0, 0, 0, 0, 0, 1, 0],
        [0, 0, 0, 0, 0, 0, 1]
    ]

    IMPORTANT: THE FORMAT OF THE OUTPUT MUST BE AS LIST OF LISTS ONLY SIMILAR TO THE ONE ABOVE (NO LATEX, CODE, OR OTHER ENCODINGS).
    
2025-02-14 20:47:25,825 - DSM_MultiModelExp_llm_rag_ollama:llama3.3:70b-8k - INFO - Response: final response = [
        [1, 1, 1, 1, 0, 1, 0],
        [1, 1, 1, 0, 0, 0, 0],
        [1, 1, 1, 1, 0, 1, 0],
        [1, 0, 1, 1, 1, 1, 0],
        [0, 0, 0, 1, 1, 1, 0],
        [1, 0, 1, 1, 1, 1, 0],
        [0, 0, 0, 0, 0, 0, 1]
    ]
2025-02-14 20:47:25,826 - DSM_MultiModelExp_llm_rag_ollama:llama3.3:70b-8k - INFO - Matrix from response.
2025-02-14 20:47:25,827 - DSM_MultiModelExp_llm_rag_ollama:llama3.3:70b-8k - INFO - At run 3/5
2025-02-14 20:47:25,828 - DSM_MultiModelExp_llm_rag_ollama:llama3.3:70b-8k - INFO - Matrix: [[1, 1, 1, 1, 0, 1, 0], [1, 1, 1, 0, 0, 0, 0], [1, 1, 1, 1, 0, 1, 0], [1, 0, 1, 1, 1, 1, 0], [0, 0, 0, 1, 1, 1, 0], [1, 0, 1, 1, 1, 1, 0], [0, 0, 0, 0, 0, 0, 1]]
2025-02-14 20:47:25,829 - DSM_MultiModelExp_llm_rag_ollama:llama3.3:70b-8k - INFO - --------------------------------------------------
2025-02-14 20:47:35,840 - DSM_MultiModelExp_llm_rag_ollama:llama3.3:70b-8k - INFO - Run 4/5
2025-02-14 20:47:35,878 - DSM_MultiModelExp_llm_rag_ollama:llama3.3:70b-8k - INFO - DEBUG: Initializing RAGInference.
2025-02-14 20:47:35,878 - DSM_MultiModelExp_llm_rag_ollama:llama3.3:70b-8k - INFO - Using R-type: ['R1', 'R3']
2025-02-14 20:47:35,879 - DSM_MultiModelExp_llm_rag_ollama:llama3.3:70b-8k - INFO - Using embedding model: text-embedding-3-small
2025-02-14 20:47:35,914 - DSM_MultiModelExp_llm_rag_ollama:llama3.3:70b-8k - INFO - VectorStoreManager initialized
2025-02-14 20:47:35,914 - DSM_MultiModelExp_llm_rag_ollama:llama3.3:70b-8k - INFO - Set database path to: xLM_DSM/data/vectorstore/PowerDrill/llm_rag/text-embedding-3-small
2025-02-14 20:47:35,923 - DSM_MultiModelExp_llm_rag_ollama:llama3.3:70b-8k - INFO - Collection count: 2855
2025-02-14 20:47:35,926 - DSM_MultiModelExp_llm_rag_ollama:llama3.3:70b-8k - INFO - Initialized RAG inference for system: PowerDrill
2025-02-14 20:47:35,927 - DSM_MultiModelExp_llm_rag_ollama:llama3.3:70b-8k - INFO - Initialized DSM for system: PowerDrill
2025-02-14 20:47:35,928 - DSM_MultiModelExp_llm_rag_ollama:llama3.3:70b-8k - INFO - Inference model: ollama:llama3.3:70b-8k
2025-02-14 20:47:51,543 - DSM_MultiModelExp_llm_rag_ollama:llama3.3:70b-8k - INFO - Number of documents retrieved: 5
2025-02-14 20:47:51,545 - DSM_MultiModelExp_llm_rag_ollama:llama3.3:70b-8k - INFO - Documents used for this query:
2025-02-14 20:47:51,546 - DSM_MultiModelExp_llm_rag_ollama:llama3.3:70b-8k - INFO - File: ../data/use_cases_large/PowerDrill/reference_pdfs/R1_combined.pdf
2025-02-14 20:47:51,547 - DSM_MultiModelExp_llm_rag_ollama:llama3.3:70b-8k - INFO - Page: 34
2025-02-14 20:47:51,547 - DSM_MultiModelExp_llm_rag_ollama:llama3.3:70b-8k - INFO - Content: power	
  screwdriver	
   158	
  5.9	
   (a)	
  –	
  (c)	
  binary	
  adjacency	
  matrices	
  and	
  spy	
  plots	
  for	
  screwdrivers	
   159	
  5.10	
   Sample	
  distribution	
  for	
  a	
  screw ...
2025-02-14 20:47:51,548 - DSM_MultiModelExp_llm_rag_ollama:llama3.3:70b-8k - INFO - File: ../data/use_cases_large/PowerDrill/reference_pdfs/R1_combined.pdf
2025-02-14 20:47:51,550 - DSM_MultiModelExp_llm_rag_ollama:llama3.3:70b-8k - INFO - Page: 1
2025-02-14 20:47:51,551 - DSM_MultiModelExp_llm_rag_ollama:llama3.3:70b-8k - INFO - Content: A component DSM is used to capture and represent the interactions between elements of a system
(Warﬁeld 1973, Steward 1981, Browning 2001). An element may represent a single component,
an assembly of  ...
2025-02-14 20:47:51,552 - DSM_MultiModelExp_llm_rag_ollama:llama3.3:70b-8k - INFO - File: ../data/use_cases_large/PowerDrill/reference_pdfs/R1_combined.pdf
2025-02-14 20:47:51,553 - DSM_MultiModelExp_llm_rag_ollama:llama3.3:70b-8k - INFO - Page: 181
2025-02-14 20:47:51,554 - DSM_MultiModelExp_llm_rag_ollama:llama3.3:70b-8k - INFO - Content: Fig.	
  5.8:	
  Components	
  of	
  the	
  Black	
  &	
  Decker	
  alkaline	
  screwdriver	
  [Tilstra,	
  2010].	
  	
   The	
   developed	
   Product	
   Design	
   Structure	
   Matrices	
   (DSM)	 ...
2025-02-14 20:47:51,555 - DSM_MultiModelExp_llm_rag_ollama:llama3.3:70b-8k - INFO - File: ../data/use_cases_large/PowerDrill/reference_pdfs/R1_combined.pdf
2025-02-14 20:47:51,556 - DSM_MultiModelExp_llm_rag_ollama:llama3.3:70b-8k - INFO - Page: 11
2025-02-14 20:47:51,557 - DSM_MultiModelExp_llm_rag_ollama:llama3.3:70b-8k - INFO - Content: with the external surroundings:
(1) Bit.
(2) Transmission.
(3) Motor.
(4) Electrical system.
(5) Battery holder.
(6) Housing.
(7) External.
The BOM created during disassembly indicated a total quantit ...
2025-02-14 20:47:51,558 - DSM_MultiModelExp_llm_rag_ollama:llama3.3:70b-8k - INFO - File: ../data/use_cases_large/PowerDrill/reference_pdfs/R1_combined.pdf
2025-02-14 20:47:51,559 - DSM_MultiModelExp_llm_rag_ollama:llama3.3:70b-8k - INFO - Page: 34
2025-02-14 20:47:51,560 - DSM_MultiModelExp_llm_rag_ollama:llama3.3:70b-8k - INFO - Content: 4.5	
   Plot	
  of	
  structural	
  complexity	
  and	
  average	
  model	
  build	
  time	
   136	
  4.6	
   Aggregate	
  level	
  statistical	
  model	
  using	
  individual	
  level	
  data	
   141 ...
2025-02-14 20:47:51,560 - DSM_MultiModelExp_llm_rag_ollama:llama3.3:70b-8k - INFO - Raw Response: final response = [
        [1, 1, 1, 1, 0, 1, 0],
        [1, 1, 1, 0, 0, 0, 0],
        [1, 1, 1, 1, 0, 1, 0],
        [1, 0, 1, 1, 1, 1, 0],
        [0, 0, 0, 1, 1, 1, 0],
        [1, 0, 1, 1, 1, 1, 0],
        [0, 0, 0, 0, 0, 0, 1]
    ]
2025-02-14 20:47:51,561 - DSM_MultiModelExp_llm_rag_ollama:llama3.3:70b-8k - INFO - Query: 
    Please identify system-level proximity relationships (in contact) between the components of Power Screwdriver, as listed below, and represent them in a Design Structure Matrix (DSM) format.  
    The relationships should be articulated in plain English, capturing the essence of their interactions. 
    Here is the list of subsystems/components to analyze: ['Bit', 'Transmission', 'Motor', 'Electrical System', 'Battery Holder', 'Housing', 'External Environment'] 
    The DSM should clearly indicate the interactions between these components as 1 exist and 0 does not exist, considering both the presence and nature of these connections.         
    Present the output in a square matrix format (number of rows and columns MUST be the same as the number of components = 7 for this example), with rows and columns labeled accordingly. 
    Diagonal elements should be 1 in DSM matrix since each component interacts with itself. 
    If you don't know the answer, just write 2 for the specific cell that you are unsure of. A worst case scenario of the **as a list of lists** shown below (diagonal elements are 1 and rest are 2). Don't make up an answer.     final response = [
        [1, 2, 2, 2, 2, 2, 2],
        [2, 1, 2, 2, 2, 2, 2],
        [2, 2, 1, 2, 2, 2, 2],
        [2, 2, 2, 1, 2, 2, 2],
        [2, 2, 2, 2, 1, 2, 2],
        [2, 2, 2, 2, 2, 1, 2],
        [2, 2, 2, 2, 2, 2, 1]
    ]

    IMPORTANT: Your response must **ONLY** contain a valid **as a list of lists** in the following example format 7x7 matrix.     
    The below list of lists is just an example format of your response. **Replace** the values with your **actual analysis** while providing your response with parameter of 'final response'.    
    final response = [
        [1, 0, 0, 0, 0, 0, 0],
        [0, 1, 0, 0, 0, 0, 0],
        [0, 0, 1, 0, 0, 0, 0],
        [0, 0, 0, 1, 0, 0, 0],
        [0, 0, 0, 0, 1, 0, 0],
        [0, 0, 0, 0, 0, 1, 0],
        [0, 0, 0, 0, 0, 0, 1]
    ]

    IMPORTANT: THE FORMAT OF THE OUTPUT MUST BE AS LIST OF LISTS ONLY SIMILAR TO THE ONE ABOVE (NO LATEX, CODE, OR OTHER ENCODINGS).
    
2025-02-14 20:47:51,563 - DSM_MultiModelExp_llm_rag_ollama:llama3.3:70b-8k - INFO - Response: final response = [
        [1, 1, 1, 1, 0, 1, 0],
        [1, 1, 1, 0, 0, 0, 0],
        [1, 1, 1, 1, 0, 1, 0],
        [1, 0, 1, 1, 1, 1, 0],
        [0, 0, 0, 1, 1, 1, 0],
        [1, 0, 1, 1, 1, 1, 0],
        [0, 0, 0, 0, 0, 0, 1]
    ]
2025-02-14 20:47:51,564 - DSM_MultiModelExp_llm_rag_ollama:llama3.3:70b-8k - INFO - Matrix from response.
2025-02-14 20:47:51,564 - DSM_MultiModelExp_llm_rag_ollama:llama3.3:70b-8k - INFO - At run 4/5
2025-02-14 20:47:51,565 - DSM_MultiModelExp_llm_rag_ollama:llama3.3:70b-8k - INFO - Matrix: [[1, 1, 1, 1, 0, 1, 0], [1, 1, 1, 0, 0, 0, 0], [1, 1, 1, 1, 0, 1, 0], [1, 0, 1, 1, 1, 1, 0], [0, 0, 0, 1, 1, 1, 0], [1, 0, 1, 1, 1, 1, 0], [0, 0, 0, 0, 0, 0, 1]]
2025-02-14 20:47:51,566 - DSM_MultiModelExp_llm_rag_ollama:llama3.3:70b-8k - INFO - --------------------------------------------------
2025-02-14 20:48:01,577 - DSM_MultiModelExp_llm_rag_ollama:llama3.3:70b-8k - INFO - Run 5/5
2025-02-14 20:48:01,605 - DSM_MultiModelExp_llm_rag_ollama:llama3.3:70b-8k - INFO - DEBUG: Initializing RAGInference.
2025-02-14 20:48:01,606 - DSM_MultiModelExp_llm_rag_ollama:llama3.3:70b-8k - INFO - Using R-type: ['R1', 'R3']
2025-02-14 20:48:01,606 - DSM_MultiModelExp_llm_rag_ollama:llama3.3:70b-8k - INFO - Using embedding model: text-embedding-3-small
2025-02-14 20:48:01,633 - DSM_MultiModelExp_llm_rag_ollama:llama3.3:70b-8k - INFO - VectorStoreManager initialized
2025-02-14 20:48:01,634 - DSM_MultiModelExp_llm_rag_ollama:llama3.3:70b-8k - INFO - Set database path to: xLM_DSM/data/vectorstore/PowerDrill/llm_rag/text-embedding-3-small
2025-02-14 20:48:01,642 - DSM_MultiModelExp_llm_rag_ollama:llama3.3:70b-8k - INFO - Collection count: 2855
2025-02-14 20:48:01,645 - DSM_MultiModelExp_llm_rag_ollama:llama3.3:70b-8k - INFO - Initialized RAG inference for system: PowerDrill
2025-02-14 20:48:01,646 - DSM_MultiModelExp_llm_rag_ollama:llama3.3:70b-8k - INFO - Initialized DSM for system: PowerDrill
2025-02-14 20:48:01,647 - DSM_MultiModelExp_llm_rag_ollama:llama3.3:70b-8k - INFO - Inference model: ollama:llama3.3:70b-8k
2025-02-14 20:48:17,056 - DSM_MultiModelExp_llm_rag_ollama:llama3.3:70b-8k - INFO - Number of documents retrieved: 5
2025-02-14 20:48:17,057 - DSM_MultiModelExp_llm_rag_ollama:llama3.3:70b-8k - INFO - Documents used for this query:
2025-02-14 20:48:17,058 - DSM_MultiModelExp_llm_rag_ollama:llama3.3:70b-8k - INFO - File: ../data/use_cases_large/PowerDrill/reference_pdfs/R1_combined.pdf
2025-02-14 20:48:17,059 - DSM_MultiModelExp_llm_rag_ollama:llama3.3:70b-8k - INFO - Page: 34
2025-02-14 20:48:17,060 - DSM_MultiModelExp_llm_rag_ollama:llama3.3:70b-8k - INFO - Content: power	
  screwdriver	
   158	
  5.9	
   (a)	
  –	
  (c)	
  binary	
  adjacency	
  matrices	
  and	
  spy	
  plots	
  for	
  screwdrivers	
   159	
  5.10	
   Sample	
  distribution	
  for	
  a	
  screw ...
2025-02-14 20:48:17,061 - DSM_MultiModelExp_llm_rag_ollama:llama3.3:70b-8k - INFO - File: ../data/use_cases_large/PowerDrill/reference_pdfs/R1_combined.pdf
2025-02-14 20:48:17,062 - DSM_MultiModelExp_llm_rag_ollama:llama3.3:70b-8k - INFO - Page: 1
2025-02-14 20:48:17,063 - DSM_MultiModelExp_llm_rag_ollama:llama3.3:70b-8k - INFO - Content: A component DSM is used to capture and represent the interactions between elements of a system
(Warﬁeld 1973, Steward 1981, Browning 2001). An element may represent a single component,
an assembly of  ...
2025-02-14 20:48:17,064 - DSM_MultiModelExp_llm_rag_ollama:llama3.3:70b-8k - INFO - File: ../data/use_cases_large/PowerDrill/reference_pdfs/R1_combined.pdf
2025-02-14 20:48:17,065 - DSM_MultiModelExp_llm_rag_ollama:llama3.3:70b-8k - INFO - Page: 181
2025-02-14 20:48:17,065 - DSM_MultiModelExp_llm_rag_ollama:llama3.3:70b-8k - INFO - Content: Fig.	
  5.8:	
  Components	
  of	
  the	
  Black	
  &	
  Decker	
  alkaline	
  screwdriver	
  [Tilstra,	
  2010].	
  	
   The	
   developed	
   Product	
   Design	
   Structure	
   Matrices	
   (DSM)	 ...
2025-02-14 20:48:17,067 - DSM_MultiModelExp_llm_rag_ollama:llama3.3:70b-8k - INFO - File: ../data/use_cases_large/PowerDrill/reference_pdfs/R1_combined.pdf
2025-02-14 20:48:17,068 - DSM_MultiModelExp_llm_rag_ollama:llama3.3:70b-8k - INFO - Page: 11
2025-02-14 20:48:17,068 - DSM_MultiModelExp_llm_rag_ollama:llama3.3:70b-8k - INFO - Content: with the external surroundings:
(1) Bit.
(2) Transmission.
(3) Motor.
(4) Electrical system.
(5) Battery holder.
(6) Housing.
(7) External.
The BOM created during disassembly indicated a total quantit ...
2025-02-14 20:48:17,069 - DSM_MultiModelExp_llm_rag_ollama:llama3.3:70b-8k - INFO - File: ../data/use_cases_large/PowerDrill/reference_pdfs/R1_combined.pdf
2025-02-14 20:48:17,070 - DSM_MultiModelExp_llm_rag_ollama:llama3.3:70b-8k - INFO - Page: 34
2025-02-14 20:48:17,071 - DSM_MultiModelExp_llm_rag_ollama:llama3.3:70b-8k - INFO - Content: 4.5	
   Plot	
  of	
  structural	
  complexity	
  and	
  average	
  model	
  build	
  time	
   136	
  4.6	
   Aggregate	
  level	
  statistical	
  model	
  using	
  individual	
  level	
  data	
   141 ...
2025-02-14 20:48:17,072 - DSM_MultiModelExp_llm_rag_ollama:llama3.3:70b-8k - INFO - Raw Response: final response = [
        [1, 1, 1, 1, 0, 1, 0],
        [1, 1, 1, 0, 0, 0, 0],
        [1, 1, 1, 1, 0, 1, 0],
        [1, 0, 1, 1, 1, 1, 0],
        [0, 0, 0, 1, 1, 1, 0],
        [1, 0, 1, 1, 1, 1, 0],
        [0, 0, 0, 0, 0, 0, 1]
    ]
2025-02-14 20:48:17,073 - DSM_MultiModelExp_llm_rag_ollama:llama3.3:70b-8k - INFO - Query: 
    Please identify system-level proximity relationships (in contact) between the components of Power Screwdriver, as listed below, and represent them in a Design Structure Matrix (DSM) format.  
    The relationships should be articulated in plain English, capturing the essence of their interactions. 
    Here is the list of subsystems/components to analyze: ['Bit', 'Transmission', 'Motor', 'Electrical System', 'Battery Holder', 'Housing', 'External Environment'] 
    The DSM should clearly indicate the interactions between these components as 1 exist and 0 does not exist, considering both the presence and nature of these connections.         
    Present the output in a square matrix format (number of rows and columns MUST be the same as the number of components = 7 for this example), with rows and columns labeled accordingly. 
    Diagonal elements should be 1 in DSM matrix since each component interacts with itself. 
    If you don't know the answer, just write 2 for the specific cell that you are unsure of. A worst case scenario of the **as a list of lists** shown below (diagonal elements are 1 and rest are 2). Don't make up an answer.     final response = [
        [1, 2, 2, 2, 2, 2, 2],
        [2, 1, 2, 2, 2, 2, 2],
        [2, 2, 1, 2, 2, 2, 2],
        [2, 2, 2, 1, 2, 2, 2],
        [2, 2, 2, 2, 1, 2, 2],
        [2, 2, 2, 2, 2, 1, 2],
        [2, 2, 2, 2, 2, 2, 1]
    ]

    IMPORTANT: Your response must **ONLY** contain a valid **as a list of lists** in the following example format 7x7 matrix.     
    The below list of lists is just an example format of your response. **Replace** the values with your **actual analysis** while providing your response with parameter of 'final response'.    
    final response = [
        [1, 0, 0, 0, 0, 0, 0],
        [0, 1, 0, 0, 0, 0, 0],
        [0, 0, 1, 0, 0, 0, 0],
        [0, 0, 0, 1, 0, 0, 0],
        [0, 0, 0, 0, 1, 0, 0],
        [0, 0, 0, 0, 0, 1, 0],
        [0, 0, 0, 0, 0, 0, 1]
    ]

    IMPORTANT: THE FORMAT OF THE OUTPUT MUST BE AS LIST OF LISTS ONLY SIMILAR TO THE ONE ABOVE (NO LATEX, CODE, OR OTHER ENCODINGS).
    
2025-02-14 20:48:17,073 - DSM_MultiModelExp_llm_rag_ollama:llama3.3:70b-8k - INFO - Response: final response = [
        [1, 1, 1, 1, 0, 1, 0],
        [1, 1, 1, 0, 0, 0, 0],
        [1, 1, 1, 1, 0, 1, 0],
        [1, 0, 1, 1, 1, 1, 0],
        [0, 0, 0, 1, 1, 1, 0],
        [1, 0, 1, 1, 1, 1, 0],
        [0, 0, 0, 0, 0, 0, 1]
    ]
2025-02-14 20:48:17,074 - DSM_MultiModelExp_llm_rag_ollama:llama3.3:70b-8k - INFO - Matrix from response.
2025-02-14 20:48:17,075 - DSM_MultiModelExp_llm_rag_ollama:llama3.3:70b-8k - INFO - At run 5/5
2025-02-14 20:48:17,076 - DSM_MultiModelExp_llm_rag_ollama:llama3.3:70b-8k - INFO - Matrix: [[1, 1, 1, 1, 0, 1, 0], [1, 1, 1, 0, 0, 0, 0], [1, 1, 1, 1, 0, 1, 0], [1, 0, 1, 1, 1, 1, 0], [0, 0, 0, 1, 1, 1, 0], [1, 0, 1, 1, 1, 1, 0], [0, 0, 0, 0, 0, 0, 1]]
2025-02-14 20:48:17,077 - DSM_MultiModelExp_llm_rag_ollama:llama3.3:70b-8k - INFO - --------------------------------------------------
2025-02-14 20:48:27,088 - DSM_MultiModelExp_llm_rag_ollama:llama3.3:70b-8k - INFO - Duration of reference combination {'R1': [{'path': '../data/use_cases_large/PowerDrill/reference_pdfs/R1_combined.pdf'}], 'R3': [{'path': '../data/use_cases_large/PowerDrill/reference_pdfs/R3_combined.pdf'}]}: 0:02:08.188128
2025-02-14 20:48:27,089 - DSM_MultiModelExp_llm_rag_ollama:llama3.3:70b-8k - INFO - ++++++++++++++++++++++++++++++++++++++++++++++++++++++++++++++++++++++++++++++++++++++++++++++++++++
2025-02-14 20:48:27,090 - DSM_MultiModelExp_llm_rag_ollama:llama3.3:70b-8k - INFO - Run 1/5
2025-02-14 20:48:27,128 - DSM_MultiModelExp_llm_rag_ollama:llama3.3:70b-8k - INFO - DEBUG: Initializing RAGInference.
2025-02-14 20:48:27,129 - DSM_MultiModelExp_llm_rag_ollama:llama3.3:70b-8k - INFO - Using R-type: ['R2', 'R3']
2025-02-14 20:48:27,130 - DSM_MultiModelExp_llm_rag_ollama:llama3.3:70b-8k - INFO - Using embedding model: text-embedding-3-small
2025-02-14 20:48:27,163 - DSM_MultiModelExp_llm_rag_ollama:llama3.3:70b-8k - INFO - VectorStoreManager initialized
2025-02-14 20:48:27,164 - DSM_MultiModelExp_llm_rag_ollama:llama3.3:70b-8k - INFO - Set database path to: xLM_DSM/data/vectorstore/PowerDrill/llm_rag/text-embedding-3-small
2025-02-14 20:48:27,173 - DSM_MultiModelExp_llm_rag_ollama:llama3.3:70b-8k - INFO - Collection count: 2855
2025-02-14 20:48:27,176 - DSM_MultiModelExp_llm_rag_ollama:llama3.3:70b-8k - INFO - Initialized RAG inference for system: PowerDrill
2025-02-14 20:48:27,177 - DSM_MultiModelExp_llm_rag_ollama:llama3.3:70b-8k - INFO - Initialized DSM for system: PowerDrill
2025-02-14 20:48:27,178 - DSM_MultiModelExp_llm_rag_ollama:llama3.3:70b-8k - INFO - Inference model: ollama:llama3.3:70b-8k
2025-02-14 20:48:47,339 - DSM_MultiModelExp_llm_rag_ollama:llama3.3:70b-8k - INFO - Number of documents retrieved: 5
2025-02-14 20:48:47,340 - DSM_MultiModelExp_llm_rag_ollama:llama3.3:70b-8k - INFO - Documents used for this query:
2025-02-14 20:48:47,341 - DSM_MultiModelExp_llm_rag_ollama:llama3.3:70b-8k - INFO - File: ../data/use_cases_large/PowerDrill/reference_pdfs/[2012 Eppinger] R2-Design structure matrix methods and applications.pdf
2025-02-14 20:48:47,342 - DSM_MultiModelExp_llm_rag_ollama:llama3.3:70b-8k - INFO - Page: 46
2025-02-14 20:48:47,343 - DSM_MultiModelExp_llm_rag_ollama:llama3.3:70b-8k - INFO - Content: using red shaded cells between pairs of components. 
Res ult s 
The DSM model identified six of the subsystems as somewhat modular, in that each 
subsystem primarily had interfaces among components wi ...
2025-02-14 20:48:47,345 - DSM_MultiModelExp_llm_rag_ollama:llama3.3:70b-8k - INFO - File: ../data/use_cases_large/PowerDrill/reference_pdfs/[2012 Eppinger] R2-Design structure matrix methods and applications.pdf
2025-02-14 20:48:47,346 - DSM_MultiModelExp_llm_rag_ollama:llama3.3:70b-8k - INFO - Page: 297
2025-02-14 20:48:47,346 - DSM_MultiModelExp_llm_rag_ollama:llama3.3:70b-8k - INFO - Content: Data Collection 
Through discussions with industrial design engineers in Committee No. 17 7 on System 
Design and Integration in the Japan Society for the Promotion of Science, we captured 
170 typica ...
2025-02-14 20:48:47,348 - DSM_MultiModelExp_llm_rag_ollama:llama3.3:70b-8k - INFO - File: ../data/use_cases_large/PowerDrill/reference_pdfs/[2012 Eppinger] R2-Design structure matrix methods and applications.pdf
2025-02-14 20:48:47,349 - DSM_MultiModelExp_llm_rag_ollama:llama3.3:70b-8k - INFO - Page: 275
2025-02-14 20:48:47,350 - DSM_MultiModelExp_llm_rag_ollama:llama3.3:70b-8k - INFO - Content: all of the DSMs on the diagonal are not). 
Figure 9.6.3 shows actual data for some of the individual DSMs and DMMs. In all cases, 
only binary matrices are used. For better identification and understa ...
2025-02-14 20:48:47,351 - DSM_MultiModelExp_llm_rag_ollama:llama3.3:70b-8k - INFO - File: ../data/use_cases_large/PowerDrill/reference_pdfs/[2012 Eppinger] R2-Design structure matrix methods and applications.pdf
2025-02-14 20:48:47,352 - DSM_MultiModelExp_llm_rag_ollama:llama3.3:70b-8k - INFO - Page: 101
2025-02-14 20:48:47,353 - DSM_MultiModelExp_llm_rag_ollama:llama3.3:70b-8k - INFO - Content: 95 Organization Architecture DSM Examples 
of one majo r component or subass embly and its produc tion system. We then asked 
the leader of each CT to complete a simple one-pa ge survey form , indicat ...
2025-02-14 20:48:47,354 - DSM_MultiModelExp_llm_rag_ollama:llama3.3:70b-8k - INFO - File: ../data/use_cases_large/PowerDrill/reference_pdfs/[2012 Eppinger] R2-Design structure matrix methods and applications.pdf
2025-02-14 20:48:47,355 - DSM_MultiModelExp_llm_rag_ollama:llama3.3:70b-8k - INFO - Page: 113
2025-02-14 20:48:47,356 - DSM_MultiModelExp_llm_rag_ollama:llama3.3:70b-8k - INFO - Content: 107 Organization Architecture DSM Examples 
Chamber, High-Pressure Turbine, Low-Pressu re Turbine, Mechanical Components, and 
Externals and Controls. The last six teams in the DSM corre spond to six  ...
2025-02-14 20:48:47,357 - DSM_MultiModelExp_llm_rag_ollama:llama3.3:70b-8k - INFO - Raw Response: final response = [
        [1, 1, 1, 1, 0, 1, 0],
        [1, 1, 1, 1, 0, 1, 0],
        [1, 1, 1, 1, 1, 1, 0],
        [1, 1, 1, 1, 1, 1, 0],
        [0, 0, 1, 1, 1, 1, 0],
        [1, 1, 1, 1, 1, 1, 0],
        [0, 0, 0, 0, 0, 0, 1]
    ]
2025-02-14 20:48:47,358 - DSM_MultiModelExp_llm_rag_ollama:llama3.3:70b-8k - INFO - Query: 
    Please identify system-level proximity relationships (in contact) between the components of Power Screwdriver, as listed below, and represent them in a Design Structure Matrix (DSM) format.  
    The relationships should be articulated in plain English, capturing the essence of their interactions. 
    Here is the list of subsystems/components to analyze: ['Bit', 'Transmission', 'Motor', 'Electrical System', 'Battery Holder', 'Housing', 'External Environment'] 
    The DSM should clearly indicate the interactions between these components as 1 exist and 0 does not exist, considering both the presence and nature of these connections.         
    Present the output in a square matrix format (number of rows and columns MUST be the same as the number of components = 7 for this example), with rows and columns labeled accordingly. 
    Diagonal elements should be 1 in DSM matrix since each component interacts with itself. 
    If you don't know the answer, just write 2 for the specific cell that you are unsure of. A worst case scenario of the **as a list of lists** shown below (diagonal elements are 1 and rest are 2). Don't make up an answer.     final response = [
        [1, 2, 2, 2, 2, 2, 2],
        [2, 1, 2, 2, 2, 2, 2],
        [2, 2, 1, 2, 2, 2, 2],
        [2, 2, 2, 1, 2, 2, 2],
        [2, 2, 2, 2, 1, 2, 2],
        [2, 2, 2, 2, 2, 1, 2],
        [2, 2, 2, 2, 2, 2, 1]
    ]

    IMPORTANT: Your response must **ONLY** contain a valid **as a list of lists** in the following example format 7x7 matrix.     
    The below list of lists is just an example format of your response. **Replace** the values with your **actual analysis** while providing your response with parameter of 'final response'.    
    final response = [
        [1, 0, 0, 0, 0, 0, 0],
        [0, 1, 0, 0, 0, 0, 0],
        [0, 0, 1, 0, 0, 0, 0],
        [0, 0, 0, 1, 0, 0, 0],
        [0, 0, 0, 0, 1, 0, 0],
        [0, 0, 0, 0, 0, 1, 0],
        [0, 0, 0, 0, 0, 0, 1]
    ]

    IMPORTANT: THE FORMAT OF THE OUTPUT MUST BE AS LIST OF LISTS ONLY SIMILAR TO THE ONE ABOVE (NO LATEX, CODE, OR OTHER ENCODINGS).
    
2025-02-14 20:48:47,359 - DSM_MultiModelExp_llm_rag_ollama:llama3.3:70b-8k - INFO - Response: final response = [
        [1, 1, 1, 1, 0, 1, 0],
        [1, 1, 1, 1, 0, 1, 0],
        [1, 1, 1, 1, 1, 1, 0],
        [1, 1, 1, 1, 1, 1, 0],
        [0, 0, 1, 1, 1, 1, 0],
        [1, 1, 1, 1, 1, 1, 0],
        [0, 0, 0, 0, 0, 0, 1]
    ]
2025-02-14 20:48:47,360 - DSM_MultiModelExp_llm_rag_ollama:llama3.3:70b-8k - INFO - Matrix from response.
2025-02-14 20:48:47,361 - DSM_MultiModelExp_llm_rag_ollama:llama3.3:70b-8k - INFO - At run 1/5
2025-02-14 20:48:47,362 - DSM_MultiModelExp_llm_rag_ollama:llama3.3:70b-8k - INFO - Matrix: [[1, 1, 1, 1, 0, 1, 0], [1, 1, 1, 1, 0, 1, 0], [1, 1, 1, 1, 1, 1, 0], [1, 1, 1, 1, 1, 1, 0], [0, 0, 1, 1, 1, 1, 0], [1, 1, 1, 1, 1, 1, 0], [0, 0, 0, 0, 0, 0, 1]]
2025-02-14 20:48:47,363 - DSM_MultiModelExp_llm_rag_ollama:llama3.3:70b-8k - INFO - --------------------------------------------------
2025-02-14 20:48:57,374 - DSM_MultiModelExp_llm_rag_ollama:llama3.3:70b-8k - INFO - Run 2/5
2025-02-14 20:48:57,410 - DSM_MultiModelExp_llm_rag_ollama:llama3.3:70b-8k - INFO - DEBUG: Initializing RAGInference.
2025-02-14 20:48:57,411 - DSM_MultiModelExp_llm_rag_ollama:llama3.3:70b-8k - INFO - Using R-type: ['R2', 'R3']
2025-02-14 20:48:57,412 - DSM_MultiModelExp_llm_rag_ollama:llama3.3:70b-8k - INFO - Using embedding model: text-embedding-3-small
2025-02-14 20:48:57,446 - DSM_MultiModelExp_llm_rag_ollama:llama3.3:70b-8k - INFO - VectorStoreManager initialized
2025-02-14 20:48:57,448 - DSM_MultiModelExp_llm_rag_ollama:llama3.3:70b-8k - INFO - Set database path to: xLM_DSM/data/vectorstore/PowerDrill/llm_rag/text-embedding-3-small
2025-02-14 20:48:57,456 - DSM_MultiModelExp_llm_rag_ollama:llama3.3:70b-8k - INFO - Collection count: 2855
2025-02-14 20:48:57,460 - DSM_MultiModelExp_llm_rag_ollama:llama3.3:70b-8k - INFO - Initialized RAG inference for system: PowerDrill
2025-02-14 20:48:57,460 - DSM_MultiModelExp_llm_rag_ollama:llama3.3:70b-8k - INFO - Initialized DSM for system: PowerDrill
2025-02-14 20:48:57,461 - DSM_MultiModelExp_llm_rag_ollama:llama3.3:70b-8k - INFO - Inference model: ollama:llama3.3:70b-8k
2025-02-14 20:49:11,669 - DSM_MultiModelExp_llm_rag_ollama:llama3.3:70b-8k - INFO - Number of documents retrieved: 5
2025-02-14 20:49:11,670 - DSM_MultiModelExp_llm_rag_ollama:llama3.3:70b-8k - INFO - Documents used for this query:
2025-02-14 20:49:11,672 - DSM_MultiModelExp_llm_rag_ollama:llama3.3:70b-8k - INFO - File: ../data/use_cases_large/PowerDrill/reference_pdfs/[2012 Eppinger] R2-Design structure matrix methods and applications.pdf
2025-02-14 20:49:11,672 - DSM_MultiModelExp_llm_rag_ollama:llama3.3:70b-8k - INFO - Page: 46
2025-02-14 20:49:11,673 - DSM_MultiModelExp_llm_rag_ollama:llama3.3:70b-8k - INFO - Content: using red shaded cells between pairs of components. 
Res ult s 
The DSM model identified six of the subsystems as somewhat modular, in that each 
subsystem primarily had interfaces among components wi ...
2025-02-14 20:49:11,674 - DSM_MultiModelExp_llm_rag_ollama:llama3.3:70b-8k - INFO - File: ../data/use_cases_large/PowerDrill/reference_pdfs/[2012 Eppinger] R2-Design structure matrix methods and applications.pdf
2025-02-14 20:49:11,675 - DSM_MultiModelExp_llm_rag_ollama:llama3.3:70b-8k - INFO - Page: 297
2025-02-14 20:49:11,676 - DSM_MultiModelExp_llm_rag_ollama:llama3.3:70b-8k - INFO - Content: Data Collection 
Through discussions with industrial design engineers in Committee No. 17 7 on System 
Design and Integration in the Japan Society for the Promotion of Science, we captured 
170 typica ...
2025-02-14 20:49:11,678 - DSM_MultiModelExp_llm_rag_ollama:llama3.3:70b-8k - INFO - File: ../data/use_cases_large/PowerDrill/reference_pdfs/[2012 Eppinger] R2-Design structure matrix methods and applications.pdf
2025-02-14 20:49:11,679 - DSM_MultiModelExp_llm_rag_ollama:llama3.3:70b-8k - INFO - Page: 275
2025-02-14 20:49:11,680 - DSM_MultiModelExp_llm_rag_ollama:llama3.3:70b-8k - INFO - Content: all of the DSMs on the diagonal are not). 
Figure 9.6.3 shows actual data for some of the individual DSMs and DMMs. In all cases, 
only binary matrices are used. For better identification and understa ...
2025-02-14 20:49:11,680 - DSM_MultiModelExp_llm_rag_ollama:llama3.3:70b-8k - INFO - File: ../data/use_cases_large/PowerDrill/reference_pdfs/[2012 Eppinger] R2-Design structure matrix methods and applications.pdf
2025-02-14 20:49:11,682 - DSM_MultiModelExp_llm_rag_ollama:llama3.3:70b-8k - INFO - Page: 101
2025-02-14 20:49:11,682 - DSM_MultiModelExp_llm_rag_ollama:llama3.3:70b-8k - INFO - Content: 95 Organization Architecture DSM Examples 
of one majo r component or subass embly and its produc tion system. We then asked 
the leader of each CT to complete a simple one-pa ge survey form , indicat ...
2025-02-14 20:49:11,683 - DSM_MultiModelExp_llm_rag_ollama:llama3.3:70b-8k - INFO - File: ../data/use_cases_large/PowerDrill/reference_pdfs/[2012 Eppinger] R2-Design structure matrix methods and applications.pdf
2025-02-14 20:49:11,685 - DSM_MultiModelExp_llm_rag_ollama:llama3.3:70b-8k - INFO - Page: 113
2025-02-14 20:49:11,685 - DSM_MultiModelExp_llm_rag_ollama:llama3.3:70b-8k - INFO - Content: 107 Organization Architecture DSM Examples 
Chamber, High-Pressure Turbine, Low-Pressu re Turbine, Mechanical Components, and 
Externals and Controls. The last six teams in the DSM corre spond to six  ...
2025-02-14 20:49:11,686 - DSM_MultiModelExp_llm_rag_ollama:llama3.3:70b-8k - INFO - Raw Response: final response = [
        [1, 1, 1, 1, 0, 1, 0],
        [1, 1, 1, 1, 0, 1, 0],
        [1, 1, 1, 1, 1, 1, 0],
        [1, 1, 1, 1, 1, 1, 0],
        [0, 0, 1, 1, 1, 1, 0],
        [1, 1, 1, 1, 1, 1, 0],
        [0, 0, 0, 0, 0, 0, 1]
    ]
2025-02-14 20:49:11,687 - DSM_MultiModelExp_llm_rag_ollama:llama3.3:70b-8k - INFO - Query: 
    Please identify system-level proximity relationships (in contact) between the components of Power Screwdriver, as listed below, and represent them in a Design Structure Matrix (DSM) format.  
    The relationships should be articulated in plain English, capturing the essence of their interactions. 
    Here is the list of subsystems/components to analyze: ['Bit', 'Transmission', 'Motor', 'Electrical System', 'Battery Holder', 'Housing', 'External Environment'] 
    The DSM should clearly indicate the interactions between these components as 1 exist and 0 does not exist, considering both the presence and nature of these connections.         
    Present the output in a square matrix format (number of rows and columns MUST be the same as the number of components = 7 for this example), with rows and columns labeled accordingly. 
    Diagonal elements should be 1 in DSM matrix since each component interacts with itself. 
    If you don't know the answer, just write 2 for the specific cell that you are unsure of. A worst case scenario of the **as a list of lists** shown below (diagonal elements are 1 and rest are 2). Don't make up an answer.     final response = [
        [1, 2, 2, 2, 2, 2, 2],
        [2, 1, 2, 2, 2, 2, 2],
        [2, 2, 1, 2, 2, 2, 2],
        [2, 2, 2, 1, 2, 2, 2],
        [2, 2, 2, 2, 1, 2, 2],
        [2, 2, 2, 2, 2, 1, 2],
        [2, 2, 2, 2, 2, 2, 1]
    ]

    IMPORTANT: Your response must **ONLY** contain a valid **as a list of lists** in the following example format 7x7 matrix.     
    The below list of lists is just an example format of your response. **Replace** the values with your **actual analysis** while providing your response with parameter of 'final response'.    
    final response = [
        [1, 0, 0, 0, 0, 0, 0],
        [0, 1, 0, 0, 0, 0, 0],
        [0, 0, 1, 0, 0, 0, 0],
        [0, 0, 0, 1, 0, 0, 0],
        [0, 0, 0, 0, 1, 0, 0],
        [0, 0, 0, 0, 0, 1, 0],
        [0, 0, 0, 0, 0, 0, 1]
    ]

    IMPORTANT: THE FORMAT OF THE OUTPUT MUST BE AS LIST OF LISTS ONLY SIMILAR TO THE ONE ABOVE (NO LATEX, CODE, OR OTHER ENCODINGS).
    
2025-02-14 20:49:11,688 - DSM_MultiModelExp_llm_rag_ollama:llama3.3:70b-8k - INFO - Response: final response = [
        [1, 1, 1, 1, 0, 1, 0],
        [1, 1, 1, 1, 0, 1, 0],
        [1, 1, 1, 1, 1, 1, 0],
        [1, 1, 1, 1, 1, 1, 0],
        [0, 0, 1, 1, 1, 1, 0],
        [1, 1, 1, 1, 1, 1, 0],
        [0, 0, 0, 0, 0, 0, 1]
    ]
2025-02-14 20:49:11,689 - DSM_MultiModelExp_llm_rag_ollama:llama3.3:70b-8k - INFO - Matrix from response.
2025-02-14 20:49:11,690 - DSM_MultiModelExp_llm_rag_ollama:llama3.3:70b-8k - INFO - At run 2/5
2025-02-14 20:49:11,691 - DSM_MultiModelExp_llm_rag_ollama:llama3.3:70b-8k - INFO - Matrix: [[1, 1, 1, 1, 0, 1, 0], [1, 1, 1, 1, 0, 1, 0], [1, 1, 1, 1, 1, 1, 0], [1, 1, 1, 1, 1, 1, 0], [0, 0, 1, 1, 1, 1, 0], [1, 1, 1, 1, 1, 1, 0], [0, 0, 0, 0, 0, 0, 1]]
2025-02-14 20:49:11,692 - DSM_MultiModelExp_llm_rag_ollama:llama3.3:70b-8k - INFO - --------------------------------------------------
2025-02-14 20:49:21,703 - DSM_MultiModelExp_llm_rag_ollama:llama3.3:70b-8k - INFO - Run 3/5
2025-02-14 20:49:21,732 - DSM_MultiModelExp_llm_rag_ollama:llama3.3:70b-8k - INFO - DEBUG: Initializing RAGInference.
2025-02-14 20:49:21,733 - DSM_MultiModelExp_llm_rag_ollama:llama3.3:70b-8k - INFO - Using R-type: ['R2', 'R3']
2025-02-14 20:49:21,734 - DSM_MultiModelExp_llm_rag_ollama:llama3.3:70b-8k - INFO - Using embedding model: text-embedding-3-small
2025-02-14 20:49:21,761 - DSM_MultiModelExp_llm_rag_ollama:llama3.3:70b-8k - INFO - VectorStoreManager initialized
2025-02-14 20:49:21,762 - DSM_MultiModelExp_llm_rag_ollama:llama3.3:70b-8k - INFO - Set database path to: xLM_DSM/data/vectorstore/PowerDrill/llm_rag/text-embedding-3-small
2025-02-14 20:49:21,770 - DSM_MultiModelExp_llm_rag_ollama:llama3.3:70b-8k - INFO - Collection count: 2855
2025-02-14 20:49:21,774 - DSM_MultiModelExp_llm_rag_ollama:llama3.3:70b-8k - INFO - Initialized RAG inference for system: PowerDrill
2025-02-14 20:49:21,774 - DSM_MultiModelExp_llm_rag_ollama:llama3.3:70b-8k - INFO - Initialized DSM for system: PowerDrill
2025-02-14 20:49:21,776 - DSM_MultiModelExp_llm_rag_ollama:llama3.3:70b-8k - INFO - Inference model: ollama:llama3.3:70b-8k
2025-02-14 20:49:36,125 - DSM_MultiModelExp_llm_rag_ollama:llama3.3:70b-8k - INFO - Number of documents retrieved: 5
2025-02-14 20:49:36,126 - DSM_MultiModelExp_llm_rag_ollama:llama3.3:70b-8k - INFO - Documents used for this query:
2025-02-14 20:49:36,127 - DSM_MultiModelExp_llm_rag_ollama:llama3.3:70b-8k - INFO - File: ../data/use_cases_large/PowerDrill/reference_pdfs/[2012 Eppinger] R2-Design structure matrix methods and applications.pdf
2025-02-14 20:49:36,128 - DSM_MultiModelExp_llm_rag_ollama:llama3.3:70b-8k - INFO - Page: 46
2025-02-14 20:49:36,129 - DSM_MultiModelExp_llm_rag_ollama:llama3.3:70b-8k - INFO - Content: using red shaded cells between pairs of components. 
Res ult s 
The DSM model identified six of the subsystems as somewhat modular, in that each 
subsystem primarily had interfaces among components wi ...
2025-02-14 20:49:36,130 - DSM_MultiModelExp_llm_rag_ollama:llama3.3:70b-8k - INFO - File: ../data/use_cases_large/PowerDrill/reference_pdfs/[2012 Eppinger] R2-Design structure matrix methods and applications.pdf
2025-02-14 20:49:36,131 - DSM_MultiModelExp_llm_rag_ollama:llama3.3:70b-8k - INFO - Page: 297
2025-02-14 20:49:36,132 - DSM_MultiModelExp_llm_rag_ollama:llama3.3:70b-8k - INFO - Content: Data Collection 
Through discussions with industrial design engineers in Committee No. 17 7 on System 
Design and Integration in the Japan Society for the Promotion of Science, we captured 
170 typica ...
2025-02-14 20:49:36,133 - DSM_MultiModelExp_llm_rag_ollama:llama3.3:70b-8k - INFO - File: ../data/use_cases_large/PowerDrill/reference_pdfs/[2012 Eppinger] R2-Design structure matrix methods and applications.pdf
2025-02-14 20:49:36,134 - DSM_MultiModelExp_llm_rag_ollama:llama3.3:70b-8k - INFO - Page: 275
2025-02-14 20:49:36,136 - DSM_MultiModelExp_llm_rag_ollama:llama3.3:70b-8k - INFO - Content: all of the DSMs on the diagonal are not). 
Figure 9.6.3 shows actual data for some of the individual DSMs and DMMs. In all cases, 
only binary matrices are used. For better identification and understa ...
2025-02-14 20:49:36,137 - DSM_MultiModelExp_llm_rag_ollama:llama3.3:70b-8k - INFO - File: ../data/use_cases_large/PowerDrill/reference_pdfs/[2012 Eppinger] R2-Design structure matrix methods and applications.pdf
2025-02-14 20:49:36,137 - DSM_MultiModelExp_llm_rag_ollama:llama3.3:70b-8k - INFO - Page: 101
2025-02-14 20:49:36,138 - DSM_MultiModelExp_llm_rag_ollama:llama3.3:70b-8k - INFO - Content: 95 Organization Architecture DSM Examples 
of one majo r component or subass embly and its produc tion system. We then asked 
the leader of each CT to complete a simple one-pa ge survey form , indicat ...
2025-02-14 20:49:36,139 - DSM_MultiModelExp_llm_rag_ollama:llama3.3:70b-8k - INFO - File: ../data/use_cases_large/PowerDrill/reference_pdfs/[2012 Eppinger] R2-Design structure matrix methods and applications.pdf
2025-02-14 20:49:36,140 - DSM_MultiModelExp_llm_rag_ollama:llama3.3:70b-8k - INFO - Page: 113
2025-02-14 20:49:36,141 - DSM_MultiModelExp_llm_rag_ollama:llama3.3:70b-8k - INFO - Content: 107 Organization Architecture DSM Examples 
Chamber, High-Pressure Turbine, Low-Pressu re Turbine, Mechanical Components, and 
Externals and Controls. The last six teams in the DSM corre spond to six  ...
2025-02-14 20:49:36,142 - DSM_MultiModelExp_llm_rag_ollama:llama3.3:70b-8k - INFO - Raw Response: final response = [
        [1, 1, 1, 1, 0, 1, 0],
        [1, 1, 1, 1, 0, 1, 0],
        [1, 1, 1, 1, 1, 1, 0],
        [1, 1, 1, 1, 1, 1, 0],
        [0, 0, 1, 1, 1, 1, 0],
        [1, 1, 1, 1, 1, 1, 0],
        [0, 0, 0, 0, 0, 0, 1]
    ]
2025-02-14 20:49:36,143 - DSM_MultiModelExp_llm_rag_ollama:llama3.3:70b-8k - INFO - Query: 
    Please identify system-level proximity relationships (in contact) between the components of Power Screwdriver, as listed below, and represent them in a Design Structure Matrix (DSM) format.  
    The relationships should be articulated in plain English, capturing the essence of their interactions. 
    Here is the list of subsystems/components to analyze: ['Bit', 'Transmission', 'Motor', 'Electrical System', 'Battery Holder', 'Housing', 'External Environment'] 
    The DSM should clearly indicate the interactions between these components as 1 exist and 0 does not exist, considering both the presence and nature of these connections.         
    Present the output in a square matrix format (number of rows and columns MUST be the same as the number of components = 7 for this example), with rows and columns labeled accordingly. 
    Diagonal elements should be 1 in DSM matrix since each component interacts with itself. 
    If you don't know the answer, just write 2 for the specific cell that you are unsure of. A worst case scenario of the **as a list of lists** shown below (diagonal elements are 1 and rest are 2). Don't make up an answer.     final response = [
        [1, 2, 2, 2, 2, 2, 2],
        [2, 1, 2, 2, 2, 2, 2],
        [2, 2, 1, 2, 2, 2, 2],
        [2, 2, 2, 1, 2, 2, 2],
        [2, 2, 2, 2, 1, 2, 2],
        [2, 2, 2, 2, 2, 1, 2],
        [2, 2, 2, 2, 2, 2, 1]
    ]

    IMPORTANT: Your response must **ONLY** contain a valid **as a list of lists** in the following example format 7x7 matrix.     
    The below list of lists is just an example format of your response. **Replace** the values with your **actual analysis** while providing your response with parameter of 'final response'.    
    final response = [
        [1, 0, 0, 0, 0, 0, 0],
        [0, 1, 0, 0, 0, 0, 0],
        [0, 0, 1, 0, 0, 0, 0],
        [0, 0, 0, 1, 0, 0, 0],
        [0, 0, 0, 0, 1, 0, 0],
        [0, 0, 0, 0, 0, 1, 0],
        [0, 0, 0, 0, 0, 0, 1]
    ]

    IMPORTANT: THE FORMAT OF THE OUTPUT MUST BE AS LIST OF LISTS ONLY SIMILAR TO THE ONE ABOVE (NO LATEX, CODE, OR OTHER ENCODINGS).
    
2025-02-14 20:49:36,144 - DSM_MultiModelExp_llm_rag_ollama:llama3.3:70b-8k - INFO - Response: final response = [
        [1, 1, 1, 1, 0, 1, 0],
        [1, 1, 1, 1, 0, 1, 0],
        [1, 1, 1, 1, 1, 1, 0],
        [1, 1, 1, 1, 1, 1, 0],
        [0, 0, 1, 1, 1, 1, 0],
        [1, 1, 1, 1, 1, 1, 0],
        [0, 0, 0, 0, 0, 0, 1]
    ]
2025-02-14 20:49:36,145 - DSM_MultiModelExp_llm_rag_ollama:llama3.3:70b-8k - INFO - Matrix from response.
2025-02-14 20:49:36,146 - DSM_MultiModelExp_llm_rag_ollama:llama3.3:70b-8k - INFO - At run 3/5
2025-02-14 20:49:36,147 - DSM_MultiModelExp_llm_rag_ollama:llama3.3:70b-8k - INFO - Matrix: [[1, 1, 1, 1, 0, 1, 0], [1, 1, 1, 1, 0, 1, 0], [1, 1, 1, 1, 1, 1, 0], [1, 1, 1, 1, 1, 1, 0], [0, 0, 1, 1, 1, 1, 0], [1, 1, 1, 1, 1, 1, 0], [0, 0, 0, 0, 0, 0, 1]]
2025-02-14 20:49:36,148 - DSM_MultiModelExp_llm_rag_ollama:llama3.3:70b-8k - INFO - --------------------------------------------------
2025-02-14 20:49:46,159 - DSM_MultiModelExp_llm_rag_ollama:llama3.3:70b-8k - INFO - Run 4/5
2025-02-14 20:49:46,176 - DSM_MultiModelExp_llm_rag_ollama:llama3.3:70b-8k - INFO - DEBUG: Initializing RAGInference.
2025-02-14 20:49:46,177 - DSM_MultiModelExp_llm_rag_ollama:llama3.3:70b-8k - INFO - Using R-type: ['R2', 'R3']
2025-02-14 20:49:46,178 - DSM_MultiModelExp_llm_rag_ollama:llama3.3:70b-8k - INFO - Using embedding model: text-embedding-3-small
2025-02-14 20:49:46,194 - DSM_MultiModelExp_llm_rag_ollama:llama3.3:70b-8k - INFO - VectorStoreManager initialized
2025-02-14 20:49:46,196 - DSM_MultiModelExp_llm_rag_ollama:llama3.3:70b-8k - INFO - Set database path to: xLM_DSM/data/vectorstore/PowerDrill/llm_rag/text-embedding-3-small
2025-02-14 20:49:46,201 - DSM_MultiModelExp_llm_rag_ollama:llama3.3:70b-8k - INFO - Collection count: 2855
2025-02-14 20:49:46,204 - DSM_MultiModelExp_llm_rag_ollama:llama3.3:70b-8k - INFO - Initialized RAG inference for system: PowerDrill
2025-02-14 20:49:46,205 - DSM_MultiModelExp_llm_rag_ollama:llama3.3:70b-8k - INFO - Initialized DSM for system: PowerDrill
2025-02-14 20:49:46,205 - DSM_MultiModelExp_llm_rag_ollama:llama3.3:70b-8k - INFO - Inference model: ollama:llama3.3:70b-8k
2025-02-14 20:50:00,644 - DSM_MultiModelExp_llm_rag_ollama:llama3.3:70b-8k - INFO - Number of documents retrieved: 5
2025-02-14 20:50:00,645 - DSM_MultiModelExp_llm_rag_ollama:llama3.3:70b-8k - INFO - Documents used for this query:
2025-02-14 20:50:00,646 - DSM_MultiModelExp_llm_rag_ollama:llama3.3:70b-8k - INFO - File: ../data/use_cases_large/PowerDrill/reference_pdfs/[2012 Eppinger] R2-Design structure matrix methods and applications.pdf
2025-02-14 20:50:00,647 - DSM_MultiModelExp_llm_rag_ollama:llama3.3:70b-8k - INFO - Page: 46
2025-02-14 20:50:00,648 - DSM_MultiModelExp_llm_rag_ollama:llama3.3:70b-8k - INFO - Content: using red shaded cells between pairs of components. 
Res ult s 
The DSM model identified six of the subsystems as somewhat modular, in that each 
subsystem primarily had interfaces among components wi ...
2025-02-14 20:50:00,649 - DSM_MultiModelExp_llm_rag_ollama:llama3.3:70b-8k - INFO - File: ../data/use_cases_large/PowerDrill/reference_pdfs/[2012 Eppinger] R2-Design structure matrix methods and applications.pdf
2025-02-14 20:50:00,650 - DSM_MultiModelExp_llm_rag_ollama:llama3.3:70b-8k - INFO - Page: 297
2025-02-14 20:50:00,651 - DSM_MultiModelExp_llm_rag_ollama:llama3.3:70b-8k - INFO - Content: Data Collection 
Through discussions with industrial design engineers in Committee No. 17 7 on System 
Design and Integration in the Japan Society for the Promotion of Science, we captured 
170 typica ...
2025-02-14 20:50:00,652 - DSM_MultiModelExp_llm_rag_ollama:llama3.3:70b-8k - INFO - File: ../data/use_cases_large/PowerDrill/reference_pdfs/[2012 Eppinger] R2-Design structure matrix methods and applications.pdf
2025-02-14 20:50:00,652 - DSM_MultiModelExp_llm_rag_ollama:llama3.3:70b-8k - INFO - Page: 275
2025-02-14 20:50:00,654 - DSM_MultiModelExp_llm_rag_ollama:llama3.3:70b-8k - INFO - Content: all of the DSMs on the diagonal are not). 
Figure 9.6.3 shows actual data for some of the individual DSMs and DMMs. In all cases, 
only binary matrices are used. For better identification and understa ...
2025-02-14 20:50:00,654 - DSM_MultiModelExp_llm_rag_ollama:llama3.3:70b-8k - INFO - File: ../data/use_cases_large/PowerDrill/reference_pdfs/[2012 Eppinger] R2-Design structure matrix methods and applications.pdf
2025-02-14 20:50:00,655 - DSM_MultiModelExp_llm_rag_ollama:llama3.3:70b-8k - INFO - Page: 101
2025-02-14 20:50:00,656 - DSM_MultiModelExp_llm_rag_ollama:llama3.3:70b-8k - INFO - Content: 95 Organization Architecture DSM Examples 
of one majo r component or subass embly and its produc tion system. We then asked 
the leader of each CT to complete a simple one-pa ge survey form , indicat ...
2025-02-14 20:50:00,657 - DSM_MultiModelExp_llm_rag_ollama:llama3.3:70b-8k - INFO - File: ../data/use_cases_large/PowerDrill/reference_pdfs/[2012 Eppinger] R2-Design structure matrix methods and applications.pdf
2025-02-14 20:50:00,658 - DSM_MultiModelExp_llm_rag_ollama:llama3.3:70b-8k - INFO - Page: 113
2025-02-14 20:50:00,659 - DSM_MultiModelExp_llm_rag_ollama:llama3.3:70b-8k - INFO - Content: 107 Organization Architecture DSM Examples 
Chamber, High-Pressure Turbine, Low-Pressu re Turbine, Mechanical Components, and 
Externals and Controls. The last six teams in the DSM corre spond to six  ...
2025-02-14 20:50:00,660 - DSM_MultiModelExp_llm_rag_ollama:llama3.3:70b-8k - INFO - Raw Response: final response = [
        [1, 1, 1, 1, 0, 1, 0],
        [1, 1, 1, 1, 0, 1, 0],
        [1, 1, 1, 1, 1, 1, 0],
        [1, 1, 1, 1, 1, 1, 0],
        [0, 0, 1, 1, 1, 1, 0],
        [1, 1, 1, 1, 1, 1, 0],
        [0, 0, 0, 0, 0, 0, 1]
    ]
2025-02-14 20:50:00,660 - DSM_MultiModelExp_llm_rag_ollama:llama3.3:70b-8k - INFO - Query: 
    Please identify system-level proximity relationships (in contact) between the components of Power Screwdriver, as listed below, and represent them in a Design Structure Matrix (DSM) format.  
    The relationships should be articulated in plain English, capturing the essence of their interactions. 
    Here is the list of subsystems/components to analyze: ['Bit', 'Transmission', 'Motor', 'Electrical System', 'Battery Holder', 'Housing', 'External Environment'] 
    The DSM should clearly indicate the interactions between these components as 1 exist and 0 does not exist, considering both the presence and nature of these connections.         
    Present the output in a square matrix format (number of rows and columns MUST be the same as the number of components = 7 for this example), with rows and columns labeled accordingly. 
    Diagonal elements should be 1 in DSM matrix since each component interacts with itself. 
    If you don't know the answer, just write 2 for the specific cell that you are unsure of. A worst case scenario of the **as a list of lists** shown below (diagonal elements are 1 and rest are 2). Don't make up an answer.     final response = [
        [1, 2, 2, 2, 2, 2, 2],
        [2, 1, 2, 2, 2, 2, 2],
        [2, 2, 1, 2, 2, 2, 2],
        [2, 2, 2, 1, 2, 2, 2],
        [2, 2, 2, 2, 1, 2, 2],
        [2, 2, 2, 2, 2, 1, 2],
        [2, 2, 2, 2, 2, 2, 1]
    ]

    IMPORTANT: Your response must **ONLY** contain a valid **as a list of lists** in the following example format 7x7 matrix.     
    The below list of lists is just an example format of your response. **Replace** the values with your **actual analysis** while providing your response with parameter of 'final response'.    
    final response = [
        [1, 0, 0, 0, 0, 0, 0],
        [0, 1, 0, 0, 0, 0, 0],
        [0, 0, 1, 0, 0, 0, 0],
        [0, 0, 0, 1, 0, 0, 0],
        [0, 0, 0, 0, 1, 0, 0],
        [0, 0, 0, 0, 0, 1, 0],
        [0, 0, 0, 0, 0, 0, 1]
    ]

    IMPORTANT: THE FORMAT OF THE OUTPUT MUST BE AS LIST OF LISTS ONLY SIMILAR TO THE ONE ABOVE (NO LATEX, CODE, OR OTHER ENCODINGS).
    
2025-02-14 20:50:00,662 - DSM_MultiModelExp_llm_rag_ollama:llama3.3:70b-8k - INFO - Response: final response = [
        [1, 1, 1, 1, 0, 1, 0],
        [1, 1, 1, 1, 0, 1, 0],
        [1, 1, 1, 1, 1, 1, 0],
        [1, 1, 1, 1, 1, 1, 0],
        [0, 0, 1, 1, 1, 1, 0],
        [1, 1, 1, 1, 1, 1, 0],
        [0, 0, 0, 0, 0, 0, 1]
    ]
2025-02-14 20:50:00,663 - DSM_MultiModelExp_llm_rag_ollama:llama3.3:70b-8k - INFO - Matrix from response.
2025-02-14 20:50:00,664 - DSM_MultiModelExp_llm_rag_ollama:llama3.3:70b-8k - INFO - At run 4/5
2025-02-14 20:50:00,664 - DSM_MultiModelExp_llm_rag_ollama:llama3.3:70b-8k - INFO - Matrix: [[1, 1, 1, 1, 0, 1, 0], [1, 1, 1, 1, 0, 1, 0], [1, 1, 1, 1, 1, 1, 0], [1, 1, 1, 1, 1, 1, 0], [0, 0, 1, 1, 1, 1, 0], [1, 1, 1, 1, 1, 1, 0], [0, 0, 0, 0, 0, 0, 1]]
2025-02-14 20:50:00,665 - DSM_MultiModelExp_llm_rag_ollama:llama3.3:70b-8k - INFO - --------------------------------------------------
2025-02-14 20:50:10,676 - DSM_MultiModelExp_llm_rag_ollama:llama3.3:70b-8k - INFO - Run 5/5
2025-02-14 20:50:10,713 - DSM_MultiModelExp_llm_rag_ollama:llama3.3:70b-8k - INFO - DEBUG: Initializing RAGInference.
2025-02-14 20:50:10,713 - DSM_MultiModelExp_llm_rag_ollama:llama3.3:70b-8k - INFO - Using R-type: ['R2', 'R3']
2025-02-14 20:50:10,714 - DSM_MultiModelExp_llm_rag_ollama:llama3.3:70b-8k - INFO - Using embedding model: text-embedding-3-small
2025-02-14 20:50:10,754 - DSM_MultiModelExp_llm_rag_ollama:llama3.3:70b-8k - INFO - VectorStoreManager initialized
2025-02-14 20:50:10,755 - DSM_MultiModelExp_llm_rag_ollama:llama3.3:70b-8k - INFO - Set database path to: xLM_DSM/data/vectorstore/PowerDrill/llm_rag/text-embedding-3-small
2025-02-14 20:50:10,763 - DSM_MultiModelExp_llm_rag_ollama:llama3.3:70b-8k - INFO - Collection count: 2855
2025-02-14 20:50:10,767 - DSM_MultiModelExp_llm_rag_ollama:llama3.3:70b-8k - INFO - Initialized RAG inference for system: PowerDrill
2025-02-14 20:50:10,768 - DSM_MultiModelExp_llm_rag_ollama:llama3.3:70b-8k - INFO - Initialized DSM for system: PowerDrill
2025-02-14 20:50:10,769 - DSM_MultiModelExp_llm_rag_ollama:llama3.3:70b-8k - INFO - Inference model: ollama:llama3.3:70b-8k
2025-02-14 20:50:25,054 - DSM_MultiModelExp_llm_rag_ollama:llama3.3:70b-8k - INFO - Number of documents retrieved: 5
2025-02-14 20:50:25,055 - DSM_MultiModelExp_llm_rag_ollama:llama3.3:70b-8k - INFO - Documents used for this query:
2025-02-14 20:50:25,056 - DSM_MultiModelExp_llm_rag_ollama:llama3.3:70b-8k - INFO - File: ../data/use_cases_large/PowerDrill/reference_pdfs/[2012 Eppinger] R2-Design structure matrix methods and applications.pdf
2025-02-14 20:50:25,057 - DSM_MultiModelExp_llm_rag_ollama:llama3.3:70b-8k - INFO - Page: 46
2025-02-14 20:50:25,057 - DSM_MultiModelExp_llm_rag_ollama:llama3.3:70b-8k - INFO - Content: using red shaded cells between pairs of components. 
Res ult s 
The DSM model identified six of the subsystems as somewhat modular, in that each 
subsystem primarily had interfaces among components wi ...
2025-02-14 20:50:25,059 - DSM_MultiModelExp_llm_rag_ollama:llama3.3:70b-8k - INFO - File: ../data/use_cases_large/PowerDrill/reference_pdfs/[2012 Eppinger] R2-Design structure matrix methods and applications.pdf
2025-02-14 20:50:25,059 - DSM_MultiModelExp_llm_rag_ollama:llama3.3:70b-8k - INFO - Page: 297
2025-02-14 20:50:25,060 - DSM_MultiModelExp_llm_rag_ollama:llama3.3:70b-8k - INFO - Content: Data Collection 
Through discussions with industrial design engineers in Committee No. 17 7 on System 
Design and Integration in the Japan Society for the Promotion of Science, we captured 
170 typica ...
2025-02-14 20:50:25,061 - DSM_MultiModelExp_llm_rag_ollama:llama3.3:70b-8k - INFO - File: ../data/use_cases_large/PowerDrill/reference_pdfs/[2012 Eppinger] R2-Design structure matrix methods and applications.pdf
2025-02-14 20:50:25,062 - DSM_MultiModelExp_llm_rag_ollama:llama3.3:70b-8k - INFO - Page: 275
2025-02-14 20:50:25,063 - DSM_MultiModelExp_llm_rag_ollama:llama3.3:70b-8k - INFO - Content: all of the DSMs on the diagonal are not). 
Figure 9.6.3 shows actual data for some of the individual DSMs and DMMs. In all cases, 
only binary matrices are used. For better identification and understa ...
2025-02-14 20:50:25,064 - DSM_MultiModelExp_llm_rag_ollama:llama3.3:70b-8k - INFO - File: ../data/use_cases_large/PowerDrill/reference_pdfs/[2012 Eppinger] R2-Design structure matrix methods and applications.pdf
2025-02-14 20:50:25,065 - DSM_MultiModelExp_llm_rag_ollama:llama3.3:70b-8k - INFO - Page: 101
2025-02-14 20:50:25,066 - DSM_MultiModelExp_llm_rag_ollama:llama3.3:70b-8k - INFO - Content: 95 Organization Architecture DSM Examples 
of one majo r component or subass embly and its produc tion system. We then asked 
the leader of each CT to complete a simple one-pa ge survey form , indicat ...
2025-02-14 20:50:25,067 - DSM_MultiModelExp_llm_rag_ollama:llama3.3:70b-8k - INFO - File: ../data/use_cases_large/PowerDrill/reference_pdfs/[2012 Eppinger] R2-Design structure matrix methods and applications.pdf
2025-02-14 20:50:25,068 - DSM_MultiModelExp_llm_rag_ollama:llama3.3:70b-8k - INFO - Page: 113
2025-02-14 20:50:25,069 - DSM_MultiModelExp_llm_rag_ollama:llama3.3:70b-8k - INFO - Content: 107 Organization Architecture DSM Examples 
Chamber, High-Pressure Turbine, Low-Pressu re Turbine, Mechanical Components, and 
Externals and Controls. The last six teams in the DSM corre spond to six  ...
2025-02-14 20:50:25,069 - DSM_MultiModelExp_llm_rag_ollama:llama3.3:70b-8k - INFO - Raw Response: final response = [
        [1, 1, 1, 1, 0, 1, 0],
        [1, 1, 1, 1, 0, 1, 0],
        [1, 1, 1, 1, 1, 1, 0],
        [1, 1, 1, 1, 1, 1, 0],
        [0, 0, 1, 1, 1, 1, 0],
        [1, 1, 1, 1, 1, 1, 0],
        [0, 0, 0, 0, 0, 0, 1]
    ]
2025-02-14 20:50:25,070 - DSM_MultiModelExp_llm_rag_ollama:llama3.3:70b-8k - INFO - Query: 
    Please identify system-level proximity relationships (in contact) between the components of Power Screwdriver, as listed below, and represent them in a Design Structure Matrix (DSM) format.  
    The relationships should be articulated in plain English, capturing the essence of their interactions. 
    Here is the list of subsystems/components to analyze: ['Bit', 'Transmission', 'Motor', 'Electrical System', 'Battery Holder', 'Housing', 'External Environment'] 
    The DSM should clearly indicate the interactions between these components as 1 exist and 0 does not exist, considering both the presence and nature of these connections.         
    Present the output in a square matrix format (number of rows and columns MUST be the same as the number of components = 7 for this example), with rows and columns labeled accordingly. 
    Diagonal elements should be 1 in DSM matrix since each component interacts with itself. 
    If you don't know the answer, just write 2 for the specific cell that you are unsure of. A worst case scenario of the **as a list of lists** shown below (diagonal elements are 1 and rest are 2). Don't make up an answer.     final response = [
        [1, 2, 2, 2, 2, 2, 2],
        [2, 1, 2, 2, 2, 2, 2],
        [2, 2, 1, 2, 2, 2, 2],
        [2, 2, 2, 1, 2, 2, 2],
        [2, 2, 2, 2, 1, 2, 2],
        [2, 2, 2, 2, 2, 1, 2],
        [2, 2, 2, 2, 2, 2, 1]
    ]

    IMPORTANT: Your response must **ONLY** contain a valid **as a list of lists** in the following example format 7x7 matrix.     
    The below list of lists is just an example format of your response. **Replace** the values with your **actual analysis** while providing your response with parameter of 'final response'.    
    final response = [
        [1, 0, 0, 0, 0, 0, 0],
        [0, 1, 0, 0, 0, 0, 0],
        [0, 0, 1, 0, 0, 0, 0],
        [0, 0, 0, 1, 0, 0, 0],
        [0, 0, 0, 0, 1, 0, 0],
        [0, 0, 0, 0, 0, 1, 0],
        [0, 0, 0, 0, 0, 0, 1]
    ]

    IMPORTANT: THE FORMAT OF THE OUTPUT MUST BE AS LIST OF LISTS ONLY SIMILAR TO THE ONE ABOVE (NO LATEX, CODE, OR OTHER ENCODINGS).
    
2025-02-14 20:50:25,071 - DSM_MultiModelExp_llm_rag_ollama:llama3.3:70b-8k - INFO - Response: final response = [
        [1, 1, 1, 1, 0, 1, 0],
        [1, 1, 1, 1, 0, 1, 0],
        [1, 1, 1, 1, 1, 1, 0],
        [1, 1, 1, 1, 1, 1, 0],
        [0, 0, 1, 1, 1, 1, 0],
        [1, 1, 1, 1, 1, 1, 0],
        [0, 0, 0, 0, 0, 0, 1]
    ]
2025-02-14 20:50:25,073 - DSM_MultiModelExp_llm_rag_ollama:llama3.3:70b-8k - INFO - Matrix from response.
2025-02-14 20:50:25,074 - DSM_MultiModelExp_llm_rag_ollama:llama3.3:70b-8k - INFO - At run 5/5
2025-02-14 20:50:25,074 - DSM_MultiModelExp_llm_rag_ollama:llama3.3:70b-8k - INFO - Matrix: [[1, 1, 1, 1, 0, 1, 0], [1, 1, 1, 1, 0, 1, 0], [1, 1, 1, 1, 1, 1, 0], [1, 1, 1, 1, 1, 1, 0], [0, 0, 1, 1, 1, 1, 0], [1, 1, 1, 1, 1, 1, 0], [0, 0, 0, 0, 0, 0, 1]]
2025-02-14 20:50:25,075 - DSM_MultiModelExp_llm_rag_ollama:llama3.3:70b-8k - INFO - --------------------------------------------------
2025-02-14 20:50:35,086 - DSM_MultiModelExp_llm_rag_ollama:llama3.3:70b-8k - INFO - Duration of reference combination {'R2': [{'path': '../data/use_cases_large/PowerDrill/reference_pdfs/[2012 Eppinger] R2-Design structure matrix methods and applications.pdf'}], 'R3': [{'path': '../data/use_cases_large/PowerDrill/reference_pdfs/R3_combined.pdf'}]}: 0:02:07.996002
2025-02-14 20:50:35,087 - DSM_MultiModelExp_llm_rag_ollama:llama3.3:70b-8k - INFO - ++++++++++++++++++++++++++++++++++++++++++++++++++++++++++++++++++++++++++++++++++++++++++++++++++++
2025-02-14 20:50:35,089 - DSM_MultiModelExp_llm_rag_ollama:llama3.3:70b-8k - INFO - Run 1/5
2025-02-14 20:50:35,125 - DSM_MultiModelExp_llm_rag_ollama:llama3.3:70b-8k - INFO - DEBUG: Initializing RAGInference.
2025-02-14 20:50:35,125 - DSM_MultiModelExp_llm_rag_ollama:llama3.3:70b-8k - INFO - Using R-type: ['R1', 'R2', 'R3']
2025-02-14 20:50:35,126 - DSM_MultiModelExp_llm_rag_ollama:llama3.3:70b-8k - INFO - Using embedding model: text-embedding-3-small
2025-02-14 20:50:35,160 - DSM_MultiModelExp_llm_rag_ollama:llama3.3:70b-8k - INFO - VectorStoreManager initialized
2025-02-14 20:50:35,161 - DSM_MultiModelExp_llm_rag_ollama:llama3.3:70b-8k - INFO - Set database path to: xLM_DSM/data/vectorstore/PowerDrill/llm_rag/text-embedding-3-small
2025-02-14 20:50:35,170 - DSM_MultiModelExp_llm_rag_ollama:llama3.3:70b-8k - INFO - Collection count: 2855
2025-02-14 20:50:35,174 - DSM_MultiModelExp_llm_rag_ollama:llama3.3:70b-8k - INFO - Initialized RAG inference for system: PowerDrill
2025-02-14 20:50:35,174 - DSM_MultiModelExp_llm_rag_ollama:llama3.3:70b-8k - INFO - Initialized DSM for system: PowerDrill
2025-02-14 20:50:35,175 - DSM_MultiModelExp_llm_rag_ollama:llama3.3:70b-8k - INFO - Inference model: ollama:llama3.3:70b-8k
2025-02-14 20:50:53,293 - DSM_MultiModelExp_llm_rag_ollama:llama3.3:70b-8k - INFO - Number of documents retrieved: 5
2025-02-14 20:50:53,294 - DSM_MultiModelExp_llm_rag_ollama:llama3.3:70b-8k - INFO - Documents used for this query:
2025-02-14 20:50:53,295 - DSM_MultiModelExp_llm_rag_ollama:llama3.3:70b-8k - INFO - File: ../data/use_cases_large/PowerDrill/reference_pdfs/R1_combined.pdf
2025-02-14 20:50:53,296 - DSM_MultiModelExp_llm_rag_ollama:llama3.3:70b-8k - INFO - Page: 34
2025-02-14 20:50:53,297 - DSM_MultiModelExp_llm_rag_ollama:llama3.3:70b-8k - INFO - Content: power	
  screwdriver	
   158	
  5.9	
   (a)	
  –	
  (c)	
  binary	
  adjacency	
  matrices	
  and	
  spy	
  plots	
  for	
  screwdrivers	
   159	
  5.10	
   Sample	
  distribution	
  for	
  a	
  screw ...
2025-02-14 20:50:53,298 - DSM_MultiModelExp_llm_rag_ollama:llama3.3:70b-8k - INFO - File: ../data/use_cases_large/PowerDrill/reference_pdfs/R1_combined.pdf
2025-02-14 20:50:53,299 - DSM_MultiModelExp_llm_rag_ollama:llama3.3:70b-8k - INFO - Page: 1
2025-02-14 20:50:53,300 - DSM_MultiModelExp_llm_rag_ollama:llama3.3:70b-8k - INFO - Content: A component DSM is used to capture and represent the interactions between elements of a system
(Warﬁeld 1973, Steward 1981, Browning 2001). An element may represent a single component,
an assembly of  ...
2025-02-14 20:50:53,301 - DSM_MultiModelExp_llm_rag_ollama:llama3.3:70b-8k - INFO - File: ../data/use_cases_large/PowerDrill/reference_pdfs/R1_combined.pdf
2025-02-14 20:50:53,302 - DSM_MultiModelExp_llm_rag_ollama:llama3.3:70b-8k - INFO - Page: 181
2025-02-14 20:50:53,303 - DSM_MultiModelExp_llm_rag_ollama:llama3.3:70b-8k - INFO - Content: Fig.	
  5.8:	
  Components	
  of	
  the	
  Black	
  &	
  Decker	
  alkaline	
  screwdriver	
  [Tilstra,	
  2010].	
  	
   The	
   developed	
   Product	
   Design	
   Structure	
   Matrices	
   (DSM)	 ...
2025-02-14 20:50:53,304 - DSM_MultiModelExp_llm_rag_ollama:llama3.3:70b-8k - INFO - File: ../data/use_cases_large/PowerDrill/reference_pdfs/R1_combined.pdf
2025-02-14 20:50:53,305 - DSM_MultiModelExp_llm_rag_ollama:llama3.3:70b-8k - INFO - Page: 11
2025-02-14 20:50:53,306 - DSM_MultiModelExp_llm_rag_ollama:llama3.3:70b-8k - INFO - Content: with the external surroundings:
(1) Bit.
(2) Transmission.
(3) Motor.
(4) Electrical system.
(5) Battery holder.
(6) Housing.
(7) External.
The BOM created during disassembly indicated a total quantit ...
2025-02-14 20:50:53,307 - DSM_MultiModelExp_llm_rag_ollama:llama3.3:70b-8k - INFO - File: ../data/use_cases_large/PowerDrill/reference_pdfs/R1_combined.pdf
2025-02-14 20:50:53,308 - DSM_MultiModelExp_llm_rag_ollama:llama3.3:70b-8k - INFO - Page: 34
2025-02-14 20:50:53,309 - DSM_MultiModelExp_llm_rag_ollama:llama3.3:70b-8k - INFO - Content: 4.5	
   Plot	
  of	
  structural	
  complexity	
  and	
  average	
  model	
  build	
  time	
   136	
  4.6	
   Aggregate	
  level	
  statistical	
  model	
  using	
  individual	
  level	
  data	
   141 ...
2025-02-14 20:50:53,310 - DSM_MultiModelExp_llm_rag_ollama:llama3.3:70b-8k - INFO - Raw Response: final response = [
        [1, 1, 1, 1, 0, 1, 0],
        [1, 1, 1, 0, 0, 0, 0],
        [1, 1, 1, 1, 0, 1, 0],
        [1, 0, 1, 1, 1, 1, 0],
        [0, 0, 0, 1, 1, 1, 0],
        [1, 0, 1, 1, 1, 1, 0],
        [0, 0, 0, 0, 0, 0, 1]
    ]
2025-02-14 20:50:53,311 - DSM_MultiModelExp_llm_rag_ollama:llama3.3:70b-8k - INFO - Query: 
    Please identify system-level proximity relationships (in contact) between the components of Power Screwdriver, as listed below, and represent them in a Design Structure Matrix (DSM) format.  
    The relationships should be articulated in plain English, capturing the essence of their interactions. 
    Here is the list of subsystems/components to analyze: ['Bit', 'Transmission', 'Motor', 'Electrical System', 'Battery Holder', 'Housing', 'External Environment'] 
    The DSM should clearly indicate the interactions between these components as 1 exist and 0 does not exist, considering both the presence and nature of these connections.         
    Present the output in a square matrix format (number of rows and columns MUST be the same as the number of components = 7 for this example), with rows and columns labeled accordingly. 
    Diagonal elements should be 1 in DSM matrix since each component interacts with itself. 
    If you don't know the answer, just write 2 for the specific cell that you are unsure of. A worst case scenario of the **as a list of lists** shown below (diagonal elements are 1 and rest are 2). Don't make up an answer.     final response = [
        [1, 2, 2, 2, 2, 2, 2],
        [2, 1, 2, 2, 2, 2, 2],
        [2, 2, 1, 2, 2, 2, 2],
        [2, 2, 2, 1, 2, 2, 2],
        [2, 2, 2, 2, 1, 2, 2],
        [2, 2, 2, 2, 2, 1, 2],
        [2, 2, 2, 2, 2, 2, 1]
    ]

    IMPORTANT: Your response must **ONLY** contain a valid **as a list of lists** in the following example format 7x7 matrix.     
    The below list of lists is just an example format of your response. **Replace** the values with your **actual analysis** while providing your response with parameter of 'final response'.    
    final response = [
        [1, 0, 0, 0, 0, 0, 0],
        [0, 1, 0, 0, 0, 0, 0],
        [0, 0, 1, 0, 0, 0, 0],
        [0, 0, 0, 1, 0, 0, 0],
        [0, 0, 0, 0, 1, 0, 0],
        [0, 0, 0, 0, 0, 1, 0],
        [0, 0, 0, 0, 0, 0, 1]
    ]

    IMPORTANT: THE FORMAT OF THE OUTPUT MUST BE AS LIST OF LISTS ONLY SIMILAR TO THE ONE ABOVE (NO LATEX, CODE, OR OTHER ENCODINGS).
    
2025-02-14 20:50:53,311 - DSM_MultiModelExp_llm_rag_ollama:llama3.3:70b-8k - INFO - Response: final response = [
        [1, 1, 1, 1, 0, 1, 0],
        [1, 1, 1, 0, 0, 0, 0],
        [1, 1, 1, 1, 0, 1, 0],
        [1, 0, 1, 1, 1, 1, 0],
        [0, 0, 0, 1, 1, 1, 0],
        [1, 0, 1, 1, 1, 1, 0],
        [0, 0, 0, 0, 0, 0, 1]
    ]
2025-02-14 20:50:53,313 - DSM_MultiModelExp_llm_rag_ollama:llama3.3:70b-8k - INFO - Matrix from response.
2025-02-14 20:50:53,314 - DSM_MultiModelExp_llm_rag_ollama:llama3.3:70b-8k - INFO - At run 1/5
2025-02-14 20:50:53,315 - DSM_MultiModelExp_llm_rag_ollama:llama3.3:70b-8k - INFO - Matrix: [[1, 1, 1, 1, 0, 1, 0], [1, 1, 1, 0, 0, 0, 0], [1, 1, 1, 1, 0, 1, 0], [1, 0, 1, 1, 1, 1, 0], [0, 0, 0, 1, 1, 1, 0], [1, 0, 1, 1, 1, 1, 0], [0, 0, 0, 0, 0, 0, 1]]
2025-02-14 20:50:53,316 - DSM_MultiModelExp_llm_rag_ollama:llama3.3:70b-8k - INFO - --------------------------------------------------
2025-02-14 20:51:03,327 - DSM_MultiModelExp_llm_rag_ollama:llama3.3:70b-8k - INFO - Run 2/5
2025-02-14 20:51:03,363 - DSM_MultiModelExp_llm_rag_ollama:llama3.3:70b-8k - INFO - DEBUG: Initializing RAGInference.
2025-02-14 20:51:03,364 - DSM_MultiModelExp_llm_rag_ollama:llama3.3:70b-8k - INFO - Using R-type: ['R1', 'R2', 'R3']
2025-02-14 20:51:03,365 - DSM_MultiModelExp_llm_rag_ollama:llama3.3:70b-8k - INFO - Using embedding model: text-embedding-3-small
2025-02-14 20:51:03,399 - DSM_MultiModelExp_llm_rag_ollama:llama3.3:70b-8k - INFO - VectorStoreManager initialized
2025-02-14 20:51:03,400 - DSM_MultiModelExp_llm_rag_ollama:llama3.3:70b-8k - INFO - Set database path to: xLM_DSM/data/vectorstore/PowerDrill/llm_rag/text-embedding-3-small
2025-02-14 20:51:03,411 - DSM_MultiModelExp_llm_rag_ollama:llama3.3:70b-8k - INFO - Collection count: 2855
2025-02-14 20:51:03,415 - DSM_MultiModelExp_llm_rag_ollama:llama3.3:70b-8k - INFO - Initialized RAG inference for system: PowerDrill
2025-02-14 20:51:03,416 - DSM_MultiModelExp_llm_rag_ollama:llama3.3:70b-8k - INFO - Initialized DSM for system: PowerDrill
2025-02-14 20:51:03,417 - DSM_MultiModelExp_llm_rag_ollama:llama3.3:70b-8k - INFO - Inference model: ollama:llama3.3:70b-8k
2025-02-14 20:51:18,720 - DSM_MultiModelExp_llm_rag_ollama:llama3.3:70b-8k - INFO - Number of documents retrieved: 5
2025-02-14 20:51:18,721 - DSM_MultiModelExp_llm_rag_ollama:llama3.3:70b-8k - INFO - Documents used for this query:
2025-02-14 20:51:18,722 - DSM_MultiModelExp_llm_rag_ollama:llama3.3:70b-8k - INFO - File: ../data/use_cases_large/PowerDrill/reference_pdfs/R1_combined.pdf
2025-02-14 20:51:18,723 - DSM_MultiModelExp_llm_rag_ollama:llama3.3:70b-8k - INFO - Page: 34
2025-02-14 20:51:18,724 - DSM_MultiModelExp_llm_rag_ollama:llama3.3:70b-8k - INFO - Content: power	
  screwdriver	
   158	
  5.9	
   (a)	
  –	
  (c)	
  binary	
  adjacency	
  matrices	
  and	
  spy	
  plots	
  for	
  screwdrivers	
   159	
  5.10	
   Sample	
  distribution	
  for	
  a	
  screw ...
2025-02-14 20:51:18,726 - DSM_MultiModelExp_llm_rag_ollama:llama3.3:70b-8k - INFO - File: ../data/use_cases_large/PowerDrill/reference_pdfs/R1_combined.pdf
2025-02-14 20:51:18,727 - DSM_MultiModelExp_llm_rag_ollama:llama3.3:70b-8k - INFO - Page: 1
2025-02-14 20:51:18,728 - DSM_MultiModelExp_llm_rag_ollama:llama3.3:70b-8k - INFO - Content: A component DSM is used to capture and represent the interactions between elements of a system
(Warﬁeld 1973, Steward 1981, Browning 2001). An element may represent a single component,
an assembly of  ...
2025-02-14 20:51:18,729 - DSM_MultiModelExp_llm_rag_ollama:llama3.3:70b-8k - INFO - File: ../data/use_cases_large/PowerDrill/reference_pdfs/R1_combined.pdf
2025-02-14 20:51:18,729 - DSM_MultiModelExp_llm_rag_ollama:llama3.3:70b-8k - INFO - Page: 181
2025-02-14 20:51:18,731 - DSM_MultiModelExp_llm_rag_ollama:llama3.3:70b-8k - INFO - Content: Fig.	
  5.8:	
  Components	
  of	
  the	
  Black	
  &	
  Decker	
  alkaline	
  screwdriver	
  [Tilstra,	
  2010].	
  	
   The	
   developed	
   Product	
   Design	
   Structure	
   Matrices	
   (DSM)	 ...
2025-02-14 20:51:18,731 - DSM_MultiModelExp_llm_rag_ollama:llama3.3:70b-8k - INFO - File: ../data/use_cases_large/PowerDrill/reference_pdfs/R1_combined.pdf
2025-02-14 20:51:18,733 - DSM_MultiModelExp_llm_rag_ollama:llama3.3:70b-8k - INFO - Page: 11
2025-02-14 20:51:18,734 - DSM_MultiModelExp_llm_rag_ollama:llama3.3:70b-8k - INFO - Content: with the external surroundings:
(1) Bit.
(2) Transmission.
(3) Motor.
(4) Electrical system.
(5) Battery holder.
(6) Housing.
(7) External.
The BOM created during disassembly indicated a total quantit ...
2025-02-14 20:51:18,735 - DSM_MultiModelExp_llm_rag_ollama:llama3.3:70b-8k - INFO - File: ../data/use_cases_large/PowerDrill/reference_pdfs/R1_combined.pdf
2025-02-14 20:51:18,736 - DSM_MultiModelExp_llm_rag_ollama:llama3.3:70b-8k - INFO - Page: 34
2025-02-14 20:51:18,737 - DSM_MultiModelExp_llm_rag_ollama:llama3.3:70b-8k - INFO - Content: 4.5	
   Plot	
  of	
  structural	
  complexity	
  and	
  average	
  model	
  build	
  time	
   136	
  4.6	
   Aggregate	
  level	
  statistical	
  model	
  using	
  individual	
  level	
  data	
   141 ...
2025-02-14 20:51:18,738 - DSM_MultiModelExp_llm_rag_ollama:llama3.3:70b-8k - INFO - Raw Response: final response = [
        [1, 1, 1, 1, 0, 1, 0],
        [1, 1, 1, 0, 0, 0, 0],
        [1, 1, 1, 1, 0, 1, 0],
        [1, 0, 1, 1, 1, 1, 0],
        [0, 0, 0, 1, 1, 1, 0],
        [1, 0, 1, 1, 1, 1, 0],
        [0, 0, 0, 0, 0, 0, 1]
    ]
2025-02-14 20:51:18,739 - DSM_MultiModelExp_llm_rag_ollama:llama3.3:70b-8k - INFO - Query: 
    Please identify system-level proximity relationships (in contact) between the components of Power Screwdriver, as listed below, and represent them in a Design Structure Matrix (DSM) format.  
    The relationships should be articulated in plain English, capturing the essence of their interactions. 
    Here is the list of subsystems/components to analyze: ['Bit', 'Transmission', 'Motor', 'Electrical System', 'Battery Holder', 'Housing', 'External Environment'] 
    The DSM should clearly indicate the interactions between these components as 1 exist and 0 does not exist, considering both the presence and nature of these connections.         
    Present the output in a square matrix format (number of rows and columns MUST be the same as the number of components = 7 for this example), with rows and columns labeled accordingly. 
    Diagonal elements should be 1 in DSM matrix since each component interacts with itself. 
    If you don't know the answer, just write 2 for the specific cell that you are unsure of. A worst case scenario of the **as a list of lists** shown below (diagonal elements are 1 and rest are 2). Don't make up an answer.     final response = [
        [1, 2, 2, 2, 2, 2, 2],
        [2, 1, 2, 2, 2, 2, 2],
        [2, 2, 1, 2, 2, 2, 2],
        [2, 2, 2, 1, 2, 2, 2],
        [2, 2, 2, 2, 1, 2, 2],
        [2, 2, 2, 2, 2, 1, 2],
        [2, 2, 2, 2, 2, 2, 1]
    ]

    IMPORTANT: Your response must **ONLY** contain a valid **as a list of lists** in the following example format 7x7 matrix.     
    The below list of lists is just an example format of your response. **Replace** the values with your **actual analysis** while providing your response with parameter of 'final response'.    
    final response = [
        [1, 0, 0, 0, 0, 0, 0],
        [0, 1, 0, 0, 0, 0, 0],
        [0, 0, 1, 0, 0, 0, 0],
        [0, 0, 0, 1, 0, 0, 0],
        [0, 0, 0, 0, 1, 0, 0],
        [0, 0, 0, 0, 0, 1, 0],
        [0, 0, 0, 0, 0, 0, 1]
    ]

    IMPORTANT: THE FORMAT OF THE OUTPUT MUST BE AS LIST OF LISTS ONLY SIMILAR TO THE ONE ABOVE (NO LATEX, CODE, OR OTHER ENCODINGS).
    
2025-02-14 20:51:18,739 - DSM_MultiModelExp_llm_rag_ollama:llama3.3:70b-8k - INFO - Response: final response = [
        [1, 1, 1, 1, 0, 1, 0],
        [1, 1, 1, 0, 0, 0, 0],
        [1, 1, 1, 1, 0, 1, 0],
        [1, 0, 1, 1, 1, 1, 0],
        [0, 0, 0, 1, 1, 1, 0],
        [1, 0, 1, 1, 1, 1, 0],
        [0, 0, 0, 0, 0, 0, 1]
    ]
2025-02-14 20:51:18,741 - DSM_MultiModelExp_llm_rag_ollama:llama3.3:70b-8k - INFO - Matrix from response.
2025-02-14 20:51:18,742 - DSM_MultiModelExp_llm_rag_ollama:llama3.3:70b-8k - INFO - At run 2/5
2025-02-14 20:51:18,743 - DSM_MultiModelExp_llm_rag_ollama:llama3.3:70b-8k - INFO - Matrix: [[1, 1, 1, 1, 0, 1, 0], [1, 1, 1, 0, 0, 0, 0], [1, 1, 1, 1, 0, 1, 0], [1, 0, 1, 1, 1, 1, 0], [0, 0, 0, 1, 1, 1, 0], [1, 0, 1, 1, 1, 1, 0], [0, 0, 0, 0, 0, 0, 1]]
2025-02-14 20:51:18,743 - DSM_MultiModelExp_llm_rag_ollama:llama3.3:70b-8k - INFO - --------------------------------------------------
2025-02-14 20:51:28,754 - DSM_MultiModelExp_llm_rag_ollama:llama3.3:70b-8k - INFO - Run 3/5
2025-02-14 20:51:28,792 - DSM_MultiModelExp_llm_rag_ollama:llama3.3:70b-8k - INFO - DEBUG: Initializing RAGInference.
2025-02-14 20:51:28,793 - DSM_MultiModelExp_llm_rag_ollama:llama3.3:70b-8k - INFO - Using R-type: ['R1', 'R2', 'R3']
2025-02-14 20:51:28,794 - DSM_MultiModelExp_llm_rag_ollama:llama3.3:70b-8k - INFO - Using embedding model: text-embedding-3-small
2025-02-14 20:51:28,828 - DSM_MultiModelExp_llm_rag_ollama:llama3.3:70b-8k - INFO - VectorStoreManager initialized
2025-02-14 20:51:28,829 - DSM_MultiModelExp_llm_rag_ollama:llama3.3:70b-8k - INFO - Set database path to: xLM_DSM/data/vectorstore/PowerDrill/llm_rag/text-embedding-3-small
2025-02-14 20:51:28,837 - DSM_MultiModelExp_llm_rag_ollama:llama3.3:70b-8k - INFO - Collection count: 2855
2025-02-14 20:51:28,841 - DSM_MultiModelExp_llm_rag_ollama:llama3.3:70b-8k - INFO - Initialized RAG inference for system: PowerDrill
2025-02-14 20:51:28,842 - DSM_MultiModelExp_llm_rag_ollama:llama3.3:70b-8k - INFO - Initialized DSM for system: PowerDrill
2025-02-14 20:51:28,843 - DSM_MultiModelExp_llm_rag_ollama:llama3.3:70b-8k - INFO - Inference model: ollama:llama3.3:70b-8k
2025-02-14 20:51:44,040 - DSM_MultiModelExp_llm_rag_ollama:llama3.3:70b-8k - INFO - Number of documents retrieved: 5
2025-02-14 20:51:44,041 - DSM_MultiModelExp_llm_rag_ollama:llama3.3:70b-8k - INFO - Documents used for this query:
2025-02-14 20:51:44,042 - DSM_MultiModelExp_llm_rag_ollama:llama3.3:70b-8k - INFO - File: ../data/use_cases_large/PowerDrill/reference_pdfs/R1_combined.pdf
2025-02-14 20:51:44,043 - DSM_MultiModelExp_llm_rag_ollama:llama3.3:70b-8k - INFO - Page: 34
2025-02-14 20:51:44,044 - DSM_MultiModelExp_llm_rag_ollama:llama3.3:70b-8k - INFO - Content: power	
  screwdriver	
   158	
  5.9	
   (a)	
  –	
  (c)	
  binary	
  adjacency	
  matrices	
  and	
  spy	
  plots	
  for	
  screwdrivers	
   159	
  5.10	
   Sample	
  distribution	
  for	
  a	
  screw ...
2025-02-14 20:51:44,044 - DSM_MultiModelExp_llm_rag_ollama:llama3.3:70b-8k - INFO - File: ../data/use_cases_large/PowerDrill/reference_pdfs/R1_combined.pdf
2025-02-14 20:51:44,045 - DSM_MultiModelExp_llm_rag_ollama:llama3.3:70b-8k - INFO - Page: 1
2025-02-14 20:51:44,047 - DSM_MultiModelExp_llm_rag_ollama:llama3.3:70b-8k - INFO - Content: A component DSM is used to capture and represent the interactions between elements of a system
(Warﬁeld 1973, Steward 1981, Browning 2001). An element may represent a single component,
an assembly of  ...
2025-02-14 20:51:44,048 - DSM_MultiModelExp_llm_rag_ollama:llama3.3:70b-8k - INFO - File: ../data/use_cases_large/PowerDrill/reference_pdfs/R1_combined.pdf
2025-02-14 20:51:44,048 - DSM_MultiModelExp_llm_rag_ollama:llama3.3:70b-8k - INFO - Page: 181
2025-02-14 20:51:44,049 - DSM_MultiModelExp_llm_rag_ollama:llama3.3:70b-8k - INFO - Content: Fig.	
  5.8:	
  Components	
  of	
  the	
  Black	
  &	
  Decker	
  alkaline	
  screwdriver	
  [Tilstra,	
  2010].	
  	
   The	
   developed	
   Product	
   Design	
   Structure	
   Matrices	
   (DSM)	 ...
2025-02-14 20:51:44,050 - DSM_MultiModelExp_llm_rag_ollama:llama3.3:70b-8k - INFO - File: ../data/use_cases_large/PowerDrill/reference_pdfs/R1_combined.pdf
2025-02-14 20:51:44,052 - DSM_MultiModelExp_llm_rag_ollama:llama3.3:70b-8k - INFO - Page: 11
2025-02-14 20:51:44,053 - DSM_MultiModelExp_llm_rag_ollama:llama3.3:70b-8k - INFO - Content: with the external surroundings:
(1) Bit.
(2) Transmission.
(3) Motor.
(4) Electrical system.
(5) Battery holder.
(6) Housing.
(7) External.
The BOM created during disassembly indicated a total quantit ...
2025-02-14 20:51:44,054 - DSM_MultiModelExp_llm_rag_ollama:llama3.3:70b-8k - INFO - File: ../data/use_cases_large/PowerDrill/reference_pdfs/R1_combined.pdf
2025-02-14 20:51:44,055 - DSM_MultiModelExp_llm_rag_ollama:llama3.3:70b-8k - INFO - Page: 34
2025-02-14 20:51:44,055 - DSM_MultiModelExp_llm_rag_ollama:llama3.3:70b-8k - INFO - Content: 4.5	
   Plot	
  of	
  structural	
  complexity	
  and	
  average	
  model	
  build	
  time	
   136	
  4.6	
   Aggregate	
  level	
  statistical	
  model	
  using	
  individual	
  level	
  data	
   141 ...
2025-02-14 20:51:44,056 - DSM_MultiModelExp_llm_rag_ollama:llama3.3:70b-8k - INFO - Raw Response: final response = [
        [1, 1, 1, 1, 0, 1, 0],
        [1, 1, 1, 0, 0, 0, 0],
        [1, 1, 1, 1, 0, 1, 0],
        [1, 0, 1, 1, 1, 1, 0],
        [0, 0, 0, 1, 1, 1, 0],
        [1, 0, 1, 1, 1, 1, 0],
        [0, 0, 0, 0, 0, 0, 1]
    ]
2025-02-14 20:51:44,057 - DSM_MultiModelExp_llm_rag_ollama:llama3.3:70b-8k - INFO - Query: 
    Please identify system-level proximity relationships (in contact) between the components of Power Screwdriver, as listed below, and represent them in a Design Structure Matrix (DSM) format.  
    The relationships should be articulated in plain English, capturing the essence of their interactions. 
    Here is the list of subsystems/components to analyze: ['Bit', 'Transmission', 'Motor', 'Electrical System', 'Battery Holder', 'Housing', 'External Environment'] 
    The DSM should clearly indicate the interactions between these components as 1 exist and 0 does not exist, considering both the presence and nature of these connections.         
    Present the output in a square matrix format (number of rows and columns MUST be the same as the number of components = 7 for this example), with rows and columns labeled accordingly. 
    Diagonal elements should be 1 in DSM matrix since each component interacts with itself. 
    If you don't know the answer, just write 2 for the specific cell that you are unsure of. A worst case scenario of the **as a list of lists** shown below (diagonal elements are 1 and rest are 2). Don't make up an answer.     final response = [
        [1, 2, 2, 2, 2, 2, 2],
        [2, 1, 2, 2, 2, 2, 2],
        [2, 2, 1, 2, 2, 2, 2],
        [2, 2, 2, 1, 2, 2, 2],
        [2, 2, 2, 2, 1, 2, 2],
        [2, 2, 2, 2, 2, 1, 2],
        [2, 2, 2, 2, 2, 2, 1]
    ]

    IMPORTANT: Your response must **ONLY** contain a valid **as a list of lists** in the following example format 7x7 matrix.     
    The below list of lists is just an example format of your response. **Replace** the values with your **actual analysis** while providing your response with parameter of 'final response'.    
    final response = [
        [1, 0, 0, 0, 0, 0, 0],
        [0, 1, 0, 0, 0, 0, 0],
        [0, 0, 1, 0, 0, 0, 0],
        [0, 0, 0, 1, 0, 0, 0],
        [0, 0, 0, 0, 1, 0, 0],
        [0, 0, 0, 0, 0, 1, 0],
        [0, 0, 0, 0, 0, 0, 1]
    ]

    IMPORTANT: THE FORMAT OF THE OUTPUT MUST BE AS LIST OF LISTS ONLY SIMILAR TO THE ONE ABOVE (NO LATEX, CODE, OR OTHER ENCODINGS).
    
2025-02-14 20:51:44,058 - DSM_MultiModelExp_llm_rag_ollama:llama3.3:70b-8k - INFO - Response: final response = [
        [1, 1, 1, 1, 0, 1, 0],
        [1, 1, 1, 0, 0, 0, 0],
        [1, 1, 1, 1, 0, 1, 0],
        [1, 0, 1, 1, 1, 1, 0],
        [0, 0, 0, 1, 1, 1, 0],
        [1, 0, 1, 1, 1, 1, 0],
        [0, 0, 0, 0, 0, 0, 1]
    ]
2025-02-14 20:51:44,059 - DSM_MultiModelExp_llm_rag_ollama:llama3.3:70b-8k - INFO - Matrix from response.
2025-02-14 20:51:44,061 - DSM_MultiModelExp_llm_rag_ollama:llama3.3:70b-8k - INFO - At run 3/5
2025-02-14 20:51:44,061 - DSM_MultiModelExp_llm_rag_ollama:llama3.3:70b-8k - INFO - Matrix: [[1, 1, 1, 1, 0, 1, 0], [1, 1, 1, 0, 0, 0, 0], [1, 1, 1, 1, 0, 1, 0], [1, 0, 1, 1, 1, 1, 0], [0, 0, 0, 1, 1, 1, 0], [1, 0, 1, 1, 1, 1, 0], [0, 0, 0, 0, 0, 0, 1]]
2025-02-14 20:51:44,062 - DSM_MultiModelExp_llm_rag_ollama:llama3.3:70b-8k - INFO - --------------------------------------------------
2025-02-14 20:51:54,073 - DSM_MultiModelExp_llm_rag_ollama:llama3.3:70b-8k - INFO - Run 4/5
2025-02-14 20:51:54,109 - DSM_MultiModelExp_llm_rag_ollama:llama3.3:70b-8k - INFO - DEBUG: Initializing RAGInference.
2025-02-14 20:51:54,110 - DSM_MultiModelExp_llm_rag_ollama:llama3.3:70b-8k - INFO - Using R-type: ['R1', 'R2', 'R3']
2025-02-14 20:51:54,111 - DSM_MultiModelExp_llm_rag_ollama:llama3.3:70b-8k - INFO - Using embedding model: text-embedding-3-small
2025-02-14 20:51:54,145 - DSM_MultiModelExp_llm_rag_ollama:llama3.3:70b-8k - INFO - VectorStoreManager initialized
2025-02-14 20:51:54,147 - DSM_MultiModelExp_llm_rag_ollama:llama3.3:70b-8k - INFO - Set database path to: xLM_DSM/data/vectorstore/PowerDrill/llm_rag/text-embedding-3-small
2025-02-14 20:51:54,157 - DSM_MultiModelExp_llm_rag_ollama:llama3.3:70b-8k - INFO - Collection count: 2855
2025-02-14 20:51:54,161 - DSM_MultiModelExp_llm_rag_ollama:llama3.3:70b-8k - INFO - Initialized RAG inference for system: PowerDrill
2025-02-14 20:51:54,162 - DSM_MultiModelExp_llm_rag_ollama:llama3.3:70b-8k - INFO - Initialized DSM for system: PowerDrill
2025-02-14 20:51:54,162 - DSM_MultiModelExp_llm_rag_ollama:llama3.3:70b-8k - INFO - Inference model: ollama:llama3.3:70b-8k
2025-02-14 20:52:09,181 - DSM_MultiModelExp_llm_rag_ollama:llama3.3:70b-8k - INFO - Number of documents retrieved: 5
2025-02-14 20:52:09,182 - DSM_MultiModelExp_llm_rag_ollama:llama3.3:70b-8k - INFO - Documents used for this query:
2025-02-14 20:52:09,183 - DSM_MultiModelExp_llm_rag_ollama:llama3.3:70b-8k - INFO - File: ../data/use_cases_large/PowerDrill/reference_pdfs/R1_combined.pdf
2025-02-14 20:52:09,183 - DSM_MultiModelExp_llm_rag_ollama:llama3.3:70b-8k - INFO - Page: 34
2025-02-14 20:52:09,184 - DSM_MultiModelExp_llm_rag_ollama:llama3.3:70b-8k - INFO - Content: power	
  screwdriver	
   158	
  5.9	
   (a)	
  –	
  (c)	
  binary	
  adjacency	
  matrices	
  and	
  spy	
  plots	
  for	
  screwdrivers	
   159	
  5.10	
   Sample	
  distribution	
  for	
  a	
  screw ...
2025-02-14 20:52:09,185 - DSM_MultiModelExp_llm_rag_ollama:llama3.3:70b-8k - INFO - File: ../data/use_cases_large/PowerDrill/reference_pdfs/R1_combined.pdf
2025-02-14 20:52:09,186 - DSM_MultiModelExp_llm_rag_ollama:llama3.3:70b-8k - INFO - Page: 1
2025-02-14 20:52:09,186 - DSM_MultiModelExp_llm_rag_ollama:llama3.3:70b-8k - INFO - Content: A component DSM is used to capture and represent the interactions between elements of a system
(Warﬁeld 1973, Steward 1981, Browning 2001). An element may represent a single component,
an assembly of  ...
2025-02-14 20:52:09,187 - DSM_MultiModelExp_llm_rag_ollama:llama3.3:70b-8k - INFO - File: ../data/use_cases_large/PowerDrill/reference_pdfs/R1_combined.pdf
2025-02-14 20:52:09,188 - DSM_MultiModelExp_llm_rag_ollama:llama3.3:70b-8k - INFO - Page: 181
2025-02-14 20:52:09,189 - DSM_MultiModelExp_llm_rag_ollama:llama3.3:70b-8k - INFO - Content: Fig.	
  5.8:	
  Components	
  of	
  the	
  Black	
  &	
  Decker	
  alkaline	
  screwdriver	
  [Tilstra,	
  2010].	
  	
   The	
   developed	
   Product	
   Design	
   Structure	
   Matrices	
   (DSM)	 ...
2025-02-14 20:52:09,190 - DSM_MultiModelExp_llm_rag_ollama:llama3.3:70b-8k - INFO - File: ../data/use_cases_large/PowerDrill/reference_pdfs/R1_combined.pdf
2025-02-14 20:52:09,191 - DSM_MultiModelExp_llm_rag_ollama:llama3.3:70b-8k - INFO - Page: 11
2025-02-14 20:52:09,192 - DSM_MultiModelExp_llm_rag_ollama:llama3.3:70b-8k - INFO - Content: with the external surroundings:
(1) Bit.
(2) Transmission.
(3) Motor.
(4) Electrical system.
(5) Battery holder.
(6) Housing.
(7) External.
The BOM created during disassembly indicated a total quantit ...
2025-02-14 20:52:09,193 - DSM_MultiModelExp_llm_rag_ollama:llama3.3:70b-8k - INFO - File: ../data/use_cases_large/PowerDrill/reference_pdfs/R1_combined.pdf
2025-02-14 20:52:09,194 - DSM_MultiModelExp_llm_rag_ollama:llama3.3:70b-8k - INFO - Page: 34
2025-02-14 20:52:09,194 - DSM_MultiModelExp_llm_rag_ollama:llama3.3:70b-8k - INFO - Content: 4.5	
   Plot	
  of	
  structural	
  complexity	
  and	
  average	
  model	
  build	
  time	
   136	
  4.6	
   Aggregate	
  level	
  statistical	
  model	
  using	
  individual	
  level	
  data	
   141 ...
2025-02-14 20:52:09,195 - DSM_MultiModelExp_llm_rag_ollama:llama3.3:70b-8k - INFO - Raw Response: final response = [
        [1, 1, 1, 1, 0, 1, 0],
        [1, 1, 1, 0, 0, 0, 0],
        [1, 1, 1, 1, 0, 1, 0],
        [1, 0, 1, 1, 1, 1, 0],
        [0, 0, 0, 1, 1, 1, 0],
        [1, 0, 1, 1, 1, 1, 0],
        [0, 0, 0, 0, 0, 0, 1]
    ]
2025-02-14 20:52:09,196 - DSM_MultiModelExp_llm_rag_ollama:llama3.3:70b-8k - INFO - Query: 
    Please identify system-level proximity relationships (in contact) between the components of Power Screwdriver, as listed below, and represent them in a Design Structure Matrix (DSM) format.  
    The relationships should be articulated in plain English, capturing the essence of their interactions. 
    Here is the list of subsystems/components to analyze: ['Bit', 'Transmission', 'Motor', 'Electrical System', 'Battery Holder', 'Housing', 'External Environment'] 
    The DSM should clearly indicate the interactions between these components as 1 exist and 0 does not exist, considering both the presence and nature of these connections.         
    Present the output in a square matrix format (number of rows and columns MUST be the same as the number of components = 7 for this example), with rows and columns labeled accordingly. 
    Diagonal elements should be 1 in DSM matrix since each component interacts with itself. 
    If you don't know the answer, just write 2 for the specific cell that you are unsure of. A worst case scenario of the **as a list of lists** shown below (diagonal elements are 1 and rest are 2). Don't make up an answer.     final response = [
        [1, 2, 2, 2, 2, 2, 2],
        [2, 1, 2, 2, 2, 2, 2],
        [2, 2, 1, 2, 2, 2, 2],
        [2, 2, 2, 1, 2, 2, 2],
        [2, 2, 2, 2, 1, 2, 2],
        [2, 2, 2, 2, 2, 1, 2],
        [2, 2, 2, 2, 2, 2, 1]
    ]

    IMPORTANT: Your response must **ONLY** contain a valid **as a list of lists** in the following example format 7x7 matrix.     
    The below list of lists is just an example format of your response. **Replace** the values with your **actual analysis** while providing your response with parameter of 'final response'.    
    final response = [
        [1, 0, 0, 0, 0, 0, 0],
        [0, 1, 0, 0, 0, 0, 0],
        [0, 0, 1, 0, 0, 0, 0],
        [0, 0, 0, 1, 0, 0, 0],
        [0, 0, 0, 0, 1, 0, 0],
        [0, 0, 0, 0, 0, 1, 0],
        [0, 0, 0, 0, 0, 0, 1]
    ]

    IMPORTANT: THE FORMAT OF THE OUTPUT MUST BE AS LIST OF LISTS ONLY SIMILAR TO THE ONE ABOVE (NO LATEX, CODE, OR OTHER ENCODINGS).
    
2025-02-14 20:52:09,197 - DSM_MultiModelExp_llm_rag_ollama:llama3.3:70b-8k - INFO - Response: final response = [
        [1, 1, 1, 1, 0, 1, 0],
        [1, 1, 1, 0, 0, 0, 0],
        [1, 1, 1, 1, 0, 1, 0],
        [1, 0, 1, 1, 1, 1, 0],
        [0, 0, 0, 1, 1, 1, 0],
        [1, 0, 1, 1, 1, 1, 0],
        [0, 0, 0, 0, 0, 0, 1]
    ]
2025-02-14 20:52:09,199 - DSM_MultiModelExp_llm_rag_ollama:llama3.3:70b-8k - INFO - Matrix from response.
2025-02-14 20:52:09,199 - DSM_MultiModelExp_llm_rag_ollama:llama3.3:70b-8k - INFO - At run 4/5
2025-02-14 20:52:09,200 - DSM_MultiModelExp_llm_rag_ollama:llama3.3:70b-8k - INFO - Matrix: [[1, 1, 1, 1, 0, 1, 0], [1, 1, 1, 0, 0, 0, 0], [1, 1, 1, 1, 0, 1, 0], [1, 0, 1, 1, 1, 1, 0], [0, 0, 0, 1, 1, 1, 0], [1, 0, 1, 1, 1, 1, 0], [0, 0, 0, 0, 0, 0, 1]]
2025-02-14 20:52:09,201 - DSM_MultiModelExp_llm_rag_ollama:llama3.3:70b-8k - INFO - --------------------------------------------------
2025-02-14 20:52:19,212 - DSM_MultiModelExp_llm_rag_ollama:llama3.3:70b-8k - INFO - Run 5/5
2025-02-14 20:52:19,230 - DSM_MultiModelExp_llm_rag_ollama:llama3.3:70b-8k - INFO - DEBUG: Initializing RAGInference.
2025-02-14 20:52:19,230 - DSM_MultiModelExp_llm_rag_ollama:llama3.3:70b-8k - INFO - Using R-type: ['R1', 'R2', 'R3']
2025-02-14 20:52:19,231 - DSM_MultiModelExp_llm_rag_ollama:llama3.3:70b-8k - INFO - Using embedding model: text-embedding-3-small
2025-02-14 20:52:19,248 - DSM_MultiModelExp_llm_rag_ollama:llama3.3:70b-8k - INFO - VectorStoreManager initialized
2025-02-14 20:52:19,249 - DSM_MultiModelExp_llm_rag_ollama:llama3.3:70b-8k - INFO - Set database path to: xLM_DSM/data/vectorstore/PowerDrill/llm_rag/text-embedding-3-small
2025-02-14 20:52:19,255 - DSM_MultiModelExp_llm_rag_ollama:llama3.3:70b-8k - INFO - Collection count: 2855
2025-02-14 20:52:19,257 - DSM_MultiModelExp_llm_rag_ollama:llama3.3:70b-8k - INFO - Initialized RAG inference for system: PowerDrill
2025-02-14 20:52:19,258 - DSM_MultiModelExp_llm_rag_ollama:llama3.3:70b-8k - INFO - Initialized DSM for system: PowerDrill
2025-02-14 20:52:19,258 - DSM_MultiModelExp_llm_rag_ollama:llama3.3:70b-8k - INFO - Inference model: ollama:llama3.3:70b-8k
2025-02-14 20:52:34,584 - DSM_MultiModelExp_llm_rag_ollama:llama3.3:70b-8k - INFO - Number of documents retrieved: 5
2025-02-14 20:52:34,585 - DSM_MultiModelExp_llm_rag_ollama:llama3.3:70b-8k - INFO - Documents used for this query:
2025-02-14 20:52:34,586 - DSM_MultiModelExp_llm_rag_ollama:llama3.3:70b-8k - INFO - File: ../data/use_cases_large/PowerDrill/reference_pdfs/R1_combined.pdf
2025-02-14 20:52:34,587 - DSM_MultiModelExp_llm_rag_ollama:llama3.3:70b-8k - INFO - Page: 34
2025-02-14 20:52:34,587 - DSM_MultiModelExp_llm_rag_ollama:llama3.3:70b-8k - INFO - Content: power	
  screwdriver	
   158	
  5.9	
   (a)	
  –	
  (c)	
  binary	
  adjacency	
  matrices	
  and	
  spy	
  plots	
  for	
  screwdrivers	
   159	
  5.10	
   Sample	
  distribution	
  for	
  a	
  screw ...
2025-02-14 20:52:34,589 - DSM_MultiModelExp_llm_rag_ollama:llama3.3:70b-8k - INFO - File: ../data/use_cases_large/PowerDrill/reference_pdfs/R1_combined.pdf
2025-02-14 20:52:34,590 - DSM_MultiModelExp_llm_rag_ollama:llama3.3:70b-8k - INFO - Page: 1
2025-02-14 20:52:34,591 - DSM_MultiModelExp_llm_rag_ollama:llama3.3:70b-8k - INFO - Content: A component DSM is used to capture and represent the interactions between elements of a system
(Warﬁeld 1973, Steward 1981, Browning 2001). An element may represent a single component,
an assembly of  ...
2025-02-14 20:52:34,592 - DSM_MultiModelExp_llm_rag_ollama:llama3.3:70b-8k - INFO - File: ../data/use_cases_large/PowerDrill/reference_pdfs/R1_combined.pdf
2025-02-14 20:52:34,592 - DSM_MultiModelExp_llm_rag_ollama:llama3.3:70b-8k - INFO - Page: 181
2025-02-14 20:52:34,594 - DSM_MultiModelExp_llm_rag_ollama:llama3.3:70b-8k - INFO - Content: Fig.	
  5.8:	
  Components	
  of	
  the	
  Black	
  &	
  Decker	
  alkaline	
  screwdriver	
  [Tilstra,	
  2010].	
  	
   The	
   developed	
   Product	
   Design	
   Structure	
   Matrices	
   (DSM)	 ...
2025-02-14 20:52:34,594 - DSM_MultiModelExp_llm_rag_ollama:llama3.3:70b-8k - INFO - File: ../data/use_cases_large/PowerDrill/reference_pdfs/R1_combined.pdf
2025-02-14 20:52:34,595 - DSM_MultiModelExp_llm_rag_ollama:llama3.3:70b-8k - INFO - Page: 11
2025-02-14 20:52:34,596 - DSM_MultiModelExp_llm_rag_ollama:llama3.3:70b-8k - INFO - Content: with the external surroundings:
(1) Bit.
(2) Transmission.
(3) Motor.
(4) Electrical system.
(5) Battery holder.
(6) Housing.
(7) External.
The BOM created during disassembly indicated a total quantit ...
2025-02-14 20:52:34,597 - DSM_MultiModelExp_llm_rag_ollama:llama3.3:70b-8k - INFO - File: ../data/use_cases_large/PowerDrill/reference_pdfs/R1_combined.pdf
2025-02-14 20:52:34,597 - DSM_MultiModelExp_llm_rag_ollama:llama3.3:70b-8k - INFO - Page: 34
2025-02-14 20:52:34,598 - DSM_MultiModelExp_llm_rag_ollama:llama3.3:70b-8k - INFO - Content: 4.5	
   Plot	
  of	
  structural	
  complexity	
  and	
  average	
  model	
  build	
  time	
   136	
  4.6	
   Aggregate	
  level	
  statistical	
  model	
  using	
  individual	
  level	
  data	
   141 ...
2025-02-14 20:52:34,599 - DSM_MultiModelExp_llm_rag_ollama:llama3.3:70b-8k - INFO - Raw Response: final response = [
        [1, 1, 1, 1, 0, 1, 0],
        [1, 1, 1, 0, 0, 0, 0],
        [1, 1, 1, 1, 0, 1, 0],
        [1, 0, 1, 1, 1, 1, 0],
        [0, 0, 0, 1, 1, 1, 0],
        [1, 0, 1, 1, 1, 1, 0],
        [0, 0, 0, 0, 0, 0, 1]
    ]
2025-02-14 20:52:34,600 - DSM_MultiModelExp_llm_rag_ollama:llama3.3:70b-8k - INFO - Query: 
    Please identify system-level proximity relationships (in contact) between the components of Power Screwdriver, as listed below, and represent them in a Design Structure Matrix (DSM) format.  
    The relationships should be articulated in plain English, capturing the essence of their interactions. 
    Here is the list of subsystems/components to analyze: ['Bit', 'Transmission', 'Motor', 'Electrical System', 'Battery Holder', 'Housing', 'External Environment'] 
    The DSM should clearly indicate the interactions between these components as 1 exist and 0 does not exist, considering both the presence and nature of these connections.         
    Present the output in a square matrix format (number of rows and columns MUST be the same as the number of components = 7 for this example), with rows and columns labeled accordingly. 
    Diagonal elements should be 1 in DSM matrix since each component interacts with itself. 
    If you don't know the answer, just write 2 for the specific cell that you are unsure of. A worst case scenario of the **as a list of lists** shown below (diagonal elements are 1 and rest are 2). Don't make up an answer.     final response = [
        [1, 2, 2, 2, 2, 2, 2],
        [2, 1, 2, 2, 2, 2, 2],
        [2, 2, 1, 2, 2, 2, 2],
        [2, 2, 2, 1, 2, 2, 2],
        [2, 2, 2, 2, 1, 2, 2],
        [2, 2, 2, 2, 2, 1, 2],
        [2, 2, 2, 2, 2, 2, 1]
    ]

    IMPORTANT: Your response must **ONLY** contain a valid **as a list of lists** in the following example format 7x7 matrix.     
    The below list of lists is just an example format of your response. **Replace** the values with your **actual analysis** while providing your response with parameter of 'final response'.    
    final response = [
        [1, 0, 0, 0, 0, 0, 0],
        [0, 1, 0, 0, 0, 0, 0],
        [0, 0, 1, 0, 0, 0, 0],
        [0, 0, 0, 1, 0, 0, 0],
        [0, 0, 0, 0, 1, 0, 0],
        [0, 0, 0, 0, 0, 1, 0],
        [0, 0, 0, 0, 0, 0, 1]
    ]

    IMPORTANT: THE FORMAT OF THE OUTPUT MUST BE AS LIST OF LISTS ONLY SIMILAR TO THE ONE ABOVE (NO LATEX, CODE, OR OTHER ENCODINGS).
    
2025-02-14 20:52:34,602 - DSM_MultiModelExp_llm_rag_ollama:llama3.3:70b-8k - INFO - Response: final response = [
        [1, 1, 1, 1, 0, 1, 0],
        [1, 1, 1, 0, 0, 0, 0],
        [1, 1, 1, 1, 0, 1, 0],
        [1, 0, 1, 1, 1, 1, 0],
        [0, 0, 0, 1, 1, 1, 0],
        [1, 0, 1, 1, 1, 1, 0],
        [0, 0, 0, 0, 0, 0, 1]
    ]
2025-02-14 20:52:34,602 - DSM_MultiModelExp_llm_rag_ollama:llama3.3:70b-8k - INFO - Matrix from response.
2025-02-14 20:52:34,603 - DSM_MultiModelExp_llm_rag_ollama:llama3.3:70b-8k - INFO - At run 5/5
2025-02-14 20:52:34,604 - DSM_MultiModelExp_llm_rag_ollama:llama3.3:70b-8k - INFO - Matrix: [[1, 1, 1, 1, 0, 1, 0], [1, 1, 1, 0, 0, 0, 0], [1, 1, 1, 1, 0, 1, 0], [1, 0, 1, 1, 1, 1, 0], [0, 0, 0, 1, 1, 1, 0], [1, 0, 1, 1, 1, 1, 0], [0, 0, 0, 0, 0, 0, 1]]
2025-02-14 20:52:34,606 - DSM_MultiModelExp_llm_rag_ollama:llama3.3:70b-8k - INFO - --------------------------------------------------
2025-02-14 20:52:44,616 - DSM_MultiModelExp_llm_rag_ollama:llama3.3:70b-8k - INFO - Duration of reference combination {'R1': [{'path': '../data/use_cases_large/PowerDrill/reference_pdfs/R1_combined.pdf'}], 'R2': [{'path': '../data/use_cases_large/PowerDrill/reference_pdfs/[2012 Eppinger] R2-Design structure matrix methods and applications.pdf'}], 'R3': [{'path': '../data/use_cases_large/PowerDrill/reference_pdfs/R3_combined.pdf'}]}: 0:02:09.527763
2025-02-14 20:52:44,618 - DSM_MultiModelExp_llm_rag_ollama:llama3.3:70b-8k - INFO - ++++++++++++++++++++++++++++++++++++++++++++++++++++++++++++++++++++++++++++++++++++++++++++++++++++
2025-02-14 20:52:44,620 - DSM_MultiModelExp_llm_rag_ollama:llama3.3:70b-8k - INFO - 
==================================================
2025-02-14 20:52:44,620 - DSM_MultiModelExp_llm_rag_ollama:llama3.3:70b-8k - INFO - Average DSM Matrix for model: ollama:llama3.3:70b-8k
2025-02-14 20:52:44,621 - DSM_MultiModelExp_llm_rag_ollama:llama3.3:70b-8k - INFO - End of log reference type(s): ['R1']
2025-02-14 20:52:44,623 - DSM_MultiModelExp_llm_rag_ollama:llama3.3:70b-8k - INFO - Saving results to: ../output/experiment_llm_rag_ollama:llama3.3:70b-8k_20250214-203713/llm_rag_refs_R1
2025-02-14 20:52:44,627 - DSM_MultiModelExp_llm_rag_ollama:llama3.3:70b-8k - INFO - 
Average Matrix:
                      Bit  Transmission  Motor  Electrical System  Battery Holder  Housing  External Environment
Bit                     1             1      1                  1               0        1                     0
Transmission            1             1      1                  0               0        0                     0
Motor                   1             1      1                  1               0        1                     0
Electrical System       1             0      1                  1               1        1                     0
Battery Holder          0             0      0                  1               1        1                     0
Housing                 1             0      1                  1               1        1                     0
External Environment    0             0      0                  0               0        0                     1
2025-02-14 20:52:44,628 - DSM_MultiModelExp_llm_rag_ollama:llama3.3:70b-8k - INFO - 
Components: ['Bit', 'Transmission', 'Motor', 'Electrical System', 'Battery Holder', 'Housing', 'External Environment']
2025-02-14 20:52:44,629 - DSM_MultiModelExp_llm_rag_ollama:llama3.3:70b-8k - INFO - ==================================================

2025-02-14 20:52:44,631 - DSM_MultiModelExp_llm_rag_ollama:llama3.3:70b-8k - INFO - Saved CSV to: ../output/experiment_llm_rag_ollama:llama3.3:70b-8k_20250214-203713/llm_rag_refs_R1/average_matrix_20250214-203713.csv
2025-02-14 20:52:44,633 - DSM_MultiModelExp_llm_rag_ollama:llama3.3:70b-8k - INFO - Saved JSON to: ../output/experiment_llm_rag_ollama:llama3.3:70b-8k_20250214-203713/llm_rag_refs_R1/detailed_results_20250214-203713.json
2025-02-14 20:52:44,903 - DSM_MultiModelExp_llm_rag_ollama:llama3.3:70b-8k - INFO - Saved visualization to: ../output/experiment_llm_rag_ollama:llama3.3:70b-8k_20250214-203713/llm_rag_refs_R1/average_matrix_20250214-203713.png
2025-02-14 20:52:44,903 - DSM_MultiModelExp_llm_rag_ollama:llama3.3:70b-8k - INFO - 
==================================================
2025-02-14 20:52:44,904 - DSM_MultiModelExp_llm_rag_ollama:llama3.3:70b-8k - INFO - Average DSM Matrix for model: ollama:llama3.3:70b-8k
2025-02-14 20:52:44,905 - DSM_MultiModelExp_llm_rag_ollama:llama3.3:70b-8k - INFO - End of log reference type(s): ['R2']
2025-02-14 20:52:44,906 - DSM_MultiModelExp_llm_rag_ollama:llama3.3:70b-8k - INFO - Saving results to: ../output/experiment_llm_rag_ollama:llama3.3:70b-8k_20250214-203713/llm_rag_refs_R2
2025-02-14 20:52:44,908 - DSM_MultiModelExp_llm_rag_ollama:llama3.3:70b-8k - INFO - 
Average Matrix:
                      Bit  Transmission  Motor  Electrical System  Battery Holder  Housing  External Environment
Bit                     1             1      1                  1               0        1                     0
Transmission            1             1      1                  1               0        1                     0
Motor                   1             1      1                  1               1        1                     0
Electrical System       1             1      1                  1               1        1                     0
Battery Holder          0             0      1                  1               1        1                     0
Housing                 1             1      1                  1               1        1                     0
External Environment    0             0      0                  0               0        0                     1
2025-02-14 20:52:44,909 - DSM_MultiModelExp_llm_rag_ollama:llama3.3:70b-8k - INFO - 
Components: ['Bit', 'Transmission', 'Motor', 'Electrical System', 'Battery Holder', 'Housing', 'External Environment']
2025-02-14 20:52:44,910 - DSM_MultiModelExp_llm_rag_ollama:llama3.3:70b-8k - INFO - ==================================================

2025-02-14 20:52:44,912 - DSM_MultiModelExp_llm_rag_ollama:llama3.3:70b-8k - INFO - Saved CSV to: ../output/experiment_llm_rag_ollama:llama3.3:70b-8k_20250214-203713/llm_rag_refs_R2/average_matrix_20250214-203713.csv
2025-02-14 20:52:44,913 - DSM_MultiModelExp_llm_rag_ollama:llama3.3:70b-8k - INFO - Saved JSON to: ../output/experiment_llm_rag_ollama:llama3.3:70b-8k_20250214-203713/llm_rag_refs_R2/detailed_results_20250214-203713.json
2025-02-14 20:52:45,146 - DSM_MultiModelExp_llm_rag_ollama:llama3.3:70b-8k - INFO - Saved visualization to: ../output/experiment_llm_rag_ollama:llama3.3:70b-8k_20250214-203713/llm_rag_refs_R2/average_matrix_20250214-203713.png
2025-02-14 20:52:45,147 - DSM_MultiModelExp_llm_rag_ollama:llama3.3:70b-8k - INFO - 
==================================================
2025-02-14 20:52:45,148 - DSM_MultiModelExp_llm_rag_ollama:llama3.3:70b-8k - INFO - Average DSM Matrix for model: ollama:llama3.3:70b-8k
2025-02-14 20:52:45,148 - DSM_MultiModelExp_llm_rag_ollama:llama3.3:70b-8k - INFO - End of log reference type(s): ['R3']
2025-02-14 20:52:45,150 - DSM_MultiModelExp_llm_rag_ollama:llama3.3:70b-8k - INFO - Saving results to: ../output/experiment_llm_rag_ollama:llama3.3:70b-8k_20250214-203713/llm_rag_refs_R3
2025-02-14 20:52:45,152 - DSM_MultiModelExp_llm_rag_ollama:llama3.3:70b-8k - INFO - 
Average Matrix:
                      Bit  Transmission  Motor  Electrical System  Battery Holder  Housing  External Environment
Bit                     1             1      1                  1               0        1                     0
Transmission            1             1      1                  1               0        1                     0
Motor                   1             1      1                  1               0        1                     0
Electrical System       1             1      1                  1               1        1                     0
Battery Holder          0             0      0                  1               1        1                     0
Housing                 1             1      1                  1               1        1                     0
External Environment    0             0      0                  0               0        0                     1
2025-02-14 20:52:45,153 - DSM_MultiModelExp_llm_rag_ollama:llama3.3:70b-8k - INFO - 
Components: ['Bit', 'Transmission', 'Motor', 'Electrical System', 'Battery Holder', 'Housing', 'External Environment']
2025-02-14 20:52:45,153 - DSM_MultiModelExp_llm_rag_ollama:llama3.3:70b-8k - INFO - ==================================================

2025-02-14 20:52:45,155 - DSM_MultiModelExp_llm_rag_ollama:llama3.3:70b-8k - INFO - Saved CSV to: ../output/experiment_llm_rag_ollama:llama3.3:70b-8k_20250214-203713/llm_rag_refs_R3/average_matrix_20250214-203713.csv
2025-02-14 20:52:45,156 - DSM_MultiModelExp_llm_rag_ollama:llama3.3:70b-8k - INFO - Saved JSON to: ../output/experiment_llm_rag_ollama:llama3.3:70b-8k_20250214-203713/llm_rag_refs_R3/detailed_results_20250214-203713.json
2025-02-14 20:52:45,390 - DSM_MultiModelExp_llm_rag_ollama:llama3.3:70b-8k - INFO - Saved visualization to: ../output/experiment_llm_rag_ollama:llama3.3:70b-8k_20250214-203713/llm_rag_refs_R3/average_matrix_20250214-203713.png
2025-02-14 20:52:45,391 - DSM_MultiModelExp_llm_rag_ollama:llama3.3:70b-8k - INFO - 
==================================================
2025-02-14 20:52:45,391 - DSM_MultiModelExp_llm_rag_ollama:llama3.3:70b-8k - INFO - Average DSM Matrix for model: ollama:llama3.3:70b-8k
2025-02-14 20:52:45,392 - DSM_MultiModelExp_llm_rag_ollama:llama3.3:70b-8k - INFO - End of log reference type(s): ['R1', 'R2']
2025-02-14 20:52:45,393 - DSM_MultiModelExp_llm_rag_ollama:llama3.3:70b-8k - INFO - Saving results to: ../output/experiment_llm_rag_ollama:llama3.3:70b-8k_20250214-203713/llm_rag_refs_R1_R2
2025-02-14 20:52:45,396 - DSM_MultiModelExp_llm_rag_ollama:llama3.3:70b-8k - INFO - 
Average Matrix:
                      Bit  Transmission  Motor  Electrical System  Battery Holder  Housing  External Environment
Bit                     1             1      1                  1               0        1                     0
Transmission            1             1      1                  0               0        0                     0
Motor                   1             1      1                  1               0        1                     0
Electrical System       1             0      1                  1               1        1                     0
Battery Holder          0             0      0                  1               1        1                     0
Housing                 1             0      1                  1               1        1                     0
External Environment    0             0      0                  0               0        0                     1
2025-02-14 20:52:45,397 - DSM_MultiModelExp_llm_rag_ollama:llama3.3:70b-8k - INFO - 
Components: ['Bit', 'Transmission', 'Motor', 'Electrical System', 'Battery Holder', 'Housing', 'External Environment']
2025-02-14 20:52:45,397 - DSM_MultiModelExp_llm_rag_ollama:llama3.3:70b-8k - INFO - ==================================================

2025-02-14 20:52:45,399 - DSM_MultiModelExp_llm_rag_ollama:llama3.3:70b-8k - INFO - Saved CSV to: ../output/experiment_llm_rag_ollama:llama3.3:70b-8k_20250214-203713/llm_rag_refs_R1_R2/average_matrix_20250214-203713.csv
2025-02-14 20:52:45,401 - DSM_MultiModelExp_llm_rag_ollama:llama3.3:70b-8k - INFO - Saved JSON to: ../output/experiment_llm_rag_ollama:llama3.3:70b-8k_20250214-203713/llm_rag_refs_R1_R2/detailed_results_20250214-203713.json
2025-02-14 20:52:45,634 - DSM_MultiModelExp_llm_rag_ollama:llama3.3:70b-8k - INFO - Saved visualization to: ../output/experiment_llm_rag_ollama:llama3.3:70b-8k_20250214-203713/llm_rag_refs_R1_R2/average_matrix_20250214-203713.png
2025-02-14 20:52:45,635 - DSM_MultiModelExp_llm_rag_ollama:llama3.3:70b-8k - INFO - 
==================================================
2025-02-14 20:52:45,635 - DSM_MultiModelExp_llm_rag_ollama:llama3.3:70b-8k - INFO - Average DSM Matrix for model: ollama:llama3.3:70b-8k
2025-02-14 20:52:45,637 - DSM_MultiModelExp_llm_rag_ollama:llama3.3:70b-8k - INFO - End of log reference type(s): ['R1', 'R3']
2025-02-14 20:52:45,638 - DSM_MultiModelExp_llm_rag_ollama:llama3.3:70b-8k - INFO - Saving results to: ../output/experiment_llm_rag_ollama:llama3.3:70b-8k_20250214-203713/llm_rag_refs_R1_R3
2025-02-14 20:52:45,640 - DSM_MultiModelExp_llm_rag_ollama:llama3.3:70b-8k - INFO - 
Average Matrix:
                      Bit  Transmission  Motor  Electrical System  Battery Holder  Housing  External Environment
Bit                     1             1      1                  1               0        1                     0
Transmission            1             1      1                  0               0        0                     0
Motor                   1             1      1                  1               0        1                     0
Electrical System       1             0      1                  1               1        1                     0
Battery Holder          0             0      0                  1               1        1                     0
Housing                 1             0      1                  1               1        1                     0
External Environment    0             0      0                  0               0        0                     1
2025-02-14 20:52:45,640 - DSM_MultiModelExp_llm_rag_ollama:llama3.3:70b-8k - INFO - 
Components: ['Bit', 'Transmission', 'Motor', 'Electrical System', 'Battery Holder', 'Housing', 'External Environment']
2025-02-14 20:52:45,641 - DSM_MultiModelExp_llm_rag_ollama:llama3.3:70b-8k - INFO - ==================================================

2025-02-14 20:52:45,643 - DSM_MultiModelExp_llm_rag_ollama:llama3.3:70b-8k - INFO - Saved CSV to: ../output/experiment_llm_rag_ollama:llama3.3:70b-8k_20250214-203713/llm_rag_refs_R1_R3/average_matrix_20250214-203713.csv
2025-02-14 20:52:45,644 - DSM_MultiModelExp_llm_rag_ollama:llama3.3:70b-8k - INFO - Saved JSON to: ../output/experiment_llm_rag_ollama:llama3.3:70b-8k_20250214-203713/llm_rag_refs_R1_R3/detailed_results_20250214-203713.json
2025-02-14 20:52:45,882 - DSM_MultiModelExp_llm_rag_ollama:llama3.3:70b-8k - INFO - Saved visualization to: ../output/experiment_llm_rag_ollama:llama3.3:70b-8k_20250214-203713/llm_rag_refs_R1_R3/average_matrix_20250214-203713.png
2025-02-14 20:52:45,883 - DSM_MultiModelExp_llm_rag_ollama:llama3.3:70b-8k - INFO - 
==================================================
2025-02-14 20:52:45,883 - DSM_MultiModelExp_llm_rag_ollama:llama3.3:70b-8k - INFO - Average DSM Matrix for model: ollama:llama3.3:70b-8k
2025-02-14 20:52:45,884 - DSM_MultiModelExp_llm_rag_ollama:llama3.3:70b-8k - INFO - End of log reference type(s): ['R2', 'R3']
2025-02-14 20:52:45,886 - DSM_MultiModelExp_llm_rag_ollama:llama3.3:70b-8k - INFO - Saving results to: ../output/experiment_llm_rag_ollama:llama3.3:70b-8k_20250214-203713/llm_rag_refs_R2_R3
2025-02-14 20:52:45,888 - DSM_MultiModelExp_llm_rag_ollama:llama3.3:70b-8k - INFO - 
Average Matrix:
                      Bit  Transmission  Motor  Electrical System  Battery Holder  Housing  External Environment
Bit                     1             1      1                  1               0        1                     0
Transmission            1             1      1                  1               0        1                     0
Motor                   1             1      1                  1               1        1                     0
Electrical System       1             1      1                  1               1        1                     0
Battery Holder          0             0      1                  1               1        1                     0
Housing                 1             1      1                  1               1        1                     0
External Environment    0             0      0                  0               0        0                     1
2025-02-14 20:52:45,889 - DSM_MultiModelExp_llm_rag_ollama:llama3.3:70b-8k - INFO - 
Components: ['Bit', 'Transmission', 'Motor', 'Electrical System', 'Battery Holder', 'Housing', 'External Environment']
2025-02-14 20:52:45,890 - DSM_MultiModelExp_llm_rag_ollama:llama3.3:70b-8k - INFO - ==================================================

2025-02-14 20:52:45,891 - DSM_MultiModelExp_llm_rag_ollama:llama3.3:70b-8k - INFO - Saved CSV to: ../output/experiment_llm_rag_ollama:llama3.3:70b-8k_20250214-203713/llm_rag_refs_R2_R3/average_matrix_20250214-203713.csv
2025-02-14 20:52:45,893 - DSM_MultiModelExp_llm_rag_ollama:llama3.3:70b-8k - INFO - Saved JSON to: ../output/experiment_llm_rag_ollama:llama3.3:70b-8k_20250214-203713/llm_rag_refs_R2_R3/detailed_results_20250214-203713.json
2025-02-14 20:52:46,127 - DSM_MultiModelExp_llm_rag_ollama:llama3.3:70b-8k - INFO - Saved visualization to: ../output/experiment_llm_rag_ollama:llama3.3:70b-8k_20250214-203713/llm_rag_refs_R2_R3/average_matrix_20250214-203713.png
2025-02-14 20:52:46,128 - DSM_MultiModelExp_llm_rag_ollama:llama3.3:70b-8k - INFO - 
==================================================
2025-02-14 20:52:46,128 - DSM_MultiModelExp_llm_rag_ollama:llama3.3:70b-8k - INFO - Average DSM Matrix for model: ollama:llama3.3:70b-8k
2025-02-14 20:52:46,129 - DSM_MultiModelExp_llm_rag_ollama:llama3.3:70b-8k - INFO - End of log reference type(s): ['R1', 'R2', 'R3']
2025-02-14 20:52:46,130 - DSM_MultiModelExp_llm_rag_ollama:llama3.3:70b-8k - INFO - Saving results to: ../output/experiment_llm_rag_ollama:llama3.3:70b-8k_20250214-203713/llm_rag_refs_R1_R2_R3
2025-02-14 20:52:46,132 - DSM_MultiModelExp_llm_rag_ollama:llama3.3:70b-8k - INFO - 
Average Matrix:
                      Bit  Transmission  Motor  Electrical System  Battery Holder  Housing  External Environment
Bit                     1             1      1                  1               0        1                     0
Transmission            1             1      1                  0               0        0                     0
Motor                   1             1      1                  1               0        1                     0
Electrical System       1             0      1                  1               1        1                     0
Battery Holder          0             0      0                  1               1        1                     0
Housing                 1             0      1                  1               1        1                     0
External Environment    0             0      0                  0               0        0                     1
2025-02-14 20:52:46,133 - DSM_MultiModelExp_llm_rag_ollama:llama3.3:70b-8k - INFO - 
Components: ['Bit', 'Transmission', 'Motor', 'Electrical System', 'Battery Holder', 'Housing', 'External Environment']
2025-02-14 20:52:46,134 - DSM_MultiModelExp_llm_rag_ollama:llama3.3:70b-8k - INFO - ==================================================

2025-02-14 20:52:46,136 - DSM_MultiModelExp_llm_rag_ollama:llama3.3:70b-8k - INFO - Saved CSV to: ../output/experiment_llm_rag_ollama:llama3.3:70b-8k_20250214-203713/llm_rag_refs_R1_R2_R3/average_matrix_20250214-203713.csv
2025-02-14 20:52:46,138 - DSM_MultiModelExp_llm_rag_ollama:llama3.3:70b-8k - INFO - Saved JSON to: ../output/experiment_llm_rag_ollama:llama3.3:70b-8k_20250214-203713/llm_rag_refs_R1_R2_R3/detailed_results_20250214-203713.json
2025-02-14 20:52:46,373 - DSM_MultiModelExp_llm_rag_ollama:llama3.3:70b-8k - INFO - Saved visualization to: ../output/experiment_llm_rag_ollama:llama3.3:70b-8k_20250214-203713/llm_rag_refs_R1_R2_R3/average_matrix_20250214-203713.png
2025-02-14 20:52:46,374 - DSM_MultiModelExp_llm_rag_ollama:llama3.3:70b-8k - INFO - Duration of experiment for ollama:llama3.3:70b-8k in llm_rag inference type: 0:15:33
